Bwd Packet Length Std,Average Packet Size,Max Packet Length,Packet Length Variance,Packet Length Std,Avg Bwd Segment Size,Packet Length Mean,Destination Port,Init_Win_bytes_forward,Fwd Packet Length Mean,Init_Win_bytes_backward,Subflow Bwd Bytes,Bwd Packet Length Max,Total Length of Bwd Packets,Bwd Packet Length Mean,Fwd Packet Length Max,Bwd Packet Length Min,Subflow Fwd Bytes,Avg Fwd Segment Size,Fwd Header Length,label
30.907135344324853,219.5909207858645,497.36821957721173,119.08955842212072,31.92160091731059,46.34953782505748,50.15977523670021,22,29200,80.9539205652243,-1,499.0689141136554,815.8538749116151,22894.806627318674,308.67193487877836,1209.4725676976432,68.32908721919163,448.35360521017594,34.187469393581964,60,benign
19.22063971713772,263.54421045396094,1144.7032107328846,317.39945479372005,45.64455818921342,90.92661300453081,295.01043424690596,80,26883,30.29429991628386,29200,156.04092855037672,878.0380672315531,1041.5818547092158,166.62875974536692,992.1200274565995,4.426053024874321,1851.487527210225,109.71612328335083,32,benign
23.433490105276956,230.22937107350216,428.99024494511616,312.9635463022282,23.554940684919153,81.68360116303573,151.48290858747004,443,8192,46.7337513664783,-1,1340.1946926875476,169.0541895578332,3365.103594767591,256.45070905183195,1132.0050696880612,17.438813710028377,860.6758856611123,183.75590855270835,32,benign
53.37424996219464,197.52604036980068,1220.4848625436455,288.45478940118005,45.93502047296039,84.05107317633984,81.63996576445439,53,29200,129.86621859003975,65535,3197.2798617437256,454.4455091153664,1268.582649153431,30.63678143280259,1204.8099396651132,90.83356714295003,205.67222980559532,121.46345538187033,60,benign
32.83532844972596,210.30730123777465,744.2417732007655,1231.9473244430358,46.324305299442436,85.06411631668169,212.6255339955837,53,26883,47.62073980773974,14600,293.96390318033997,846.3749297796869,8006.909685424661,305.936207628378,949.6540521719462,97.52369139670367,1356.3887250232394,46.54383102793873,60,benign
544.837350559673,950.9057601254617,3957.232114250221,1479.4344688129872,267.37655166464174,1018.9345002662677,970.3277520118496,8080,29200,336.93531675192423,65535,4143.643149781759,1393.9752167377567,842.4351269039735,272.0422027884052,542.2424840125975,12.319895002695203,408.0905227387538,28.566994538505412,20,malicious
54.219024610144835,255.23426156118666,1329.0869056284973,98.32939970109834,17.46658088714219,35.909200491324924,248.53915694115264,22,65535,42.00485361024139,0,2861.6601609184936,107.37442388636468,1980.0165964241216,289.31483695239405,768.3453383694865,83.9288885628424,2404.9470020073195,127.70841087976737,32,benign
300.06764864692667,916.357026154229,3422.8349080702246,63618.49905063244,370.33978125210035,321.8308541442366,431.9075613212621,22,8192,561.4694017008701,-1,315.0413769312983,833.4863724474586,11529.774360623465,304.31687357349665,1185.5082094185445,16.645657045380947,264.5895281059172,110.90413792618071,60,malicious
77.79116548055912,1154.9907746395443,7209.795051512778,2106.926705695418,302.1014421102633,992.4545911103633,762.2259329830994,22,26883,539.8295806160704,29200,2110.9661073772545,1117.4338823865148,2518.556857125015,143.64485871468236,292.9596265940834,38.856288877725866,6275.126495133264,74.1019163806596,40,malicious
277.697977489475,860.8538122603833,5773.557924824234,44871.30796744295,265.3124156732804,661.4293060879799,305.7682391819356,22,26883,255.07393446072098,29200,1583.5758932553958,631.3050538606101,1695.2895092492117,274.24126652334405,637.7709691491924,82.43967608766879,1400.805563899267,74.86489249020431,60,malicious
56.37170857538927,311.6128395340109,1137.120899951718,423.7479332753751,11.13012416906034,113.53703631098172,56.22827705056125,443,8192,112.70542930884152,65535,558.8423288436053,62.73426411781405,2415.0630891203405,82.29584756247704,128.5758022535834,96.70995908780114,719.4342873219192,199.81549953047036,32,benign
24.07184914885475,319.2800644499983,150.5072611741421,101.83444419813003,27.555810408833455,51.59081052212861,172.8074935633262,22,29200,85.96130274687924,65535,1648.7851503933277,451.21712665051876,2811.6134165484123,189.70637829102378,816.3632781949569,9.535483847205983,293.2758793565586,190.5040743601615,60,benign
75.81756227587924,1311.833525466459,1850.4796897057554,14521.926115634926,353.6449251627892,561.3207151523015,716.2455631129927,8080,65535,565.4232223956237,65535,17.405221285107572,119.38048573866357,1616.816870039548,49.35552155350803,749.7061987750482,8.545958034733403,1634.964398295655,116.34180591712753,40,malicious
375.2159291409432,745.7471815909335,4432.752959965452,9671.18313812016,209.38039462956058,1142.2922501426901,341.24199753949415,22,29200,254.59635440888442,29200,74.66167953541824,122.64844284875458,3153.9784374245783,265.24379957117554,1193.1044852537339,29.287546537442378,732.5974492391945,40.18430000731996,20,malicious
429.01737125146735,957.1859898425653,6586.945423397186,5833.112751198437,292.6295343977615,1079.5657046507113,959.036650851092,22,8192,199.77216558986908,-1,1723.5708219893863,716.4046823886383,1038.678124987382,371.3516534362354,1026.1538276102979,80.30736274482135,749.0993287448598,139.90619897117068,20,malicious
27.646950984975653,233.0847688264478,1024.0066038095647,243.0847546980651,29.748602310098505,41.075684085731936,286.8457128976552,443,29200,103.35157103160196,65535,512.9467686127967,794.4857473212194,22098.9656003442,330.99070723329277,715.5743616783387,40.17929812966522,1927.1874982650884,159.62843915995475,60,benign
27.37293337774767,1128.1307149777604,5729.893925195293,12477.853420404965,178.6475601526247,446.7496596800869,578.1723113941623,22,26883,247.41553389987882,-1,1649.3494953573502,325.8304864220691,3635.0935581463477,67.88287051296906,816.1809315207958,76.26082632770952,1863.8908428443187,91.2655493970857,32,malicious
51.312474044345954,1155.2369698497441,5647.04943309344,8101.95034706472,360.21507119002115,312.189969398702,397.32903973528295,22,29200,427.52753268372317,65535,1437.4613789911034,194.17414368639865,10308.449884565576,196.777182726655,239.91053433719287,61.51206055056313,527.9172724987393,86.10684071103739,60,malicious
210.75281498745403,755.2031067820685,1965.5041835692746,16768.516634323834,127.64768900569763,797.6242749289955,324.8812330056889,80,-1,359.0000691023996,65535,1994.5774421897474,185.12538856353737,1877.021181149843,34.598759687867016,1217.5165417935045,82.2777428904829,291.8727518121209,25.38108509065992,32,malicious
48.86851796665445,235.8306191599914,1231.909538810788,370.67822407164095,5.76531818114125,44.63527551513786,219.5583688914449,53,65535,70.65782199392268,29200,178.24851803146382,614.4573781097141,9646.512416754887,25.949902464813984,139.57025260314794,54.479664422655226,2209.911707420213,175.95935572847517,20,benign
8.626907262191859,289.7995238167313,1165.7289804847935,811.5380634657678,18.81055076575134,10.788897855001672,139.6952463559236,80,29200,115.5288198583294,29200,1264.7327058685134,831.9309651779789,2045.815518746842,55.732612762816146,502.41427745152276,4.013266646463231,481.4831411727945,72.23282510891339,32,benign
34.26065082019119,320.1588367695401,276.2101260966052,14.739291277678099,34.9702671112104,69.18511922931563,250.30903869061015,22,29200,65.98595861717433,-1,633.3876324235849,1257.4050665803065,955.303296038094,346.9504905425469,1342.6770050989946,66.7086937711521,268.26449082417616,174.28683249651235,60,benign
45.85674288873618,378.58952407686485,819.8795149112889,11.74268620226581,17.761953246290464,31.250222873579435,164.74577892189419,80,26883,20.98128377962064,65535,1628.6211917539033,1498.4205768030074,3861.522498070115,291.88734150114567,1328.9569818936586,92.50392417196569,1929.0731960986652,189.4728395309737,60,benign
482.3952014678347,713.2572438704094,5761.303042855799,56258.68603562027,300.8826643948919,320.6542965218407,718.8149855225244,80,8192,354.2396976697693,-1,2759.1793359237026,545.9097510894424,13664.557784367125,367.33772658860715,416.0362850715468,80.93346106383807,2383.782254787867,97.189513519821,32,malicious
208.09917083241075,920.0683488902637,6526.662850720013,23716.77308965351,141.98924340576215,287.1106808698967,697.20422715151,21,26883,121.93889503952568,14600,1274.9732473916233,154.40288862431265,3219.9657915016055,365.42391352033064,1449.3417733204938,93.68849989024348,2061.4733468489526,55.26617359309624,32,malicious
1007.8931620831501,1392.7532092810275,3840.7692533644113,27756.126831133286,194.50499290153977,1064.9848275414288,479.68462898804944,22,29200,331.2398706313786,29200,1194.1570273758828,914.3115083595393,7292.312801166423,224.3893107894635,1438.49959601899,1.363195155240271,4013.7493779323872,111.1296677164146,40,malicious
18.039187657996823,212.450964928779,1157.1559134990366,570.0224409508297,46.730913486007985,73.39882870462617,70.55505351223194,80,65535,86.7202670990733,29200,319.88960375245654,1241.0473059034473,3631.2114915559864,164.71622367673788,1434.5343591943977,85.44470535770327,536.0730097230271,124.97409695804551,32,benign
7.59007686880942,233.08323413109807,1329.4272442390734,451.5475338330943,33.61801851905984,84.46169629149685,199.05146801181965,443,-1,104.63208692633816,0,3389.00965431345,803.3293657254018,10819.8166069717,198.85725883935658,72.41400999088658,80.57166496452618,60.98988070895334,40.20760782504418,60,benign
161.90906960147225,880.2534188726145,6563.684585994411,44761.20346804911,160.96997361657654,1047.6878465103996,482.176035558354,8080,8192,190.03678489640538,29200,343.16281052321233,1384.4319155371231,1617.8962008561437,102.47592841592582,698.5406125687912,44.092849151527304,942.3566182375628,140.22227760917775,60,malicious
25.6040509908157,313.0338101527772,1317.7142210010632,387.057436497598,49.404131155091015,71.80886648950457,165.17465834846294,80,-1,133.19157337322827,65535,272.047067144647,124.30801629538243,11047.631460356932,389.05818647265653,479.3647645483534,10.599471746054068,2184.1381884906896,182.26544626102046,60,benign
523.656296547039,1292.8745250748639,4346.43902764339,30676.19477292476,217.68914651223784,1161.705026913523,812.0809877050384,21,-1,360.8218618218139,0,2954.625814515113,1215.9844173904103,1266.283426957131,356.80494509716823,99.83559845942696,60.213775312506556,1511.9496493699562,163.9323666331722,32,malicious
12.789181930875701,266.79102664821,444.75796481952415,65.8287739263085,48.74652777027689,113.87247951193712,272.8410680318684,80,-1,107.17859042776666,14600,7368.1709834755275,79.02247584100694,5970.8071120765035,147.050786199948,513.4909104952975,3.412112598909023,4070.5789064550386,184.24471987467012,60,benign
390.44145706140785,794.3638745103827,4451.081034825143,1611.67233164442,333.7673783297462,693.0036348812737,753.2419396012428,3389,-1,103.18599796057673,-1,382.5127877174534,953.1348659958169,2874.165700742306,204.39846787320516,1285.3398066591762,90.4952703875642,479.0491751340534,106.89723834156818,60,malicious
12.944511570324293,308.2110418627053,389.22656338704417,115.50344502658724,24.523666270082618,79.6690908287301,85.87528146316576,22,65535,31.988919013202043,65535,1168.922142433835,454.4700041034797,6617.097776933413,185.80806853331825,492.9021161590506,52.29608802095343,347.1322394215744,141.56685906649273,20,benign
10.727227278361955,285.7095591131053,161.72141293988426,1517.5253549693039,45.23764050783498,94.2758702329395,115.01179733241996,80,29200,75.08093921928052,0,121.13568758401463,718.5275162832252,12349.81458674362,277.6495828331569,691.4220753764316,56.214343511972686,2569.042220258293,111.48929278329774,32,benign
16.9104213822825,227.9045474341504,1111.8307383929189,296.00542798582825,17.2925032293337,88.8208285400504,188.1867668075834,22,-1,58.873794744312946,0,7020.0618774765535,1385.9966464161255,78.81833913769404,243.52080816507447,1003.4479906989835,61.43352108530782,761.8195103805065,40.36516674436716,40,benign
983.0351546116851,759.6522595355102,1943.7133216800075,8896.00480767038,124.19437528158116,938.363898128436,909.4256083632828,21,8192,346.03416992653035,14600,2101.113239158369,644.4108771798018,1463.7156343112363,200.32663929579593,66.99473771523898,69.88467586209678,30.003388870334454,99.40556311035616,32,malicious
9.225587718967244,295.1179269872221,642.6129706106952,633.1406431567958,36.41799428212656,104.68053388524909,86.77194834012371,53,65535,110.47262975031155,-1,3660.5643047946933,338.3723404566096,7854.942683284778,205.38150071987766,668.0093867181838,4.956365991672829,5536.818722755229,60.596009447893955,60,benign
23.545707834942682,219.92641243272033,355.715551275589,379.588023680333,12.007596347089475,73.38295762990808,220.57505410968375,443,8192,133.73769560984414,65535,1420.1068011320824,409.0065880325738,2113.5109610701584,122.91116065362618,1423.764245952583,51.136813500032076,5038.826451721887,147.34185040020458,20,benign
15.496406888944485,204.88295846631397,475.0045575878661,495.7215652591702,25.967034196773703,37.83900177928639,173.8623848762494,443,65535,54.09028317928063,0,2442.1653519128286,997.9389061826595,1500.7041075456737,168.8175232284445,221.84451750723983,17.446028406260062,3027.835028377618,103.59311807296677,32,benign
5.362740918403488,277.97008950647364,1363.679718834818,2113.5030263478093,10.283903982694243,35.1904493776311,285.47361142287076,80,8192,36.68701913794959,29200,1288.8256279920988,1108.4026819234605,938.3844541342851,390.1556544658892,1249.9742385571947,71.22675109535348,499.7898835253276,59.56536693260217,32,benign
2.777869228981019,251.83682806645075,642.0757025037669,39.26077900001825,10.372955136687722,106.07460400891367,257.45827727658695,443,29200,77.35259086652935,0,1250.1229138659446,424.80336299321976,5986.227377412358,339.13912730349836,956.0210970712078,79.87356908019245,1876.9862450897717,83.19832579556204,40,benign
8.314445870813342,274.595507178635,1440.3564046098431,159.69949793984694,30.221225745408667,114.63683171369678,212.82689089087975,80,29200,95.97389738999804,14600,1939.9986532267544,900.8570560659294,2346.1474624400776,392.6866791121753,1487.3668418164589,58.615589298092615,1672.2331880829072,131.0164873755374,60,benign
47.743211266965275,286.67983703900944,714.923737993975,1874.012116169392,7.943544316707338,51.6983135633979,179.6916019474562,53,-1,75.247808996824,-1,2513.2184721761473,405.948648500316,12326.276606853806,168.54731448715924,146.89007013737154,64.61050020119072,826.9414022767407,124.06043418593691,20,benign
12.149890254966369,275.1995242639287,1300.7863503733986,454.4000509588504,35.34597545222073,37.56596474697275,234.43264178012473,80,65535,115.5089558137293,-1,4230.921090320513,1037.206185537708,7544.948546809835,123.19531935224076,1371.0216405690142,67.91436191834727,3124.1360819191327,23.946484823727836,20,benign
173.70252345636678,790.6672815609986,4518.612186553175,2231.8262771042655,346.7994484326447,296.5913576106001,323.9938991176698,21,8192,537.6112296727962,65535,2427.8896045202305,893.2280695311982,3521.2576516069375,350.9681840835856,1045.9926914308035,34.03161955429744,3.587749419752525,62.13198750959631,60,malicious
25.983930117211017,210.9510149399352,1347.2676471586014,534.4806859872846,46.88502636967612,11.652471847565248,289.5392009970777,80,65535,117.61366076989127,14600,4633.424732545604,284.10760590889106,1107.332720371909,258.88681439870663,516.7869545521244,31.860494270412854,4494.0332856847745,173.08178177547362,40,benign
57.69587229756805,311.8700971378073,241.29133363360933,1292.336004603584,23.106607462329755,21.268613174577,245.28111951735312,22,8192,122.84508900430292,65535,525.0038154614614,1092.4026562347262,273.51326202810617,203.83823768689376,831.8569870441057,89.04260493346398,239.65693875492204,161.2117711857226,60,benign
1.8004698294105799,221.0825610959079,1371.5371889353337,903.3990600190041,34.17915212479622,119.95102493541731,222.22750032149736,80,-1,43.04483470174854,14600,605.726373605736,123.95477151939141,1361.9120257268041,313.9178540974032,715.5231485316056,74.51349334224349,157.67440577295903,100.97200002843526,40,benign
422.80234241550653,730.1346132057802,2787.155381070789,44382.74389309728,139.69750056610224,1158.2965308314028,514.2545739592904,3389,29200,564.5536438845206,14600,532.5506855908372,1368.1251776653219,13820.297988635166,302.3089188565783,1195.7325918967736,48.341914904263994,1199.8707050521157,46.557329374531065,20,malicious
620.9854590079385,790.8001044824447,5697.256433744881,11249.134917549287,252.408399356643,875.601889770803,951.1709555861203,80,26883,588.1253016588937,65535,220.53065100155098,547.7102152357304,15220.3698982833,287.9242092847662,493.77082813737144,74.60884467787272,5818.446350156909,197.72922942877628,20,malicious
950.6936925331338,814.4539642548502,1845.1724032171549,8708.222838115495,310.1054922215575,870.2471378671826,518.8008017881018,3389,-1,276.08481232132533,65535,1770.173016905229,330.7737284764537,18316.00833668145,31.069066923315646,372.11508110099567,57.19607965818141,966.799121712326,164.73665342357904,60,malicious
14.87046084020198,317.21525067085963,684.0177475237788,28.460162548306634,34.525847413676644,103.75841268990413,173.99746260024605,443,-1,130.01500324557264,-1,999.540734179887,533.1868851948814,1765.3894553306536,43.634763498708786,1459.002949797968,12.82266816868649,338.2314000014459,131.4036160752869,32,benign
2.6571334470721246,282.635918027317,726.7680534702897,701.0277439220097,6.44288141119546,56.348281897277005,235.86751998734576,22,65535,136.15169040283166,65535,1857.5481344451305,232.63892109566913,4647.886154186553,199.54990612045776,468.8473933147232,21.897817105124208,2992.2722458105045,79.9463457559306,20,benign
1137.127160548402,648.2016505392094,6695.3457064970535,36745.85492054988,284.78067508001334,649.5970270157035,439.09681492051914,8080,8192,314.6734038609704,0,1484.653582046402,1365.754626111848,7810.2595053395025,343.7020229323313,1341.87050700292,81.84835100071356,1482.7804002479652,141.29193630990278,40,malicious
278.3943928472324,886.5724503105893,4783.776556769648,14154.959451332334,379.00878308789345,823.8276720718268,439.89991252344225,21,65535,169.0116669127488,29200,1722.7108373296003,1097.5274839019294,1107.499748717985,300.41809983655764,1098.594288370909,61.79336315303863,403.1499736513935,108.57836508393238,40,malicious
609.997326109558,1040.0246529061264,2287.639396150284,24222.526346533297,147.12699531554603,211.4269191048929,373.96073004996146,3389,29200,562.0685389195759,29200,871.9162573426704,539.3674153880772,2090.701034728321,390.0669169943365,370.2385264115611,14.407400554389682,2519.002153063692,109.92442825393621,32,malicious
1.3240193081181415,334.73049642711885,1207.6323929255227,701.1394827430961,29.75459133628606,95.21926236804644,79.78809129727685,80,8192,118.23045612788101,0,444.3244438602543,1254.8407988670067,4351.860710894581,346.8864326762082,124.4242731008625,43.380537961240606,2249.6245826205663,132.1242525680629,32,benign
7.522981490473341,257.06325880723193,920.1959362169921,24.374149374949702,39.385731721127364,28.201748735545618,90.53135238510613,80,29200,60.127135250884734,0,2299.6780559473905,101.27003202136264,85.5021083539219,322.29562208100685,928.7415822082033,28.710999211772737,1729.2975341785318,127.58919662031987,32,benign
24.35500691068247,279.638305421749,1189.6575673673055,1104.1972449107461,47.33978652242783,93.75845352751561,286.9867942727964,53,26883,55.157084861277035,65535,2464.956286444559,83.62950072888528,4254.968862055565,333.6686442468912,1425.479499407593,55.29194101136543,3549.8644552436267,117.18849160774639,32,benign
365.9555822010561,1147.84937422704,5489.523999855375,6090.470773268353,119.77144681518428,924.3760317938752,419.25834829709265,3389,65535,556.8348133210111,0,5395.611388024788,1365.4863399974145,289.89152547221636,253.9532945759243,1027.914579832502,87.97776731660244,3737.5667312020337,118.69600348398916,40,malicious
29.54336103717801,268.2674981441134,577.6944781738147,868.1240980537316,6.8265941846271625,37.14058537308895,85.53240159928167,22,-1,43.09567100177002,65535,603.3618896157243,1318.6047247192198,2097.335625814189,386.51901511805534,63.4133987414134,9.563551758784483,2437.5584792331656,198.20995687998888,32,benign
10.831216911503825,251.2335330668421,439.61042174374813,317.7640828144316,34.61887208273626,31.522008364561195,238.26502929240982,80,-1,39.62058862755093,-1,3626.834402270627,582.4334266109643,8158.243462092385,168.30341828993116,233.54571838367352,70.99219454070237,151.9093236949894,170.91992620108704,20,benign
47.23061318845318,1325.117658576811,3043.9841875534776,14068.842749603713,364.0791200537879,395.7768311445592,301.10801767404274,22,65535,140.6996388571838,14600,64.07027760009423,1234.3541173486694,3140.5898339982014,87.4280698105975,718.9105376079486,36.194316167267296,641.6439058598626,168.61750831252013,60,malicious
17.454387624226065,309.52584682989607,991.5559015450876,853.3115198081142,23.833791284315637,69.93156803346773,100.39118988461152,53,65535,145.3122439857479,-1,93.32851873142017,181.21376128842542,21035.389697857005,239.20122527259653,1257.9170633452,43.29088786080071,260.83954089841876,39.24165775285735,40,benign
8.597863693851025,215.66836388219255,298.66686450009377,83.28534585896895,29.6377370544282,18.480244188667033,131.7180538650943,443,29200,65.63695831522065,29200,2112.8163459347547,255.4907635843957,7088.434096680626,371.9122419518266,944.4426480950491,16.384513586615622,4850.675214207598,195.8252586008312,60,benign
1.332095008737597,247.68832665984465,1090.0563407751806,369.03880025719957,33.66038572559314,119.45404074446284,81.14983811895655,443,-1,109.4655548993838,29200,371.80362178606697,496.11554757792237,4729.284013547096,191.85213980756765,1439.2330564091933,88.87173280229999,465.58287147624026,161.69211320939777,40,benign
647.7458048800587,1044.0703267078381,7919.952342188115,4175.271113535027,355.7154787882797,331.3245212429481,670.4077290227217,22,29200,258.6049362848605,65535,588.7856537532303,1258.065315566907,1417.9548392271631,101.32042348815031,1298.579067430816,73.05790739255622,3380.5766910022203,103.36438201505283,60,malicious
285.9171113275379,957.9170801104574,1608.3242874916446,30414.992490185105,379.8990968813076,638.0966344844188,551.3007909535794,8080,-1,144.26464137253254,0,4078.1074745471055,1099.5388061914061,453.47928561156186,235.02041559221414,678.9517808462016,20.82293549546431,3851.4813163758718,62.15751819170135,20,malicious
531.4547418975208,970.9265977028017,3751.1341816608638,2631.4331185628566,159.03551755914395,776.6846900946848,985.9794301975454,21,-1,207.13263990828509,0,2011.19047528225,1199.5537306864114,13593.251953198162,323.4168624914499,130.04176221160105,12.324471388530867,145.94078339278238,102.87959857694766,32,malicious
6.288794699745105,246.17488739981164,179.54437006726747,148.17026363666767,42.54434232379963,30.299628735536142,216.86594410841587,53,29200,27.350352644496414,29200,3661.3660484471975,502.4358429897987,151.2285886031626,322.6407881810895,670.6322215181327,54.027406610517325,85.16801577874863,37.64651100024829,60,benign
4.16243047430792,118.47886945422158,1278.0996677765272,90.65726053609849,39.02953415961791,102.33669746479475,128.86737454848998,80,-1,22.081591142714437,0,1204.0925698450026,203.03688165842496,5707.564127181996,320.47336932859974,575.4458800052859,55.6585894935836,2056.1764746160766,101.18449673627083,32,benign
374.8284768756525,876.1580822931398,6716.275281701582,5738.257828158827,335.04452089649703,500.0646221388318,761.826872165029,8080,-1,211.80230210725134,29200,2674.4505383016567,1123.8108654549092,2447.406873543158,238.2329903229069,293.5632606035999,73.01521518246223,6145.285617569006,108.26950419502181,20,malicious
898.1960898824104,950.4059985536251,6015.679628048664,56502.34951359366,108.94319408448877,1032.0796303098268,656.5365103357351,22,29200,114.23198405109267,0,718.424858382628,162.69339159917322,15812.735924905235,145.20013684232987,1442.9086393165408,5.997881456811038,2431.2626532002396,52.628843869369426,20,malicious
24.239983182189047,273.017907995928,294.58799841857194,1482.5964066207885,7.63411537874855,90.23101339475885,147.01954880005331,22,29200,97.27331336436372,-1,346.63931773764875,858.6169215960036,2605.2193375871393,329.41887882138417,632.2617779702271,38.85153629127623,853.3002211387412,195.6977305153859,60,benign
15.945758789773672,302.0195299103154,1376.298230013048,78.26813881883535,9.366544704499137,95.74610396871911,291.98703965352684,443,-1,100.39922217609335,29200,465.16738060223474,1066.5060584587964,3828.676669854089,306.6096534332651,1441.3374195600652,73.25465369869318,338.84314080034846,152.3621087582891,20,benign
85.47147141755302,788.5108207144976,7167.236772626074,54835.21010552431,169.73622076356367,543.606769368168,611.5727079268847,3389,26883,346.54494440887584,14600,5161.071243650808,621.6171088171668,6316.6042609808,265.12678015626557,403.1137741876452,89.41869689309821,729.5255365162573,49.289985902157625,60,malicious
91.48413056463434,830.634185642297,3000.5878265206875,32096.39618129022,379.41512547635824,662.0692015662721,335.7602058657768,8080,8192,319.52161189073433,65535,1718.2447562491218,918.1818757376958,3843.4211612859413,351.31839982938203,1174.7711810773376,14.959896450027221,1428.5666049186243,95.7152705153788,20,malicious
1000.6928014771264,552.123322260332,2362.309219844202,3739.9884759809433,230.28280900584076,617.8161817760877,381.5902665321886,21,8192,432.1780738915818,65535,459.86134231842954,1084.416634701879,6529.024318805501,195.84692141159599,474.2760985096832,51.852354145080106,323.5180386161028,80.37743550343873,60,malicious
36.47737151118993,333.5843376492429,1435.157775265312,402.2190097236628,44.36246790343982,56.37766002015788,191.76881694393762,80,29200,83.75299736911172,65535,435.10852197584705,102.77639954909071,33.657993916436,77.64507730995354,1322.0070063741557,47.01566702676136,1275.2494564728904,56.79424208294193,40,benign
749.7384870641362,583.0452079996043,4689.587016521724,17056.243918020264,229.3633230538863,648.1797135499921,963.8697358071393,3389,65535,318.5408977752769,14600,2138.359914343451,1030.9870412260884,7097.429055659892,242.5664568171709,384.92934118703147,80.41487550060671,1293.3673595309024,119.14287142149772,32,malicious
874.3522727610676,714.6541689806934,4084.4243102540268,20419.667482508437,159.74824081607954,387.96643862834435,859.2045802602657,8080,29200,514.6454934494964,0,2109.150258414407,593.4062519566068,6405.373749297807,173.5846130867858,585.0584419783418,45.57385443367761,9739.166779406745,75.21155054908493,60,malicious
407.0809562739339,1017.1336457127834,2557.129359701341,22086.28584177447,183.8955619604137,971.8462889431194,826.0508721074457,22,8192,256.9790998724327,65535,2966.730995863354,1430.7109908999603,5224.307786241317,108.7478603328168,390.4720675690239,61.58830007898726,73.40432079059984,155.22862394030633,40,malicious
197.0236803605768,837.883375141178,5081.461620395855,13647.012915013842,263.9974603195062,569.1039972401757,446.63610635197995,21,8192,193.43490774190337,29200,3040.5637511966047,323.0393206351165,558.2601531567044,247.2676288310925,994.3991557399944,10.664661719016976,1073.4931278598117,136.7896295110806,20,malicious
20.059106890033632,282.05419609880687,449.2027434739306,68.91682958646669,45.43737310222771,84.23182213747894,136.85167699017543,443,65535,132.6229846807014,-1,232.51749324884386,655.6547394400538,1255.0173100015215,194.01863942713604,497.22018093515294,12.029806110929153,1966.5798449954896,136.35378746553985,40,benign
15.307667527724922,1192.9978475384817,4826.094571321282,38402.04954361387,104.34319030100397,1128.6038921949944,452.7879994732191,80,-1,231.5479614998572,-1,280.96286473155425,1400.3678856972376,7838.965351068007,84.37847618364117,829.871001291861,31.522635245767994,830.3333810589884,196.45258110597499,60,malicious
0.6135087353648,1059.672368254573,6086.765024920135,3772.6015624497504,117.0721199365093,846.7510801429934,521.4015780369077,21,65535,552.1205598286183,-1,1000.9209469522528,1053.655681322451,5995.930009996832,274.04907413880915,129.09888677327956,21.88129561154285,267.88517895244325,122.2744880320043,32,malicious
155.51069547100929,883.4551013276548,5979.109077178188,43352.99288701633,110.87323664908041,756.2238514828018,919.4677751351917,80,-1,105.39361741661959,29200,3809.3322121559904,1270.1297923919792,154.21429064499836,87.55051689150413,314.97373040184925,31.72987272355795,3943.8587463598737,140.8979232815272,20,malicious
473.1493425049463,895.5752934607824,7013.72117766978,7506.495536877484,275.48255904530214,1180.3972190101867,840.9645462671525,80,65535,512.2864639128206,-1,34.37263035721416,1435.6712976612685,993.0695383260257,384.55586852879856,1023.0446191105437,20.97201162353747,4205.730418953857,180.944563794535,20,malicious
19.17732148408948,150.26920994159468,849.3577407204053,111.41930381989228,15.196131883959549,76.16715192111491,218.4103907112367,80,8192,140.93107209064402,65535,3254.731776963727,264.91624170351605,588.6608937007716,109.02173272577897,769.1308828523348,17.26769200354864,3209.21593759579,119.78334455927252,60,benign
1.564510680731718,305.7226788106543,121.8148686546747,43.39043827141129,17.122834830343226,74.24704830154296,215.01530838766087,80,65535,108.32673039337108,0,182.99675131682844,86.02885347234398,1885.1968116386129,270.61968777720523,683.8308713919636,28.552349384898832,5387.959014179139,136.38203804251572,60,benign
1039.536513996774,670.5004830797436,2467.2406373581116,13417.541782298915,87.6234397797932,545.580858373118,975.5174454834987,21,8192,154.01071436782405,65535,2964.2187153958143,1344.4892622211273,225.29907943766196,277.01349097328057,762.9231985784951,96.28764384314833,880.1585440952167,188.88581759452387,60,malicious
7.867587881666553,315.00970670097,1022.2563664543788,234.25428264096078,33.0064146591656,14.730320764107958,225.9617731659753,53,8192,53.956153510080796,-1,272.74153111834994,1342.6194130411695,3261.6029423660793,154.86106141896437,279.1417817109867,38.361489254564226,7452.95266323111,66.02094435620734,20,benign
2.3871514819266277,247.3679635016731,1146.168240299674,1165.8054782382983,30.008476688965114,50.773045225598686,140.88119207661532,443,-1,112.59241640222368,65535,5444.287243696403,69.76211943163256,1261.0893834922704,239.09502282290572,726.2167324867459,73.34871483698919,980.4766942880791,125.01268416061313,40,benign
216.01671495510936,803.2011751450322,3543.8621927058994,5737.372302097951,180.24243180798524,728.7733408805519,827.6764480039898,3389,65535,318.39487830488076,14600,2101.5959532728525,1444.8901196041118,545.7461358965273,117.81352444871143,72.18414852230296,64.76452963777885,1393.533898544657,152.2209123420689,40,malicious
70.52648893703117,249.9815170712572,1236.8365708783708,541.4703932742776,18.5502016188334,113.11926618396045,283.22796117141047,443,29200,38.855056263661126,14600,1818.7021663679361,996.5063679019912,3552.927496850195,196.54922983107633,1373.5953461643392,9.354991255503787,1027.5867842708394,67.1769300300376,32,benign
500.9843200337669,803.8761205655652,5460.256517028916,194.26318612613545,354.32124875884125,393.00090786967075,751.6839299326973,3389,8192,458.86303518967,-1,6947.330900417865,258.9175623093892,872.0809957006358,45.275434894992266,928.0651672156315,94.21677134432099,2501.4526831493677,103.57840352383256,20,malicious
51.010462226785585,261.3794081699218,277.670333465741,1634.9921520551432,12.098344374254456,117.75940493365829,129.71265010243366,53,8192,32.72607310920226,-1,2260.478741206312,770.5405940959763,5541.2323037791575,119.66711088932882,1237.121782297223,0.6533113815151759,706.5459790512743,51.578332351325244,60,benign
2.7623588791189895,263.8640000404739,830.0736190703082,657.2737429806222,24.012716045926634,70.8040106101633,126.2422682098742,22,8192,62.12118849700093,14600,1582.7421625495572,1019.8163674664771,1853.7307893102384,155.25900565753878,763.0689700416851,40.29703740412713,2050.2905053665118,107.96997557984236,60,benign
193.37473300578532,730.1188562969526,5387.883588616425,11506.739056901679,279.92413143135167,845.3304066237162,971.290055657877,21,29200,494.2862562625357,65535,9487.404786884192,876.3289227054807,3505.8613647021193,39.79322971599002,1152.4894678796627,44.13955985793664,6780.746674804071,176.68444811567906,32,malicious
13.343236396344249,289.51669594190633,444.2474069757926,25.678364215690234,27.37452072156925,38.78283037983914,76.4897850624482,443,29200,146.87684076122548,14600,3543.915767118811,236.90286682463002,5643.337921689009,96.4406453263746,1140.793051121658,93.3886689221719,255.68257523985534,124.69059122001049,20,benign
14.839922526035178,138.43307927473407,1481.064861454776,890.7900147977266,24.233332201905885,98.95598233653482,74.93183053559301,53,65535,40.865692816923726,29200,3848.297416931396,191.65066942558704,5928.961188445047,242.7995327162357,446.1457544170524,29.182294491467164,822.7302632144168,89.25584650061545,20,benign
1225.0614747699149,918.7486152363775,5631.715045137449,15431.655293721313,180.40610628404423,1154.5163365775225,587.2090261662595,3389,29200,193.2235313351224,29200,1089.9329816139204,1295.6290108848839,289.3941663490657,163.62778601792564,1473.065592740119,77.34126950405783,4306.8955015141155,149.0453669533354,40,malicious
123.29724960657977,588.0956343825084,2529.0035123132457,14153.455055064402,312.28122761523935,1041.8226128675597,739.3979991205606,8080,8192,562.9365162360925,65535,22.176467109915258,1346.5821263841144,4063.326456175799,225.49157992060373,1448.1095487903442,62.10213775380844,3709.4785642868114,146.10938935917636,32,malicious
4.955589168894801,301.939384669956,696.9137633587403,483.8611455636191,35.86705328694019,47.55817710624209,140.3049269940277,22,26883,109.66417814877559,14600,1557.4422063205077,1118.4966386128988,4027.4563042042905,236.8933697653935,516.6345005368134,56.28391687285531,510.6863678717402,121.42618258413255,60,benign
1106.8791222947573,617.8071941625666,1796.6853324456188,17352.85530621819,81.82151116429583,1142.776422462383,440.4020546340988,3389,26883,154.8848412253099,65535,1831.6289597705072,493.29179252719547,11963.452501902426,160.7098453675545,1238.794162349451,85.6860820170087,1770.6579713441208,126.70247226872351,20,malicious
23.505506756700502,203.64324663071255,1045.783306783219,822.0910490274475,11.741438006955029,117.46938683017476,213.54726531456868,80,-1,57.583680740766624,65535,39.897013545833296,125.68890608846775,2699.693198584665,327.9638616866067,459.84575622495214,95.85659736356486,5009.770245611564,183.18999135442283,60,benign
297.7098034010605,748.2719025568813,5780.789982106418,11699.49540128591,206.25622118143522,226.04509548938594,598.3915233949197,8080,-1,459.7128941917355,29200,1141.125594699887,971.3189794231444,3232.375346586505,112.55375159842289,130.00312240327273,54.45694399834369,3897.109976294522,173.62697013687608,32,malicious
454.46139060580253,797.6233501498575,4991.1181057253325,623.8560384622737,241.85373788412974,768.5921466175196,577.2411703431114,21,26883,454.8614410475428,29200,847.64996965929,285.86338659424183,2369.0708711724687,241.63323525954752,657.7159831363368,80.3282098004147,1809.2327492143168,22.65990179756973,60,malicious
30.526824705369236,270.2583757781885,1412.8762487955648,170.70232537099875,42.731288511976494,46.943197727971345,81.70264379120677,22,65535,54.0245487885498,65535,967.8043604929155,1034.919629678172,543.1337201342528,50.47562411778328,1446.888218303589,67.6428882911062,2441.2128880480686,71.93198278383747,32,benign
14.577213041753843,204.39588907509722,1087.7796799215348,209.47244091761885,22.818712818784817,85.80459426056231,168.6800055297888,22,65535,48.59534863981952,65535,2492.45001803175,569.6461662086697,12740.759150677175,103.68749770541504,1380.9846855125033,3.0082305036017276,807.649772963962,168.773320852518,60,benign
479.996383046752,872.1533172636986,5889.157186835895,28400.104961242327,206.3778511781315,1043.6767454921262,779.0399722789797,80,65535,330.5757321084702,14600,3052.26697071208,1382.9447673634804,2325.565376320934,43.341084537529596,1470.8733572125768,55.04082500975452,1087.0191642565892,140.3519342695418,60,malicious
43.65002994664621,243.31849961543082,1373.354675746467,462.5780980865916,24.31918819757442,62.477335364832065,242.075832655428,443,29200,50.62578143304485,29200,6687.064269082645,181.46906079509006,7313.436578004003,100.35111189441083,284.82313178543234,49.56893403548296,2271.1427971842445,102.83839488897289,40,benign
22.150282059149248,169.6529324587163,591.4332581590968,20.717189597379516,32.79980871546257,70.98227080154126,287.58645403304064,80,65535,68.40169289231274,29200,1925.779257553867,1246.7119790317022,6614.423637137507,195.04579174977022,326.3650662952595,18.256997340533797,1741.0741340360448,112.31486547149335,20,benign
612.8820103339223,1090.5864684266935,4397.595782541159,37612.894878374274,130.638980200971,1044.7643935180567,524.4309244963586,80,8192,597.9830635982644,29200,3387.4568621894523,767.6865670090862,7882.53537489396,229.219192637141,439.3248395461984,63.97992858168761,921.3226937253678,71.72689217193539,40,malicious
448.1801636517217,976.5270748320605,6177.016874832085,43874.69706929059,331.3944681994502,219.11822410387043,415.5973101709195,80,65535,136.54482666998032,65535,687.9779491731864,929.9445427662133,2189.0339867071775,104.15562051977295,290.473505913665,56.69350550078762,1095.7655786235039,136.60390326402973,40,malicious
24.98238060872849,289.1563587788359,276.58652559002405,286.5712743062927,45.389491895808675,86.65565526165298,69.88698692980817,80,29200,60.75537331163119,-1,281.88848164478077,802.358651406646,6596.0877632713355,384.8508783294051,242.1157474900365,98.5694692860561,930.5007226124336,146.79181449174195,20,benign
19.74030100552781,278.8434379566459,1484.5406664111338,469.5383905880012,33.28360413363903,27.578446104816773,146.03086434486443,443,8192,61.582254954493784,14600,1478.089569532455,168.76493163186825,3319.608087298093,330.1108939488277,1078.7165110024387,78.9751677355532,1403.3399709919886,80.39542362594815,20,benign
778.3521840450887,1071.9073807111688,3375.494270628119,59856.32871679909,250.06331931511707,413.63379130946555,848.5675675625031,8080,26883,464.81223859913,0,1324.808111024826,1259.4181250911106,2794.7570486962086,293.2828523003818,596.1022898452502,56.26579619132712,785.8743496453508,35.293548919411876,20,malicious
11.210389882794765,213.83266956344548,1086.9445211005009,15.424770949813928,28.467188728559787,12.559354000605026,282.50836827308905,53,26883,108.32688632262875,29200,2512.5954454835146,61.252065026965965,2758.31437001033,321.25216200836877,496.2326388230863,2.505416971229446,1654.947354898189,31.900187484409678,20,benign
58.138750291979605,332.4363386529945,579.1650991988695,87.85086937587033,35.36341380549108,119.2689167300385,194.05735915772323,80,26883,74.36173295527732,29200,964.4237397189773,643.0423729339564,1710.607458684347,353.99937148939784,411.40064954077957,51.006051308086285,428.9396085006432,41.890237395104855,20,benign
19.52297852818754,265.50792972952036,442.88371828196455,564.0746360430787,7.623083953818355,54.14015288923155,185.7927789338344,53,26883,76.29138760152523,-1,447.454703729301,745.8188382067096,1206.6975330234848,150.53410380373217,144.72726217270764,3.8027048059124158,194.24190539211043,116.00147125995409,60,benign
144.47791771658837,1085.261903328397,6732.694592832708,22123.853213182938,204.3064554674228,642.2701670976585,970.1377839078247,8080,-1,390.79465482573676,65535,1208.0387136093689,741.3772751516973,571.5956314734115,179.30935533309307,585.68872330112,11.03145750248985,6070.7090636602925,198.37045293072757,32,malicious
7.83535143477117,294.48057817746513,821.9565674087607,5.436292143277964,24.210942465813062,108.46459794863661,100.32599254449296,443,26883,82.90623156873318,-1,1485.0490019403796,87.19415211885273,16140.470638297826,314.5141766768597,147.53071579340613,10.722000486255467,2291.25590956392,198.7040847921801,20,benign
814.7226243383693,476.2266589728292,7270.010915875867,15630.406747441206,348.23803869061965,773.6892089923903,380.1015360959708,21,26883,272.91967619428533,0,1745.3144731183224,1430.667918507262,1329.0873164709571,287.37634113865266,447.1550544971549,81.60133218989137,3759.8782543987854,45.115761632833085,40,malicious
2.1208091085285763,172.95541005802966,233.1560687867991,392.0818007058202,26.88670497937176,87.40590275723471,64.2820266214001,80,29200,75.95643966473637,29200,1737.5425099923925,537.9121794758023,4737.578235626295,124.51452582503138,487.21228167713764,58.57466939363185,1596.7006418326011,157.62712862443692,40,benign
23.683463133603475,231.3338376421572,1201.0369953039663,336.5259025947381,27.788495310400844,88.4141643921248,165.2490017565339,53,65535,143.64524496663523,29200,2259.324233771844,1081.7901672475434,10131.57549667459,232.403599408694,1041.396564200458,60.433358342174074,6129.657047215484,184.36740263803736,32,benign
20.189019368738393,276.58370338463044,514.5696383698488,696.5856900785448,41.676015738470724,71.06859685336926,150.58438679800548,22,65535,87.95535118973056,65535,205.86874553149707,1110.853096178675,6165.763221044474,64.56402734742389,1103.5747682027845,77.54300048118866,1508.3211483621976,26.089067523440402,32,benign
16.84539621414916,348.4901080239128,130.36179380002307,504.14881190290026,8.402045879558488,56.306412296807764,225.91136496518644,22,29200,78.60677657058555,65535,1716.4519393121966,1337.6151480635656,2487.008575526875,110.89585793998087,757.0477216197467,97.53484521816851,4455.117986279532,82.68973152560217,20,benign
28.00072945327163,1019.1928399550936,3325.3341051851303,18346.5128815019,228.20551155648045,986.4330344360691,674.1646493865755,21,-1,164.8201084124041,65535,5991.268682784722,479.0310280444127,8223.073916287221,207.38393537451557,1454.2102137827096,38.60149773351558,33.03392478827802,196.82072334847362,60,malicious
688.6910595878157,945.0443117221178,5277.784546545676,21949.502875503007,370.0327127242261,302.02645079075324,344.1966800337238,3389,65535,535.1631567637874,0,2577.5601472451003,1289.4292403202162,440.03062161410395,174.72242723721453,349.1790827547736,70.9648443934441,638.2309293410569,36.85704282722793,20,malicious
186.60924549654484,482.08271881621437,7776.812039012585,8505.414788002967,239.48486217032223,442.85190799276677,727.9018457047007,22,65535,511.0957793862994,65535,3274.5251904952115,1312.1454932696063,11719.135242679018,287.50166034957755,425.3174851531482,75.69825792984764,477.87109348286754,90.4074641437482,60,malicious
44.97928138422084,104.86514765158185,1211.1610903444337,328.96393050605275,22.45259630386205,83.9443519672754,189.30473686980685,22,8192,44.992657775497705,65535,45.928403441258595,312.53266786549653,16486.304032940072,206.04322518551407,1144.859956781632,45.56564826281462,3774.6383593019577,25.229839469413186,60,benign
220.78184232083817,834.9881016418138,7133.146180932804,6491.262491346874,277.2054629149399,527.2845872731336,745.0158318494148,3389,8192,370.93040868299664,0,740.3136141401626,338.34746753649813,9127.712361426264,113.09051083124561,1043.755535316187,45.58769926288721,2121.175176848867,39.849349349978404,32,malicious
22.285237948628136,200.58655801715886,1344.768008025673,59.434768991959494,42.526135913192306,14.380964321013726,171.1962625943981,80,8192,54.837484079193096,14600,1152.893286730369,1493.0391910279525,649.4095714184457,238.572028398076,1105.333861363671,18.92225389074985,1104.8600924485515,160.3349586966575,60,benign
24.82866809276818,304.5554707264169,930.6287414290103,524.7633500312431,16.610393433533897,42.43627168768036,92.07719195491941,443,-1,99.51934257072438,-1,9887.060279592384,749.4547964412857,3868.6850161610587,65.85896271868162,1418.3523275582984,31.746953286418456,4486.292013525732,178.18849813916228,20,benign
9.36424258014815,198.2932748655416,315.6975823207852,90.69280514832627,44.49036532610281,83.92449650851748,152.73392643494202,53,65535,145.88762395181863,0,781.2743147098329,1462.4995644734556,2467.1901943578387,397.91881370784535,1153.334375590483,25.055957272968442,2906.9179654899085,55.446502642915746,40,benign
54.74863220587273,221.41384724863553,1432.9224214359986,1648.872547886259,13.665510652445326,98.45680084729742,224.09138559013292,53,65535,41.54380008043608,-1,5428.310146571805,763.9162966313621,5086.766577834963,323.6468023736845,1400.133580992338,83.29812147553704,1088.1395211385016,32.1049388360021,32,benign
4.1563037260328715,285.85749117008925,1290.025690596762,187.8330123780226,15.212606052018689,119.75615955185418,141.13643396069693,443,8192,106.55534825263517,14600,539.4515931084721,323.06432671230397,2744.1147732033364,78.14943671163361,741.2922279532153,97.44238578161146,7053.832505020267,151.11178845448848,20,benign
29.327566650891214,927.2151322595811,4428.618251155383,1188.2805974942555,377.6012369795756,235.07401775904594,928.9306432351087,80,-1,210.01848055620002,14600,1599.9731707834324,991.7013911768365,6890.721499845993,295.5331465493733,1486.9357722105703,78.32733216547588,656.6183609561064,20.20251590173959,32,malicious
6.577387346386682,309.39471847373517,919.4299034858095,129.34207166239173,43.91453939211361,45.529431022500354,267.73616050679294,443,8192,124.75583837997091,29200,392.45666904912844,791.378895916798,1914.9883381556072,234.22115292432676,859.4905292869367,92.09383288742443,1075.9436600778156,35.2980536014511,60,benign
76.12970246339509,992.3924401139109,5656.434125960225,24146.650793477103,356.7659026567679,587.1923166117889,612.2909416140608,80,29200,240.2343757330689,14600,323.6502033863489,90.40242186972856,11674.961629634558,297.5791112629842,874.4056295863339,41.358085983969275,315.8530792105546,105.9273577291781,60,malicious
4.750406232755644,941.5447908041,4313.222589886258,17355.891402994497,264.02786200515413,635.3740282064948,765.7842134265102,3389,26883,109.94528376364113,29200,67.15682354400282,1178.5615881892088,5719.477886051552,148.1645591409054,994.4648923841681,58.233455957319634,1107.0242042702178,129.78414278509524,60,malicious
86.03366635326715,374.88253699836855,5939.928123105378,7258.130684986217,276.41516435570264,559.4370233402924,337.67985863483716,80,65535,432.13923736500016,29200,1124.3419598974483,1369.8854787341184,652.525538041987,119.9484033823486,1467.3917905815347,6.680342791145078,3687.395162416523,163.93248916983956,32,malicious
3.079184830404821,263.63192372403165,631.2813730560734,30.13065109404556,27.997635289673887,58.944200478129055,234.6008425620531,22,26883,80.7242692763116,14600,941.304820197094,1482.1681583576938,7767.585682775549,177.23750297389088,478.94183025429044,86.05185873869159,481.24738147594496,195.83756258384523,20,benign
147.68737345526404,787.9198032540291,2235.423360373276,22535.307274062787,342.6461857120471,1142.4688013671303,540.4558844491717,3389,-1,160.79063796116935,-1,1015.2657545617802,1020.3335256593559,2560.7759900817405,325.5829741630783,1157.764074131274,64.69199657499622,1086.238747760779,107.35011820583209,20,malicious
48.592847308518394,319.8620774468244,160.63189151864424,10.441774006357194,28.784169429636126,11.471204765174305,283.121740811864,443,29200,108.81586004852073,0,177.82624204835196,653.3793526679925,1484.4129742071266,380.5854642087152,1335.6936283698442,74.92775458963895,1228.477704306473,107.88648485451266,60,benign
300.73033504409324,944.0152079338234,5590.121317238954,14708.480235067804,251.4816966676871,784.4467569634706,437.7468200367789,21,8192,181.41139265663907,65535,250.81426126930396,860.404580003983,1340.2679659720459,389.29237100743234,689.9584636443668,7.829824581516998,92.59388463688275,29.329084972221825,32,malicious
44.03318121930625,930.2441455773861,4486.824620484593,17862.25599774011,339.0671212784423,700.6060499505454,933.3312810582114,22,-1,419.6492283070468,14600,3103.401154642645,1331.4261092594638,156.54167718332664,307.74086711097374,484.8042623459607,35.54998999828926,4769.073885908268,29.54695195177999,40,malicious
577.4964164790589,877.3525156987976,2953.95306751188,3306.7845346784875,325.59653071829814,469.138620170057,772.158537677718,21,29200,508.75217291615996,14600,662.0514062068492,153.90424731486206,1844.3122210090644,366.5065743258249,1471.0726509427911,55.89837935484716,1205.664332789202,98.55419138211765,60,malicious
352.06448130631065,890.789111867065,5063.079807168055,5855.545151310407,348.369567477683,1129.412295921125,425.2061962183728,8080,65535,342.5826981356108,65535,460.47630010588995,1263.967685039081,2876.53455185266,61.67509330119475,1364.3426532745389,49.102980656412434,298.41734178100455,105.84694084923272,32,malicious
18.039219884176973,881.3730335421291,5787.8448297180785,11465.513042757992,367.74752315041496,1057.4687741344437,766.9649379127015,80,65535,202.6695356229832,65535,20.909351541397314,775.8043027808116,5184.036774241587,225.82846405557723,884.0945992644063,72.87754335925136,1832.944659653616,147.0817284937151,40,malicious
307.3480888678472,979.6025040558416,6810.776340690378,36884.294330581244,376.2114611101732,757.1181052556121,332.60600015269523,80,8192,127.36670209762349,65535,4476.721416391323,1117.0683769420339,3928.976559737161,63.906512630993994,414.6112269084791,47.64614249013812,1861.2899768852399,142.93085599491633,40,malicious
10.263823322685536,278.52319899739757,190.17192300316077,374.7674691333825,21.516823100838582,113.67427968345508,197.72657893051763,443,8192,40.43973723055629,65535,468.1625586674077,772.6708036421057,4181.047357473138,301.0314716292986,996.1672979210923,92.74413743234138,1259.2825554981155,197.313131209286,32,benign
88.1615485648503,830.2655844455057,2322.3838166482697,49128.399503327266,169.85015687744462,510.46360481120325,408.33081725715283,80,26883,295.5602224636117,14600,1769.0375788778445,705.227665549119,540.2838489631912,165.64700410748324,1160.0966334212264,62.76244391991871,1721.358188180975,165.11610228188516,20,malicious
0.5591877107519947,193.19994200381458,952.4863441221445,225.1207321872671,28.988893229999956,54.46758133036962,129.28216842956553,80,29200,117.30849608542606,0,973.7068493890188,1431.8510235383721,787.5570782363112,390.02779621193474,655.0445663718672,45.918024834666745,1412.3473731128163,126.16772626314165,60,benign
18.625251763902014,223.90140482065095,1231.243313379146,484.45031849940034,36.46460831552034,23.310917804654615,112.24459995942433,22,8192,77.90673334484309,65535,2424.674781236012,1148.3136808802356,4892.50704862416,369.69371792565846,1289.2563099150334,92.95465834171785,662.4626253720759,167.47578281174228,20,benign
19.96304047353621,264.29544779711455,1299.0791288593646,55.14861230869541,21.360498541069465,40.97369819131876,96.78604925529956,53,8192,123.5578718213316,-1,1025.813106294654,1028.9027932354002,5345.071077055447,48.560397530239314,941.6094702428964,53.14294350228974,2133.432475256717,180.1232175532426,20,benign
221.7827129508506,567.3930210709896,6928.163673232636,50491.65521171062,395.0434719856313,911.5366727167697,708.3898460937594,8080,8192,489.014007060587,65535,1661.5986904662323,1317.8526449442911,6775.54820916819,47.44600204330344,738.8156344060263,78.34622972414307,1386.9731132607844,22.681821211384392,40,malicious
244.93260799758235,774.320565029971,2936.558114187077,10856.05258031509,140.43391310559701,929.5290796142655,511.49091400281395,21,65535,484.2239764530818,65535,4944.449116471482,365.0155552470789,16031.000288380641,258.9941677572499,690.7707286516232,55.550531635453915,1346.425373286418,194.67032221514822,20,malicious
321.7950000849162,919.4949631465304,4620.515527228066,39342.984735634614,293.92730058544896,806.6701656112958,527.6573664472985,8080,65535,101.6089525720916,14600,1198.7824747855434,556.2995180944265,230.62732325316867,283.2997612728316,337.6762535874398,99.4035675421311,336.7931140664561,148.79097316212315,40,malicious
28.78685366746194,898.7678284102525,1852.4407726779762,1957.080946636957,208.07482295263543,816.0722717608614,791.5945918978002,3389,8192,172.6139399394995,14600,624.4113616995832,602.3310796037129,2869.2330298900206,219.22085638002147,1349.263819866465,25.411100914193042,75.39956909730444,173.2197072283204,60,malicious
39.737940439298384,265.1255593146289,264.99483143060934,593.5230155306306,14.017201904627706,58.010211270092164,123.21502623990808,443,-1,63.30696286521398,-1,2939.65921240344,901.7427930143183,6547.815051481366,109.72592560028929,1494.2512052096408,17.71924478743694,3851.349991644143,161.09139392316231,32,benign
739.4846093536395,360.56209368402995,7237.806385886913,119875.72586322579,214.41842409393098,671.8252204312105,650.5730116781607,21,8192,325.112963921563,65535,6687.557627862929,1453.9721198741624,11236.955702681293,114.01204407580575,351.8172580895208,90.16926720496468,1820.9952607502437,50.399082018989645,20,malicious
133.69898530573724,772.760364946929,5380.775017407481,2667.9299891879095,200.57224638387055,529.1475345703641,465.1723727746702,80,26883,393.8953062515757,29200,3725.8850936078925,641.6195416616772,5250.24570955695,50.51475428509429,556.1150368655512,56.229028868216616,2235.9729807861395,177.61725781955758,60,malicious
38.23590699054813,257.1833086355287,678.9922160487329,227.14933985846264,41.09268604604172,75.18209037798111,91.94641648153538,53,8192,28.60720733344119,65535,5341.250099224757,1092.9273764431475,7432.411858163226,397.66725531600866,702.8814878207013,57.73062116019737,1367.554149273988,54.2433711263291,60,benign
36.56399708295853,239.839054572188,911.2458169841178,790.6469090564232,16.46419709928257,38.02953570344302,186.4289348030484,53,8192,133.55046455333684,29200,2108.5267492307185,325.4148216983031,2792.0152891184853,207.9639609197977,778.2216074587374,65.0968479295757,179.76045895413364,196.35929382514092,60,benign
36.59963203847069,827.8301614303576,6707.285736546761,26215.49277690841,101.69018285752699,212.19626552265407,582.8836427415149,22,8192,382.3256230177345,29200,67.59422739731711,544.9878692233266,14949.186166959973,273.37827578419115,1082.1428481410956,92.42936351235258,283.83024922016534,75.25249426885688,20,malicious
1.5607838437230392,980.8757336367547,5635.859046699222,74155.72082649778,214.96466367495907,743.9692792904196,584.3158894467599,3389,26883,257.0023154445287,0,448.4348001475313,1326.7917515145166,3990.9712425377797,321.77322609580887,350.85762537464524,86.70179929146721,1570.412656652773,44.24107843457449,60,malicious
480.308524419313,905.021306976618,2041.5854244009793,4162.45815061848,111.60813958179031,996.0686987277307,776.5519491161226,22,-1,104.12788927655005,0,528.7144444875039,1036.4174849436963,2209.3593304395476,189.34273898556626,206.28316339307983,71.23300682309021,5339.176022665175,71.57213667416983,32,malicious
9.01981638731714,223.2329745885212,1358.085093032733,241.7156788794541,40.79581906817788,20.321080691335162,150.21313912640764,53,-1,117.32927466555776,14600,514.9903702146321,1167.8338238390436,613.0084754116061,395.76712973117,983.6774548836157,92.67277919118243,1022.4270626466101,53.2213161602345,20,benign
2.7762200481374366,654.4830330531253,7598.639206964688,12596.753459838248,275.91397699053545,678.8525136855092,469.75845530358094,22,65535,219.8272973783573,65535,663.6748476436287,1042.6850122166647,8392.978056502896,223.69053761809477,1084.3782265402767,25.6462042632152,2873.625833510516,56.33208687767139,40,malicious
334.43219304001605,724.9158722089871,7648.289717881969,117744.42278311377,290.6768982692301,1018.0797441584009,987.9200593321735,80,8192,231.57502473261795,65535,307.47628243991016,914.222130072309,3654.6645188398265,167.65255882819952,720.7831990134323,8.351877797312902,1331.8389005409394,127.27090132766715,20,malicious
14.611737848521111,217.13811155362328,981.0933905559857,426.711364114509,49.834733608632426,56.723348067153125,249.28946848365766,22,26883,80.7661640034784,65535,1441.9878788432045,622.9921066417569,476.78682634741085,79.56631048454078,1428.1237724141056,82.21123152593368,1649.63903793808,77.66448956574277,60,benign
12.190323096152412,257.2122952877562,454.04450272321697,117.87771415587962,26.12405664666369,62.34583170916024,164.15527554841185,80,-1,70.65928674665498,65535,2422.907841386134,692.161846134537,6869.337927789353,161.38155338388634,299.83994259717207,94.70835952802048,5522.950347241116,189.57860097739572,20,benign
3.2137502770383364,275.9239877861074,907.7790736380401,0.9006510686703022,6.244020173085183,36.67978986744231,249.02618897698875,53,26883,106.98323982583908,14600,823.7525913018745,725.2394349989715,250.89650743385664,183.21483965036438,920.8886023330882,95.85685637062599,6396.20091128029,160.18321929668218,40,benign
1.655252449115457,1134.5520628793763,3974.6138700833485,91181.52952905578,171.83964047431323,1013.2985557215238,374.85155545799165,80,-1,320.06544308272555,29200,1518.0926014797083,1197.2485389254769,1948.0436194073093,332.78902602452735,1082.0904472255459,99.68126008076132,2903.222792703007,170.36226579911963,32,malicious
1582.9503046400323,676.0542914346645,6260.745880551997,503.5690625659271,103.84677228126421,836.1133352946943,310.7860682201757,3389,29200,291.0416271964768,29200,132.13799828451005,1005.6558115950855,1588.839378684545,270.45249936252685,1143.8049886062222,89.57159456995623,2148.8502622562755,140.2455648262138,32,malicious
7.716314352011043,227.4889135574649,309.9929511142548,421.73207015097125,16.926472113654857,23.395469934604,263.2005602496557,80,65535,50.745944170171164,0,1899.897553216178,98.71049082764958,23049.930885403075,319.9757253482742,350.1228265801561,3.2138724988468814,1306.5260791390099,34.33909966675968,40,benign
20.88431264934856,719.8252954567354,7474.830903850877,8667.95360979465,277.83219526823484,950.0108723145121,661.6201960049914,3389,26883,518.9413512576691,0,2383.1058038960227,1261.0068143414392,3909.495202229692,176.18548807607274,458.281173484087,47.08226438996813,328.95258815252095,185.8084759788316,40,malicious
0.2216241389331328,207.6015601264431,809.770605379061,103.10592308000389,44.63011033763119,21.021406287884226,185.9148214809434,53,29200,66.46518121206313,0,1600.589031910945,135.0079379266166,2664.6115784652147,106.52620103138774,1271.5055035238415,0.5064361814303808,263.47548180382773,84.17451223403936,60,benign
17.76409855196698,1181.1056020261406,4798.5710479613845,13232.586721867556,310.0712722864301,579.2656322862233,475.6526666285913,22,29200,204.42079960044288,0,4692.029358825532,647.2186608315948,2393.7307610169373,37.10944828706761,505.38721999847195,98.01229735694955,1628.0394382608092,37.8863988376164,20,malicious
1.013943780317296,269.0048439833501,650.9775182551972,377.31803897219197,12.099733777358953,55.51255188827011,91.47000033375298,22,65535,128.46872076794585,0,4334.781624699869,456.37722178567316,5165.2086700136015,349.62388526716893,1158.3041561926016,51.451643243882984,147.15015255866876,180.76474225500044,40,benign
14.107922027289952,164.18625017383283,1272.1190463823027,39.907356349044754,11.673802046680876,86.34577693592735,236.62617855683567,443,8192,142.195315203003,29200,1354.0600567415554,1499.8739115385404,285.1593117980692,172.7386518067991,739.8390010475881,63.201205589024376,1988.3792382942543,74.85908423168382,20,benign
29.15583593937845,198.21142967083614,757.1159939956608,143.1689047803367,39.403282624751576,48.66469395800763,63.344319922230255,443,8192,107.83598943237833,-1,1010.8995732535964,1224.9002478353273,6957.300509857679,124.83880278802818,1414.366149010526,89.92359453219817,803.6494440168004,115.28963546679826,40,benign
34.173688042017844,210.23815880056287,1210.6548867653344,52.55837674591146,21.23628069697446,62.32112283127776,233.44494559987902,53,-1,86.08209195133506,14600,411.07952281324964,1472.3712107657577,2022.4950493919705,214.16186393410183,1305.6745487348016,41.60423440373767,3594.483409055602,62.53687687212006,40,benign
152.49783544594118,493.49855757686726,6380.822908732185,27985.522694818304,399.54360157678,551.8629576521414,492.20036554574585,22,65535,555.2635908947606,65535,1679.7615130204301,1432.4915064661056,609.356284481642,258.51808618651717,1092.4605279136251,60.05629318762664,812.0227371186196,188.49133689468007,20,malicious
182.15147920248668,805.353299889318,3402.30842580098,9161.207768077891,212.4575148612201,559.2962875254304,761.4308277112588,8080,-1,199.8436382771958,65535,209.82846758077426,417.91010468568606,13881.550839485071,194.98753441883724,1243.0893772805675,31.3152784737758,1059.8088889559842,35.97524746875129,40,malicious
547.9924006555207,401.80688998086254,6911.92393712151,67015.31003437168,297.0245055680829,294.170056620684,319.01733803171413,80,65535,102.66051450334109,65535,2266.477803705924,379.46033181603383,5525.43951904279,91.37908687850422,789.4004120340394,35.20738737705178,1239.8514523865776,156.1511454578439,20,malicious
1740.1088485580158,738.9882395151495,5572.558384708249,11547.82403879456,95.02976042235258,546.769327697262,477.37148996198886,21,29200,343.1583750393501,-1,115.8091876306846,770.8813689910874,4040.4002974017744,318.9642263449154,803.702866337554,58.38247114390751,1510.3918058167742,147.42783260033536,60,malicious
12.885528025864271,208.01232318726292,1035.199537110282,689.7046495900058,6.505467117288202,63.108158417922425,163.48460476343888,443,8192,36.30776781598836,0,3122.3258684193834,241.54228941230807,3092.690776577242,43.50757257091657,870.7851519681838,52.26645746052948,3408.054191089813,81.15585198774431,60,benign
26.4321745391105,355.4315097888822,512.7722152234135,130.8766078847988,37.05224435053165,47.47694054506743,168.4197558304958,443,26883,64.76398640827378,14600,2261.6259896547244,989.8519767764508,9194.514312396946,124.4849335850698,431.4209016208639,57.55411261494437,1990.5880757437078,38.20856264635579,32,benign
514.4932444886354,658.9698584670643,4898.387354201334,9934.463494455902,139.4716093955773,551.5175197176177,794.8729042257846,80,29200,518.9445541028665,-1,515.3349089696461,728.257121560285,5945.233629829042,213.15296228893553,515.761312939879,21.573181739262402,2862.9860204460647,187.31442285570148,32,malicious
463.69711283503153,890.4904846505506,5418.684619903481,4456.460160360205,222.518418542056,319.33029485675115,941.6978732987751,22,29200,219.31813270555085,0,5810.352697403653,1433.0709252432184,11569.797239371965,49.28947082119046,849.7033295130886,86.43216343045964,44.79975990983126,98.17331372708213,40,malicious
74.36029578408915,214.1549685618654,673.3200685569649,596.8197848090934,42.53014298551199,109.77413273505151,86.86118058767616,80,-1,132.81340634182902,0,254.02802068510726,989.4902690911277,129.8377906631529,157.19918448466942,531.7807604558375,55.43649220750617,1419.8055939198807,161.67413728777947,60,benign
4.576472448337428,1123.9916693259213,5942.298642529877,7425.680882309298,370.03747295350644,911.43975154113,843.3362643237016,80,65535,113.02382743263868,29200,5038.485858693218,1207.5462418597651,26048.247347802586,329.98658145653883,1129.412996933586,18.703255558917064,2867.3625417315625,174.11031799879996,40,malicious
8.02617205413744,351.01548613257546,937.2807866787389,448.1930555603129,9.101539759459795,53.77631529857243,130.4279811639974,80,-1,131.50911479992166,-1,3123.672288168317,226.67459905031455,910.0186784930227,87.31494027097604,846.4159470966495,0.07729179721488455,114.51102380299969,122.27492908444245,40,benign
0.1784799953397083,231.19263418882284,502.7191937554206,473.5675164407885,15.776072948625878,26.15320659334086,77.93910948291841,443,65535,128.56800552120205,0,12.641809376461117,934.995008831411,2368.650636377358,352.9694403412377,646.6104014156401,83.31677922617412,804.5646201935918,193.1851472368244,20,benign
403.73356093852004,963.2170970577938,5506.220382073965,1028.8125745162622,111.55454588464391,759.579458211582,562.0412449359112,21,26883,344.194345488787,-1,1943.6555013039945,1206.2233717685504,3907.268816442492,135.66526045979703,504.2202947036584,35.67613473667828,60.26631787106013,193.38182515904774,60,malicious
584.5105057653091,891.4787387708687,2826.8830646189576,2963.658387044784,328.0851578690553,267.64476424480915,999.6242094899857,8080,65535,219.28240934263255,-1,6579.330736714369,105.9214057547072,12016.52188116982,273.2938239607141,1072.6235839692758,6.629813180222932,144.17127338855119,112.67716774581781,20,malicious
171.36741585344052,555.2995662671306,6341.027897201362,5411.657266442834,344.2140610274638,1014.4591575628015,742.9368741024139,22,65535,396.508385662003,-1,687.4685360152514,245.39332400710046,3583.131944714177,213.86852811671176,603.9574629689821,39.0050955400443,202.60303605265509,135.310244694073,60,malicious
210.83176085136319,791.8539519890828,7425.519457736272,21761.84250788797,265.142691797191,405.12798116480513,424.0443819881605,3389,8192,407.9843504711929,29200,849.6613472604002,1184.383138352745,1604.271614632798,388.24402714834645,535.0958677363778,88.85365973514632,2492.413986813862,162.44482430135872,40,malicious
2.64511673755867,223.9469495521202,121.03925602800376,69.56889248005567,48.07906890956664,98.86612645398876,141.85142284196158,443,26883,116.9050122076152,29200,349.52435660650343,137.14112915393787,980.3270594316936,177.04811592424784,817.2728546351744,81.46784586758821,442.70956477833914,22.17151077567403,20,benign
21.784259674322193,220.47327682693566,255.8498980545728,182.87016983544143,42.998643465229776,66.33412536706953,282.1669171565601,53,8192,55.11739054102445,14600,1974.9416531555057,307.74266491320043,7872.480280396879,105.45337673135239,123.40126484260901,31.312134708488536,2001.5095504674641,25.290291015868988,60,benign
36.25866984820224,229.66739110758067,764.1731574036198,1857.086973777943,31.74654515584993,43.98932100939728,215.28873256126013,443,26883,64.46843472544016,0,1633.7400591300416,735.8542639928708,3639.0964897145905,138.11630208370258,246.50472801562103,18.44690546322696,1015.7966498089672,87.66168218228448,60,benign
3304.5984251735617,864.0673219991687,3241.9407713193555,25891.19955428817,232.485894882225,836.6714509421793,604.7294834453871,80,8192,492.67367002309703,0,2828.016227602942,330.25109009895584,12371.910684003315,314.01030522655503,380.01124465382765,31.293814707892565,8689.060334276768,89.99373417424225,20,malicious
105.03188339075156,1064.8938785519863,2735.7242487142794,9351.925177572122,380.6063047614038,677.4175573673247,584.5996325106557,3389,-1,515.227851381848,65535,389.2291535870039,1010.7307174620444,1331.3547431363081,287.46484047405914,337.25626293829106,8.15636432592034,470.5011208521043,56.083806548910076,60,malicious
152.92484794070532,1053.1192030778693,5106.628577474243,11929.963652536224,244.0173363801337,1065.608649678799,882.0614718667165,80,26883,179.04045656696536,29200,791.3203888497521,346.70596567233304,257.18378870473333,252.64444845531747,904.4064329078586,15.869674765165653,494.95557364849714,177.4513083864262,40,malicious
19.412509127758426,234.95051680820654,820.3211114917804,1492.8529513912006,26.178013716291197,110.27615165142521,66.43286379238506,80,26883,51.745663683536776,14600,2887.901769874063,1452.001924264854,503.276342564281,336.18386194671143,1020.5046203284741,18.164531073391622,1636.7033656477608,140.59051116021294,20,benign
323.00254227231017,832.0015522522738,6623.608768975082,28583.45394683236,296.81097693306765,609.322892042987,898.9796189162486,8080,29200,518.5483643147169,65535,1473.7637734508112,66.0368536683768,19154.049246845025,295.3342008563408,232.67984484409342,76.74325372527524,5835.633493598358,163.0728166875674,32,malicious
385.5344420329758,770.5775974915567,5281.787142652434,8572.780802847325,263.92779871491547,336.7818169248284,337.9916359915756,8080,26883,382.2342628091074,0,427.279075978256,485.03141337614704,1978.3533788268844,43.39265632814656,1314.0335002954578,99.4564581980708,1116.0755153548132,112.19996121378408,20,malicious
28.808197172898407,224.4887967482838,261.4383407564621,339.1700019245201,43.03281900690833,27.158886138231463,241.9825118761666,53,-1,111.88470754335407,14600,206.48872846698214,546.3337905119531,3039.8072558269014,97.4745140060573,1459.9014744844808,18.066275389463982,7816.333913013247,73.92625909844982,32,benign
101.00095634197285,574.0666769751938,6844.689097025353,5147.691215248675,122.67361790986648,924.5697812591416,745.0530951738097,21,65535,343.0709320382051,0,87.91169441385279,630.0310896031065,2174.841115764172,219.26097892836253,611.8817731698583,40.53231297620682,4841.402976489707,26.888568572527838,60,malicious
78.40589087378032,159.36107041884227,677.9659621223235,3.3081556728701305,25.63801810606745,13.505690107205634,251.90446900875364,22,29200,134.33349994618385,0,402.6965632379128,806.4901719232181,6676.34316349001,120.67344708649439,833.7374649566156,13.60570742825148,1505.2722794985734,39.618445279594084,20,benign
154.30710065715795,1023.6077504058685,6061.130805228008,46747.31909852728,110.6510055930805,1049.7475630132903,963.2405283157789,80,29200,385.121100416231,29200,3255.0817822830586,770.0757447477448,19670.155181359693,282.6897300663646,316.93833441020746,73.12596026406072,33.309738691686555,156.17311778436044,32,malicious
8.72168556678629,279.46284000183516,1171.5034150562847,713.740602700665,21.641965177557367,10.689930826660872,58.12839383931852,53,-1,125.81088202530924,-1,182.41673969664484,388.5776090114303,12794.104071872234,153.64391789035096,1107.8952485230893,62.478375437315336,1012.90439534279,42.631915133022645,40,benign
221.21438919228063,713.0455277016656,2200.056393612522,21027.780848410195,80.91762041112577,544.0900680101283,331.2773615867642,21,8192,237.846969827982,-1,142.15387356272578,997.6029375705576,1761.7219445589344,227.79281834654464,744.83177090701,72.97238654660731,1208.1118487921199,181.43998012922,20,malicious
338.30508729873696,911.123611892699,1478.2558112664688,43431.59360127623,172.6047743457109,965.024065485459,444.35566219195994,8080,8192,560.1873647150414,0,928.2777632769873,510.49606604684635,19024.937919320673,368.99385923418214,299.0577157811141,13.5273286523222,170.69503823131373,101.7530926116818,20,malicious
44.36964831049263,155.5674962891394,583.4212633120092,685.4992584389469,35.7173129032045,91.96130584680063,115.61055195588447,443,-1,90.06832741435912,65535,1233.120485006957,1207.8389525253576,2871.9417983582102,70.11976644804965,229.1319548599336,55.315347479444924,3539.50433933021,43.13158548234938,32,benign
10.03543040224682,320.61553598427895,710.472547396041,147.56149866867,11.628585667389256,63.13034958320941,281.68840575741854,80,26883,129.39337839827422,29200,2898.6067461898087,620.3675734018852,2963.537556851179,146.25422434556052,548.4697804140493,27.222220473165514,927.9743866060741,23.814054870337202,32,benign
1.985459601148292,218.53461143600623,1418.8811137757323,1586.2876239924997,48.96386548471328,73.36617089328402,63.55258301724546,80,8192,126.59430479488898,65535,1727.5952485968796,255.98331558772009,3836.880291421919,310.37399875808495,611.9396811606229,98.66694519327824,4640.744142616041,166.29290452851643,20,benign
134.51049556121194,864.2212062516621,1463.0261537128783,47111.233837196574,107.35064175440368,904.6913883173769,566.4665373487991,3389,65535,240.9725141328918,-1,828.7257864139422,1340.270924997941,1408.87503126617,41.366191033045,635.6682211838117,46.30204087835567,877.7166024137192,135.23714917320166,60,malicious
14.859513715418435,143.03612152625323,1187.4360421143435,356.4437905870362,46.33468296757386,82.24662718491871,276.7498755057427,80,29200,96.26156067153255,0,841.7967435858602,342.3426735438176,2444.429970769219,196.80457289562014,180.73860977275373,62.3757376814757,1395.6523060035463,78.69715260856142,60,benign
4.396406822948231,1014.0613473392342,6606.632828084354,21782.10834178399,276.29024877155416,1041.5179393496037,633.6779638488035,21,26883,376.64952961808,-1,923.6180119669743,355.16918919971164,8803.643509605488,168.25035575548142,1258.8566219586367,10.285898329101972,530.0933683606331,148.54450051607793,20,malicious
43.45768842629985,266.72845420483975,1230.4815930824143,348.2678919950407,24.91351544471416,75.97896170804702,110.09106084854253,443,26883,144.64915210701776,0,536.4050436786756,1099.7700086804093,11381.13912819674,327.95054576010693,478.4301676141138,49.36921583411189,230.675056325916,111.45123449603705,20,benign
630.2180947847218,740.0550834924564,7337.17754809459,42497.1632555598,218.06214873499073,215.5128574998279,492.3830661340884,21,65535,543.0748263484929,65535,513.0803096815811,112.41102624220474,23413.327014857565,77.02146087273921,1087.236266190093,39.66659743585762,214.86775552894534,150.21193526395197,32,malicious
1288.6843316478073,832.9289745867133,4473.009540113873,3806.1999556931514,229.00997761381797,907.4507924910655,653.4332699295081,3389,29200,274.0713138626372,14600,3857.493328021118,832.8552240885942,14151.220810492898,397.2811707968405,57.18968942071869,61.34855920707933,478.48459467773927,56.42616705868983,32,malicious
567.3742716173929,699.9348253574846,5863.014512601082,50874.86956725404,372.70831996877695,835.073834868961,770.1690916378906,21,65535,451.9657828100043,65535,6659.087874419316,724.340396243099,893.2489195808914,364.43840451354464,67.00444690887443,29.184092323307787,8394.409726665403,137.69005425621663,32,malicious
2.8357373335953535,892.3220286487887,3484.0777225756447,13983.662213485599,121.078947677298,866.5714248021554,394.9877190965106,80,29200,325.76215215023274,29200,197.81196277621646,350.868834343381,2565.2523799014652,145.59828439886127,480.03785861783837,73.58194300355231,700.1814416765478,108.25068687745352,20,malicious
283.9612912961921,487.63052005561065,3670.76531923416,8004.878306663631,239.9168036962951,269.4389877668081,532.101996698739,22,8192,586.7019338912503,29200,2337.9764373642934,935.623723701966,1466.7234885874277,166.7024907114529,1271.8493991868327,64.47534085493606,5651.510852937155,170.74053396474054,40,malicious
543.4295778911415,819.9380890207608,1499.8996538800097,80957.11007685041,142.96098554368177,329.78594686502186,690.6656781442969,8080,29200,423.1272964862042,14600,9.037806991238973,423.1781328032985,5218.845897979118,86.95186228739553,1420.1431563464575,89.40847383813566,1349.2511784185149,148.4760831950969,40,malicious
347.21810625233667,777.4215750954684,3964.317827948746,6130.410309272634,101.5040959035949,276.1423382881036,557.8604809306528,8080,29200,584.8298497152155,65535,564.2484858042641,528.2130868812535,12739.705846859168,274.67799829379317,966.7762477662657,7.945326688120358,1402.6749101215999,129.90291316443773,32,malicious
22.36744946892996,324.27298140108513,278.69544293588297,108.68851774340712,37.06356992017015,93.24508055106638,70.19524510947653,80,8192,98.24442193060587,14600,1739.7156580603003,84.12278045266495,799.3383838416743,267.7506086825311,166.42755803561488,65.9546860356577,4611.4370586683435,20.922479432910276,20,benign
87.16366936633698,787.6550017165835,3931.0112573011406,36137.98306247344,386.88542008296736,683.937286779566,951.0811740656457,80,29200,393.61263475840894,14600,746.3586643525817,612.0512248872619,2577.9097896159237,152.17818037181928,1403.8441624927452,8.326603826603874,85.85019050090415,133.72618328967516,60,malicious
9.38488611287693,349.2605075715565,1365.9316867651742,1012.9143080545075,26.71742896578294,11.747554845177634,141.76681162579715,443,-1,24.303363651170894,-1,553.9089180565533,467.61630253161854,574.2910340769354,382.67146267285756,1070.8958061043345,79.60114161177798,4326.704297429287,127.8376698136294,32,benign
791.0972333938655,830.9772875687552,6715.057311957853,12201.90354906791,177.39946062846346,906.559185309374,768.7870458179875,22,29200,448.5411212326523,65535,319.8434828475065,1158.314675389433,4009.192344130703,309.1902597785441,1195.143275725766,14.905726602730752,3098.7204102130145,199.0797068128814,20,malicious
36.58636101713557,300.09079469530775,450.07334442874094,800.9185460766936,9.370976309862552,105.5451086975616,85.79857467968611,53,65535,72.44543773961684,14600,4511.432877571289,265.15629991621404,6136.689047905077,347.4326343768898,639.0701856206424,39.043948834350736,1732.178306693984,90.49411130403654,60,benign
59.11921045586027,667.0647830850546,5289.40098664655,48434.951627224946,147.4418052562277,535.9970154128468,407.68611936247703,8080,8192,140.9899044399884,-1,388.7453850243218,1116.8982923471267,11013.18869714326,140.73228360715007,1421.9734649630311,7.7781437770802935,2167.7038462677815,140.13105108014645,40,malicious
19.817858310245946,236.32063372409496,1285.4093406044237,208.90490169391225,42.20311248599492,89.46594284521952,178.85519855274532,443,8192,134.63269650783195,-1,333.6213954877054,1306.4618705134844,3661.3594421130692,50.565924417446006,716.8723031860826,0.9102469871409724,3520.9902738513515,56.270593639096205,32,benign
141.554297531868,1003.2036020197293,3146.7042058304432,74426.52160817293,183.60589291769872,334.7414421036076,611.5060617158168,8080,26883,247.8211611782319,29200,504.2051192871806,524.665430752262,2188.8223281921173,261.4488537874123,1471.1645298810668,95.08252546918196,980.33611132603,181.94287454384465,32,malicious
3.9105059757138965,334.330650375823,637.5607835258222,870.9572814032742,12.93465727069891,58.488775658881195,73.52418283984225,80,-1,79.07124712995517,0,4524.857148940978,350.3749512579501,7626.172777362736,121.16223384310153,184.44270170295275,20.496082877452192,7.12972812072326,128.3442832275927,60,benign
16.97674820221734,196.04262539998905,440.2768520721715,105.46195310715363,32.808770417048905,30.11509972911809,113.67722851039304,80,8192,148.61666098838137,29200,76.57683121442521,750.8952225717399,17016.28504222109,196.92407473238785,726.398580279712,8.201106854032314,6938.507798702422,84.58226528852484,60,benign
134.46835920950966,955.3030941785192,2629.0407528656024,8294.935344961928,316.81809259990087,1167.7184540390429,333.02992779155664,8080,-1,480.8224942512358,65535,261.19564568281305,282.37559365031757,4737.906576083659,336.41241455925837,913.0360338918603,9.19569679211657,490.5637327908647,33.91110742377598,60,malicious
68.80085623183139,224.489109999426,518.7889323605541,250.07595230002838,24.000722448738784,72.55566037018824,247.55842443218455,22,26883,55.223256548803704,65535,3197.9100803231104,700.2687196264038,22209.783650330017,300.7614922867322,314.67213169646925,76.83580066873827,1273.098615925778,122.79165927212806,32,benign
798.961954115337,1040.7808053807128,7456.381705905697,11237.85705459887,297.95886147227105,365.9951787905095,981.5567329554297,3389,29200,296.35700345446435,29200,3126.409464186957,1096.28556935208,8246.70036772531,232.69759964338158,599.8326752300555,60.963668865124546,558.9920427428233,47.61009926808603,60,malicious
24.007472427977742,209.39043411015587,114.54715547854413,499.3702269604479,30.420684243752078,92.73197273013679,291.2375894992372,443,-1,25.613494955932378,-1,536.4002825709206,877.8690807101436,23853.358145879043,358.72625103585705,1396.3130237958362,65.01828029965733,893.8861693246364,92.63739978069223,60,benign
395.4488443491425,965.1832508565391,7258.365201446811,6081.723124520741,126.76094329005917,800.2804610841246,571.0404041378634,80,65535,590.9162811398353,65535,503.54562155166514,232.43575948756546,9493.239434373332,145.17755267670847,728.6699041940215,83.56875724478935,922.7516654307776,47.280778333106504,32,malicious
0.6101366289042603,245.12395771661315,470.6664545078978,410.4246397606675,39.11650072686241,96.96827767413198,190.57169725273545,443,65535,61.469771374407685,0,3249.8317385023097,1417.2276364736415,5152.516167956283,397.482029854548,911.2015592210656,29.0382564166886,966.9331893657104,155.95627932620323,20,benign
410.50781643554205,894.7861202419749,3453.8591078638347,6928.413707868426,112.13841896173537,887.4666467985993,720.817368546915,8080,29200,126.1254549918864,29200,765.6657060728035,750.8635679302862,1944.7995859853804,44.517311807759356,284.2673300995525,96.13853943814972,2165.285180282811,36.04181756982567,20,malicious
1.343307354937206,260.2785685613909,1323.750633532517,54.49478687509477,45.99037934702904,54.37862150046724,165.19289475655734,22,-1,28.86189660666534,65535,77.96567676675609,1318.7778792830236,2869.6698663491475,95.36563720144241,971.8294082731239,0.45187180956213213,1547.838214357427,64.77712461491157,60,benign
281.69642637939893,766.9245937466177,4890.504761068493,10403.987982848887,241.7555139911276,344.5707054575712,794.4756594497221,22,-1,478.6017540175703,65535,2301.2275940769787,307.6741049549202,5819.269092796434,243.4111171679368,1061.8917038940515,82.82506128647171,772.2912738981823,190.52097713990725,60,malicious
183.35958004865748,1077.3154421795994,5680.280188180118,21403.644361940434,104.82190031814116,627.8168043166014,782.2731987124547,80,29200,546.4612244392972,0,2934.5970317846163,694.0238534334225,110.02442915686588,190.16211488312027,668.4327224234478,68.43787438158199,1279.4386487309278,172.0617094557222,32,malicious
18.925889513628963,302.6339385174384,756.1951872415806,770.4638523001363,29.18049310716855,109.68228202169618,130.93749330898993,22,29200,104.16170308113603,-1,1381.118120038586,1432.2525715104737,2202.869353159149,311.031820911369,906.0204898709018,69.34197502400565,2543.883255653397,89.20228379741667,32,benign
12.990195477481459,365.00141705003364,927.8279948245886,1048.5479078146313,35.30544965839837,27.20966655685316,134.20425053563042,22,29200,57.01216418788082,29200,1360.6825652387952,732.46190101651,18931.616059980617,234.15251100143195,149.8568407448136,16.305812909051166,884.8979003289385,147.38894669772043,32,benign
45.196970506401115,259.1739502796174,986.9179532047863,35.79757696566381,44.39421835634963,42.18129910825686,230.62948266833382,22,29200,91.73833098766411,29200,2951.6448000024193,1259.538389647988,972.1464445804758,109.88658869243302,60.96810681131949,48.53640557199963,43.57855225089977,44.01113728538223,20,benign
379.99492338943816,808.0733514595005,3584.106203183184,9439.719904364063,227.20005736626405,699.4504803519394,347.4132763221165,80,65535,224.62401181522048,65535,1573.5482155941486,1213.6497686962584,10787.278188856455,204.49812394046162,531.9467499277418,90.27774689670457,3583.480028773617,64.73804634241478,32,malicious
200.8567175196442,1095.1947946214598,1907.2455637679882,6720.027799818988,174.54578078770834,567.346297745519,369.06957711890846,8080,8192,456.54762582947586,65535,2209.2791229761374,1146.4219318145217,8827.181638219352,202.43226554435267,1342.8413134682896,93.57588699286987,7210.861179989968,31.5776977721273,40,malicious
271.1063876983718,775.6848113217737,3921.284873914307,19467.306609322375,240.36483068286947,432.1914601508737,744.7894047639262,22,29200,357.9716187847545,65535,3735.903200946649,1088.2215697738557,10518.005588247015,25.22211093122816,189.63318031048303,50.59143301635034,968.6339571733646,166.66488198238167,20,malicious
42.97930333104284,233.89835988518456,725.3444476710554,168.9522731817191,14.885397917647683,69.1107561301859,132.9919806398159,53,65535,88.66638882357924,29200,4707.811818006119,281.43211037532967,139.25260839612682,283.3470263306067,524.2219009623582,65.28592054021749,2992.9347012333496,195.93799694479603,20,benign
36.11833964102783,257.11847485105153,390.34538769693086,813.7621017210656,46.18713365352231,52.689709748404255,199.66790898127246,80,65535,113.88597360977536,65535,6796.062947309901,1390.353723739687,4101.268871311398,349.8588932236162,1309.8934926638508,61.408943912650784,263.68219234673865,129.3633744191702,32,benign
6.774429881299735,346.0329991386548,1132.606923871929,408.0835192263842,47.25800214259485,25.054944345465554,66.0686665525927,443,65535,52.49921581261768,29200,1131.4260928364815,1409.3920782068428,6107.670191386685,348.05184607946296,1330.1480849285929,75.45414400715163,1425.1451101077535,99.2633458965516,32,benign
568.0037935904777,1060.5039019956998,6182.5401771335155,32063.695373226165,365.5304588280045,1090.8917963409772,646.3734224081581,3389,26883,234.95828967905842,29200,236.91438108503078,1280.894147992605,8047.105963509749,388.04807626884894,1241.4238118223673,89.37846651382884,4752.823039099476,25.12625379261619,40,malicious
95.14795109611931,731.1044177855731,2224.6991700307763,18119.72992982423,256.38487114289563,945.6890168405482,386.74222024722604,3389,8192,123.94336407726816,14600,1216.55196321426,179.857080509401,3605.775746262564,234.0995823841044,1301.9390337555635,64.77001786042148,1189.2936816820745,59.860998061624024,40,malicious
32.5954132175886,792.8300781574839,3049.3631783934193,36258.10038876984,227.22881260336703,1023.5327161613444,651.6020885652841,80,26883,204.94749285887272,14600,3306.4193942649154,438.00244147188215,6959.820545252056,31.404738065030926,366.1297129342548,6.339929674641576,3253.6484469084066,98.431886080981,60,malicious
553.6282016942656,984.3681801525485,7049.969932800353,5485.390100132873,145.09807400462398,1026.6114471215851,996.9509205395752,21,29200,149.1012307454136,0,2476.1170662893146,459.460527020345,24982.28769526788,207.49874865899028,736.6554969895268,22.88464152899744,1414.545628038916,169.19903728568997,20,malicious
59.216754713011554,868.2759643418957,2964.429186345938,525.4496394411118,398.830773809789,1128.1934802485948,518.333312074754,21,8192,536.5257387637334,0,515.9802388559842,105.601622387773,12207.867306090659,365.3029892268245,921.3149949712835,58.75707170640898,3366.0654914029046,129.1314827590441,32,malicious
12.743202383510404,388.17548021590426,1270.90830938911,1050.1309351688662,25.256430815281007,33.906075749121406,213.86472792641786,443,-1,108.95738976081563,65535,118.92970233957791,237.41107608415868,17365.52501816033,85.4991477925285,1349.129732630564,82.70646115254686,1946.3685045423267,56.64379870421216,20,benign
9.226648735056536,324.6388410663843,720.6911924042234,24.50086137179543,32.38996234821225,118.82113049998418,69.19536551013043,22,-1,99.39704219278248,65535,788.635965694059,1314.8041784896584,4240.6683579866385,317.69675262142675,946.6088582391042,97.66886133487945,774.7032431482057,127.67476503222058,20,benign
329.1876048638792,851.3733663731061,1472.56741324297,7750.660712376762,267.48289782573755,905.8409964205747,839.2651013373785,21,8192,125.51790495826518,14600,392.8360316692595,133.72380090816497,6012.5906120938525,50.4266041792536,165.36744025438134,31.74728217367717,702.9590701356315,74.72868477328633,40,malicious
289.07777563308997,761.0147827188274,3101.1192596562914,21454.847217880022,333.11874723483925,253.14577684423017,876.4547108041493,8080,65535,490.1189386652451,-1,2930.5114132574454,59.65144643373317,4179.08487331484,333.606212987634,308.00292653774153,69.1859671223847,292.10475278735476,132.08939865811396,32,malicious
68.37657208515925,197.538094619996,855.9286749652745,274.19099123012666,14.002155236841588,101.8319509399262,220.14107714859838,80,-1,47.73876154483986,-1,746.895656428149,1285.9768816500543,7401.567972140029,272.9728331919612,541.2100940116989,71.98580999202548,2374.3918957969267,28.020031408398065,32,benign
13.729144983488036,320.0454770094046,117.94274689810675,832.6667677961225,49.205898485600216,28.411840964787537,135.72146287449453,53,8192,135.70690591167707,29200,2304.2271161248677,904.7016951786637,4744.371136939104,387.89539986359785,238.80117006263188,37.558959197470045,3508.4938582852474,172.3494787065327,40,benign
78.70275488045692,229.93685044754156,648.5484546861139,398.4473513158095,19.43083934268813,61.461614878615876,192.02622410938284,53,-1,90.40012378420002,65535,1069.351948437947,950.2037475784913,2237.8471327827715,264.4671022707936,1426.610509991216,34.42519410088999,3122.3919072689264,50.63027806549164,20,benign
39.933676062509264,266.3476590169604,318.3457842009273,160.25993258785635,7.739219502222052,78.2902250251501,292.24596033303305,53,-1,49.48867038265898,14600,3809.718692130243,1246.87129673702,884.770001739824,59.400276614855365,486.2798708865192,63.53244100171792,1001.210632450971,189.24819357173422,32,benign
16.316637674589625,1152.8633008798847,2271.9454669546344,65705.45358689266,94.216200478274,588.4774837888449,761.4124078098973,80,26883,202.99955750914864,65535,3502.3694544850055,702.5524044398013,3683.1961186091426,374.0745056348986,1013.3255400818965,38.9307210385465,1874.9962689874885,132.24697267670723,40,malicious
238.60277232841383,772.0712162591975,4491.170655018628,70135.31497042524,314.7875320652587,950.7117047811851,713.3149068431526,21,29200,126.26998435120915,65535,159.39234711423904,1475.2093356223568,741.9589118238457,151.86776788783465,834.9492454995864,99.3507750371463,5983.9371347800525,69.7559992202361,60,malicious
10.391729271192741,1016.0272662702861,4963.627170450984,4782.392247092316,214.42508985350926,319.0047563751617,728.4569132472708,80,29200,293.6470390119583,65535,1975.0575276684965,1455.287792762155,16833.721852448456,151.74611707518628,1361.9083518220043,57.55395215738655,8819.865859601887,122.68840803478095,40,malicious
13.293616381540494,243.71815433074082,1443.9146054812354,800.0034360679359,8.100368565090877,16.03781844784427,176.15364417609615,443,65535,126.59421944524986,0,629.105609284449,681.4015123561973,2696.1846591450294,278.25403621318986,709.0185307937375,26.625128539020082,2359.7474522084335,41.939108959941535,20,benign
728.9117994568065,740.4487947426763,5197.624066445421,56085.79885161469,147.2812062355025,1104.0827611921186,652.2939674753509,3389,8192,445.9171829706303,65535,778.7249355493842,828.7692077845605,1170.0199623730446,325.7329138499061,72.46876470661581,41.56978999869166,551.2067941284628,164.75406065795985,20,malicious
253.46230333221982,722.1584362255737,5159.3484628767965,1132.6875245244385,277.09176237407115,479.4745870667554,923.572642841372,3389,-1,522.6194480108543,14600,1883.1582432389928,438.3049056926677,13054.508762387235,140.79108861215246,890.1594786643959,85.01200812283,5412.565510793429,21.268379298084035,32,malicious
53.128793723705186,342.64856274357714,628.81916354005,337.5079481329499,36.87903816695351,46.63003823244202,111.42538791184333,443,29200,136.80347198358527,14600,520.4959042984049,1115.430308447169,1752.2027023262915,331.4565949102661,87.57892746657816,41.8913433426255,225.96012213830844,111.75448808956736,60,benign
37.232383953429235,239.2907735006548,1195.1843706757052,35.42450026488401,22.028072058290537,112.52034815959904,228.84940362053726,22,65535,91.9038594621058,29200,257.0665980308133,311.2977974360322,10144.516932726006,300.13201237209046,860.4717201235422,21.1864445646606,2091.2340391549897,74.55445986755797,40,benign
5.332747453938953,281.5944302511115,252.92315605468733,750.0810054878066,37.32003653077181,23.49962456925581,223.85610645904546,22,8192,23.961779797073707,-1,390.03512176934225,151.1188166014872,4313.0875566464165,200.0951737301265,558.8940543586391,8.6284979101935,1169.2212593610402,91.24375584623688,60,benign
6.40403148769815,1042.6724036168293,7426.6209620620975,6327.287721889789,203.87019782693943,405.7727298002736,445.4019944652482,3389,26883,564.8198432788565,-1,344.47820314472796,86.8033615636422,5684.475555746583,361.4406574364624,137.7864557021581,19.613049093003198,11002.04758075345,73.00366347618906,60,malicious
11.637003102884654,342.4205010185241,1112.0346475214,1448.3039317690836,41.22045511141159,56.40628430875098,143.18786933762524,80,26883,35.360265065097806,65535,548.143312966759,1463.0423607964667,5168.277038995769,238.99783454406497,329.782387778176,72.69102316656813,45.39805199113474,153.41309324116975,40,benign
17.611529080358054,295.35932434660924,1276.908573571181,724.3346353252865,49.58685224373667,20.404524769826928,173.010141496044,22,8192,122.51185777857577,14600,2438.8772729930874,1125.3576235600353,729.8711635575845,332.0641378686463,727.0785373628388,22.16952398841586,1199.1170309891297,176.3694896624211,20,benign
8.37260840645247,236.94695854511613,1085.951766890927,771.454358854954,16.55599842260554,74.3046178197479,239.39142901069397,22,65535,117.44330855204417,0,111.75422532575672,1140.5361930166785,3512.604635367642,201.023204657865,1058.7127718212248,78.85919414712286,2982.7439492649237,62.047148222843,40,benign
7.116734101557318,121.71610549828489,1106.5317702964496,116.52115084439784,7.830701710286801,53.83830974115915,254.02601736645863,22,26883,33.57164608916252,29200,141.75006548178249,1200.304780367293,1714.1967432757747,241.70383351187124,538.6932022027038,7.726595972248129,1803.9739650617557,192.83325089614684,20,benign
183.8811503601051,682.9690394590663,7062.065233134557,50305.324209233615,227.10798825783414,259.1663908751315,604.7640308504152,22,-1,268.84575172202375,29200,1355.2376713434783,657.1042294989107,2639.348049323279,236.97384493498475,109.13690134746642,34.06422853930932,2122.616990102093,69.97344097083001,60,malicious
0.045362266248247324,246.83467661711325,386.5259253440359,21.120441579477294,5.199726627458917,81.50248429010539,232.4132258250403,22,8192,36.94300647541576,14600,132.55949576781546,880.7124798516057,3148.2166388894716,139.73087664023438,166.5780091990914,12.179294033745581,1135.1600677110166,78.5234361917079,40,benign
3.228453155110942,202.64358844263927,1368.9802454689893,970.9125669765378,17.8976983768571,98.96213140511591,140.91265183363294,443,65535,65.35379896751803,65535,1035.109944952525,1054.2495454442892,1439.5903789126562,271.4244077939546,817.5179522808717,4.960020381967123,2183.474160707054,45.437123275691846,20,benign
27.98821287679678,174.46345085556135,1437.8703892281578,184.7593128986716,48.353134821722485,13.84406435374553,258.11703847578985,80,26883,40.84656937308438,29200,1727.9718710088696,1429.8913944268581,5666.414248735235,296.36449166855084,1265.907047421023,55.942910356952794,494.4577521886285,81.0794820293682,32,benign
46.99680846585633,278.3193690100403,1234.169606151594,409.3571257796166,27.34632538323056,90.84940859599118,232.50999054078432,443,8192,81.2123826434836,-1,2128.9767346206368,1012.0667627468911,2121.8753408899447,111.66111894576689,418.00464599148364,24.84897109032913,294.73952244622234,140.40658155195712,20,benign
1086.287423678013,808.9647914104946,3785.9314962107637,57516.52896977333,327.5007220124685,255.29446968825312,624.5240311827113,3389,29200,314.4356403646972,65535,1035.8549433625421,877.1725046208159,4318.868245767891,340.01145909958836,1394.5179741882769,71.02335164842941,5456.654517731913,175.55216744432315,32,malicious
25.0712125464482,236.8898229153827,814.9191208729038,713.4714258558977,17.885512581176243,97.2333251928521,154.63525917501553,22,29200,117.48121892625504,65535,2682.387479196858,256.4973078061488,9560.63696621811,373.2304205814408,1129.0521222422792,87.39896158049429,1312.2493102623728,156.8205248975521,32,benign
488.1550865257653,1022.0803056999442,4965.687239306114,38518.865215337915,378.1900601334637,1077.3432465406045,353.2313952862694,80,65535,482.3500760598622,14600,4173.526029353388,1291.3911366277523,1302.848282107887,210.1602279026454,1250.0876826755202,53.331603019577166,950.9620563460729,41.080153215063646,20,malicious
83.70635036757365,1269.1732535084702,5858.716922230046,7820.09441448343,107.2697107115377,846.8929057910734,927.1587450510983,22,65535,436.96737223225546,0,668.2722927629576,1207.7975803009826,1484.997389432005,177.21356701407726,177.27620505835125,43.5453289344512,2475.6548370495266,77.51917901798356,60,malicious
10.09317130871305,197.949886236676,101.0055611794685,436.3146447134815,29.55178072352237,79.42984081722686,76.36862829621256,80,65535,82.04093036720909,0,83.58080369764646,142.70597141161397,4019.914712980774,345.5407229769267,1248.9515681620082,28.28874006490655,5488.901513982312,199.01285947306434,32,benign
1452.4226042298385,610.0725864458288,4307.975002309899,14979.096918513955,338.5769486369025,1084.6552402263578,389.0759611312086,80,-1,572.1299167499242,65535,571.1677043848725,977.6807413116294,6556.173323146056,110.70157177610626,1062.1349262016383,35.299383377972795,650.5954574457722,180.02204101053445,20,malicious
339.2731763559514,882.8610552418728,2685.949821211893,16761.52791302848,271.14902275584694,456.9839010475442,729.8502006634874,21,8192,291.1580846733692,14600,1273.2263766582635,264.4250449449922,6478.606440903687,315.0193001769225,771.2079384854009,31.195759290864665,2595.783659999657,25.2630730161169,40,malicious
33.61451274475018,792.9341543311756,4745.666256530684,16992.510943703583,139.40325375508505,527.2178726967281,730.2979255150952,21,-1,377.23700370099556,29200,291.563686913433,480.95417209184234,4465.423493640812,145.4514342142981,185.99191760024502,34.77685594893315,867.2361025099452,40.52268204508414,40,malicious
3.106166176711124,210.9596410877503,1244.76546978874,1205.4185672239644,12.214715615402945,87.09819154914818,230.32037883989335,443,65535,39.3066636940921,-1,1725.6756355278721,619.8546661851417,716.8421871298424,160.62977247738812,747.7070952570598,86.76087626492645,1457.4053379307518,35.50434582797425,40,benign
80.45456342490134,784.6548598327828,6827.955835541603,20243.836431346153,316.88720858845574,669.6586369690033,560.7419134696613,3389,8192,428.82861973838067,65535,1953.2360164385072,506.2551833429648,10365.587234889848,260.4485071800509,1177.2447976169108,96.47889105663417,1269.5669513699195,162.86781149677833,32,malicious
21.79900327239862,267.74658769974434,441.3654130930294,37.387718080214434,15.327036997562733,35.326634155823285,111.68668024492993,80,65535,116.84595645037436,65535,2653.802771032039,801.9158804349879,11843.430858871254,171.11216219155875,855.9030418869141,83.60538199418923,1466.0834152755847,87.85893256768138,20,benign
947.6406912983236,644.9782107688346,4036.9261805456454,77843.62431450242,316.7075291746981,1013.7852714337276,448.925677109102,21,-1,361.1883188413024,65535,151.84953878545255,472.70355809992145,7315.345658379118,157.72545640609465,803.7834715700213,54.55676089963912,1280.6235120947808,163.5667329497384,60,malicious
2.2345289191655744,236.52186686831507,1292.4539410584964,185.3751223165474,24.196460429405455,45.65001950474317,131.07345958686437,53,-1,23.323851178365565,65535,2960.568124331706,1427.7711874340407,3113.8898802295644,173.72175222422732,297.8116975335651,83.38823747748376,2734.546819301607,20.641817942411464,20,benign
18.403164536452973,381.31263090798086,443.30982275875436,659.6777609683277,48.26603025869909,87.93860137847348,137.18269284202137,22,29200,114.43858515246457,-1,1151.1118556657566,1297.039864804922,3651.793455877465,193.52138434662055,320.94228138090824,67.37111124394967,1950.3710548615989,49.95652085807679,60,benign
88.16671878035505,285.6660230407305,1079.3521115420422,291.9076688950293,43.01987967840329,82.32107768721659,125.11233851719759,443,65535,51.28580893939855,29200,4060.9928868768134,53.69956872238856,353.1887554597498,282.2607271462961,388.4962172953853,57.298037439794584,310.84122250078985,100.9004252924653,60,benign
71.02467605549533,840.4699425355361,1745.0532433314334,51429.566197228894,207.81355377589267,797.042502135157,772.785131936171,8080,8192,338.4646167998337,14600,1520.0359791051885,941.0509368756544,13365.876145580924,295.8531496182283,1014.6452867448928,84.72936249013688,2922.995739598323,83.50661650306716,60,malicious
14.832256123842608,277.45677356307027,1233.508250401035,913.5455036725807,38.19841290928436,26.637071536865584,119.00295912048516,22,8192,61.532272640077295,29200,1314.1267191632433,475.89517451074886,10873.920870097147,146.52991787768516,959.1417535209754,78.44547338720827,307.5216653629134,95.10324741366179,40,benign
2.9532560732629665,322.1810013110171,1189.7386626285522,1023.3602752091753,8.563015094264838,41.21524363873374,66.22331973953168,22,-1,63.621722862548886,29200,2538.160968188779,614.2221642754073,9929.448784738857,40.39558179986611,877.1269132805944,63.085565006560415,354.19773018565684,197.48644722513635,60,benign
52.666048738742674,301.8387107505229,1409.6285797522257,86.94611832299061,42.54875911002788,51.428392526738136,231.4239101471122,443,26883,31.160245779282818,14600,706.7837938713708,1135.2353476143378,4084.222090554137,191.8050800457429,756.8894830475908,60.99794807348764,1007.4936175230827,189.87291351167733,20,benign
253.2326083791132,856.9883143077134,2553.721794576456,65598.59982608882,257.40779237535247,610.6054002341383,659.5913371921133,3389,26883,586.1070793397048,29200,241.7236093685343,698.9411265809264,3167.0561481420928,90.38261159957162,1164.0219097174672,51.421648159390564,2676.1470402219747,64.12314340012631,40,malicious
0.13657504971944256,247.52425640235526,171.74464264609554,570.5620875010541,47.50098925808226,22.241927371128163,163.09276564483153,80,26883,108.42031328239787,-1,4123.080686374986,430.0118754009589,4511.5656753590265,181.6166233659141,1060.0173016707504,39.57161286001818,1321.3635496975444,67.027112113214,32,benign
67.5462266852026,1127.2460449812863,1681.185929959227,7164.049356606517,130.52196644860712,239.26714014168732,410.08410055849276,8080,26883,381.5333792038087,14600,710.6164623361489,274.12527564403183,492.7847709054482,159.52821174712895,1140.7200428619321,71.372942501157,6319.142518853881,93.82316289499083,40,malicious
218.93235993260052,1075.9276856087304,1729.5285099288267,6378.447189037408,95.06057082125295,352.0645836974461,773.586695881192,8080,29200,301.04006369543447,65535,1502.7567560461086,294.69433902248795,2260.065446172684,49.11626404046872,1183.221036083915,23.513213422297564,2370.595129760752,50.234624710830175,32,malicious
314.8798754905922,750.0121160340883,2186.1119313507147,9096.144137848276,269.65652090859345,427.601476440188,422.61068577835584,8080,-1,344.13968439651325,29200,1093.522176903351,1411.693509835184,1068.1346534634513,37.59337854735145,145.67497823847162,52.0110175558934,905.2657327248526,175.3519591690709,32,malicious
6.227766111756797,1200.3063307365094,4954.675635100191,61003.31760263738,348.57137589181195,1100.7057634289972,819.6180007029515,3389,65535,440.3685836552755,65535,1013.9205376837419,953.4754904351009,8284.922627833832,298.3871600700053,388.31804558263207,20.805086550330387,511.8673715519046,83.58442545465257,32,malicious
5.776713005601314,338.71524986387635,371.8495663911427,1043.4550542842246,32.22652439544463,102.67235737590524,75.47028380618261,22,26883,28.613776529596933,65535,2295.2681875994467,1093.4619822417742,1066.854330024386,42.285282343053666,277.44318546323314,80.50970531465163,742.5939076509569,119.06422025822609,60,benign
349.6149425755319,884.0238638234033,3499.6497388975654,4972.217330379804,367.72004910668016,1039.7255540479046,390.9414507669046,21,65535,327.14390060556855,65535,694.327769761466,738.1090298612221,24063.577679973823,345.27812024935264,687.7853315287871,88.88755809952646,4153.437054520202,65.66974695494471,20,malicious
1.968598065294781,305.864763890836,1459.875684116609,464.3816546944281,46.66364586293381,111.47761060055463,57.395138710643536,53,8192,125.44579500303594,-1,1006.3840500136911,1359.7939940631863,6632.052674447147,153.56168807042113,1102.3967559043263,51.002545608541574,2067.6970629104253,152.58751380739437,60,benign
84.66767154237381,183.60305441751015,839.3647945317957,68.0333524236666,8.993312141251286,79.46831399346955,251.59983716143594,22,65535,120.76194669875939,29200,2409.1287802834286,1406.682239088393,154.5664680229835,266.5357718741415,1142.1129936286259,39.91675944757927,2490.6160931308036,116.48429339330897,60,benign
26.529127894061872,234.00319065216587,343.1905999977521,154.7282834860186,26.22687678075668,16.67529422561175,169.17857515401482,22,65535,114.48340160467458,0,935.09449222646,1429.6174397109012,4059.943907188573,318.37159202566477,596.696965697013,4.367717352284595,788.2382230173714,35.180458114737675,32,benign
22.558257533490927,189.65346736565112,563.4996445209922,854.5472599863377,11.690152497309164,69.83820939914264,71.77430752026879,22,65535,74.00977569439198,0,1606.4752685588144,507.845066991769,1481.8878094725608,332.95739813093337,1182.5873979387663,31.48547744895842,695.4234674367659,47.62927617823853,20,benign
20.87772815736201,219.6403735712722,1261.0885150932372,1720.826320068895,31.225492303312645,91.92149883454204,227.32768341725304,80,65535,50.7688095984078,65535,281.0696403608275,141.7347362719712,3068.4555623311967,73.01974027803033,499.2891716643597,32.03907922107678,1056.5188252527191,38.66793589144445,60,benign
48.468363688948735,138.2406961415503,1223.5729180840449,21.32010110598004,30.913714742864205,53.42115498204348,293.7745642019055,22,29200,66.66878370678342,14600,1565.205618645609,1349.1672720057031,1284.2395832940917,186.4109300060803,312.93373093423753,32.86966373841973,616.7272448342596,93.00901388899811,20,benign
519.7987490157968,807.6203523857399,7775.903835165723,15430.319009926747,188.09963661810346,1166.277319159306,492.7330626089072,80,26883,287.514559103091,14600,378.8463344724306,1198.4205798723365,18111.103766971493,211.23422111945544,180.3980792429053,41.69436683604773,356.9827958019774,94.23198089724345,20,malicious
22.504970649014986,255.5476700419127,622.940597600081,231.15249206784048,21.76035084539329,33.9385754835009,275.2778611261955,80,29200,53.798186587580126,-1,3563.868289848293,620.056759540237,2836.3623724146523,130.55303883184592,1135.682763725189,33.78720556834895,26.77410162407614,166.36883524946907,60,benign
4.439991805412682,265.3330709395512,588.5830370550058,656.0266445048528,47.979897872295446,49.20156197028093,252.2318171804489,22,-1,85.27602761656526,29200,836.8956860012858,381.5058468204647,12397.674953917867,66.26934552541721,1066.4250965574874,17.625600126889807,2546.0975959128737,195.4517454193792,40,benign
624.306196845956,893.8494829774083,6281.307863623239,76586.09331666208,289.5430691271731,1118.2668039191121,443.1372981686221,3389,-1,490.16837679681373,-1,3670.9391007946283,90.70406730549902,1866.374893429608,340.4796109406814,1077.639665640115,90.14946698560028,2302.0910221924355,67.86128062633493,32,malicious
247.8570769067292,911.9409662815747,6180.306522148007,45444.81011744057,139.14810309086488,998.1388493999447,818.5246867713706,22,65535,255.96927967635438,29200,2416.14070871213,750.5670599400739,1998.5154902861761,156.56731248038108,1323.0255190439514,62.64903986786459,2621.2254980866023,190.49406336990145,20,malicious
1009.1223490416364,1053.8491148889364,5093.423975767402,24825.877699839148,324.38743521621484,517.4925823072838,615.5454161896167,8080,8192,266.93543370524696,0,215.83886699841804,1075.455210958548,3242.1886236055484,136.51877009676107,656.0552451656346,30.40370218015407,407.7818663114297,37.515679317831825,20,malicious
303.7909126210936,923.3991373311663,1854.6332529011904,13553.079636968801,317.77896976188936,543.3411087292097,433.8289905398114,22,26883,555.2900297758665,14600,1166.2060202300538,670.711850672874,7983.0404689646475,286.2112410064688,1073.0654018231191,84.95087318107427,687.4112030956217,197.24452952199826,20,malicious
2.1089376087657756,307.23398381734324,414.76057632871783,321.75107718047946,16.075191258582883,16.399376709746928,257.36769626904197,443,-1,130.68326628717261,65535,3520.1957495716765,831.8503881930912,18957.88490514025,67.82882855733926,1499.8516989661694,23.564718670206318,4221.166920925309,114.20125151293824,40,benign
3.7996998762817884,204.18067251211676,629.9044762919071,720.1599928901885,43.6191103076062,115.87083605979427,50.80885831047534,80,65535,33.34851002708694,65535,1088.958790073408,835.6713955259339,5975.326505185902,217.22541646110582,656.2745432914403,13.425650015780077,3257.965960534928,88.23277514642547,60,benign
11.304230653479848,276.46573492837024,1086.346753182896,580.1238579710357,29.4934798739731,111.58589399129485,128.7842600373648,443,29200,100.24231119860289,29200,724.2149917396184,202.71364587945436,5874.064989756387,347.5488465413771,582.0153353278051,10.04944685822089,209.00001057025523,86.17731443266511,20,benign
911.7708321608569,1391.053351065082,4809.01766107444,13001.274333381854,248.41902191350295,914.9558912474869,393.0777180244601,80,8192,127.96053879269328,29200,385.6257848684768,389.7396322248403,359.7584230478221,208.7299870230681,1452.6466823521928,57.340243048401874,1606.09709951096,135.53444445707248,40,malicious
17.56201867506651,289.9331825141585,957.6160261234143,1774.9745332067941,8.708881191292516,24.88873727919736,201.1477163010091,53,8192,53.52371044127363,0,3491.3944300340704,986.9854891180497,824.883751402137,379.69933808801,1403.7407334379934,5.423138352923107,1573.4500432752052,73.38627882484641,60,benign
12.824344798440858,220.47214837920322,796.806856024869,481.344622262165,32.44414988823846,81.7584910808077,93.11393005003444,53,29200,119.00282390591889,14600,7172.070615443736,230.46127575418944,121.1825143245271,161.16808108471074,379.6930662040412,66.48674925614606,2312.746335575443,145.242044747324,40,benign
53.217163561347846,815.4955440921378,6552.509606365827,32643.102248906715,398.58729567856733,501.3254396960986,511.3636848345602,21,65535,222.88768846590963,0,577.3482320799511,1305.3099637093362,3676.5465317932876,385.75092447712314,1330.1559227406276,45.22513481568949,1739.211399724951,168.6361311616752,60,malicious
291.5248846818982,845.5768189034281,6566.718153756057,870.2081801878309,188.42184065750456,580.5374111184985,694.2931136796167,80,26883,440.24816800381757,29200,3445.930096221995,565.7833465488025,3548.9676122115598,35.84925182414611,1131.3456235906401,53.36752984294559,2885.175174134365,181.39530171859406,40,malicious
214.7781426143578,1020.9516660885295,6712.38383830264,2631.0640348702746,342.4893975598412,548.8152763503765,655.5966873158745,80,-1,103.87487787889884,29200,2453.719862452913,690.721143672295,3142.709082969528,337.11926454066025,1469.2548536937388,38.40455915131834,8263.22039314989,38.969097313815794,40,malicious
30.01797767815953,289.097956640808,167.95297245829153,140.40555358511375,15.921575020401143,12.007725676426627,249.2120606034837,443,8192,72.48324850332082,14600,3537.8387995929806,138.38082936564868,2094.4457591936903,273.67823781045513,1424.8795586763906,51.53367620123144,940.8264159842652,181.55720287454662,60,benign
33.89084736415432,251.00693439425444,495.8631892905341,142.39865026470034,35.77894125525442,18.761312978682795,279.9776383041965,443,26883,113.07705932311565,14600,591.9003995958507,546.3287948002753,2131.870064446023,89.10518415317777,740.5541592746875,4.9798329434853965,2309.430445095312,104.31935728843749,60,benign
19.86332880573257,259.5375939673893,1081.011481855014,198.529803059759,5.670683572079109,67.58041988214906,289.30468185867164,22,29200,71.68866280323589,29200,5800.859490837839,1111.060257032915,21198.779691755277,48.81014300546122,214.52636021509596,34.454366740484375,4341.123324611956,71.23502899223209,32,benign
178.30976703302076,736.0714833361333,3378.584199584375,10521.471838674921,202.64640388162167,529.1348136596451,321.891808564446,8080,29200,245.49904848169564,65535,4100.736816084802,368.6711916010845,480.7030278331007,45.879787492022714,883.2667076099569,75.90702400069236,828.671327435183,184.67015142195515,20,malicious
1.8905668833834377,170.33943231017713,1362.905234910883,422.882856564172,31.163274646420824,113.93079611004778,54.32226666413113,80,8192,59.52491907246904,14600,1620.4064073772918,596.0904480553354,6105.261706781683,278.0742827769004,922.9195089980648,14.21774569761325,1712.0245229064622,79.63280630101082,60,benign
145.84434121265147,630.9663712125906,7852.286048531603,34007.60804334178,152.79945832619478,816.293676016898,583.2739842424935,8080,26883,527.8856476763824,14600,548.1217817782226,1137.130419835145,14742.143676113928,162.7589054595849,1301.7627724859192,0.5678124584489241,5360.051951910493,39.333423809068755,32,malicious
477.36359270082073,670.146213074519,7816.180881040801,4992.664274548001,166.99850364254243,406.41375691011444,941.024865979904,21,26883,214.05652589916173,14600,2292.5138958817647,394.73320330265034,4896.59009176766,373.9032528896342,107.96209761793767,22.13253307051879,2905.448893239907,130.88027211245682,32,malicious
13.30401171154106,310.0756458538227,747.5716649846648,1654.2665811380439,37.871549574134775,48.15246380682481,233.13309694601148,80,65535,78.12209735597165,-1,4706.082354424021,1305.556580573542,8419.894057850264,145.3355187099823,1251.596197018208,0.7996029042037667,516.6082121957164,189.85229318072604,60,benign
71.68594868694034,1166.7413909614602,7954.9226192099595,33826.72574474802,385.56427201460843,1112.4046020984274,467.1554139610388,80,8192,283.21959211957596,65535,1423.0450551166603,556.2728385534215,916.0565205055851,366.93911216926364,403.15285972194897,54.886480599158936,790.3461172006384,63.36052214990462,32,malicious
15.641521269640489,286.91882703510663,983.7821050971357,897.6501276638927,16.863849814377293,80.09172249831923,257.4852668803634,80,8192,117.35287702455484,29200,2338.5597921673557,1188.8052580170731,1989.5875240173066,381.59000805612845,1292.6947521330212,6.1978893307787715,3396.0217186814607,106.57612970723541,32,benign
47.80006803601411,291.8448977294058,475.6849007593933,201.45649788205716,44.757713452483635,55.26029937724198,177.60262593547895,443,26883,74.87344792890502,29200,698.5611892842226,604.468831367245,1515.143972587263,228.0700042905063,891.6092568095747,34.196523443660574,1571.9700951915768,26.904078965948486,40,benign
102.47165908939701,148.7046920482441,864.3644695106432,315.2684372079323,48.25665323162972,119.80933068195222,146.55113147216812,53,8192,32.23547605269134,-1,3934.470527396874,891.2905198913062,6673.93825913172,183.9798234146017,623.3874440758717,18.07681291765003,22.639725187999428,51.80463686327046,60,benign
2.617816933119965,222.357042744284,935.3990085322389,1146.8914802531096,6.480690479850939,96.79672334626271,63.485436982300484,22,65535,102.05988120458103,65535,2685.7940320299385,458.6184824393253,8049.683497880868,177.03339925718169,1452.2228929320006,56.047611766623525,536.4202355713342,67.3791300663008,40,benign
21.289220876294934,1192.365116353087,6095.207419303082,9891.934074438339,170.2179066194476,1026.2847486930575,686.4940375107462,8080,29200,217.22241457647775,-1,3345.821936358771,186.40216995963416,26382.578868898214,119.71731110123208,1180.3586020786306,22.97594622405602,641.1156383113454,31.76296804688237,60,malicious
1.385199949701458,316.5070462731086,393.83263877710374,298.54399061747284,18.82464424689295,117.20398302508725,224.0744426106139,80,65535,106.90629569846358,-1,2007.9741430155736,1159.843230093237,4310.147462011777,102.61405310118175,420.280126161004,94.9691616083453,2010.6188285565115,69.87187952055152,60,benign
1.9638452142969682,257.9541551439912,1290.0791289923352,716.1703395254593,28.87250109781626,55.463173770727266,137.64174286090253,22,-1,54.60592481432318,0,1538.7183641766858,1416.8907376024129,4764.283942736574,74.56005172289576,64.57474952541622,67.38943343874193,998.2339304862544,101.38168747345125,32,benign
451.9789616245788,736.1911165377167,6235.11200085121,1331.3509812548402,388.30934767603827,538.8117792280395,507.60486666842473,21,8192,172.2671965693788,-1,505.65350090806106,1232.1469393663317,6512.884688359683,241.44226101072573,1263.3336711626616,55.52652742280897,2565.5593867796783,197.57805249335385,40,malicious
17.979206085274054,181.84702073290208,1082.9242678603503,10.936899690624177,44.153756319234994,71.8800000381589,127.01614121505577,22,8192,28.398320260848124,0,344.62728140889016,672.3062429962235,13321.297885483635,369.25895332462125,1172.9025463476657,73.57793741209385,173.43138908663,168.37126434019862,40,benign
487.9141248344523,624.2839272593807,3259.933632027115,42679.65502374584,190.3355110323654,669.8901928414259,726.6254585432664,80,26883,564.7006379608007,0,1252.8912238307864,439.56524055119786,8448.685937621176,104.29266515617806,1290.4050578652343,8.510254703645026,2565.828291487967,62.19352229413198,60,malicious
1115.8674502680249,947.3364883339708,3383.4752326820244,5872.75615968013,333.11585622635846,441.66382543474595,407.63706913706733,8080,-1,160.40956079841564,-1,1052.1736379981132,499.0792315020705,3120.618333753349,163.45516880764106,1292.4998731640655,44.85986425254958,124.6263221732398,150.54611278075367,60,malicious
727.3603741480765,968.1417824826332,5485.5982807633945,805.9293742470696,211.88822878509848,882.2714167502415,424.10382734999143,3389,65535,268.026750000505,14600,2698.342351333393,1487.5263190546148,9391.85896427691,305.496893123788,307.268685055939,10.599178797593511,692.9156646528556,72.35259650118275,20,malicious
332.2597434095336,626.9929728846824,3038.774992919036,7336.145379285161,251.84362020620193,1071.696167686912,441.0053762249345,8080,65535,177.28482835354694,14600,390.57499502320974,1437.4445848826063,2258.327953659274,69.83212401430497,85.92039402935585,94.1089347946706,9682.685992277167,70.78547616518449,40,malicious
15.120928461863443,237.72658849260048,772.5460038381311,884.4658251212261,8.35532085867551,24.213100343030256,137.99831445256726,443,-1,41.04073159182352,14600,2090.3968189556313,633.1518473039303,1824.5672112075404,279.0892821350888,318.8088819043886,10.793320329194977,5228.318296106199,54.939077690568695,40,benign
0.7731171195059497,920.6900946172225,5439.383306866128,7591.8600324573,396.1589851893304,733.152169834727,655.7036316785161,80,26883,319.99883141844094,-1,649.9920626857196,260.5199090664209,6229.537826652208,162.44989462821488,1166.1310422908548,75.29528962454349,575.2456849059411,189.234441977931,60,malicious
0.5023394236607813,214.4570605753802,1304.385047521619,8.955331125736855,25.417308672536123,79.90708025914546,225.61138985145794,22,26883,139.15820834357243,65535,394.5485798880001,1069.4585799510896,6783.121688021364,221.76367160234975,1138.63364892792,0.6419945464348542,1547.668493273018,24.29433623768239,32,benign
6.685634541994084,273.3748429965371,1137.3058649767252,214.94811920063003,21.31939712145007,13.900250999982791,123.23349951629962,53,65535,127.67126667811976,29200,1176.3934139317416,105.21724111479703,5115.800737018877,119.79670739953791,504.1688596744221,39.11762830193089,1.3851617017496436,126.38616327207843,60,benign
4.694262977772778,306.99210868704694,1277.1479058772736,1544.7700820043112,9.969462528283907,95.87986773047544,54.12249949437632,53,26883,136.38109990012396,14600,3394.110848546028,849.2499027121709,6303.488269753026,354.99808460467943,382.5867871587183,85.55013318588281,5446.3590307681025,84.6153916303787,60,benign
391.68945683002397,763.7453478770059,2716.683489943065,43739.536497128676,338.3046240431235,231.657433733023,490.62669912861054,3389,26883,579.9189588820213,0,1142.8693085587574,261.48609696128875,7698.391112239191,178.3500927441243,705.4482881948479,50.26724322842466,1815.6587445688644,53.83321203821085,32,malicious
12.621951815395825,294.57872429860345,767.6892061825396,298.8612736022739,7.637072595421324,115.57206027454328,247.53005887358265,443,-1,84.44875039468937,14600,238.0665652091272,439.18662125642055,4228.59044832308,368.02254957719646,1128.2233855873487,93.26862867685661,739.4886716413325,157.03024446739042,40,benign
989.1130806606526,1121.8833545127864,6911.720826798338,351.13497174230497,311.8574596497451,602.424212094035,693.7180528692799,80,-1,558.8188159532243,-1,3866.5573776787037,1174.0996423892525,525.4767698261729,109.218310314199,596.1809408956977,21.167725943682214,908.5606940441467,71.37921579510623,60,malicious
10.572702679937048,332.01020053214944,1447.7252929618714,367.98819288408555,27.088586460749156,66.61634145979882,93.45142308924434,22,26883,106.69669909468294,65535,445.4937896660924,1265.2007605338833,5784.858567306516,278.55578902124614,630.1250207383722,73.1994400102231,2697.7104067977157,173.42787096391476,20,benign
78.16658863156286,805.207683399768,7648.410927415105,11169.528783281354,301.7961638904299,485.72328520717593,852.7163658712485,8080,8192,104.33417512032541,0,682.6210057347902,409.46562887360716,7670.205542480816,61.739213482388394,308.6766476839452,29.75445457007998,4302.578721616178,29.083329490937167,40,malicious
15.486308501906613,209.5043694461561,1181.2584936979968,226.4023171613089,32.631285994799896,75.46502811213124,137.81201921017544,53,26883,76.1754977507303,14600,1965.9500037849884,708.0882117799827,3418.3974467178514,78.23383406699692,1056.2545921256324,22.342758495502547,1606.479670203077,80.63730764769767,20,benign
47.66004777408836,1038.395654212422,4684.598109769957,5680.602954172185,228.20472002209553,816.1456173806533,713.9953148491852,22,29200,237.8528927386014,-1,3805.058622105141,954.9131390034427,692.8311643806437,200.25375704480302,429.1042541894803,10.194295686804045,2712.786692238377,193.3566081424054,60,malicious
14.628403420335536,294.1074980361818,858.983002226267,39.67701989211353,38.33734505114795,14.77085730476614,233.9670144026184,22,-1,133.00700937968745,14600,5823.049778177565,1097.1417955556938,418.1952213714268,98.30215648120725,361.4282195318187,80.24719892623939,949.6005802484898,148.4015482715705,40,benign
119.1136047011907,705.8398625860368,6361.95737965422,5067.76661908158,210.81719698876728,1130.8874385220993,646.492026988575,80,65535,110.12482887594662,14600,515.4099368072713,1280.6526565534168,332.7715712879741,331.16594938266593,872.7374505704583,72.08205492986728,2943.5681417477012,60.72027460175943,32,malicious
1.242960521676336,227.25078206098817,1461.8144701986382,857.1083317707723,21.45181657080545,41.07955791657295,263.7043179135826,22,-1,146.20731199479695,14600,327.72865050481437,865.5117335523913,2588.5530449372723,383.9474649538984,533.1411606805464,22.07240410544654,6054.881291611394,105.08552472979709,20,benign
12.979854262100591,302.19003582656404,589.4067273125299,873.4587878402727,38.4261459338981,49.178464208605185,208.3980645673404,22,8192,117.07383031450894,65535,3986.778713219388,342.848664790978,1802.3517284138115,162.60346705336468,699.1964327186707,37.574160983328156,460.82479653000007,53.489991945480384,20,benign
26.749834358413082,767.2628216805607,2835.308016323793,28495.762099580246,284.0964780322106,486.51707343124946,337.9099715087991,21,8192,386.15655225728557,29200,250.03348277108572,602.7833785239606,6538.810508664681,311.9980349527165,862.7144208968253,85.52510661487733,10170.132473107371,111.7161994651062,60,malicious
922.4777366764464,1092.1019963279423,6786.178964808243,16676.31662508435,313.55196501931016,1040.5485420493483,587.8153594298846,22,65535,363.4100250269346,14600,778.0072186855091,823.7079462034095,7730.089564109744,395.85882964699533,346.63566853207044,58.22607775090359,854.0990298959676,110.20100295541693,40,malicious
52.729366933645096,750.9714806511033,3113.052705768999,9117.719187676932,201.35375162170988,265.46886493892424,655.6074930969979,3389,65535,376.025553803468,29200,603.2470636693231,1255.7350301505944,18494.834335194857,97.7553982955735,1341.6960338343397,69.6689229327342,3731.1411847121776,63.8801441448893,40,malicious
370.693390524393,818.3924526726844,2918.2443389037726,4433.60308552639,110.69720466231902,902.9324550556406,952.6805056037498,80,26883,382.3214261132438,14600,2403.502983138625,1218.7132415400713,11584.16520558458,160.97962790620468,175.00218305856265,48.39729782544039,439.79603998563147,96.36387939158351,32,malicious
28.55864308187265,287.8732498793133,201.11833107989932,210.32803839771185,44.76649617208823,47.3550339785328,222.93730370693098,22,29200,139.60688681719017,0,4053.2559486499194,975.29370382858,632.6001532539891,207.83732490785715,1423.2320713062545,83.03170470441297,6103.826749605691,145.47839828647545,20,benign
5.226667353817667,199.2809031523817,1286.2351051842509,829.3450408310288,10.4433061844502,65.99800299638375,271.7717615734323,22,29200,37.89268967250651,65535,531.2946426113791,530.4147793204788,6412.678856098085,287.57744073852086,169.03301263351506,62.13488137960794,3495.8691298447875,159.27823311639597,60,benign
217.73662275777022,862.4215979282784,2987.709076809383,21323.29145626909,320.80760077431205,1021.314740346043,317.0345144277707,21,-1,446.1269783649531,65535,413.5524585142955,890.6568344144171,4960.004475526287,353.3395010817305,1428.3439647580994,29.285626831713664,1358.8527551150662,163.4415098119083,32,malicious
443.1870242078733,839.6792145564776,3699.7471477288545,1524.5716461422787,211.8867357506248,1065.6278400853098,872.0781029568399,8080,26883,188.18277817357432,0,2242.7420608342836,705.6241477289389,2996.3891205483774,179.59699644966724,1010.8807478801363,6.5198078496440885,968.1949020427307,130.6457052768514,60,malicious
505.46914588680147,1057.5845387052566,7028.438473440505,30905.804443510064,213.3776705853504,377.712859843258,972.3624518324908,22,29200,341.4572544284289,-1,2581.768830547615,660.1542516360804,1376.1271142876042,272.22494274804535,1157.8676898998958,78.8141702935492,866.2579988198303,98.95170411155098,60,malicious
314.5074013576116,703.4541081161999,5149.224814555597,1785.022118430965,133.77288367064537,379.51055903973497,669.2991368424396,8080,26883,317.8445037370724,65535,81.64972966857992,644.9057994809247,9125.881478471187,309.853661168124,444.54494566550864,22.621994423975757,790.3120976287041,114.8785878878372,40,malicious
32.91200228868742,287.1563153387211,550.7306435882308,229.94958184979996,44.78412156826108,118.55134381461832,134.31164187688194,80,-1,37.081809210050274,14600,1522.3992029795954,869.3252961547877,7610.74316946937,152.87507065831514,976.1184411653871,58.98795100889793,2057.736795765953,121.84004661440268,32,benign
1102.4537466920979,997.3578789685097,6040.494792063303,78862.84004521252,269.80533150133294,258.611475521246,427.5581930849878,8080,29200,414.5033778275013,29200,1095.5769628874227,1246.9581103057214,97.38102002733054,370.3925081584107,124.8379669289434,91.24547662575571,146.260680112437,75.59496510147503,32,malicious
14.672681562916388,278.38699144532427,315.3736454853391,19.489280193601058,39.39797782873104,48.06156491243547,167.936958339488,80,8192,111.14287075487051,0,3881.8535560083337,1318.360229287555,1569.3389443279468,203.98413753822123,866.3010230315156,57.41387115002436,4503.834933921105,174.3382889672214,20,benign
17.503654852694066,225.48924667611374,123.43479368974954,278.2292761567434,5.906498899316474,48.72969323570401,61.31636973333255,443,8192,65.6666823296055,-1,469.12328014083977,882.9937099878688,5798.353648759839,164.92060721376544,822.6879346644039,55.28123955822578,6594.08744129131,58.270043002598115,32,benign
716.3327702163834,643.0235680967643,4869.458416859212,912.1069107043763,325.1942934719981,639.9555945313814,645.4273365285096,22,8192,249.4813204294844,14600,719.8097572600524,785.1851427179379,10932.808917501106,179.08656937869245,131.53205159735333,75.60348125084019,857.5025427354341,172.63125590530908,40,malicious
609.6214588963181,899.6306969840775,4654.203729104557,1194.0367400041782,284.05885892719084,206.67858500822328,865.0087188704449,3389,29200,128.69789697012033,65535,791.4265598743367,1081.4352069695458,564.6778991893809,181.84192752097889,1256.6452534723544,53.876446004956456,597.8597845965384,105.99010941974791,40,malicious
638.1878338262654,848.5802884242734,3503.281038626686,5412.037459772133,313.8285834911897,537.4416249940537,752.0743488044109,21,8192,141.16180187260548,-1,709.0452019194729,312.7769942638927,1933.0528331854064,134.92557492800836,887.0265808324049,7.359039980655613,926.8242065487617,174.16852032108574,32,malicious
162.04830398279333,775.1189767654428,3085.7925155152925,6035.723779698642,197.75398469467848,452.55877522091976,363.9197745095507,21,8192,278.5984615065727,0,4558.378744832772,872.7707406590116,2982.5141881130294,266.65091287459757,418.96478812109956,32.13345999038081,812.0126246913981,37.069156085981874,20,malicious
212.24694056378243,1218.1901413583578,6710.5498083351295,1050.5354454349274,107.12551629080302,824.0124663709593,410.35036865308456,21,26883,400.6540397164705,14600,5258.992684697479,600.7560126495017,12674.668222627211,372.04850321005614,140.37090387637582,22.305163131742667,1980.7197158239424,53.372146257144934,32,malicious
19.098803635657212,250.62178754032362,1441.4702818669018,139.60683118930353,27.200266687228883,80.3403397387986,239.6282744535945,53,-1,128.04290504093106,-1,3576.148874425493,805.1900708433684,131.72513790172576,199.44901434386816,279.9943777917386,82.57661686009442,7228.486125163488,142.52066758785207,60,benign
43.62030785187123,284.29213201595684,1455.420507243358,940.2647879436555,17.337392771873112,112.72156948019901,208.9418799897048,80,26883,50.30110337371607,-1,3658.2096173070586,1202.7295060196082,3071.448460204127,247.35721830818804,479.4251884548768,56.35078205766628,887.4605246695785,152.38562535975518,40,benign
654.1272669402059,749.0490983413163,1735.626471705474,33465.552851248576,260.42725586208815,432.5794077045905,441.2102731470076,3389,29200,474.1857348874293,14600,1730.0761662952705,862.7292790835534,5234.826208702903,208.49343145519487,1348.6777126248871,62.27803442149242,1253.2246786810892,49.88401873846213,32,malicious
479.9034465157272,1140.516578525708,3085.6118268471782,17596.96823488154,94.72275395647351,394.7928886681756,338.73631790390937,8080,29200,104.15564647530192,65535,1966.765133360861,1368.4593857610816,3970.056196587989,339.87776371200374,482.83657575043975,79.15702607879666,2143.574654086421,64.98010419168997,40,malicious
51.2978138098516,665.8838935549827,7766.884676221977,23724.05003999928,102.86646293292293,777.495955137634,480.12374603911474,21,65535,412.0677407535302,65535,200.28886795836084,722.8947189900235,830.2011550197294,108.1098485526511,350.6523106671666,31.990405974222835,3440.564745835025,85.9865819487621,60,malicious
3.838735972467126,283.00844296806497,1473.5851751457765,155.19636513253536,41.04395369984003,75.59574349256478,130.37922760762183,443,26883,55.86281639785522,0,750.9502105142116,1459.4836962183804,9223.341263089918,204.00100715281405,1303.2732998767644,87.15626537466039,2807.893824288835,134.49113149190603,32,benign
45.27926928157447,435.9147259292379,5022.21414972308,2877.192898893378,281.08374612102944,922.2415729851078,627.917802880731,22,-1,547.0762306915044,29200,1913.070281142017,1185.9751929536792,5212.29555121883,229.26532004607438,144.11490015927774,9.985279475859077,9643.139962873913,190.62689702303464,60,malicious
53.84196253890694,820.2307995186293,4864.052576783122,20626.053302788107,208.51304294742621,402.65664406836925,577.3631861930355,80,65535,333.8250948504402,65535,3142.5498835572007,726.7162639955551,4479.8980024061375,237.7205041609038,847.6795387980899,39.708390341256205,1425.3771322863677,72.83606064142522,20,malicious
22.91584753115716,268.377300235797,683.0107948617524,333.9039642106041,13.911778718789751,56.44081220622107,292.3967389413884,80,26883,118.41887783595162,65535,83.44340325586457,1438.1495584756942,20240.262225152535,358.89571623833757,503.9000081492827,71.2632660951124,6080.238555422833,151.92383688044342,20,benign
20.343601498129186,1221.2429837260206,4213.767756824226,23858.21528639581,189.77611153520158,1106.0522673173637,746.8095768256505,80,8192,350.96011744866126,0,4427.899181280621,1075.826075767652,4490.586214437388,373.844123777775,147.17093842169243,54.94985366199076,678.2744752060185,39.32632870334949,32,malicious
284.189833692893,934.4160251541921,7658.8772296724355,18152.16643144912,377.79387595719095,1124.8132066657727,909.2393024483206,80,29200,320.9814382689282,-1,851.09401593238,480.8981345102721,257.70243298387703,262.09710158108913,1457.8436180308909,46.67860847720543,6390.426806966176,140.70952345071112,40,malicious
23.20190981170593,280.48563232269186,1014.8059209252403,129.80330935575742,6.080340026411928,47.11767776199799,194.871839258054,22,-1,54.35564384490798,-1,3722.358746499276,563.3189190126843,2435.0795526408574,317.7065405746316,429.11395428129435,22.457265392078796,5595.308586228706,185.966304059546,32,benign
2.07686758937378,287.2406034584066,1072.6306190586874,984.3909818395578,8.52363499493048,33.35554188942028,230.68340452334726,443,-1,91.03346547324469,-1,982.8294380350568,80.8163080461798,7723.1065883498095,229.29500821823143,736.7826590950699,88.3288726210837,1135.9931050282778,85.7684390420674,20,benign
413.62344473854023,593.440904423049,7374.384156951611,48247.05743426061,117.14949204628564,997.1076267037697,346.1589127051365,80,8192,171.35734835697588,65535,405.9063275102381,514.1545792263664,2120.0234436124792,160.90271090869416,585.5989208980517,86.96058357939917,1570.4976906863656,79.03422751712242,20,malicious
668.2087114241152,920.1408022954023,2151.9364000295345,10278.806204156379,262.23657445549026,1034.358369898806,477.49473754903704,8080,29200,495.82490954614923,29200,2194.422170155995,752.0051102635755,397.4588476651125,379.0844949142007,512.0940402741403,89.38883700985242,3839.400447247038,191.62893251162663,32,malicious
19.121777984368403,197.9226567709738,1073.2901692497524,105.2511893352029,24.674389270753267,75.01154438042582,112.18221655178496,22,29200,148.48373649600993,0,1998.4562565554959,375.66388187130855,485.4114769408767,203.9810269735739,355.1538288993142,13.421751323425868,9659.097936392873,187.68950328452846,32,benign
17.05178868780638,203.17692789592496,927.4874752152987,45.011026232841786,8.658992619641491,65.91613913285354,225.13882108476378,80,65535,136.78715449524404,14600,3533.864355499728,990.4835739862256,3254.296947082046,354.82084847176645,1357.1563734579292,4.05627857591484,1419.2695560547636,163.5783055942762,60,benign
117.51452399297277,843.6055951545362,1758.0454190566597,6477.208056146988,93.58234349439084,389.5983399668439,835.1355081826018,21,65535,528.8338971999865,-1,3294.3379229661414,582.0149686839394,432.14162393523276,69.18856601472802,1469.296670869792,40.442100663581606,288.73495417282487,102.18989634894692,32,malicious
3.1133737372253636,317.700550518749,297.4272295805125,32.50889145253229,9.55119960383364,106.86759133332444,121.11233096031708,53,-1,77.82854302603297,29200,1562.6637009301874,883.9047848023066,3109.624153077406,271.31843912022305,943.3201437437547,95.2233633353258,1031.9749778635723,60.71380994517908,60,benign
12.255775596900754,178.11119807511955,339.485981760143,808.3651707925638,47.1456210350851,95.71740426172315,254.17814198217238,80,65535,115.78428280752534,0,541.9177183678414,100.08424479857521,4740.189037560988,284.739503318803,1341.566565616905,45.554394032675916,148.2545585071797,163.99353885763549,40,benign
76.98542625740676,237.208251364053,779.0700917939166,1054.576487956978,11.34678042367076,111.79581084378415,112.83219875860146,22,-1,69.79192075464816,14600,331.29159774215026,263.4465631794318,205.2783649248427,311.10839842957597,677.5781216755344,85.41455779652169,827.5512095836203,23.358649853954326,60,benign
9.548104981112177,380.85799024129415,182.47471502329176,190.16868464238865,11.47882884973391,48.61574552234573,233.19244581421893,22,29200,124.41794252380959,-1,525.024060617004,807.650511793552,2009.4933696979913,346.10912956586,105.66327275142109,33.019726772158286,302.9022858089568,47.52798977991157,20,benign
80.0230274386474,958.3176849654172,3786.741378247114,4322.818483052971,223.47671252251698,546.3491832457044,529.5133618481348,21,65535,140.44765425405217,14600,4169.265809143619,1024.768575488041,770.413567167708,59.16014671012877,768.9553248647868,93.69354254120731,3010.2230639763416,99.09927024303803,20,malicious
79.18302164293885,931.5268455445058,6392.005608377899,65012.03992681445,83.07846874723047,1081.6266482881806,696.3187865330539,80,-1,529.6363767732109,14600,3447.257488937471,803.3902158167454,1276.7033933034359,176.0304251715355,372.88903548196606,90.40999789663556,76.7599317386347,101.31547144865878,32,malicious
0.47832648838383757,287.4639089175248,500.77173855665734,177.14917120143807,25.25369296951631,61.36697869415144,260.343081067958,22,8192,21.815202978861794,14600,83.21733656944578,1129.9336571640447,1529.1244805172712,136.0883207787513,1367.1371556692977,45.74590699086782,2205.5160549369803,95.35238479284759,60,benign
244.03021172305253,901.3258617260235,6173.163723125641,25176.306250127695,370.0641092953798,797.6221487740042,968.656609014988,21,26883,210.0697136404176,0,3198.0566861813522,549.8397925505022,8897.46209124499,205.2590603603044,1246.9506804464293,44.46093747136495,116.97823243382868,84.59158155347724,32,malicious
11.900395474817184,195.90156864165567,330.7415553262864,361.11846547510436,9.567829373612117,118.2138732522179,241.74321837004567,80,26883,103.58565575070469,65535,70.28032485660215,961.4472160757641,3367.1225303074216,194.7115455529648,183.11862405864983,49.541273219681536,626.9473638032384,147.5571594616318,32,benign
52.07525630579469,191.72432984319482,337.8472469143281,333.5692830788623,25.982807178279078,89.72134344480635,209.60241385667865,443,26883,80.89892613971591,65535,320.98424489778614,481.1180506129413,1942.9152825068302,73.69740521099799,402.33365227822725,62.8040400277833,471.7374796604139,160.37069220250223,60,benign
134.28654519104518,1256.121923038623,7264.10668880057,6137.656104041043,98.76986567958042,799.5035033890389,546.0020335047534,8080,26883,222.22254789319192,0,507.0371885666191,1410.623331863215,830.9002441340624,39.373448338713416,1348.1052974534518,66.48472563594568,6390.790467253824,57.64288963281645,32,malicious
373.6532095435397,863.637659986131,7497.969195000011,4301.683580013711,99.12183953621184,377.2168797974791,726.71465147448,3389,-1,174.12778688744436,29200,238.39203411008572,156.6858708279143,3872.7827326326283,40.95091466578112,735.0943862062601,90.65416140166533,2874.5553631307066,130.1276115716139,60,malicious
38.70858683708106,319.03895217382455,388.04528526266,79.5560590571009,44.6631043171218,42.96084209757401,105.58881432147535,53,65535,137.4513118757548,29200,275.84808967210887,562.2226609020006,3132.431450508701,198.9817308357256,1442.9462174500054,35.548139673132695,8534.039237519582,65.6128326220566,40,benign
3.219318587907834,174.06928402298695,1333.3007261739428,499.9261705924357,11.4453161162599,89.2828723893771,153.2138073788297,53,29200,57.06187105925739,65535,169.80318773343987,999.4904782459146,2792.001610321805,196.05240909554772,55.13776846088949,7.096437482676043,1078.4047843332512,27.465677257839413,40,benign
642.4266382826413,884.2604985730177,4751.361741178733,17130.315138407044,385.1507781334501,998.7222124582679,434.7436457380485,21,-1,458.87292055369664,14600,2234.4985715541025,410.99475464860063,1826.8187128515317,341.71590614634704,1362.5618810632172,43.89830330088582,1517.4718474918366,137.3472353283362,40,malicious
276.7532636115762,1153.535446205087,4701.77523388169,71812.08827328976,249.15047926435074,381.50908884165153,420.6245695518013,3389,65535,117.28836513667781,0,101.55453402634137,860.6284485792411,7348.266084786248,32.670038115206054,728.583643985191,84.20476384037524,7161.394223806564,134.72655262770706,20,malicious
511.37584902278445,678.7764159239752,3157.1815614219076,13010.50488637798,102.52671325276182,929.7299321224708,790.6552469822909,8080,29200,266.3006139716938,0,2045.5642931736393,271.4387145904941,4810.515720101647,192.05111747564948,444.09995633676795,70.407503453738,2924.7758012577287,110.64181868746168,20,malicious
31.961413186591493,271.38069938548745,831.0758418650242,2101.450886325499,34.276561359519526,10.194823817657564,124.9548845811811,80,26883,112.4956111011756,-1,2023.482694417614,694.042386167036,12287.881149035007,91.01407286415727,1018.1628725828909,74.1759033199302,174.90014391766329,192.95588443422028,32,benign
250.72706010045263,934.5436560959985,1771.2760547133687,5939.261570452027,168.5448917071284,874.3868398290705,792.2166779759551,3389,29200,318.7703759614899,0,849.376871951772,1041.055767461299,2002.4125894466522,167.9128384646701,1276.8199680040134,65.74753115991216,2144.2187457318023,105.00290699834484,32,malicious
0.8410868159821834,286.0473873779793,1370.2681343007332,756.4917093289919,31.326723845651983,65.9429656357699,156.24297650049976,22,65535,38.474531033546235,-1,821.3567969069642,1358.3440671291,3901.704760865751,377.79353271368853,104.7721205976134,80.41772214964394,358.07771031985425,119.21696647214854,20,benign
136.34760777375868,916.9728477882692,4426.826986364373,13233.561983268404,377.63249457576916,259.9645705523386,352.5270187434557,80,-1,176.00299002641754,14600,213.74740224799174,153.77218605816202,691.2518304781643,51.31437442416778,959.287964956463,24.43098956581997,3496.6649081257383,151.71024100493753,32,malicious
7.126241338673981,312.76697585063897,284.3791050759363,391.5344358919279,24.568497453396585,49.169045232212696,225.40313085342072,22,8192,49.730524973101836,65535,923.8971499751656,715.090754317828,8707.945711381453,44.96655320294937,1318.8505314435222,61.401823814370275,687.351982152995,55.33995784133019,40,benign
64.68457083978147,896.9237614938302,7219.575698379993,32428.044397423007,111.45067004992896,314.9392952850343,362.159154447326,8080,-1,443.8708429532401,65535,65.07150879802188,1485.6698902037733,2855.353399551741,259.79166141827636,523.414373212417,26.885182045446086,266.2424896054776,146.58530242106872,40,malicious
98.62356391516207,693.4172908093744,7636.8574685731,8950.915053119195,399.2762062312325,263.81163591650187,625.4835695922875,80,8192,486.8336013684823,0,1128.293459710831,1169.6203230634007,11519.250732871022,105.28971310184204,125.82114340308637,66.76730190342872,8906.73545322511,99.5404117170365,20,malicious
549.4142178586345,639.3796075772527,3358.622709509181,14704.398902535351,316.02790554693183,512.4339911510783,572.8437679982776,80,65535,275.4902414753524,29200,7834.749208196356,516.4119192043843,7967.78074770279,187.90189454512122,1059.0702669869156,61.654940213893596,411.7888754045395,142.47244636771057,32,malicious
43.1770142470595,161.10301478623276,145.73588836407555,399.76159348920254,19.557678440207447,12.648861188169773,138.4017512653314,53,26883,143.002400861796,0,212.8123493100349,592.7105775556934,13407.821813916538,244.34707235752418,1197.062449176743,64.1890470586477,1481.7624724093553,91.91078109081812,40,benign
10.385129244977369,183.90384849713473,1401.49436941205,25.907000378540072,47.11617117344308,49.95680239660005,56.67173971460663,443,65535,149.48699795830285,0,4415.625375595748,1297.1279993877108,4890.810451773016,220.21374339206207,612.7366040079523,79.28168010945942,1312.3428070658715,141.29256330377603,32,benign
127.1127992701129,799.7754060355421,5082.098338545981,1471.0686130503602,397.73256825441564,1087.3243152192567,841.0217277191664,22,65535,556.5628965566226,14600,103.25884692877251,1257.3455927604675,5021.606482920382,85.58813266041415,406.8153174388243,65.8283405972362,663.3461944248838,77.6871795467001,40,malicious
28.727343031867573,208.69213075529797,858.8686191616412,240.3447024204954,28.275054273125615,100.30577606133069,102.6788834563822,22,8192,140.97773667666894,14600,2582.5744636476707,1464.9603720923938,531.613260560271,206.41264523167345,451.8612487566173,42.533677152022555,2626.7122102185817,51.214880712834834,32,benign
530.1271875829885,1174.9824359850381,1779.9915188149153,1256.7950787624804,222.95702862143625,249.66007786181447,414.25680441691554,80,26883,143.77100718936939,0,4933.930801472162,747.6876415790791,105.21003937944116,256.55016439074916,447.6746512885377,27.428413263982378,1113.0199396366736,94.72481357450648,40,malicious
88.81061139598442,1034.6315890552553,3511.821707404332,32701.037104870808,269.7584601074939,400.93720110523117,500.6640192015398,21,8192,286.21236872027316,0,5210.8477776759555,1251.7418431640588,1283.1703712946348,392.10233898673204,832.6915093729835,85.18019488901449,718.9709641705208,106.40162216354487,60,malicious
530.6097262667836,956.0625528588564,4099.000881955669,31344.192841200802,346.415300476948,792.1069063919286,884.2985391497743,80,29200,593.3089614938842,65535,492.536562434945,1375.7343367977046,307.9020914403827,320.22556933709103,157.79559731452477,44.401524959767066,1907.529177216939,130.54279166574736,32,malicious
322.2278382718257,1166.3259242911524,6509.215560872677,18209.0805275328,193.23921275388955,1164.0077096977413,741.6721886694111,21,-1,485.58911527235944,65535,1169.3795673189095,1450.2505116565683,12085.759565671458,117.20442247418353,979.2666890768874,38.07494146803862,250.72458363001576,167.47736198322357,32,malicious
473.8061880540752,649.1571798824278,4264.214774946475,17683.834531863467,358.8435417382825,970.0768164987971,724.3224313169533,3389,65535,497.95680651573167,-1,391.25990269101584,120.261911050358,2272.063292816569,262.68370476457744,1135.234079931267,22.599524004021543,1840.2673828620702,31.463983723888823,32,malicious
31.862142965897988,659.2459501460205,5956.649497280321,16802.768943427764,129.40233866756392,801.739795611311,875.9770324144256,8080,8192,550.6627788384421,-1,368.84924136702716,471.2621904632556,971.0953298783329,292.17009489086973,355.64004811770127,43.884269297380385,3091.952750905643,160.87074443611553,32,malicious
298.6887259765696,738.6188816809124,1737.4632052634192,18557.842762200078,360.3067402196772,275.6564231636009,706.4484629362305,3389,29200,101.44600776461657,14600,701.7355681528436,1066.5937090909135,2672.776699425703,27.079470801433743,1343.494752309903,45.173544758243914,2243.093283506032,119.6642209825674,20,malicious
10.27965402114302,279.3601699526094,229.07375756010978,447.2167396744718,45.11589318162918,76.78552288664987,186.82116993807162,443,65535,125.70292745833058,29200,2123.1529166873856,1281.9692015752514,3063.797367532215,295.6866708524808,1164.8626501867134,22.7854171266063,1500.8836204427164,185.6391535793095,32,benign
1.0600146241428097,269.3603078681675,1259.92776928723,6.105145393131015,40.022132862158706,34.56891313966214,260.03425673548213,22,8192,20.030474709361666,29200,5886.1349587278755,963.7985639369989,1366.830132728097,278.2522228892665,1384.2581623351855,8.562733354375363,716.199477835658,61.80794755111594,20,benign
7.327499847126062,228.3460828090662,351.9329683463877,262.3165318606224,15.073245585386525,43.812916213732294,235.8423220565229,80,26883,139.72218136775507,-1,4543.871438889327,170.80555969817544,7847.266779519558,127.89526129091067,190.5396241071181,60.41607519127717,1033.1762389895173,120.4751947346816,60,benign
7.124101411761212,249.66671846174688,1477.213642493262,413.512749460996,41.1378727111345,47.012995419591014,110.45099830179207,53,29200,113.79516439399251,65535,6860.589879186542,1386.1910919088346,577.6447533518703,174.91316101652174,175.3246777147894,81.78986793819278,1063.3960671478203,155.06505627055037,20,benign
497.07431538535343,787.4182990446797,7998.960939178732,20296.672359446467,246.3530121707423,673.814532598801,692.4154263419496,21,-1,572.2811942598034,-1,4710.515253251786,545.5475980506418,8634.901120486391,186.02856233943834,1211.7372859145248,5.115309217563279,1178.6705946824998,87.1117188557969,32,malicious
4.007557883280311,279.9542831757271,295.6227386325591,49.657994005056324,8.171079764885366,92.21614427957431,55.44515251695182,22,-1,133.68295178794722,0,390.81002144067935,925.0810037505994,12048.91692538715,290.43970999122064,1144.9194056969393,35.904064269498704,5256.055012688346,106.6439508412191,20,benign
38.99327882590391,792.8045761441374,3623.7666928942376,12255.957707869322,308.2106456751486,223.77839310137543,356.3198145265035,8080,8192,517.1257076447655,0,3028.6461040230865,1141.2285325127702,781.8532455156263,55.74732633392875,762.7147682916992,65.23007450660147,7214.802839735833,49.58361834450298,20,malicious
1266.967148678737,912.2501590014004,5588.569645781399,578.3524976809787,172.4211125846233,1040.4359763407042,769.734896688872,8080,8192,582.4080779826663,-1,310.1013266779026,1142.1865239318265,31.072059428706787,368.2032632843022,1348.8647866178242,7.317726099577082,423.44827904150804,44.43725757401552,40,malicious
31.817399446576818,298.20841031973754,996.2538685266693,279.7896401715742,25.32267227182373,51.58433010472844,157.7482590749545,22,26883,101.69254834539902,29200,300.78107293659684,110.03112235847728,4694.679906146251,24.30823296751757,635.0734150295527,11.073148435833858,2937.1802749064645,28.2906736024661,40,benign
198.3900501868029,901.6612939326712,6517.534711248558,7301.850741740904,355.63919082447865,629.6696521018187,328.21492166013377,3389,-1,121.74246388190937,14600,2431.679697432477,932.4090153136543,3882.2073672621705,176.63460019634724,279.89721371236067,23.356340940805943,1289.5692323083529,145.49781563672204,20,malicious
2.7757515630983494,134.36836785980643,476.444344754706,113.18428992215746,12.735613613573161,22.83662807466727,146.53718305293668,22,29200,106.68604619277164,29200,1464.5163432730862,697.7809237932659,2849.4684785380146,41.37092831176779,518.5418973836825,86.00010241765673,216.63028983280492,75.54223565894281,60,benign
5.833009764296884,719.0800635870628,3618.787764194024,17478.179851125158,211.75673827405834,636.6496315951297,777.8440693706821,8080,-1,486.6535971593112,29200,1690.027898329148,214.65534585750598,2437.4828261128496,127.85597828605354,785.3968749261379,59.81544672413152,902.8897594052978,197.82045362248022,40,malicious
40.68441941107962,859.0117537363355,7486.32707358504,765.8788009044782,296.257234214492,586.1305648837705,304.0646052951106,22,29200,571.2742746792863,65535,3184.159078566391,1028.0841335869718,2851.048341450782,42.47106715170203,684.1374304552221,28.30297234909278,2090.773676720804,146.2875532488349,20,malicious
2.428148795686477,1007.0164879007715,6134.480906793316,7455.258171518643,198.3617014653583,457.83943487337876,841.3392386073269,3389,8192,501.3477178064456,14600,455.75407806705454,1041.0840810659752,1140.4902378699114,222.12950192665673,585.3789203585873,87.73214767111517,9184.026273628668,127.4990266951236,20,malicious
25.11100247514953,308.2108456316177,1189.0242560673823,1048.745290844269,17.918866704465863,84.97587991472372,214.63818243383147,80,65535,67.41278500912975,29200,936.3997238722582,1183.9607494727184,2603.85114689392,362.1510943791616,222.78456477117888,41.497829459215005,3043.7507275961107,22.642222116211904,40,benign
3.4670005723397606,240.89348714550093,1217.1354668159104,266.6223117651879,22.381095461776138,12.288756885123972,171.37187343200708,80,8192,69.18941867491903,14600,287.2884088040202,1250.2697055483995,12154.698426200934,128.59157238994288,670.5491351369752,71.96603237806261,322.56473219199296,151.77591096274884,40,benign
119.24776706535015,915.0855598768621,6801.4238493079965,22055.001934297576,160.76318181523516,1083.5635376907444,414.65333310113726,3389,26883,374.8154187954549,29200,4388.325807054268,235.2689759996684,1505.3805129728585,387.9472277926939,516.1349021341755,82.77103658903914,1068.2687988458233,97.08012684252552,60,malicious
19.85776430381061,259.1154849368999,491.73149557335347,108.94157627185943,17.182520142739868,16.886584463358503,249.43469824361043,443,65535,138.99903772631308,0,2947.732621026386,104.08876012499331,9199.472966129393,187.47433955901792,647.6721314712798,31.91072140372012,298.1391009583906,56.58387609332422,60,benign
5.0517629449545005,197.8383400109343,1471.4777595044766,1073.9919108738936,39.73458794314393,93.98334635047827,293.2540280031192,22,65535,122.6922036682231,14600,1201.5326845226036,476.6319308364815,777.9326212851565,343.9051712320414,1159.102105188169,30.309080889542482,773.2962966243555,48.13009069284585,32,benign
146.90799826881062,1138.223810829003,2125.1263354567627,28400.839606116697,301.4660190924545,271.4202555897274,456.2819045459627,22,26883,430.9599583376815,14600,1436.9928591649775,867.3370441763185,3716.5118228650103,269.01843249288765,148.6009270115207,68.11617846794846,1874.557884399632,43.627505220466276,60,malicious
701.3041410842538,515.4448761268338,6850.009052298689,46618.06588522449,111.29451485343601,683.2205142942803,683.9123881226153,22,29200,393.3177878644389,65535,4682.431785392983,103.35864093950472,7564.662383113439,97.76057404820547,1110.504974427704,10.780611923948346,1195.2157438883273,185.9082211974755,32,malicious
28.367781053561885,1042.6083143611045,6909.781599879198,21352.67468711584,245.6371132642549,302.0870795665811,960.2508864447934,8080,29200,514.9461131965113,29200,223.12968016834176,1088.2256287179491,1187.1060217820157,239.19359057691105,158.73790758896308,20.07782000110253,595.2578286785731,144.9168426089792,60,malicious
8.14526473081112,231.7870860738684,1071.3839351626752,547.2757482461687,21.51706597276131,49.38970257682133,140.84709659771087,80,29200,128.87897663159805,0,2356.5672342431653,1050.5355167315677,3480.725227228412,323.45817308026477,129.29824968247618,42.30303381357841,13632.03444698099,44.50379870394303,32,benign
346.61664799060696,890.0352777645056,4607.008041739251,9257.449833381745,362.5146858232502,972.8880992848782,812.9214560728908,8080,8192,436.46456577453466,0,587.8004435075987,296.61013918276694,6734.360378235924,107.7942511876216,1093.2694497837967,2.9303649066347526,1553.5942000404239,30.287581922877393,40,malicious
155.24460317805804,583.5705453359798,7807.665837222143,4172.183550920363,380.24400322598353,417.84460379963775,321.4968268696818,21,26883,145.57703652243183,0,4864.036972215224,233.7371810353725,972.6215548735149,232.09172015545695,161.70477955127816,34.500992859931316,2648.6544110887185,41.02537055851644,60,malicious
59.98534603578318,1138.4367472903846,5944.181536563201,11653.383110965004,115.0410227439842,976.904605818652,992.9409498157344,80,29200,456.95634064374394,29200,986.8286488023534,234.18825408182752,5226.654853002217,295.6448009890436,374.8005131046569,53.095723015782895,1869.5823043370533,52.34798619826757,40,malicious
618.7887088587078,1109.0560978951312,3253.2830001983784,19863.150683568205,108.95972548771996,443.2795235236641,701.9848252802738,21,-1,598.4153581811395,0,31.890433371567273,1369.3777072344008,3820.7619738389217,79.92241478880146,854.9938366403803,4.904048686119911,689.916201916355,99.92204256384142,60,malicious
12.37701241913875,323.6499938603247,1217.8674990655431,418.64827831389636,5.485211223315293,15.654974820598843,70.01440189916084,53,29200,85.2844763683773,0,2061.8984771207224,1100.299322648897,1460.4076664088852,243.0993287879516,547.646663753264,67.56677820359602,333.940473594477,191.53622097552662,20,benign
1218.9508010866682,657.5979295699323,3848.251374722213,18860.815090529297,392.6475578782455,241.178301771855,367.7878003918655,3389,29200,313.1689127033626,65535,367.80471865054926,393.64476846872884,1147.8722633166308,258.30968470435835,565.9322751049377,36.49851957910171,4583.609369527811,160.2430781232495,32,malicious
25.087982097918914,279.02520469565707,449.81290925918574,3383.8865753297587,49.23138975632005,67.6410369945859,141.4946614550699,80,26883,112.90369125585295,0,4084.325445980193,321.8378462971274,28155.413252708484,68.45250954522142,1427.445121074333,30.918735506564275,2869.393800397093,87.73409843174221,32,benign
13.10418089277734,196.38571353183784,990.8589813095336,24.058910022252434,21.97917838419844,17.486879878641034,120.57628499553964,80,26883,52.19646979919335,14600,423.7829621398627,575.8816072904757,3204.8269548534777,227.85316675781357,1016.625110737277,52.26847906600732,247.8823490832357,157.3261074157385,32,benign
9.64643740312134,310.10859898208975,1456.2604107666614,41.4281313938971,13.201322979166127,25.306904066121632,195.779146327856,443,29200,119.70051501805713,14600,545.9264112798406,1459.2943138587195,7428.461361665875,194.79910989267825,1479.442119924138,6.682278073062308,4482.418216146291,27.21014271562477,40,benign
758.1992718916356,640.0565259299065,3336.0229851607164,24901.691825046808,179.67297145056946,557.4440863183813,689.8524699121775,8080,65535,387.26533129734685,0,2087.893263509032,127.62629608211033,5817.497630484046,236.2338652480772,348.4345365293261,7.8495009263855,4281.813272692924,176.1261282234438,40,malicious
536.192258470178,900.3031833458201,7368.506501233239,22502.026773058536,271.43716986381276,234.8749809444875,561.9148526197527,80,8192,353.93033457695435,29200,3600.4072762998085,533.2675438552399,4015.4329620509034,286.3941900805091,390.79647764118147,34.84435618967857,81.62963992388241,60.40647887813463,40,malicious
36.71426476221196,841.2589292083177,7500.837215199688,12679.58806866334,213.19642781885736,847.761441839681,815.2457158613998,8080,29200,391.7260441349517,29200,37.412936428665375,1273.1602828514167,17819.435611775396,265.6765376089503,606.0506862355528,28.813254827496305,2912.966686088474,152.1787863538974,40,malicious
18.613903886974498,253.0612284393039,162.19614492848217,284.1894700409507,6.615340701667382,71.33442799678843,182.17018980742932,53,-1,27.20911158167349,-1,1163.575332214686,1278.7446953668373,737.3641206291672,224.99912329130171,276.8862059947158,23.94431060157569,432.3570129870337,69.61283479117847,32,benign
554.8343876978794,959.8689005236632,6268.251786602145,16051.722415741768,82.68916768545753,967.9892450149009,374.5350892360552,80,65535,161.37871727504168,14600,299.41819896781027,885.5583814740795,13769.104111769011,222.5457118393849,929.3031782908915,20.209958553893557,998.2669034551925,191.4903913134116,32,malicious
51.06118779909011,619.2302180506134,5328.055039150987,19137.972235614925,335.25356919769547,532.0584146391693,643.2980878817726,8080,29200,288.9780146218758,65535,1203.7791942939673,940.0008573444485,4260.809345189336,320.14094142626897,626.3783595720308,74.94924648751582,106.43807148035098,188.55150941287636,32,malicious
28.989760847913143,219.13181743632813,433.02537252916983,938.6578423537733,9.909193349861546,108.32214314489038,53.5613543345891,443,-1,130.1243300170007,65535,2679.719346532232,1129.101413927672,22798.52766100873,345.97841056854105,1381.2915699472683,65.0123000338773,3194.0361923401274,108.40834108544965,40,benign
320.8146293016671,976.1121219431194,5572.8166308901755,12101.426246848112,234.22216247106192,1182.4651655320843,795.251114020798,3389,8192,586.8203217536263,65535,624.8932386743606,1314.5082266498994,2217.6871465565637,248.027765754419,924.9140737693838,9.083320856972266,404.79030282342677,21.075605291647353,40,malicious
10.99306923684548,313.2713487558429,415.3767925156345,309.37362931769786,35.20866139245318,34.58017367133744,130.2978048876709,80,29200,148.71291501934633,14600,1077.2170935935392,113.78458776550877,618.9147631394328,136.96054031123066,57.68301950354747,52.80038748320812,1289.220894881622,26.8735409049387,20,benign
2.7606164556920723,300.9537311614264,1182.1690760687875,82.4402203886484,26.527894336463905,101.72783517450783,78.56372843135627,53,65535,35.34869590311868,65535,144.27705069201872,1231.873445296582,1248.077321051737,21.655487002075166,809.2481653956195,14.485760938125447,3780.779589640326,58.76915533298638,20,benign
271.73218633107155,976.361819017553,3449.3181390701166,6244.769594826092,371.95480786645874,734.7073206825113,400.911250536332,21,8192,306.4279775223255,29200,3957.291279024634,545.5991273362896,2355.1434651799623,245.71200234305846,118.69317097341744,2.152456990134455,2874.03962844289,96.62904970364342,20,malicious
894.2359831297415,1128.552066933578,2697.5034247543363,8595.235059308181,192.99238107112524,930.9362424868193,407.12046392972013,21,26883,115.8880841396633,14600,3054.1113220271777,599.1105656929254,7374.697632382981,366.46881598725327,1105.9860338197168,63.500358714756175,864.2164314639142,65.31792260206166,32,malicious
313.3682275585738,936.945489827795,2236.885815464656,26926.479663376263,307.00758950766,593.8706831566326,912.3893915371633,8080,8192,349.7316541150318,65535,924.5204394653846,1188.6652162013315,1312.2194481085075,185.94472014594592,1044.737975721403,33.72945151668772,1907.26715788038,145.61359176447084,20,malicious
3.316491510178727,293.96749421719767,1404.91775951231,2570.9099646578566,13.545304426268833,10.606788305939043,58.93927569934921,53,26883,26.982179688297464,0,620.9849104631968,470.000250571539,14049.342869614311,243.21248494809146,801.5771709105858,37.47850347377367,859.2943141982325,111.51892054438886,20,benign
1220.6813515710624,878.9670749850186,1703.6714535025499,21960.890099348762,202.09998307307228,295.6261327995539,643.4610467824938,8080,29200,255.84490778154662,-1,3964.1463004901093,1108.3711948942598,2364.9761749426425,354.9953019466671,537.9461265750188,6.200347582989352,873.6590982780107,102.24563983007462,40,malicious
1086.0940637002082,912.4461184651598,1845.7961728961125,33910.38238546254,391.78255199327094,1143.7101431504227,911.1546582815747,21,-1,356.2243003781175,0,1708.610663512683,1095.785270662792,4475.0016844599295,236.86071970382548,750.8362319631755,48.02952892177832,4214.791426302293,161.84108707753285,40,malicious
16.415108116292604,337.46592050090254,1039.3646504548797,114.81802986779262,6.895683001420904,46.922127583416284,263.0595437607977,53,65535,27.831256641466997,14600,2208.9504398040835,1411.5521195805045,389.60408112616307,191.21504118518143,1357.6471992081204,54.75876341659358,890.0330649637226,60.14039631292863,40,benign
4.063588764653871,355.06071937339124,915.0821925392803,60.07361304058498,44.9051454229743,26.840617594220294,85.68510991191506,80,-1,61.98725499333328,29200,1082.6833940716522,1024.8815979692927,3824.339952225235,132.7591549971995,192.56527027024262,39.823533987289814,724.4837534171594,101.67117779533777,40,benign
140.59476076591173,431.98853918273255,2601.6276608940334,44781.62401070084,378.55277479497653,579.9115089629249,755.3268259407234,3389,29200,552.246906087378,0,474.70043282907443,647.1863620389502,7305.671031839467,54.194290928869776,441.6843735300083,19.913788931959132,465.7117829605071,102.4870361017198,40,malicious
399.3776787456924,888.2682921082071,6473.285094558997,33925.6137438299,97.8435215604409,983.0230326558644,525.374547548908,8080,65535,247.7182600655317,65535,426.74069641396886,88.15696409051651,5228.286429123117,157.38685858108335,1022.4202014899944,0.5123230537401269,3506.068432421723,165.04375543875307,20,malicious
650.6789338333166,733.4489031385486,6565.89846270143,8193.132321487898,165.0944128225036,933.2192841756328,681.9557587530758,3389,65535,320.88471830928063,0,435.4640785457729,866.523609940191,5467.252944081045,351.6925537117447,474.49166104082326,32.98549426251608,284.88168906817344,41.138126683958916,60,malicious
32.84040093091063,871.4316706206116,5443.179894259694,61276.45747214496,362.8007037597748,341.0054538044544,907.1324199151849,3389,29200,238.93956109847116,0,591.5936306693369,347.7803999351246,4435.2567712537875,49.212394934017865,894.2627808996041,81.06508304689969,2118.9234244888185,183.59703936518832,60,malicious
577.619436008271,791.6294925018582,1870.1849749554754,26276.66658002756,183.86325254306126,768.944361183256,488.5710322590277,21,29200,425.6795628103712,29200,6416.920169359212,130.9507510401474,26992.919664494213,77.58322860648033,880.4192535431031,15.827002093107856,772.9226804621496,31.119060934874128,60,malicious
1818.619461081802,798.2109537582672,1563.1283611094163,4263.648711946611,373.7251072510903,996.601916137121,551.4008913861829,21,29200,512.4008797173597,29200,3350.9936574336557,457.8185815984701,2550.695005125084,36.66737416833928,457.3529968735093,88.84238306658443,570.6676386854638,146.0290666745296,40,malicious
26.08418595931139,260.83272741032533,798.602341719991,445.3576348288236,11.823770234860927,63.70899405018387,204.98075519337988,80,8192,96.15402170261036,65535,86.31806569848004,78.72455510749667,3346.865847601742,205.27246552145937,206.5904929840375,99.28457589384502,418.8730405923546,41.093951597249294,32,benign
19.216324021103595,228.6828923034179,889.1518820808404,231.014364671388,18.96239134847262,63.34151389913693,158.136829784318,22,26883,142.72397111690674,14600,3641.6729082826387,421.02370847265604,3102.0102787280866,270.3103545128197,1167.5144644402353,11.959305461068471,131.5216506991381,152.9246996713514,20,benign
329.91473210067676,671.6647515510552,5268.0243580112,17856.513469303773,370.7678281768977,1132.981191098161,809.5361044624946,22,26883,269.5274611705662,0,5027.943169270208,1364.5701883430204,1479.4720023743398,371.6720339075129,325.4214522203166,91.76158143538159,37.1168649345554,32.82693778281302,60,malicious
992.0675227867507,995.2676365618138,3563.8593387828796,4784.301158055174,154.264425699644,1162.1460954112042,502.4079969861924,3389,65535,225.6681107521434,14600,672.1361880661831,248.37061254451837,2406.386981494962,374.8473823719078,513.3722116660726,6.735261802387271,22.750125742545446,144.673838050408,20,malicious
236.6973898544377,1072.8134424785806,5458.06528292019,44983.12027490521,322.4671410187161,759.7579031796089,370.04967244921284,80,65535,126.22871654120678,29200,1899.0197482862488,1118.4270277849728,3792.434805111998,394.21254132127575,1118.5195176817754,13.84241201736226,3044.962070524877,91.92152474147636,20,malicious
629.3185615371787,845.004317781989,3873.190809917667,34222.638163654854,114.5730806208001,1153.0264765327438,871.352793054978,21,-1,274.4875808258038,14600,2439.0314833006105,606.0771410854492,5141.573428214984,390.0259727454454,201.6725895925131,70.20617087265308,362.9724520164118,112.0989599903996,60,malicious
25.06774353182223,179.07534459570957,1416.4731312515657,1663.5970582097245,27.283203607049128,71.90654289608284,179.2396247349924,80,29200,133.18895599545334,-1,185.89252633104078,243.4018935121228,2220.5791012340205,286.63912725345756,588.8308575730305,64.63146625397908,910.3009620727976,115.53295983780787,60,benign
284.32206720484197,747.5518534400536,2498.7908659749373,621.740554624018,269.59585253554127,238.53461794536184,465.92513057177314,80,29200,498.743780254309,65535,492.6046189506848,598.136093552151,2810.394238510426,231.75713991585178,593.7267599301704,34.12742675682965,2184.3820321830244,98.22782446310812,40,malicious
862.8718046803907,941.8191330142932,6119.757680475924,15372.502137042267,170.8482848417778,580.9493365884407,579.7730551944917,8080,29200,523.6054025288968,0,835.0628952593086,507.5422171436185,4044.4090314889804,265.221868150795,123.27562148230865,86.56595728492155,2216.8235761799665,63.869290220875456,32,malicious
21.794553963930177,173.59049725002825,588.0142355508085,29.707360604102504,14.071104762782552,118.50502660165098,107.07740716585002,80,26883,28.213182180540457,29200,1856.9985526245562,185.04950729343324,15032.074540551186,35.41279354709208,1415.5516720705536,65.2839456405703,1274.0194000264435,90.94596721005486,32,benign
1658.5960282461158,979.342770874626,2099.0172345234973,60120.31586299738,389.53567343744714,547.4078152801949,831.1624123506175,8080,26883,418.6158585358247,0,751.0596296504505,1077.3123372444034,4336.954306117963,166.48749464362635,514.4614505995823,25.392761474200974,8776.20188802383,105.01416800054183,32,malicious
124.00061455557703,557.5878045913769,7452.097718210457,9155.840932284067,257.3495932545419,417.650745783987,901.7647026116998,22,65535,178.34354868973787,0,1144.1077857804357,548.8940582154919,3112.775072455576,171.27239847089652,1124.1126405810783,74.32915727294856,90.65151486082377,99.24079155243486,60,malicious
23.519456051774664,262.9924110392211,1104.5719524181668,37.6454970788178,42.29503117553133,23.0693919087337,297.5810457080804,443,-1,130.797216355171,29200,164.6011755383045,511.0964900730978,2528.2169070081877,226.30777998927812,304.377743936724,51.344027916931125,738.5874634674102,103.4759422608476,32,benign
121.68238107947091,727.7023487862944,2337.072891250269,24343.920535793113,95.30534007224179,1098.3211153441657,474.2468511645694,22,65535,422.44678610951047,65535,657.9823817042516,452.8775373314391,42911.72519165786,148.91391426129624,1211.7587619802202,47.037414048668836,78.74637382161757,179.64362445899232,60,malicious
814.991343330378,1294.3987977910895,7262.936210154949,17897.561671663785,346.1278304056741,1173.5425408458514,863.5394673969572,21,65535,404.1489897227622,0,6623.4402171565935,267.4569207946829,27064.666056327365,140.83092147432174,476.6058192962516,46.787566688112015,941.3590346536674,59.21368535896046,60,malicious
18.86090013958891,280.20214449537286,195.69646912226898,232.04353428017436,7.243043092672691,19.09894335429766,181.89181455806278,22,29200,24.230899474409874,-1,4367.077000764006,1026.648598914791,11774.789470955444,382.0465215572734,695.3861976318082,35.194265194459895,550.4078858045464,85.53177360410261,20,benign
633.9577490733353,934.2109985438414,2197.315563379544,46069.13728451399,218.22230295642083,463.6408054920093,868.7931403664793,21,26883,421.17528485961,65535,2760.319181130476,401.5802905278603,568.9908419618339,119.30735019664687,349.76545139288305,98.98552872258854,755.1627329662591,185.2533125891498,20,malicious
9.232625302132458,241.7459997110892,1326.1811009308692,289.43840617985705,20.434113015826835,94.76935428544127,144.73692436750542,22,29200,111.22222110250992,29200,265.5347765319019,128.75190833301633,1795.953840336373,184.67729759102724,1399.795216873997,88.63557473355577,2758.5196933627576,146.95654156940537,20,benign
25.564769422833105,251.41184260422165,1154.5969736868506,1700.9249066085988,24.977846388932594,40.49746750498751,217.0479008627853,80,26883,28.42270564501002,0,4262.599386604396,380.7117504498839,4353.093075729553,135.3216059409182,223.64270998998845,36.7765008309611,1683.2859744908064,143.3150830255058,32,benign
1468.2163924325446,925.7062431289012,7199.025500750101,3610.999934946988,228.45070352470955,799.8859353841457,439.9594179575514,22,65535,332.3914566502684,29200,201.25478754292854,981.4205415396782,6567.042497524685,173.94067568458766,1093.5604444759776,28.275389771780933,2096.9701633711575,90.08494567595336,60,malicious
8.44065169087511,339.6374589617034,829.9361355944171,355.4617183099175,25.317937039955595,79.10487190838725,112.36985493038543,80,-1,27.440263868007957,14600,622.8624946274015,1101.365892258186,9785.035434750043,133.9489823228662,1320.5047222416085,63.58780372494839,6613.512449860911,70.08110894759368,40,benign
417.9058165418379,1009.2518447463224,3577.6579259949617,14926.35536155557,144.2509446245764,1065.1938458647505,349.3633616708557,22,65535,131.51579917939134,65535,432.125688322166,927.3018453017869,3104.31770131701,305.79708096864044,996.0125089333104,70.19333000125499,1184.663967297034,57.620087007294686,20,malicious
6.916149039191786,256.2321093559427,708.060593079512,715.7741017213783,42.85602142603522,110.0536103401,88.19771685817261,443,26883,64.05440786674393,65535,389.4384263714118,276.38485643703103,11798.233699056815,261.7790956359738,1157.0473291346882,66.53742726822351,2000.9305526178478,39.88434693903091,40,benign
31.36086996558998,146.6198400634879,156.4729493527168,862.3059261871603,36.94646668694163,79.22542613998662,111.05851604412696,443,65535,56.86509217135052,0,2337.402033659191,1237.6137094527426,12178.86274062575,323.6319987559013,1064.0531194858654,41.77099613297335,1637.4134642222039,173.255154523096,40,benign
50.78049482897419,351.4371739172241,261.6902092883392,174.6660535438411,35.70643405965561,31.621314332181587,232.3566473677634,80,8192,67.6589578386079,65535,276.669663520567,1208.3752038554062,450.72811364084487,193.12771079698314,1328.7633686844067,97.31123099067199,97.77372333926499,108.07757090323254,20,benign
364.6114610303889,945.3612999971929,7816.289646019797,2950.491185404645,147.78243678735788,830.810637903775,988.3299722386311,22,8192,289.1223311905559,65535,4119.881322050587,650.1981514912769,20418.259349057753,372.98051000746153,1094.7718021978792,58.97912506624028,1576.175733675529,157.66327332460884,20,malicious
1406.8002910329874,920.9540892371149,7935.302714690482,46151.834239111595,170.24561880284108,1177.6761637757577,595.6818969668648,80,29200,154.0253744631412,0,1073.6763752646398,886.273684848645,14004.287052943318,89.83791984684687,966.2092902673915,21.125204500225202,6792.11008681761,150.35956104417664,60,malicious
187.09969476566698,837.1948459662544,4487.896291339268,21277.23858448191,177.31677204018982,967.1937480770004,870.644805155709,80,26883,295.1600508128794,65535,88.7746372168916,1337.0125468638062,3336.928772328351,294.3751827595232,351.268741190159,63.95010846639134,4149.469129054419,35.593332210332036,32,malicious
689.1012931677817,855.106997277786,3229.639640334376,3931.17900942582,163.6215118780008,1174.2123827468113,786.5216032848944,21,26883,506.32116333483,65535,3727.9797346695805,702.0601337386493,1377.7764981219668,203.2621862131063,1476.7944740795676,63.00895775582611,1087.4269374088708,189.83649243376118,60,malicious
528.0207890076086,908.7194087007526,7899.18243519628,6714.755995347718,189.5286980372285,1032.7166594542737,545.8486388117668,22,29200,143.73022974622558,-1,2412.8736358181905,713.8880382001452,1893.2725958686542,64.21305613937551,916.7584103320246,52.31816977071112,128.0240664815716,119.6336288293465,20,malicious
82.6779385606794,372.33221190752965,3584.2211425688533,47259.672924859595,168.74391514635963,416.5417087289859,526.1385582309246,3389,-1,539.7716535294616,0,3112.721819528892,782.1062085072252,1115.4088505012,234.52042425085642,1119.5532656672785,64.18796873103851,1176.33648596327,96.64028010913333,20,malicious
82.8124883608372,772.773731237579,3859.9797993590564,5009.824706228796,281.0113859680586,329.7499929241318,801.8547204055865,21,65535,444.89202415526586,-1,1276.8658881357298,1050.2942067355966,12427.347004290115,395.3389484229635,1192.468499061808,9.197173638234347,999.2773699753482,41.62267615111131,20,malicious
8.252569129620902,269.8660553320168,541.7314646752004,727.1960286000483,34.507824557147735,89.47180281404901,158.49432850708237,53,29200,55.408668881904774,0,3414.688709510397,397.08470060582897,5095.932060522493,302.4067352811145,1277.4174700708786,59.349392868832496,1294.4772610198866,117.00072535494525,20,benign
188.0024268134052,876.1999101520481,3905.560008846677,3955.510904122082,234.78803906717556,861.1235769844966,389.24580062123164,80,65535,486.28923535579236,-1,78.98498766547559,336.6131963275074,2236.288906202636,36.1673285426025,1454.6470452232181,65.54349807489923,7656.708668951845,58.2677166418933,32,malicious
6.097841577091865,235.465691438699,1254.5307969202224,1117.948739916451,6.5753030557410135,27.416898568819555,71.223275950294,443,26883,20.458172288077826,0,1921.4192904069214,356.0474702061275,1435.1088438552943,316.3094300411195,641.8256375119414,12.661695737195933,1409.7519361528277,40.725906064381164,40,benign
809.2074469055834,627.4124432386938,4866.386247869705,3367.800589954232,104.22325571575044,988.2997420370514,478.1065727379263,80,29200,568.9800965167531,-1,94.61275612137695,1181.261873396426,282.0555955014238,39.134247748659334,285.42308012705746,44.03812183516291,132.81981884761007,53.178431981640365,20,malicious
441.7505751078927,675.3272590358152,5674.122216723954,9828.341318466018,250.59544238517816,438.84902491571677,449.06819461058785,21,65535,271.03015734505846,65535,545.593156322572,832.5024370459223,3179.7559526209698,211.67371376406035,667.1946652480802,1.8711861415647846,2039.071315279842,197.98685420323142,32,malicious
16.447771232385936,324.83390198139193,1097.9168371380165,160.8311275004554,38.864423890374,93.38080344238787,139.3578195652639,80,65535,29.38042749517328,14600,2286.9983358508025,1080.0083257873139,1296.7863129003447,47.684139225280234,1008.9580496745002,54.345538604766276,2115.2051067247353,113.93360380769369,20,benign
2.175686646672212,141.1731265441618,1163.8577844287347,660.3691475131474,46.43728983981816,90.9374187296087,293.4744659531092,443,26883,102.43632568079919,-1,976.1265489101369,399.4919869753915,51.48966243262694,155.57945148957344,281.8169500934507,20.475790949199457,1378.6597608498082,68.10043563557295,60,benign
48.64700355888981,267.14068555875235,1490.5385152343965,447.8709077062897,11.613874643140097,61.75839514354674,216.22584016242027,80,29200,56.04557552430056,65535,2729.736221301843,1107.0387661573152,1609.6523162077788,323.8500803611797,249.33691376180394,32.5539207463256,1486.1588987129182,171.9012108272766,20,benign
211.62996533764127,810.963291738232,2454.0138441507206,10517.46135547375,144.0920236424887,606.4358273691605,793.7956925835524,22,26883,496.84399727664197,29200,373.96783168577036,304.2177636899205,1548.4748228221733,305.3698235459443,1189.1848436425312,82.76577775100219,3038.598536740034,167.50934601517073,40,malicious
9.138543465293612,330.7539302336795,435.67453967655337,379.7662217867473,37.124141052261194,18.73731186932922,78.4044658728414,22,8192,60.94712986262818,14600,2096.3544064539155,842.8132589113487,4597.658365842624,154.6183401108313,867.041911920305,16.679557595323114,170.80470445262094,100.53713192859533,32,benign
400.99166376860643,803.7499377173292,5168.339459724326,13343.54933190339,290.26658573498014,546.124373586734,610.9141477620864,8080,26883,599.1541843225516,65535,1204.785474722198,1338.7592807036756,2252.732716590286,132.9258047471614,1136.3643632703815,82.00809274455605,321.92533683128215,70.54667929544281,40,malicious
25.472110449210163,299.4681909392168,483.12921088451543,1.7542465938735956,19.07620717856154,16.54967015691188,120.09038209997165,80,65535,33.54602926630644,29200,312.83741568032275,1450.2494239590958,42.29240163409815,241.44763389674864,690.629139793173,6.628234797356214,336.28586294295155,142.30003072870807,40,benign
1183.2498210363249,885.0092337536839,6793.991964544548,831.3710647297619,217.94150242409316,215.42959580706426,702.3603668985858,22,26883,511.0527473940545,0,2237.7087541744886,226.5145076393137,6385.948748479545,342.4025679525261,915.3148017049889,44.38986611545969,4636.357922109964,137.52573979559685,40,malicious
4.349712889396924,290.087546432063,543.6727603860497,724.8483316143702,40.90000262009324,35.25828045351515,195.05307836361715,80,26883,67.40651698814798,14600,2677.0512027371215,1103.805257144047,4649.078651746128,133.6220978634725,1451.1742734108518,33.437177038478424,7027.297125419145,166.73427880251677,60,benign
20.864091703182023,235.5816532535609,240.48256135282108,303.93681116430656,18.031095577005495,73.73597179582609,192.44835473491705,53,26883,51.57875357041209,-1,6409.997216389732,544.8901759045078,166.5630659341352,80.33185158039971,1399.2584334599578,3.48066760594552,690.471206426359,94.4479605332121,32,benign
5.2067486247557815,350.04147687672804,1226.7984894349083,70.81236396557527,49.37534230104521,113.3846717160657,69.46596480331134,80,26883,80.56097285462546,65535,7234.827831588555,1235.2440234764265,11471.305854950386,363.5919576897437,612.3985292553871,21.09555864359639,811.9726369041872,133.34044890754933,40,benign
205.5059679745232,416.311233758755,7509.856022471322,116482.6239111266,91.53528541084647,1138.1136589936873,771.2940284490882,80,8192,498.5454279281188,14600,2142.489701509864,443.42773654061386,4003.6225744540425,162.56295844154795,83.49210364062534,91.36721542365468,388.54552617204274,24.76030468562498,40,malicious
3.6483488898981555,280.5182156950457,698.7114447500957,906.7789250259206,8.260144429256568,93.61453621309172,51.738999871005845,80,8192,139.13212993325527,0,1531.8801095156764,248.54002665291057,11548.105175860543,274.3927704632649,343.78294634800824,27.852214188523128,1901.5185829812906,21.602285759578383,40,benign
21.371811103440418,212.23871978624925,631.7895878621252,134.0458939230163,35.91800680931017,76.63058223725724,262.7604354243491,53,65535,57.491965908363674,29200,2183.5606684230547,857.1559749594718,2799.687251287528,115.46237491314184,1372.0823294219983,70.35668184117513,22.89559356131716,181.84844511745547,20,benign
12.633835554013723,218.44450200918195,950.2277061749767,1014.9739062667835,45.46281686664642,115.53249399812388,271.0363085251027,53,-1,94.90317497433993,-1,1196.9499456483122,672.9026008546535,571.8586630857258,91.87551717449662,1385.1530292649893,85.43424320508623,1173.6406622958632,49.185702497942685,60,benign
193.81550018682464,1191.3490163264687,3739.34039835253,21238.04549809497,103.75931479438499,463.99208544283505,317.68840377432133,22,8192,124.06806002233836,-1,1033.781450961343,485.4219110611344,1351.5023443825378,269.2309898423771,320.1806313627839,89.36790483557158,1994.0018737939272,160.97678001903444,40,malicious
323.4729512648397,1145.7020685410757,5499.4552096771995,4097.814001141919,223.66274552112912,417.15594152591837,451.5561528672064,8080,65535,297.03715953731717,0,200.27615405933668,250.26643684297568,6913.974164788781,162.294799095056,942.6288212805741,80.68599019900628,152.31614674532804,177.42504944518726,40,malicious
14.695042815084701,161.9315637413432,621.0977670098652,2353.6264351902855,28.45615302958834,65.74910907475846,195.0066325566156,80,-1,29.422661765068657,0,4369.097631181214,1097.6001499372192,20894.165142368543,81.80412774699465,1021.6296795033558,38.861422503611806,4711.915130205918,113.32422894656588,60,benign
283.3739564916005,814.0783718292881,3469.38707462575,16829.01991223963,285.23089098819474,554.2557336714208,355.40855437103994,21,65535,471.0601976042447,0,3193.408489688262,796.8663135864133,1296.3119260681797,62.12647520490483,559.2620112922548,10.47609817327938,884.155644593409,141.29401969469583,40,malicious
736.5230480417699,709.8485631071201,5290.040166020885,1947.2453037350208,395.1987806131678,621.8807607776514,621.2714265879663,22,29200,385.47688461908575,14600,6310.955105856692,989.544061884756,2103.8612629043555,111.52508021157712,728.3617303352984,16.223706974691922,5127.911688645303,165.57046738224855,32,malicious
11.358036250762375,262.86520785013187,896.5666065447184,161.91532097105662,16.17212901479517,22.07504446236006,112.19624784802075,22,26883,95.78565585903698,65535,2428.299162980837,509.1359649655539,625.4059227783969,135.2840052605224,802.0840990256185,13.273826090256335,1221.1505484734187,129.34482702345156,60,benign
320.79460963408815,969.4264923284298,5340.81021866001,1867.6672123515523,334.84007822162823,903.6558737145033,301.38003562057804,3389,8192,326.8703112493753,0,567.9425917548865,1495.9419533565278,530.1229218831843,197.00393852851568,1256.6795937548452,32.94018441528341,297.7035702251637,194.68369640596967,32,malicious
61.74574611053317,209.58505395472315,1082.4382946000148,735.6916893367276,6.504700777228127,103.44601480428229,59.39612253253788,53,-1,85.52282248123454,14600,1950.5677193965994,971.7604980612654,5135.282904102047,341.2139096361097,549.7749884413605,82.69925482082836,991.440489216978,60.51928456979375,20,benign
757.0667117931962,1004.830886352803,7399.4482826962085,2584.461045749957,326.14058796858615,506.0313823859746,495.3006434308991,22,65535,315.1715225857654,65535,858.5358479795624,1030.761606942223,3009.028240451926,256.2728790563947,901.6464270023671,34.44281937656787,989.9450446575011,95.08914962743867,60,malicious
0.2319088414765976,748.1831227500262,3110.7440138430325,4299.332208764331,181.61861917611793,1030.83402366869,842.015211254655,3389,8192,357.24478006803923,29200,1607.496238335675,736.9527194246095,5176.897526560089,59.421561518086854,292.623425615247,53.8340833758304,5574.644427196401,144.02546917820712,60,malicious
165.48452759831883,862.2862200183903,1885.133094628805,4041.5408874473355,358.6147233308843,436.85882485913226,875.4326594968859,3389,29200,319.9577821659259,14600,2962.3089047311823,1475.502472024736,3883.331704413403,320.2304636782918,300.0922305601345,50.65933719227817,177.00214713007995,149.6772835666049,20,malicious
398.1729926808552,708.7571849643314,6117.756053134677,15002.19607706508,368.34700141153047,903.1106967487682,868.1184978463365,3389,65535,363.53542947109946,65535,7242.524869557795,212.9709872502507,3101.3389196505655,25.17034946271778,1498.8057565325032,56.38469263600283,762.1247682516977,38.48882153783841,40,malicious
324.7349640063962,562.2964161087386,6598.7470500457475,54294.74443572838,274.45102264270895,256.6307141071182,537.8704954930126,22,26883,373.7382615693354,-1,329.72273578868834,1264.9919114798993,10270.125983677644,134.4129579796937,1143.6597714444167,10.478989042898446,27.350881748647762,80.63519259027146,60,malicious
300.38138657755485,1034.0698342457135,1876.749889598892,23648.69132284403,211.0590670963504,772.0077233730691,777.7822405369246,8080,8192,136.2059068331195,14600,920.9343140591819,1350.7850201671274,1239.7261271301925,221.00455376296682,1307.3702969931373,59.724706799320046,1356.6306411072003,131.80289887624645,20,malicious
15.44608235956483,725.4904938038983,3132.4381437183524,2869.6431057700893,218.0475518618241,756.7803522083839,542.0927537616041,8080,29200,455.9851260576715,-1,5533.76394528917,957.4836119688401,9676.877229661952,298.3982617563864,1452.0063657016456,96.46473324579891,2570.6511077660093,175.1485666746104,60,malicious
182.07804037880175,821.9539381311748,1491.2808542602322,56683.79552874829,379.2630290257384,290.5210185469488,512.6891572936235,80,8192,381.45981108514593,65535,349.25809836467556,1222.9611735197445,12184.123049591977,62.12209385569866,1118.0953625157351,64.55474913547212,9825.142158814358,32.5561241588577,32,malicious
12.892084716169576,266.8184475781875,1254.3203197012808,1392.1025449291928,39.34992598263644,79.54765333280014,129.9316606307298,53,65535,105.63464598722152,29200,148.68836615186905,902.3593498977366,80.39122164241275,65.49567027891902,143.617369906842,51.999711011948534,363.0730223146376,136.40631986019085,40,benign
11.498682183796248,218.29463930164044,609.4643446471307,1312.8388079693345,39.83304808348022,18.854518041036552,146.5727778817941,22,26883,83.30622479642474,0,928.3947951421328,253.8239117561443,4122.919312123733,380.5320277928598,490.88518741415993,36.483747891814545,386.1673633051861,104.59919210893823,40,benign
12.907527076970561,195.80084897175524,355.8696406328022,112.98075493223821,27.541198454894566,77.16890490708501,56.77189802107081,22,8192,76.25908366570556,-1,4198.157040678033,1064.4994451070445,4878.000791837726,330.5362402685009,1221.3237774592797,3.88762629841084,1813.0009158455396,54.5842931947585,40,benign
689.677706042451,811.0825060283437,6066.388156772486,96858.0638756064,157.41188000867356,1152.957631301119,696.3343104479584,22,26883,545.0256626585756,29200,1075.676233695522,411.2238599870776,10056.694532981766,63.30440460712516,611.5390748426722,10.299109958694519,3870.662551082626,183.04618303605423,60,malicious
23.330026061804357,221.51291523458974,381.3828750524954,337.00483804277036,42.64105743471754,81.98301701964739,274.52737992673684,80,26883,110.03081470994873,0,1736.0996009805274,1199.8308580590522,5861.762879182838,260.8766665943168,260.1383933891084,39.16179470475184,410.7121117986509,197.21189458183147,60,benign
914.6750896341714,730.0846422340078,4586.542636119231,76619.40732915734,97.21276994030762,835.2575248585983,657.8023884014777,8080,29200,271.1345207267391,0,484.690866330322,701.5022278933714,13173.015643003919,379.69563962120327,1049.0373609953472,46.57274175298062,628.6213274284584,48.62287557767053,32,malicious
580.28378104849,1416.8740941434821,3152.4394216915434,17515.504058395385,293.4909085853377,849.9747109021782,316.7128377452698,3389,26883,130.5476597773432,0,47.15748321113576,1205.02624352903,1379.7327189049358,307.7432637684196,778.6287296606256,41.241561421600004,3230.013115768189,80.56142489929931,40,malicious
30.281040650208663,772.8399030271066,6187.209588162661,38713.47594690252,231.9761132773553,358.50119819568175,333.1874127328465,21,29200,309.0929733898728,0,205.20757367313587,327.3381371569774,4574.2253159736765,91.1752312085216,69.05083786154316,34.552425043923904,150.56582914933483,68.5616957946842,60,malicious
323.2709596152091,799.1993139166983,2992.4154903522717,843.7303239452128,269.17420727639967,346.7048067034881,827.8250447412031,8080,65535,473.31889118390376,14600,1553.0430596490487,1278.4382075742258,9383.568725136955,381.26747243415275,68.62552780840682,66.80601561712334,231.45937927777157,32.31161763185713,40,malicious
24.04378549142423,278.36469950243935,975.8906236239168,215.66642658149414,13.383212723104279,50.174629425976434,96.56948287736714,22,29200,148.91486442361943,0,1469.1037627862368,893.2593555455993,3906.7132468687128,393.30704961838114,664.5497029162465,98.08724052549996,1737.7937104090383,139.3738050006694,60,benign
1446.534567632704,757.7838424847022,5757.824158174647,25003.26966430461,275.34350986477386,243.06822715778736,948.8112621624441,80,-1,407.5642454783759,29200,361.61484773454845,912.1699531208191,1189.1735679823648,262.35037560661374,1497.6549244313157,66.24373242862862,1149.54512027728,126.48581246695744,20,malicious
57.646177303333914,193.69842065849622,1159.1696919199508,28.01198753827455,11.92730829397515,92.09640538445105,86.34088813636754,80,65535,89.27462330847106,29200,506.0719466431706,860.0269106204086,8671.758848965304,302.742514024706,1323.60806667627,52.05530561370316,1638.8339235193691,117.28808411515594,60,benign
437.32666663596706,836.6576364320288,7053.22371317631,5415.915411624796,347.4844612651495,526.4113463104417,946.087967763296,8080,65535,298.0848176815962,14600,906.01900056753,420.45392774227315,4525.235947048844,128.78154936255595,58.906967627761844,99.73895655073727,4392.308662135249,185.03356703901008,20,malicious
4.203987624804481,1087.0181066922944,3091.7160027888476,24017.770693049853,122.36328464293638,1091.6583073267475,321.51246944821423,80,-1,337.6419680727174,14600,1013.2506086684019,1224.884037799682,4497.839810842285,300.73477987549387,547.1512082127608,8.946733111317373,2871.203127524821,168.67224482432903,20,malicious
7.195899754620852,265.5875042648939,756.6500537868657,153.75048966706478,26.911850530696565,24.319461071862463,144.7776095582031,22,29200,136.1513328403756,65535,3060.6328367468427,267.7281002047773,7868.040470728951,138.1324071600881,1444.8895411449698,64.66719197464262,3661.064835053449,150.95462937459698,40,benign
13.969008662079975,230.35960497518033,1443.5281175843795,14.733319359439406,10.90138105640974,45.27745967923989,50.854682778786334,53,8192,32.44613393897496,14600,1811.8519859886624,119.48200103034631,995.6974951415291,37.9157051795744,516.7327355914383,51.797827819807594,7425.407525082162,114.95712652304124,60,benign
5.275307456236149,312.7255054986035,116.85594499972115,363.88827770390594,36.08726884284917,44.488736258425526,291.2039060306374,443,-1,139.15604282794288,0,638.7174847651037,912.4521943601547,17711.391009175735,289.1105254209959,451.31106833467237,57.792698732406144,554.3410513285264,136.3899974445083,32,benign
63.82547328041829,1008.2252103246482,6172.400734448679,108945.34554185162,96.99626783808003,527.9154339037841,838.0817496286771,80,8192,558.3827145633696,0,2691.0735368001433,233.9338511316192,7431.168189189461,190.19747489697548,1005.2768949404797,91.03809343540526,581.0637193974293,63.01631345069719,40,malicious
13.936865012895153,250.89258862958093,668.7483492181481,373.7143171478686,33.99787028328036,44.401201839197405,194.70943794618216,22,65535,128.77824425583952,29200,2264.796967030773,1407.7281652939625,3923.6131482410515,40.46355059340398,152.13484677190354,32.864867413652924,603.2219248531843,196.87295179527968,60,benign
56.05291089054468,212.52325287558932,253.0370850872507,454.5225039094713,24.623989224917658,97.96910928617832,90.5460260580156,80,65535,51.16794061244816,-1,1989.0713493524745,1012.6567343715205,4949.400410287548,61.874541987133135,1169.1093932903232,55.667989397627984,5610.476565098309,30.454195290626053,20,benign
390.0888979320261,1025.437517902475,7000.405123673183,35868.483793718624,383.2440610215064,216.70366955911473,858.3126073614889,3389,65535,141.95786523283385,14600,2395.9464486120273,669.966339047481,1302.6000478354952,112.66958814518316,1145.8075742344242,23.47870935897842,3331.9350661589297,93.49569710140915,32,malicious
33.728772384723065,311.79103988376727,1309.7335691780786,654.7984588130555,12.318190936577345,56.692873239123095,217.67048298731393,53,-1,99.24492120840382,65535,1163.8650273634846,1212.4917817170358,41.681177254140856,88.87303691280232,1388.7727835496219,41.26749361399155,5477.989732693913,58.2252157208282,60,benign
394.64688217964084,807.4611222415183,5719.052636073895,18243.370583587497,126.51017800484162,459.3055246609015,931.2568832061775,3389,29200,109.14137152666717,-1,5619.922816557848,215.04497175984218,5748.777258564015,339.1844708868583,961.1638185089669,80.02896271314823,1467.23968977245,71.08572070024714,20,malicious
355.1130513853708,831.471914419254,7193.4517862424555,12910.881099806948,264.14316528745076,529.7333988200065,971.6213570929519,3389,26883,116.06546168992907,-1,2514.0693463373227,241.811837620986,12557.319765309205,161.765452419356,1177.3860508503778,56.799148475811656,1339.388108144005,155.65741921725822,32,malicious
299.2518498824363,914.4096450154328,7485.598415746536,66454.86464044724,107.7298859244971,797.7805998965408,976.3727798065773,21,26883,240.18958712094286,29200,720.5166520405405,639.862761368954,5338.801114819599,51.402744733035725,1049.4718630443624,91.7913023655448,152.39674732189016,189.4013775745037,60,malicious
127.0055571895791,798.8335876175214,4785.503310037272,25434.715401429414,88.15980489931246,1081.5573011679614,418.7056307322857,80,26883,589.9732926884935,0,47.64398506006817,673.6727607377499,2275.6245909587783,205.77543711849003,1206.7599692941005,95.36008585745589,62.97477789246012,42.9266530825667,20,malicious
20.981524299693966,280.03794955655115,1327.1067112253681,583.8846601593546,10.814148904877097,82.59619015847386,227.61197876772462,22,26883,21.168178193176573,14600,735.3852746695342,238.99052677142546,8440.039345995801,82.75391119027655,495.0282537148117,94.44116069137347,775.4325764300569,65.89796537823993,32,benign
215.23841179200173,976.9159631598924,2671.390189432453,45981.861409705074,182.50333436375752,623.4520549250992,332.1101297887154,8080,8192,507.1934511183606,29200,1257.9377551010198,498.32399243990557,522.5981100435263,71.34489114388822,144.45708624616196,43.769920076482336,446.38203878984643,195.27165174460526,32,malicious
15.982580617551303,247.1895418123618,1390.529491859907,64.37294508996418,47.37969790576585,33.203972913840445,94.4125732316135,80,-1,106.590190166152,-1,697.1917191582437,1267.7873060699014,20119.225114569526,218.02680260817348,1109.323136433677,61.19458970569654,2903.5953768824165,126.11837494430232,20,benign
35.93069247612919,189.9821464533822,329.5970172422302,366.1557658679051,32.06189466037242,98.27293962329416,260.14635691428157,53,65535,78.57430052529179,0,105.05743020927355,867.4800538961008,2940.7313695336775,103.64354032959602,891.5109930718858,47.318778995278876,2900.7217940760447,153.7918635716749,20,benign
658.1135640745955,560.0196609977986,2331.8380108192923,27626.728260777432,356.2832270231146,732.8419250994498,724.5421667835519,80,29200,417.80777495912156,0,239.19010257919086,978.1084240561801,8338.423789650105,108.54888798481981,84.74856547859281,71.18965101848696,991.6293797213906,133.61543219509738,20,malicious
122.51476294631986,939.0410399517366,7816.009586223131,4682.998927238746,212.48489099371506,692.1559265668461,619.6765218947412,80,29200,224.40412954848728,65535,8302.191259648553,320.5518937581085,11360.703417187819,226.34597409379174,129.81246254737448,87.82035744997798,979.1740928072343,89.7934936637145,32,malicious
968.9162282342039,1130.9176223498157,6808.84149275489,13559.414769258336,284.62685695880447,501.35210107140284,744.0473283416113,21,-1,407.5194700745344,29200,340.9536896928973,1117.574081365811,2558.8890353288275,396.5133247067283,1151.4455783977069,53.905286377518344,398.6227038680693,69.81624524291968,32,malicious
3.868186135071341,251.15085044937823,767.3788770621165,285.8349035750945,36.768831907488746,35.5013518592759,241.55116842955746,53,65535,33.088003150105514,14600,1076.265348539978,643.5032859434176,8784.67955014325,394.3753699011012,1292.7769190904232,92.25134905773513,471.58633743482966,36.438254353355354,20,benign
748.1183580537325,339.27708441659155,7610.917024543479,17007.94304179423,107.69559344312057,630.4361455792525,606.6190914467597,80,65535,184.97540733046736,65535,535.4179982742764,410.7718329290836,2351.807959733387,398.2824443490501,910.7196249440642,55.06691685500641,15.730605328544652,176.45838095221083,40,malicious
608.8948944131083,923.753515178127,5473.5730420357595,13700.793587298152,246.10178209642297,387.098353473584,608.1063248290143,22,8192,245.98787156078942,-1,3325.3493195106385,353.86291184424726,1355.5431915843346,44.235317043600375,1201.0737273908235,35.93589017672656,50.3528167708891,186.0359044367353,32,malicious
1292.0402389898852,523.1059830311956,4670.453871377123,2502.240351058193,110.13969484829666,572.6566804294696,549.5474670666961,21,26883,341.37762670503065,29200,1019.829122867879,776.2347943138236,8496.191417323333,354.832987077075,689.32516812106,11.462483887128439,2815.2414108039193,79.17173180767605,20,malicious
62.93016157707506,832.8093212486231,4393.24084939372,10729.975466063095,164.6201987647528,852.4259418044039,924.0114964763424,80,26883,446.10635466525264,-1,535.5037038893594,897.5253046398693,1168.2920019047447,231.0895560334241,656.5233398330175,67.12711161040477,148.24198781272568,107.3386111313126,32,malicious
36.7544754078243,477.64444504060197,6899.586182569713,33461.531198211116,299.72175283258383,998.5491938929654,313.4353684100896,8080,-1,262.8175193526383,-1,3169.760873263963,444.0902033783604,1906.9672571703763,360.6064724718178,576.3865798750521,66.76529093159157,3623.2087012889524,196.76094082149294,20,malicious
864.3372331031869,931.4588751600892,2346.7940068488415,27110.03509767512,261.3398659752684,1128.1920321296197,755.9671102334264,80,26883,255.0356583997574,-1,1220.5125010348656,1297.8129534172347,3076.9205781682404,356.1283136045037,272.19215620658235,27.512387122650274,5749.7253342938275,96.62818715610986,20,malicious
1.753701266968298,272.0900867779006,1430.5972986484755,379.0138918731665,43.829984797916914,43.14703987670887,183.8404537022592,80,26883,123.47743586311759,29200,705.7940923921758,848.3892669027238,2583.881729110142,271.7187019422257,1347.1720934514985,48.09177954675109,2049.2309045033553,73.3550158416106,20,benign
143.48595983022764,771.5742229420694,7131.531865284608,103813.87362031576,150.63822145572945,754.9018738143919,312.13817086167256,21,26883,526.8276336061792,0,834.2564538451937,852.0288014304899,1755.6798168622868,60.955885109076895,1246.581617390228,98.54526828165095,1291.8763923987005,199.46514822227394,20,malicious
993.8504407404151,714.8127537918347,1673.9763782258794,50290.69662876038,217.14712232992937,567.0710251556663,798.0402578292608,22,8192,274.66622697077,0,1067.4381846754952,467.01563341607084,613.5188104629298,382.27430440214033,917.4159471085304,43.502898114797915,2885.6643796699177,105.38201150335915,32,malicious
199.492485666247,624.837432120549,2423.9304727547633,80652.59258677345,212.03621591829267,249.4184690145243,574.843005559356,22,65535,211.23850996020334,0,1093.7940810717055,648.2040399150129,1644.1401047262555,301.8591533641648,855.2711025570578,66.8572653211922,1238.5736065788844,60.816626229959056,40,malicious
2.141267973028413,232.69516612112662,778.8852014322123,736.2390965249705,12.331328358853387,62.604152716307,275.23752675656254,53,-1,49.91156085730336,-1,684.7813018530317,319.4819265174053,3612.2787654546723,247.20494334454645,1148.4166728153616,71.53851520573737,5291.723176519952,140.10443283337065,32,benign
25.050201809377167,372.6846806264375,1160.9043390678853,493.1526727611066,49.39478232980667,43.79199647171747,128.06766630156568,80,65535,132.33783967870852,0,10474.011250798996,453.37109199596495,186.96042018638178,244.646478178139,1361.938479234885,37.23195767574674,3058.056045848668,179.26178744163008,32,benign
40.8138314733316,215.42990958091664,1140.079487191133,386.5785632869958,27.977290667999966,33.856545027580154,203.71779846753373,53,8192,119.71218355818525,0,1637.3199219808685,1454.4440366976578,1404.4484760389623,297.79750073626207,1027.5900844696,80.85847359364583,6055.459939134249,146.29494216197872,20,benign
38.52850765807995,323.87921902230624,1047.573198936032,114.06743350177757,10.526009183711063,109.39342007815478,211.46341248168662,443,26883,66.59376503089177,65535,1491.1349133829267,836.5462235531412,4123.932291744648,249.16040097028716,190.43918912292943,77.7400447508591,515.8309270439519,97.74223725299045,60,benign
27.72508812287114,274.07058123419597,437.83486967204834,750.3987813945273,6.8998013128465026,40.55286412814927,271.4631786044604,80,8192,46.77578363421543,29200,1115.7941922477337,1356.2676525786967,3912.320654007288,139.63182721119813,604.7512221605157,19.918851346540343,711.3486033760304,162.335110806975,32,benign
4.174920319205996,240.17489125563563,1174.2182801924687,692.5435268269512,36.335334216313726,20.101492671867724,140.8520056246263,53,26883,71.17361146496145,0,2966.4656740744917,836.9448498474663,10905.995410152058,254.41354350467748,1114.6086945219056,19.171032168269953,429.05397375216745,197.36754935157137,60,benign
12.838393986271086,176.50305039175936,1318.1078638910187,101.20367142956533,15.908245252329397,38.368930243374244,122.68060637548405,443,29200,46.48932661584572,29200,234.04979782607904,146.25023636354786,1887.5649975659476,395.0813205621951,635.6929065108526,60.898709175499775,34.025789536182494,114.58384398251525,20,benign
8.74757678161459,385.02024579382055,1425.3346667223761,438.0682234396412,45.92988991396068,98.81540480969882,152.49603567078537,443,29200,147.32530819189972,-1,3403.5015465120346,470.1261471409499,1702.9069883708173,240.9557585008564,759.3602019037581,16.76147833541154,1312.8164501094095,132.16381355149602,20,benign
197.63923289043072,1045.3843809808482,6853.916334196369,6852.24723260011,88.14849804922368,1087.355400291299,576.7592661827277,3389,65535,509.98659670687135,-1,450.03083535607277,1118.5373075230807,2353.2161961982583,110.08874199301846,473.2396410801503,37.12586144325224,5758.481620833792,86.58296253449826,60,malicious
27.41800027184283,231.63541206698744,746.5977841330738,191.3048765097479,40.78077453175124,74.60840738382933,206.79481185799926,443,8192,95.34630772736486,0,6396.584676310551,1450.7454046242706,6290.690541434495,255.48831081256822,1219.8376225614081,65.74577010045243,3221.746934422297,190.8143635384479,60,benign
38.913885787470846,289.5794465335309,1278.6264341842066,835.4975545446922,24.928032878292065,63.34472246434429,162.50606117730257,80,-1,145.42014136787446,0,3169.8711789954186,1332.1857222611156,1008.5556257650927,388.29616264869395,536.4806596014666,69.65541701519528,146.05251675990456,31.683093095315296,20,benign
36.26751188943443,941.8792637576889,4009.0191216111593,1016.81887594953,121.49751873652176,402.227897859802,912.569408143886,3389,65535,329.49932482675365,0,2572.2193924879894,1046.7176705371862,675.3799247671581,342.50854125691103,607.4924922416701,86.5405891379386,5763.458019643324,46.57556441273419,60,malicious
39.98153473557982,717.775628381207,5263.4729745801815,9919.076338315308,316.6275666231121,1061.2815720950678,871.2213352279723,80,26883,110.14310168848459,65535,3852.2648042600213,129.49107102534128,1605.0699214705721,105.38393912744544,1270.653497395543,93.50630038460291,5413.64551271243,177.69433603157097,60,malicious
145.6552262225993,892.9680285222646,3554.511985392881,13589.413817094925,383.3152695060042,215.08500889798125,751.4811573313733,22,29200,490.0909857147878,-1,1364.263101286222,1396.6460861210057,4391.8470474502865,226.4065584583348,545.2489010152145,58.350000208281884,2986.144327984128,168.12235129240884,40,malicious
90.25048853926981,1170.9417248185648,1463.4292364753646,4177.42027598702,359.5903027668825,461.10881202724346,334.82040459066576,8080,8192,405.90043513163795,29200,2768.4756067333965,678.2638734856076,169.13402216980248,111.1863223018876,1332.131748124617,66.22322145313694,1861.024393631289,38.08880129560744,32,malicious
265.8622811555493,938.3657428810529,5399.370413491461,16791.044824413577,108.88580376555325,558.6603477299152,829.2964362525311,21,26883,135.23774267961886,29200,7112.118596423067,1204.542705485099,8566.872407733807,261.22080046930705,1476.0920156455632,19.3808255178898,3019.2583721478277,76.0244827615361,40,malicious
1330.3341271879976,623.4401567740568,6553.055548049491,58938.535100253066,137.60310700191496,1022.7880699477627,459.6957333885698,3389,26883,357.82422839340444,0,2036.0506508189019,634.1777985745838,2025.3121041158454,164.76283764282653,686.9679823695268,94.45517628447297,925.6617755636138,164.0343100768071,60,malicious
32.45773367840601,240.96067623377053,609.7386064647831,361.6623434418088,42.731776301110976,70.97434148912795,170.3223850571269,443,65535,34.78210173017809,29200,1037.002328318507,1049.6580061487778,1082.403702209772,133.10577983370408,1318.7893562800502,70.42482408080461,1526.2359301376202,20.17391557329823,20,benign
921.8192751657047,680.0543115400591,3359.0001700745897,15939.619106522327,241.582533138338,1154.3229706488953,567.5175821218206,80,29200,344.31707491198296,-1,4318.9481921988445,178.35347018163438,8763.736137770236,124.36146931360346,826.8324380646036,71.9600418623084,76.86681409838559,36.459778538960734,20,malicious
53.72844927594623,222.33128407885428,352.9814742451805,114.22642785859334,23.75460262003211,98.1739552230974,90.99104781130373,80,8192,76.96819154879677,29200,748.0451127207406,910.5249750446108,14545.692779032046,142.20047588510508,1499.2648906895363,48.45857885090516,1321.7589053800123,120.90148571122377,20,benign
414.6050996670305,1110.1384216398012,1893.8797502391342,11402.514404672243,352.79728422171036,470.916973509695,982.4946891224156,22,-1,319.3977845605599,14600,4513.950934019797,530.1646860694186,86.51844819579888,329.8959232364032,738.6528383978983,8.68329025916802,562.4099840240776,52.12413338620746,32,malicious
125.958898171629,1109.0373397007218,7812.259849968629,37586.351920578396,277.34575429102927,294.01248237405036,680.0741621039925,3389,8192,191.62315891984434,29200,115.17364460352502,202.36076123515352,5729.43280788859,339.49888694074843,392.5859300964318,40.842654968127654,706.6804131096411,76.13865111364507,60,malicious
62.90966873787571,1031.4482900350154,4060.5554189638024,1704.135322453389,270.0735005973032,766.9948340981568,362.79447371215645,3389,29200,130.06067598129835,65535,547.0108689068713,373.68903251957454,2216.5280978316227,354.24087264843456,103.58449324680416,14.464533679120928,2123.938089260479,156.58852756940917,32,malicious
37.06002178687227,1237.9021540333763,3433.43180287399,144.85827226732246,250.40864578177118,1079.2470448231702,913.2978831225483,8080,8192,122.3100255410581,0,287.83894123603795,748.9834324360842,4384.753618960149,55.4114084487376,1304.0325745182138,17.011557584449854,823.315790017268,132.32646010633613,32,malicious
23.056555536393088,253.9630166254891,159.11094517819856,225.7670819147098,31.335370216515198,101.09629964199526,216.23654757158775,22,65535,76.53734246684391,0,9379.906862158856,761.6999356605085,4384.8234177882405,76.26469802778706,186.73082699353904,44.54744178004096,3018.274458824036,32.936550594764476,40,benign
114.4566183197,857.3642497147725,2487.313564018653,32430.294537469577,110.35100361949648,430.2134793284245,323.1248544890524,22,29200,140.9023699169016,29200,466.9045776477393,954.8152646663843,15064.188918832391,83.03895326940264,330.0766375382508,99.71690060269177,455.9340886492941,172.22948859249001,40,malicious
36.789485227080355,289.67240676282825,1235.2499443580962,1108.814638853812,6.209566417228512,38.47143049844034,139.07537886522712,443,-1,32.455489703854525,65535,4415.441173967089,275.90959221267036,6952.447966931952,215.7240102386737,606.1694628024821,22.759065694185885,1263.7490676467155,64.4847572554545,40,benign
1007.0022594907055,943.9107063248177,5752.467281740105,38835.40109473683,247.36371864333307,648.1450847690189,414.67370959063834,22,26883,266.05962693337176,14600,4485.94414643589,872.3457713885311,3099.1956898037292,113.36645431329248,858.9752263711877,96.77935948719296,1324.284284357756,162.21945689641115,20,malicious
40.33464607873621,284.067954093254,1426.6116044239423,435.6472261241467,38.78143294264145,44.15897534948023,121.9117689001179,53,-1,90.72311126182443,-1,1980.1800560132594,978.9826521581525,7234.777602857162,310.35056136267787,1348.5878875023545,78.12099303998426,800.2426458260602,55.46230888641183,60,benign
6.034374889006799,206.6336152791858,457.76861306257047,873.8913882758645,48.85600728951581,107.85378631203437,147.06390933679174,443,8192,131.4599881905658,-1,358.45918695230114,1483.722358980672,2577.893005638882,364.1200961781144,1040.7605334841305,28.67636863549191,1448.957375945201,71.95981803858216,20,benign
3.091546045066862,309.928165556414,336.9212140320625,400.8843398319826,15.09500889427789,20.085266522775576,247.74512892566554,53,65535,79.01264837502974,0,5854.594723307309,826.1965875361199,138.83102375651396,328.69168963148246,976.1249176940712,95.26398362418378,406.79615044696004,77.83176153838073,32,benign
2.0797591753926867,884.5246304349172,5154.198472300147,858.9441739556124,268.9416673002007,201.50014259758413,726.7212095380067,22,65535,461.15198232394044,0,728.7422406982201,988.8853278108413,1030.2747905672995,174.0443402928327,1076.626135813411,93.39096506909156,1314.0237462348764,32.20610595078777,20,malicious
39.10388773359786,182.3060008025829,428.29047962787786,92.60174338500822,21.431065355127036,110.46140515039936,70.79243714318119,443,-1,82.57101917209425,29200,2985.5357114553913,1160.9524423587218,2026.9154524943535,193.5926139503747,616.6399363768501,18.161572752750654,2410.2684524079505,106.45622686955468,20,benign
111.33574384728358,729.2175555909693,4839.641980454178,51890.04102953951,267.61588742402535,369.89199781498735,987.9444745441276,3389,8192,185.312980996538,14600,521.4403907634701,118.73051007636953,2881.8011183203334,35.447260148482,1184.6157061171727,78.08988420828399,1050.5598381238765,149.37920449594813,32,malicious
23.403599914395365,330.4756955869679,742.7549822032126,377.53253605779344,25.177344065086235,84.1592753427832,132.6973016339931,22,26883,146.64936356654277,0,3299.347015651123,1457.7464034125678,1471.2332570588917,58.42799337947871,547.9906362641129,12.547097929782547,430.7363131282221,39.23844275502146,40,benign
53.425655281067904,822.9434944095503,5773.6247464278895,49004.440584147436,278.0740567391609,939.4713582252848,581.1982942005815,22,26883,176.22437831653912,14600,581.9421335621477,1089.1294077446307,5996.089930168889,261.3315685113122,906.8662357763507,77.08132601901083,2596.6208567197546,102.27216975435147,32,malicious
20.9551917183885,194.03192779560953,1309.6748391264298,832.1381729033634,41.155024668428354,80.50946936901909,200.62247855384484,80,65535,128.21591157446616,0,4461.7395605602405,628.9969934214755,42.333887364695045,71.27082294574578,1020.987848498731,77.69529067106855,1686.1143796011588,111.18399853838308,60,benign
45.95910906956013,269.1673227561471,877.3246380991898,556.8470583046671,12.990037123536744,78.31345461314932,258.24227851824105,53,26883,81.36969904433792,29200,1465.0764422686043,927.4765074411233,7238.534157690883,265.7445558877347,738.1008457807013,98.61798901390519,6073.5373509238725,163.30745906047122,32,benign
12.165100158722312,272.1548248975039,823.1844818704624,37.75036860108502,7.625604056926429,42.479963558064036,88.60474259298577,80,-1,57.16612112771859,0,402.88445255260797,531.8650106788215,5419.800515387713,130.9478619494845,89.26711797804853,18.551622443992876,233.4201744061202,20.086469108318752,40,benign
19.215868264596132,1211.887762778725,1947.0126008505,6862.369564948062,111.32155869075089,737.7553409475947,592.7217793869925,80,8192,100.73241715196647,65535,1153.7849190452014,1442.2392958524533,3390.142542430297,367.1704916677213,1023.2124304282576,44.12840026711492,1740.8189099152464,186.91266967408586,20,malicious
23.121554297492665,319.67713251824557,801.0707958132217,399.84190774294535,13.894307836242984,91.71906165054583,185.70332525316604,53,-1,111.22086061347999,65535,782.7874700802819,597.5476214489769,10899.678161464039,216.3760324795483,209.96993912316543,18.377030417473872,1573.465990876022,148.26463365558365,60,benign
0.9771918316402679,145.92359881187468,912.23092456023,290.32790224217774,14.844965714314487,56.45935212984209,281.3940641624581,80,65535,96.03389815531536,-1,143.55893876900305,584.7189975041654,150.80637192672333,190.996670850499,927.6315483181463,99.86854718610755,366.2521735811415,53.94096646710635,60,benign
9.331975781611048,278.4767009123239,715.4646199165267,104.82052562412345,19.10780065515124,91.66966807808815,91.96674375971143,53,-1,141.6960995556165,14600,574.902154089119,98.5108238773231,271.9089503865494,95.48039791705712,807.4984023190012,91.71275360256365,699.2519485778645,151.5079613439452,32,benign
65.16098077502198,1148.4837043022958,6561.354352746484,5687.251579596387,253.7685123479659,406.21059640759864,893.7778598621983,22,8192,295.43637403888056,-1,1251.9402925612326,1243.690767261769,1429.4831190667944,377.6924638771973,952.5984125518875,8.667269121170806,488.1490668021281,116.29203377703962,32,malicious
9.484320561006381,274.3473404785183,439.0401854771586,457.66520259117635,10.397702807208516,39.07027514441175,227.89641534722088,443,29200,82.86621424566383,0,653.9322634502774,857.0226205166538,2680.2903403957685,340.99332805284774,664.6814810021875,0.1174423715046613,2729.4376458703714,173.51103039012222,32,benign
6.9374455829877455,258.9073595813059,1393.6142633321076,304.71805850795675,28.562466938851177,52.1240154974131,50.72583495751755,443,26883,139.43922554746047,65535,1242.892995546959,760.4644073280358,6812.442957925722,160.8924006521934,1268.9101966294015,77.21116435799735,500.50909364118223,104.31519113444197,60,benign
0.5366615988380083,247.3222590213291,262.88751180735807,465.304858446199,36.82175205472694,108.75218542207001,233.0560765495905,80,-1,37.02313653607804,29200,188.381819911754,950.1016906309168,17727.47982231665,238.06066681263565,727.1948394496817,1.5632551558097396,389.229071652378,51.49278059707564,32,benign
366.24546234236533,902.2119024223775,4630.558242692299,13178.753714992494,178.71127407428241,952.4650616947198,594.2576921850243,21,8192,246.81221157230695,14600,2061.464368675502,1485.9351679540969,562.6251224337382,210.65070966087978,317.62921813062695,15.288127020329178,728.7012065682999,149.95366024077566,60,malicious
3.4281528071485106,213.77523770717772,1095.724890068363,84.6603689137194,10.91316474304946,101.75660924963958,223.9549002226954,80,65535,80.30009852679058,0,127.38280860910325,1395.561224222782,8045.710852873146,376.59981205236704,554.1879479739144,85.31213703348715,1673.8180793372228,85.01979418177467,60,benign
270.5889581177163,978.608365889992,1475.4357629146143,17968.45089717658,248.00268222943924,556.7293210930184,501.20189771837977,21,-1,417.53126912481935,14600,4291.505591176559,881.4902244899479,316.357492155715,363.987751498835,828.1724434395481,8.041475252916818,2674.3851151442177,65.41817695114318,32,malicious
2.850175118223453,307.74803367834073,779.6511522485288,639.5878374515252,12.787742052285413,39.57864570662453,60.341624829650755,22,8192,34.89519049328756,-1,2798.4762038793797,1280.4406895566158,8002.763939883512,69.87601512042,1125.0328659937436,64.71374359550383,2065.3583954353976,25.89862501604317,20,benign
13.44707206359354,243.43197180378343,608.8604494534534,608.6619748258158,27.792550637528144,77.81030910562235,141.1319836652001,443,26883,22.464449685064807,29200,171.7731713504117,1381.280028779149,2038.880638234282,368.31949802789796,1484.5178857795834,96.41022695087425,1356.9094758946294,180.78106894974508,60,benign
29.92320780142462,265.3597449153229,274.6524009580277,378.5968799237324,12.632808022488788,115.34529309075077,194.16891377840528,53,26883,92.8601777429813,65535,3214.1607894877197,59.07958224453868,13514.697726426964,95.09010833549301,782.7135634551584,6.941260601485455,2282.5648094613152,143.13207590784037,32,benign
1402.6425600266143,901.5644205856688,6575.167443935795,9864.441245781893,111.45911662737984,787.9313508720378,502.7045395465355,3389,8192,493.2526478233119,65535,2442.7376513281356,942.8249691725755,3672.786716903997,369.2826105434315,756.4729076120752,85.02874142766206,3846.6747429661436,151.9509728980241,32,malicious
10.643366230410019,286.1029410536159,1130.3945918308145,1235.9450775459663,23.785056923485914,63.35428401121204,252.29610106476125,443,65535,62.3657897076973,29200,4354.221422698521,238.03195167783792,5000.810445106246,366.45663593398723,705.9977258710298,45.343278875138814,5652.823093543912,63.74454155025403,32,benign
301.2057366341585,886.7101990369391,5122.729753995811,29341.128064947243,236.70850616918443,1054.2396402746167,630.146116848216,8080,26883,424.5657586844693,0,10291.859492849708,1166.7339190944897,7644.307416431028,84.90827738581633,1065.680304223404,27.172375986681896,3126.368950572077,81.1426677600894,20,malicious
45.63096505853056,265.2249117475396,151.7929516439963,4.395604129024876,6.1789114900432365,119.73171479397162,94.40174972230594,80,29200,143.37191266188347,65535,570.9976310734643,483.9625987994417,7470.517706697598,273.8470589112662,195.850745067146,81.30749500658145,473.09674247442064,180.28714341637024,60,benign
34.13352149005146,525.8195400018642,5928.692410478698,15135.70968746819,345.08058510768984,533.0060785695674,377.9596203001724,3389,8192,522.8389198573602,-1,463.29813692305754,384.91476074010035,2070.870672634408,128.87717770422176,827.9313660906581,76.4063807791765,3619.9089387596127,134.15390910352164,20,malicious
13.418168547975704,302.79526812254534,1482.2612333753707,98.08284758103633,16.387807821304772,10.955065985428218,282.54489875601985,22,8192,46.21300234723958,0,307.4827438035315,960.1762404599788,2090.0753703663786,84.58079386634833,1242.3911627627533,23.16155230131651,484.4204902578847,52.28338006903677,40,benign
869.2278713738845,883.4506632741268,3900.324026019312,18221.53063124553,372.74336536678675,986.738498563271,875.580817571983,22,-1,445.01130302815983,-1,686.3244063003584,1480.9517990279708,10400.002265638388,279.50832369450956,928.7663129459623,87.86846703860208,4107.436925320427,175.27978531637328,40,malicious
3.9934693833206634,292.94899927875394,823.2163187117442,308.3902903454605,49.74375191004129,24.034869622049648,172.51691700280284,22,65535,29.28994630222223,65535,29.284402980531414,241.02524992883244,3742.2379569202353,282.8158853053052,1434.3696899025197,32.62135915959205,281.4179171064369,60.86383433246445,40,benign
70.39864017437323,936.9108545609906,4358.731796618675,142828.53697934226,131.2794897037527,883.9219001143787,565.8035083622035,3389,-1,428.9069529578876,29200,1356.6062423481558,1220.5710161617321,8.307001145625023,143.71752755778104,1443.814843703386,23.438577578830287,3623.7987087719916,87.841418081426,40,malicious
1322.6280031904987,650.1431818105176,3193.3332310419037,10578.100949556969,127.85868934460389,696.6214977345967,987.1968212398657,22,8192,128.05929709114997,0,45.5132311069144,870.0164777052482,3517.43566537452,249.98968831978752,1438.2129154411957,56.16808797828274,470.29231007259114,44.39530340773832,20,malicious
3.8805978629893985,228.575778005324,573.1994235502989,340.98719981615443,28.76376006729585,47.55865299512987,192.12706365323473,80,65535,102.22946429393332,14600,310.6373210308614,106.24700266469083,4632.469359999656,121.47110293627098,1191.7470785889602,7.686905207289019,448.1258331998646,180.18353307870976,60,benign
69.67562717671879,235.9527429598563,584.9958323047149,845.559446558712,28.48664231633022,81.03715864049447,169.04373619917303,443,8192,41.84735896034958,-1,1864.074578712998,376.915973085966,822.4886586422709,282.56805428068856,1180.3435995926416,82.71511055146618,4388.124106728789,54.65184313324735,40,benign
8.746375776585909,255.457395185641,295.652954791245,395.61340008986366,25.51434833057555,67.60008992539865,296.6254417224042,80,26883,22.459159650693692,29200,1671.13116826566,956.977964362847,8392.070604519566,310.52878175321575,1135.4017783527152,51.12113130923809,988.9857799856912,117.16933379188895,60,benign
124.29890627644609,764.0784908220459,1847.65939569521,6830.518409297339,149.74953375135428,950.9475332970807,735.0428212717588,22,65535,122.10427243980739,65535,981.8094307065217,643.443374397336,857.421829561611,169.5787446493124,137.29189232775974,78.49864226160942,1351.7047125021927,116.49707471209518,40,malicious
55.61757277859768,320.12347516633866,1032.5020349613587,54.707685072061075,39.57682327289039,92.15778257786893,189.03551991189664,80,-1,43.571648311416766,65535,134.44147256702547,459.3895041116904,2002.7985764685984,124.82470594282064,1356.5866996942955,32.49674632252416,1891.1806422203374,44.11934091397652,60,benign
238.65123089580968,1000.178128019366,3418.273476075669,8000.649184477255,387.873113669325,1191.092792070585,930.3272924484178,21,26883,555.7006871742003,29200,7183.875469893439,452.5492699219683,378.80826132158796,76.97674609652123,633.1836682627423,88.7822195610421,361.4689328798621,131.10935391613992,32,malicious
48.22590413088367,274.083564716482,1402.9356013293761,754.5683193367552,35.167929896711236,33.28930898789283,286.50405949161086,53,29200,29.688607734381364,-1,820.8881633251629,438.4626449042529,9816.340711023726,391.37928214012123,437.7641637092112,79.72881044960134,172.94472103921768,173.47618698822913,32,benign
18.47482286716521,197.4714045748809,834.7013333816979,840.8858499781828,48.2009653538426,98.2447428663991,261.65867409912386,53,-1,117.97100024700681,14600,999.1165161674833,928.8441673911416,6274.717385326541,283.9522507530107,415.4463152150944,45.32203465930176,3113.6460280520896,99.93391393487278,40,benign
45.17838052597094,626.2880359639887,3247.388459936068,22329.64609546757,371.65261797446146,1112.261025409932,724.7277246918388,21,8192,512.5082518078791,65535,11557.178161903154,1117.7608226646548,5569.444732379983,129.11022610128288,363.2644962045007,63.382573791092554,217.39159038144803,30.15543106485657,60,malicious
41.27417929692041,262.0401833466384,980.9429910700692,738.3206041878285,49.22653708676784,13.194615939618755,75.01668311187987,53,29200,134.7147113955221,0,2319.0604367625087,698.5531300112116,5523.467051041522,103.75160019104379,809.0779790680576,45.45799721726159,739.525911352664,29.00251543986407,32,benign
75.21528075359674,262.98616402058315,1117.0889187265307,453.8038134859735,40.21824894761116,105.2800581561239,281.27406372164256,80,26883,148.7830834834011,65535,696.2186404526162,887.2164122222748,7476.240002036324,313.01220268562616,1261.8135641875524,61.210233709308994,444.2293784861976,21.292356296398115,60,benign
373.9230835631814,836.3432349836362,4711.338862417556,11420.901893405227,204.6209846007542,638.8420628724164,383.44325868462977,21,65535,340.31555290920875,14600,2084.673234979438,1276.346269686502,16930.626460221338,291.02098524288937,422.5785723183109,59.98299629213248,512.8858038192185,165.262842998597,40,malicious
358.5228031572596,538.008997615274,5703.962783788287,34049.84710983533,206.82238131431984,948.0722386490169,352.9449245049039,3389,65535,531.5993362197433,29200,1329.3886210126475,1439.6383291867573,5633.7786456954955,148.26918434200937,414.43445809247805,80.99440786422412,134.10692516185517,142.6830121864863,32,malicious
1066.2988264285273,959.1070507297019,6369.643046703531,37492.91555632704,287.38453202878287,601.8518525799104,545.6947697039119,3389,26883,259.5910481700666,14600,14.168246021950864,198.81905364531252,4831.520871721534,312.0166273508498,1128.9478622398144,62.86560217622582,2651.975834642828,55.206315593095546,40,malicious
55.5887506514531,314.226004210699,704.8415512175311,360.1717601964442,49.65128694443164,87.86093629336285,66.58113782154658,22,65535,22.885041981493018,29200,1424.3981758880325,135.25479178472864,4362.352729670777,230.3538373121102,84.07868065212662,31.635781600736824,13571.917370509394,51.608855768256454,60,benign
96.47057059866432,873.7067775316459,4082.320558043652,17808.244632668997,218.21847898614323,229.51302416712844,920.3790544896809,22,65535,122.96747742371325,-1,2251.1987617200866,129.30088384826948,313.25107024820926,275.9420016427533,875.2921341021975,76.0800018590971,1073.5545222819183,94.41130247829943,60,malicious
208.47416111787368,728.7895852399934,2123.370737002419,55180.09265382764,264.1084048004518,1095.819361705134,473.012228317907,3389,26883,373.0594931919558,0,1761.0806747655397,900.9782676232709,8992.546807085822,21.744435368783908,122.07826685564643,77.76493779730991,404.1684673795861,196.58741763293526,40,malicious
67.86294094866354,1082.7070182929615,2130.6203159647957,11652.687009737449,110.48694096227226,287.03067773813643,749.0774610150982,3389,65535,363.76985728990024,0,6959.15634188483,101.8323028165957,8287.450452742763,59.712255880977125,516.2449101392649,55.700909221466624,3803.461524333284,96.42506055836279,32,malicious
474.7394920644251,692.3788240643983,6725.228833524094,2940.763706979565,198.21498165146483,443.12560674993966,680.8785361489836,80,8192,414.64438872894215,0,1346.900307261749,547.7855595366567,18562.061492682747,359.4302103071717,296.0565285861661,0.902098848070465,1833.2947656252954,138.96374923681398,60,malicious
2.3114712332021634,190.9710712893255,1394.87989184967,600.6687413785097,25.823504468819436,95.19008226133221,93.66735696931958,22,26883,64.79591407424587,65535,591.1204101418338,1280.4591469818697,5978.682033656666,105.22085034327304,902.9128848228155,26.77505191479259,75.28251039942565,182.3917586919403,40,benign
3.5628480591870506,212.13182165663733,782.417654457085,282.6494722528276,40.67787345455137,41.60141308220255,188.50516534430434,22,-1,93.30063810248645,0,557.1522268816868,210.8005279744569,5590.657195599312,80.44254869868081,125.7708218882917,2.9613853548013935,1470.8763218851584,89.40332686230843,40,benign
6.322156453836245,329.3492724493402,1165.5602278760016,375.22541699849506,37.44972946405437,23.618429349116603,294.3979726366277,53,26883,123.53015678095564,29200,3028.5691665870804,1375.6271029961244,396.401195093305,82.0253535475656,1457.823539333847,18.007085409261634,567.084773704605,136.43216600569207,40,benign
38.66203638451702,1321.4065238980822,6077.442138121311,8518.379887974022,183.18145513895092,473.33785254454,396.9931152040842,8080,8192,241.20372017438808,0,315.0265992721246,714.6132468775589,943.9235321132279,355.35574991791145,263.5741433031781,26.794245223225676,1902.7923079522266,80.90771528168058,40,malicious
17.071370858894625,321.7870045318804,1027.4398452449063,483.3163202105208,23.551079484777013,35.71219591613161,179.26190213193865,22,8192,61.14156910168962,0,1040.8673510022268,941.2955744033869,7436.442447948611,368.7199125101959,1100.0404944249817,17.472515042401326,5867.20247652129,102.03039675984078,40,benign
41.176659573677355,253.9677571791302,830.7379688256506,1020.8133375598438,23.01780874375974,68.74911195686693,127.81192382841765,443,29200,90.55689094623683,29200,1824.816165492673,1397.95540684192,6286.42492749206,172.26424530500208,1179.46828029673,27.866767986340225,915.592509322447,104.96104424392914,32,benign
96.74728337973069,695.8381111659711,7722.5471768824855,5788.566943447846,340.24001225239954,631.1491687924769,916.9379676680882,21,29200,405.5987330355261,0,3215.814874039364,453.2728762073165,11552.950826912465,278.1342158487622,291.0176370408642,88.24657262796103,342.28542342218805,88.25433305492984,60,malicious
1702.5981012139791,824.3440844185797,7720.4888205715515,151.77738895858593,391.7808469934046,922.1229998946839,303.436875397845,80,65535,331.5561142954191,0,976.9348888735198,1431.3500490204933,214.75363926823928,330.5091881810006,1244.5093776481726,65.28468400379363,1613.5473099136282,176.81018385469983,32,malicious
104.64954769256343,633.9174693542373,7022.763305061534,33506.957627213334,133.26286550389594,445.6067737748863,433.7756247153551,8080,-1,287.6086059465799,14600,1949.887912036398,1342.5094875131408,1593.2760369120388,395.18330987762903,83.73116596555774,85.05425381824762,1369.6732822690774,187.32951492124656,32,malicious
7.197841252464484,237.986980526922,114.12251964971477,324.55357210683843,37.3409476651074,50.78908854074893,196.64256802313028,80,65535,131.57252574133338,29200,2188.1255211934385,1220.5287717057772,8749.027931012126,301.54161663986685,1007.0217404467473,63.061396526288526,1385.8960074709394,190.84320747597695,40,benign
324.8595485147925,848.7310713726343,6795.959422577961,4296.169301329255,375.70135208613885,441.08683517813665,875.7972089936159,22,8192,294.21095549331056,14600,377.19164564005473,59.18256748695215,2059.0047408998034,378.71456344677404,554.7071928447683,85.97905328675047,7239.24321979595,192.699377639453,20,malicious
25.53679501522177,283.15788894101587,705.6324119397887,200.65828976503167,41.55604905259479,10.875731350258944,157.6628570728654,80,26883,70.93715335037311,14600,202.60223689890867,1034.5003218945128,941.7001039825105,267.2637659633552,249.5352391788216,50.25044653777403,95.45196543237405,30.130017606290963,20,benign
8.597310067810257,244.54313073144317,264.1784012214024,153.85823932084332,28.73232869025213,99.3955070977614,255.94997836492018,22,-1,52.77192258225706,0,5116.460576025545,1219.3408289569168,2014.1805613448532,32.41729141691725,1316.3871163687938,39.035132343701385,458.9580838520007,114.07448909211556,20,benign
29.712801628135264,328.6844561426655,803.0647332428659,431.4865787926402,44.031563648301194,44.50393145638491,106.12863202906881,22,8192,148.0306913495927,65535,1335.6556445484175,619.4233837801909,5551.283646623888,265.48188633384484,1072.8724449807912,52.75051159001748,1543.8030036435985,24.150569413170224,40,benign
8.088796218223361,207.25160323695772,400.0349018732947,176.14845115380328,37.84234187881047,95.30855343356905,236.95297827124992,53,29200,33.21871755718417,0,2073.486941399163,1491.9987400044386,1893.758200385293,231.67859448239886,1282.6183037207452,29.260723257980015,1463.346516360729,75.38901122351915,40,benign
0.0747990843561701,326.19855253167214,296.63025519438474,516.2170224256382,9.637694691909465,94.06976316062968,209.66560545136193,80,65535,80.91966594767888,29200,333.2780321548235,339.00095944116083,6436.92746079471,242.79276764792863,358.88886127529736,62.858330017249344,412.30364444336686,109.9066678273652,60,benign
2.9576853811607373,171.53428599218546,1161.8033203738394,1261.913086629518,6.231309777006582,61.556280167473815,268.44369314652306,53,8192,42.423063668915475,14600,1220.216488843655,1238.166412776327,14648.996910886975,36.50242197335839,904.0325950164009,46.58123961986658,650.067072631066,71.62469812341705,32,benign
4.796503419305563,240.02282124232613,1376.2347816426652,243.44783324731327,30.187809242583604,56.622725797243454,292.97417879881925,443,26883,91.70185347053572,29200,410.78243105680986,874.2111047836818,5919.420086833609,115.34084419565471,1482.4177666599956,86.45411630568685,2040.985938188157,194.2923308231349,32,benign
9.174013961090846,86.76491633217108,508.7830948455471,514.9638116297914,35.653187208778405,17.192707592574198,92.19945612617568,443,-1,89.6155278726944,29200,112.53803054938311,708.9348206565313,11523.868065447592,168.94669319819903,1167.845736865711,5.842589668831133,1723.755785128148,190.04350294983408,32,benign
140.73794718624129,863.634709602961,7755.221969073871,21179.14305938244,227.9829065680609,639.6586503268533,651.3177952775857,21,8192,358.6114514649934,14600,4854.986593649783,1174.795776728728,3091.5726516822074,374.4448483479849,991.4077917984844,69.57207347489455,348.06559796095337,122.9430246030279,20,malicious
35.71690461285535,254.21462063348406,291.43690873550486,222.44146479682774,32.3206540099693,31.26944154903396,207.2542077330931,22,26883,22.91741521362421,65535,1774.777892532541,341.0799043562289,13008.348224179163,211.17854677707354,487.11672139756416,20.54696625095086,185.10924679640868,174.98283621504797,40,benign
5.311943525590444,210.9001270170832,1381.1164183772619,262.7815936877433,27.861068794415306,20.98089549715632,166.86283049058738,22,8192,140.2220872586878,29200,1162.8306586478488,330.87185802411835,6344.065385753535,76.31449531973999,939.8959750159227,76.49983718061877,541.5634343967896,20.16447372673114,60,benign
180.22062222697042,620.3001199863722,2094.337192896791,23813.56439919171,315.56343200456377,917.9791747199521,704.4778302639729,22,8192,530.9473678717322,65535,3683.422263557483,684.8264736895774,416.56842340678054,267.7834729162204,423.9045652427809,90.01245570026616,582.1985767835314,31.684249950871166,32,malicious
19.24433923919046,242.17854055427642,534.8994115994387,76.85813528524795,9.73967310513539,40.36706370138873,179.84773489020674,443,26883,94.01274378013278,-1,1376.065609730608,1036.539659646778,1146.747950151217,96.11214052808384,1492.998638563373,45.282613033304365,2599.8888247166838,34.5916397634108,32,benign
41.23384723513749,263.4765317533355,446.4386061900677,51.50654778577503,24.996287894099567,96.98721598084975,287.9302327523044,80,-1,36.81213389336211,65535,202.03537791679145,1047.588806542994,2575.0645954426864,351.07179011300815,939.1370736817782,35.05313825373718,391.5924407012427,99.38298436155013,32,benign
10.081858925259322,205.27273990647478,792.0324360860171,111.46335971089105,12.815667379209184,14.219494404584031,98.6274213013182,53,65535,46.97274794125806,29200,3324.428775418027,170.5317112119674,3165.1248458466252,295.9441968933181,746.7059008391113,53.63605526149789,645.6982920214756,184.4367582637164,20,benign
22.119524331375196,300.94897122309317,905.6240507046771,106.60796213309858,23.98922349459285,53.09814368752253,117.13682414043123,80,29200,63.301081962440534,0,1382.4036141065678,599.6661378059677,4822.758884172341,102.40960739585505,1372.615939812316,83.02730525792704,539.055100460592,45.991254129267574,20,benign
1410.825995245835,875.8830061375212,2269.4516744382113,17103.864384196437,117.22970654123401,958.4989300228027,967.1171312062131,21,-1,441.672592961727,0,1087.0500409458914,78.45253991789531,6519.028571340558,268.3600019625406,839.3861402428836,43.5566069436056,741.8394856842854,38.493207471338316,60,malicious
431.8945922025994,912.5493880450729,2229.5313026640983,13612.66583911025,207.32244392022093,236.91866180267033,410.19995811187835,3389,26883,279.1609217658083,0,2674.29306755232,955.4792827619186,153.33008941813503,345.1501444873779,1017.5896365191668,67.31192542513583,966.985576305799,58.371575810330334,20,malicious
10.634026333716998,307.3616627482501,1362.9074285849565,31.666600391571905,42.28286289870859,116.26176624474392,218.0145547122523,53,8192,64.41300113194973,0,1781.0846927081593,611.8286619436088,1273.7425458449572,274.3535014713164,217.25286007352253,98.03105296040418,5681.40037113136,38.44015939208465,40,benign
999.6749929891741,799.5863511608909,4549.15221566238,17610.521310167078,160.23732659527073,884.4798380202171,461.819081355516,21,29200,149.62288148924864,14600,1883.2394550371334,953.6142452209014,45.828099980981946,159.20435404394524,540.4472822582673,31.777832040863498,4103.990883766255,61.41177858462662,40,malicious
223.18802915887034,450.7754329997223,2433.0877272434163,23040.55621683048,92.48260998405783,1009.5490931623278,999.9426902349326,80,26883,164.51091001037923,65535,4208.7002058931375,244.12964404564036,3744.1915004820726,383.88791982583456,352.64866984381996,4.693309277368741,743.8435971735701,49.22151950845446,40,malicious
146.35470476375804,1015.0757846695417,2878.2870699793,69961.027296779,364.68684264367124,313.3346365437816,533.7057380564581,3389,-1,141.58284034840824,0,1256.2463058369501,1022.9408081927713,12710.039451422523,22.694493709729958,564.2559889273356,59.36001439256554,2105.644782620572,34.363296655892825,60,malicious
650.3531135439018,938.6711107001163,1959.426528952896,15024.66665222298,297.53771835410265,226.63591866264704,955.0079306955525,8080,65535,343.28411444222604,0,675.4004906114114,758.7555513415947,892.2404980564029,48.557401945072385,562.2769253615699,7.3362456931546305,3081.410446455179,176.3831673478113,32,malicious
214.15357437831517,655.442641550751,6446.665478014925,22882.807227573874,197.15750126997239,870.3615871665273,587.0857635567717,21,-1,585.3796930591436,0,758.5067047226624,1266.9399512017767,137.48748959501134,132.3186144666373,83.39139851379358,85.45172218710569,3832.227956279186,150.97255385255608,40,malicious
35.62245004467366,291.0816096777994,700.2108803193839,370.85090409772283,6.006151603737949,115.01377223801373,182.17699278323693,443,29200,63.988218507301575,14600,6162.550223368493,1169.6361316117816,320.6053440735151,154.65008880341844,274.89589496464737,34.67525642427388,1078.5955955885913,93.56163460983184,40,benign
101.72903625573618,866.3555405852678,2851.5431526573857,10556.223376226757,117.408418500692,860.7355619503859,818.3099145938185,22,29200,392.8512722877323,14600,76.90852154844455,1445.0767779887192,3379.8427419929526,261.0560404348811,624.1208539844573,78.03072614369022,2044.537215719437,110.4596116272648,60,malicious
27.32562700219473,254.5025564642175,1129.6575631164978,740.1934602224538,36.317215415872,96.4502753524118,158.16832294057133,80,8192,120.29483026760845,14600,1448.1989589156835,501.1702039563087,12761.478456585683,162.5231616826221,544.5292310716293,63.39789869224158,506.40643445706235,98.03620015750819,20,benign
71.0069772564797,197.81975000963806,556.4780628099717,1608.0568076565962,35.84040959603124,108.37884383732805,232.6662023250834,80,-1,83.00518738583933,-1,2989.033030962798,1295.9238409644572,1746.7932995435,303.66405064617663,563.9843322971453,57.46478871957902,785.6757916669404,167.18145382515138,32,benign
9.820861058546987,167.25434206257626,1185.1719413270991,469.87294871515957,18.959321074638282,48.96067268050362,157.52567168722067,53,-1,72.45425087144037,0,2997.158924642956,1228.0078571743134,693.8387663885369,118.58191429834181,502.57141091572515,93.99114485408955,1236.5394412711441,55.93008126758394,32,benign
261.62775502897205,778.3377395363434,6469.0224775915985,1008.100193693297,102.5819181994931,816.5417121355214,614.6464577258569,21,29200,297.93334209768557,-1,4957.455862542656,162.4806752905601,2425.862643589821,76.43431958605782,1421.832016439755,14.981163137919795,3041.707657372206,23.422983765629834,32,malicious
34.426219821802924,280.1227488259916,1211.7181131271595,236.19649012687037,21.687543664349192,19.64576144377321,93.38895624994821,22,29200,143.20592883407033,0,4535.068840908241,988.4886767943962,10820.084085898192,256.22510566136634,1040.5237797256118,68.72904856336179,6252.577100050974,56.641083035859744,60,benign
36.577820370429365,219.0048309768606,799.9760309142383,274.80221721373294,6.156070202064017,105.11849868034349,188.80532595985207,53,26883,141.44820348113234,-1,8592.621205629797,268.9979464001527,635.6375824505498,99.50019536941112,1445.219597332496,65.89445464328621,3704.1652553965273,68.15727101983978,60,benign
4.875263672569332,246.3408892359326,832.6350025209786,48.02245256858091,48.79681192120399,111.48770053938021,162.5257860060657,443,-1,31.848365640512505,65535,673.9686156341452,1034.1559556895174,614.4276410145229,149.14363763919135,1457.9797854569765,75.59194240538918,662.3566290342542,183.04694849172463,20,benign
1270.7426114783652,1113.6293825046293,4213.581976997904,1581.5741836991858,211.30054296252308,1168.9616987392114,635.8558820602996,22,29200,407.58456717734384,0,845.8845581610861,1394.562346979788,1015.6302526673634,57.54136764708159,356.9606936974557,20.540514478549287,3689.4936793644365,143.0126689032394,32,malicious
754.4266057739131,872.6261765124534,5918.306461595784,139923.49475387056,210.51997769610043,1153.6153809703237,872.3243106950747,21,29200,300.10613965713105,14600,2398.2237784658682,295.49243143260895,194.1949709571094,357.38373863316366,407.186032755367,27.147191407326666,68.67122318435445,103.37198753122499,20,malicious
0.19673590445703748,316.0235040501522,1141.7255067616445,34.67254170961167,44.60207716849949,64.82879028092141,269.2503869646124,53,-1,146.41986231058297,14600,604.1621500192089,331.0605286024706,1185.861260732251,71.9357905441587,395.56208428588985,1.7568123422507465,5714.32744206329,23.320210097709197,32,benign
639.4800426615492,845.9301418724249,7115.270892949424,24684.486467461556,222.2835372737441,1033.2869745935868,943.282857756438,22,8192,240.5353952179475,29200,2251.441266854448,793.2525670658139,19132.06609426854,328.374323903468,1361.2056562416099,69.53455944959144,1845.8457205685213,124.86605497196079,32,malicious
294.755720763011,522.3561642776617,5151.072608569245,5942.049247599486,185.53057981757175,1140.4945804302329,884.1744728764946,21,8192,327.20161554440097,65535,1858.914043960348,335.3722685944574,7697.712829230011,81.97770139198697,1318.7093658778253,94.21783079348087,1443.0640316812423,110.92271802693735,20,malicious
57.88372995765493,261.73942184006233,829.0387287088989,77.09572975967293,26.48103133692442,18.916084393480883,159.3443407508404,22,26883,21.62960051909751,-1,1242.2404487329995,962.8067886490894,6950.645479946177,200.44240034892096,1074.424165317663,44.50482483975853,312.7201646720173,34.77803590659141,32,benign
34.72599414221891,253.8468734765971,1075.0554344941297,210.20827224941564,25.75641571254254,22.290120630124633,206.46334798279284,80,65535,98.15025668957549,14600,521.7219006096461,453.39288513494796,5756.105831668337,196.0167564771175,173.21860538356708,45.87430537367902,2487.534643790482,192.99038848815871,40,benign
32.77218809321813,303.78403713447545,352.86844379497916,163.21599704868225,44.12420330494443,48.62669117379239,167.55611466177723,80,-1,54.95152107353674,0,694.022021800969,1160.0117146424393,10295.427686633151,237.2539249033778,1173.4934484255007,1.4425731003537612,5369.300314702545,21.40684000331045,60,benign
27.71758053411604,233.51183613291602,1337.9303252068055,504.56676593468075,18.4418720530481,106.3496055001032,166.1985859264439,443,8192,127.76862179984931,14600,3608.8417778777407,1106.8532061846101,482.6189078174647,53.30213902718237,1442.7502725916038,68.15241763299503,4519.576867865893,102.88756789553774,60,benign
14.963786819854478,232.58651557117634,228.44797995504632,186.23793766551327,15.155707914666158,85.86627107373387,282.630744181793,22,29200,31.329101302365544,65535,3167.414132886075,913.3601604596479,1975.0294653154974,236.34979200117866,394.1070467822174,33.4824740413678,3445.309666169874,59.263140859115516,60,benign
4.441193411309119,194.77918694407077,130.64698484973027,429.467876527977,17.51411379911889,16.91119097549314,297.3964299077289,53,26883,91.1367790040528,14600,207.39884314351264,752.0835655474368,6081.951177310408,35.15509517961644,519.0884947529743,19.407487194149688,8214.477690141119,97.83699234104111,60,benign
15.180997359449492,212.9056464809447,365.2583575808973,459.39029826736146,16.359743114299853,79.03563616016523,128.54388220890246,443,26883,78.73997166628769,0,435.0745220417173,1197.4046085599937,7961.657950379696,392.69268144346483,972.05482255239,54.5758371068104,4463.918758839315,105.4269554852929,40,benign
242.09887892668345,603.3849975205359,2842.947503393961,9785.849950970793,209.32247975210146,897.3313205401886,515.8529548371143,3389,29200,138.08716998902557,65535,549.8441857554484,104.82545467861584,8758.26707531535,299.59943068372024,799.2992942915886,68.0188487496533,3935.3656136357863,128.04443034102763,40,malicious
62.80976790602403,270.40805626364835,1079.3400332197111,734.6680700170074,22.49698220883636,26.25757275487001,146.17350307450553,443,8192,81.91211387113424,-1,486.4142300596784,836.3487504809946,19670.732033202006,306.87962855950934,1087.7744402299788,84.51901964902233,197.3133745092406,20.58246745004177,40,benign
101.923824676654,1014.605950412189,5363.401490162221,28389.073485356024,267.79174125844816,975.576937989677,849.7355529136292,3389,26883,186.0943823079443,65535,2049.023753912486,1482.3838622580572,4135.965676157723,109.0243153157897,808.2358265205747,33.314198804716476,891.1074383815447,97.37979634414543,32,malicious
1440.6157086315013,883.2908390757142,1914.5660667133275,15584.124090874322,282.2744535749657,360.88826906471076,487.1054600790145,8080,26883,175.51157520692797,65535,310.13850832354353,1017.4171233711854,1248.4270075863571,301.9724019734476,102.01965717648389,26.16523755596437,867.3316565513943,111.46968097226105,20,malicious
0.2867978929452321,196.86678152326607,1166.3378392018979,106.8965497999628,15.462448786997388,82.91141679070134,125.8947781570303,22,26883,46.64700939018,0,369.07890949464786,150.33484423628713,1238.5867377446777,50.452755210051365,1423.923937268236,69.77756754758188,1718.3216806051191,145.7203186262484,60,benign
497.1076355163201,803.4235538859068,3857.7393426892754,10487.207617213611,208.31220646660353,1093.657157749756,592.37369360056,22,29200,281.0444724895732,-1,3260.308434769844,823.4431859108648,4404.618384911636,117.74384392843578,1111.3612966136413,83.91160650694007,4136.730777843941,61.43213451257838,32,malicious
10.62591718873649,382.5286365797263,260.3165545337541,557.0110705162326,14.34584321813554,52.85286755152893,70.01253090018997,80,8192,97.66333715280058,-1,2316.0074442110404,397.86059376142845,6100.530297560218,36.34968641327076,1440.8782900562326,6.690975921834863,7039.241927625845,134.73344421319808,32,benign
706.8844174737409,780.1072058835969,5375.710535768587,11066.87339692105,257.85935594916805,561.118664672471,511.2901524746416,80,29200,314.72113783664577,14600,234.75714559823783,1214.0468621079124,4340.889999076446,140.05547537561532,953.6288349519848,62.74370721038309,1208.3438598073346,182.97997252466595,32,malicious
14.470030504379594,1075.6062523851915,7830.145993504892,9991.986398250867,132.64618754950538,787.2916833012415,796.478344809078,21,29200,556.2947174986687,29200,1373.9922730757528,641.1740952944543,6296.275543378386,61.39991441252282,1354.2730068241228,96.69754117941183,646.3280821190345,80.82357216621341,20,malicious
14.84957811015257,208.70267905107497,619.5948738466288,319.0514424502114,39.46435189605503,24.474809968408834,231.44668935693377,53,29200,64.93258932718076,65535,105.24499959620117,1253.0372261987231,1826.6110979261898,81.11629483228135,1449.225295093048,78.48325582113645,883.130362404435,80.07536297054324,20,benign
17.280969131819152,170.55354976766878,829.4444824349814,562.6054536566231,13.899193133356283,15.296952374530212,119.89586715559598,22,65535,83.39903297162519,-1,3109.645357896054,227.6248423203898,3081.7315250494626,206.58019689650231,1029.706121550219,6.3252306865386405,6824.087903098852,59.478211548693515,20,benign
273.6738185247701,1059.4647227206835,3470.0066461354195,27927.18462329627,279.5210823694298,444.2442918824812,321.68585449679074,8080,-1,330.5744353617805,29200,2127.010161137269,418.9075664071917,2359.9643255575843,106.45829031999592,801.8293878039095,2.638487724871652,2350.6586864945957,167.337048506862,20,malicious
1399.328923015554,856.4347538862223,2439.4903247462357,12452.208410477098,112.78966165078081,451.3165300387952,550.3352317869914,3389,65535,473.2634317821004,65535,464.21821423631957,1187.6640199135463,3684.920808309315,70.42144746881101,738.6837658024339,47.483594156307205,4178.136684192018,106.52641210298177,20,malicious
254.59658101741854,1364.1241397149934,3298.9004853955366,11118.542533921836,347.85508268338987,606.8063247626451,387.77011348243497,22,8192,500.6424134790466,14600,4.247194457919369,368.0459851354459,4185.448514025413,57.20060849772897,103.39948883396883,55.79879186614387,1139.0752652258232,192.99472530357397,20,malicious
89.94963385841785,925.8276975327285,3498.399180772003,37615.25243303712,213.94437373301832,1067.7917030149144,366.01712981077577,3389,8192,591.4135552950369,-1,3079.521342149555,771.604664782164,5785.053854778419,134.39345087133802,801.5111306093306,2.7756873174441643,419.00886589869293,96.53269269819698,32,malicious
2.8621019460637935,200.49827990343468,1076.8324969770572,1138.6059858673348,19.088020154419652,109.42351494338524,247.67300294155103,22,-1,90.43393322181483,29200,50.22135710533668,1153.8814949995337,216.55312728786998,40.216046274131656,755.9349735831834,80.29620775330906,1739.6379255743698,93.14036928832768,20,benign
256.9360941303352,866.0324594028394,6232.185440393901,46454.25766773638,328.82112627285125,965.9159538623028,498.27136567417034,22,-1,437.89863237854564,65535,4956.639306652373,248.9058061614164,7324.5583894262,167.57950763411756,239.65524260573,66.00173996407057,2573.63110500612,20.01816979362212,20,malicious
20.615255093296827,927.5644271566516,6295.54871154872,29135.03780558262,260.36500382744146,907.9714675310655,478.358051675847,80,8192,197.8000989127088,14600,606.0568889038022,282.1679873176818,10959.067347348706,184.90966447078674,1417.2754443621516,37.11839209321036,528.4098644842194,193.5618732067764,20,malicious
20.37494604293517,236.22718861128706,1171.65571777143,760.7410571939904,38.7990834496889,103.57574166179307,150.30251140134357,443,8192,80.25196156293586,-1,792.8922157596171,722.4495578390405,11594.831418359638,118.46645760484685,467.5624944196431,94.07818290857834,75.7981233391121,113.20402824174411,60,benign
53.26687838985747,375.8733460076054,344.39890444161165,596.4667184107598,48.60233980236974,89.47728195882439,255.15259607650023,22,-1,87.41225676041509,29200,1452.2811339324285,858.5650510832613,4182.13217510584,173.24448907316113,1428.594889124485,86.36165721232841,1571.592443769275,122.07263961020395,40,benign
4.752520751273894,225.40118047829193,680.9860229188229,133.19334069200482,16.22394685127645,24.346180817770765,244.77902443298106,443,8192,81.30510069072619,0,841.6817175082283,335.8188983750522,5166.3697678130875,51.294607034591266,1426.0657504026624,28.40243928060573,1441.151840377396,84.46836820940105,40,benign
28.013743543209433,315.03640533634064,1034.9506838060834,35.58745799324122,38.04666030166231,24.908920149073907,129.84264443741336,53,-1,101.7947687103549,29200,612.7339880822572,1176.0733461052903,4063.790273199801,65.59826115744255,231.6750005661592,65.38507233957876,1898.6089870436176,180.11070282940793,32,benign
11.986347380248068,245.98279220216958,631.779608675841,446.06118875432935,15.188746633300163,88.54557973435914,82.27424989434388,80,29200,33.022819994819514,0,902.1243671413506,960.4108996634124,2774.4058571572727,267.6374998617247,254.39150185951203,74.37322984218025,1912.3855766101594,84.01100309313179,32,benign
495.9771985365137,900.4916819913313,6230.627456278499,16983.792149252575,214.72567279125713,488.95896940616103,512.4362922633352,21,26883,222.98285946070956,14600,4773.5593562837175,999.735627816248,529.9217194189089,84.56990018846602,1406.6781001817828,94.9048057031476,500.24796649394096,95.92886875231892,40,malicious
176.70132425183428,1214.543914724771,5859.9262345676725,40586.28520247861,370.0904807013077,338.9387253364548,783.1028760384104,22,29200,491.13178922407405,29200,1806.2308464507291,764.2467102344332,900.5668122049243,94.46049446855781,1127.7200470846694,80.83436143202567,2311.911795918948,195.1507277101784,60,malicious
3.3508381185099956,276.74841442265495,890.138780210332,17.74241378655826,29.232191848481605,29.35234571068707,219.1932406369327,22,-1,116.15770702108728,-1,300.5383531793579,1268.6587735720423,1141.681493088707,306.88246000900784,1182.6570729985115,67.3426128231477,1362.9811143252105,195.94242500255007,20,benign
652.1762164321674,911.3172539188449,7465.845424643639,23585.26545783447,293.1624799000771,411.9790963818306,727.0207237915091,22,8192,210.47690665069769,0,1445.8812171621755,228.77617146985332,1370.081330411493,143.27134845360877,1082.304454867438,91.8584277456581,184.35543305695435,91.49896294476481,20,malicious
19.31628070795645,282.28871353679307,1386.1369757810814,277.1773946313105,29.77137828430434,39.570745250307745,50.76283239017816,22,-1,30.474760128645965,14600,890.7437797082184,699.5408696614476,7258.946276278559,206.55918038848333,476.8857222996186,52.646209513570184,891.5695927869001,166.84471205927292,60,benign
200.80786488916002,869.021192496384,4974.319836654066,13295.953195811428,187.84289314135202,216.38933311053293,716.8433296913921,21,65535,212.09936045628882,0,796.8430983183885,341.4727479048507,2461.827328717504,388.46933519233914,985.2812031232158,40.353538320737044,2173.4299549004822,185.55425699126124,40,malicious
537.2065896960121,1247.7187380493544,1794.1838626723645,82394.80514426915,244.20318590631956,1053.4582152399037,316.4713893051715,22,-1,581.7211780411731,-1,2148.6496633327733,1251.9755186729235,757.2840509142075,211.25980754481714,61.94152808862998,22.748570118831278,2293.5967092328756,199.52939048911728,32,malicious
408.6442544327083,467.21153657957524,2089.936869213824,75523.89338467544,90.45306406146341,1147.4149798185845,540.4494658802894,80,-1,355.36931537930207,65535,2149.3461862245877,1298.582504020794,5305.529066116722,169.5124250202448,431.104359550318,20.22517096836013,2033.6299390772324,121.15910641721719,20,malicious
173.97839908838887,704.2585087013135,2573.745626939835,36287.61282115688,309.99354673431753,669.1758528757666,879.8528423495325,80,65535,541.7786679724609,0,3619.6115257242172,252.72949739366743,1893.275525925969,179.50586146626267,633.5599191132541,71.75250952108047,1560.6811216342285,27.685763880255458,40,malicious
2.54256888496257,800.913936426339,7398.841900316455,8245.102780845951,170.99666505827983,982.2009169250608,547.2611169885573,22,8192,135.7305210884592,0,591.2210935869534,559.6194663590923,5250.01236038187,234.0852198981684,730.0824088396911,57.773321567961865,1129.7549917567874,58.93918204430248,32,malicious
30.565012550399917,242.21018577990782,883.3622122552202,279.2715687838852,38.76030215452661,100.67505577409499,241.98370103984874,80,65535,72.20690458142309,-1,1322.2865418202564,557.038029738783,462.7200483012773,287.2128620958403,132.70877611042425,84.50234026699955,2449.8857707422726,83.99016054489934,32,benign
363.2687480659857,714.3737479505263,6550.4485009754335,52038.743116098965,392.7151288556093,946.13286717426,324.5167673673561,8080,29200,105.27680000489732,14600,2777.0366410464835,511.8630299448123,76.5409636911864,271.03607030334365,186.22954398599813,71.55688738999696,359.198762421155,57.29165949132407,32,malicious
4.0512691054862815,270.72833535210475,1220.1740150986902,36.96187590286945,23.1672637667049,15.405731344191812,141.9774422584028,22,65535,95.67038587172976,29200,3123.2202709998223,825.2276436856516,15999.932887188168,269.1824655040346,748.8085488948454,37.59457516549828,3472.9037411389663,101.99469762267302,20,benign
18.09126412795804,283.53500709880666,208.80281706576727,124.09196294212649,8.072194956141807,88.05042197161191,162.77862993568144,53,26883,99.42694578249682,65535,211.02835331725905,777.8120368831252,645.4381915035734,144.33977222527815,850.1534478059546,72.51373542246913,1461.7951496854766,43.88496691314039,20,benign
4.318112433230931,195.15449866575597,1090.3307823245034,38.46220584549079,46.47351751819217,34.144574967513165,105.43517575937287,53,8192,48.95483788844177,-1,1457.9591246813047,1397.090574487303,47.1698982319736,393.28800745120174,88.24852469884314,65.36392487831286,194.44470746530925,150.90466159212093,32,benign
151.73361259550268,1161.5322471276913,7881.984942714664,22554.969198127033,297.0495425204758,1092.1167537446595,708.6189620094568,80,8192,135.62636024186506,65535,7861.5345477796245,450.81345189008385,11235.063971312924,140.90702260058657,1376.148765770418,83.92321591062955,3331.740775129524,160.6446609220115,20,malicious
33.149998830959774,254.70736502596932,332.8163182456228,387.87128484238076,5.39759535325892,33.41118834227602,51.346210477129766,80,8192,105.45711206252321,65535,98.99564635837102,1413.7094477183268,7898.917537018367,190.78362390789155,283.0076182484213,71.44720156576399,2271.76372810178,74.84501497608868,32,benign
871.2575648637606,959.970239252246,7607.681140783986,3660.505689008847,253.11693841181744,958.2857239097006,609.6595930024309,8080,-1,238.09138202555877,-1,552.1386056671918,525.0467456529916,864.2921811214887,40.10293471700687,615.3404494871817,3.363019233360498,271.27854460812995,191.28550435821361,20,malicious
6.828825043517889,297.9901753304699,1005.0089842545592,401.02374348090257,14.397066300787037,41.188431423498685,109.40695093555512,22,26883,134.84586970676173,65535,520.0470199752658,648.3049017221983,1723.495616614975,393.54417490441466,265.03474196562786,58.98326138979656,622.8532348138076,149.88153062651986,60,benign
6.407204449342516,268.1350840373613,542.942202140636,1233.9140928942452,32.7486093078257,104.97743598132617,185.28960766476482,80,29200,94.58413646032614,0,3144.6172983232996,601.0618238904019,13396.224467751012,252.4602502217278,1343.4719475841166,85.06190626179765,300.5062503483285,23.298458919603082,32,benign
556.0997954768204,1176.1913523430364,5046.8287352706775,22186.173448289148,213.36010001430182,508.2866944679182,839.894336519142,22,-1,226.06320901023264,65535,3401.3196845751177,1040.066957835758,7599.972317004792,166.8202401402904,1408.578586521717,64.997547859216,1192.3313850479417,27.453971875372105,32,malicious
194.6059300920418,864.692789165684,2297.2331082067876,18825.41421717477,309.0543062733942,777.3199991496363,692.5473041067179,22,-1,506.15658510363266,65535,1257.5319401713698,539.553358710674,16195.558530851224,331.2288319846395,541.5431478723037,64.17295060581306,1328.3348622061246,174.80600788544896,20,malicious
7.457948287552886,260.88162092059935,461.7557656756316,840.3852502999804,19.115177565131013,72.5293549945329,233.12493187766924,443,65535,113.40850441607745,14600,431.5282843105769,807.6166629748615,10106.886618289074,40.3056753765064,738.0270343017075,52.98388398929771,8888.853376728688,195.69129293588057,32,benign
22.727421585442514,226.98866780691827,1340.3327084883615,132.83858259799368,31.8526205160387,112.14656892069695,74.43200952858437,443,-1,81.47113886473397,14600,1372.7664710612435,162.3528358829961,942.29092365195,336.55473979352126,52.43970440002009,21.12270904121769,2439.743108429005,162.57369467642192,20,benign
200.82448526177848,1068.7410182751312,1881.6440617944681,187887.57741205208,139.05339865820844,1182.447920828614,897.1090659264415,8080,8192,420.9739362037193,-1,2105.371787569466,1136.0022335044603,5325.504319817443,105.34349169535975,439.56567269340826,60.264263558830045,448.953364703099,174.22909775897023,20,malicious
505.6222132078407,1256.7096632472887,4330.65422822308,11167.877410188075,104.08363121906106,1171.4371406588043,642.6291276927057,80,8192,254.55230371363032,14600,670.0414349272176,629.0961706031155,16032.90859101709,315.19421126488317,338.71175482671146,87.32586156761842,2106.4074602217765,47.615759562671954,20,malicious
40.07309996824651,247.54238263747226,1196.5330315573628,569.9976045319763,19.06823863991351,21.441143147641075,165.07906479640917,53,-1,25.877146923116392,65535,228.7039353328726,1053.4713598331527,1009.591371916172,179.37357183011298,450.6201585304101,70.1161102743134,166.60212828574646,186.69739314363636,60,benign
24.785661270547195,238.63278235192212,252.1287153503091,162.05274040453875,28.8363674645192,68.27715822059179,218.57103847012985,443,-1,59.88386853499985,14600,1306.048710472235,1152.2104582833006,590.3336588998768,326.5009368564152,323.8954570488388,36.37995886014937,4035.3368667413383,197.55860374635202,20,benign
9.314612837850602,256.9125822825677,907.2229420003005,481.0790816745951,12.329063340798504,102.79296411668847,89.60144001944074,53,8192,130.49442347001008,-1,1019.4801787132955,1002.3812584869378,4255.393206392858,50.477857214105704,550.4888144706815,83.46258467214544,977.1539938335117,125.06044548941935,60,benign
14.783681267288687,315.0502362873841,558.1381203977004,1263.53717432067,18.860628069440047,11.489356085258102,181.31686866511637,443,65535,36.87994731728723,29200,5090.188988410739,1218.6970921180525,16060.226006655084,139.05468879847857,366.3958543822052,75.7837173569794,723.3316183847965,171.25355855315524,32,benign
383.9050630353869,958.2826309811165,6856.99684741249,16964.865652133925,86.65330920687,730.8061214783621,310.75095983765357,21,8192,326.923453205374,-1,1351.1451011197871,1368.7570519663025,4122.81346634778,208.82863737229863,1406.2937943981397,20.932269002448677,4140.592643101556,130.42900581569495,60,malicious
40.15372786653626,1116.8151806225244,2060.630215610119,2488.883006386859,102.48309056159133,1136.571129617251,430.2180869078354,80,65535,354.8128203433509,-1,1598.4820173533121,528.9737741506611,2871.6616609496054,197.64146532551635,524.5737323519726,94.59061747653301,1216.6818805115677,52.11523977087701,20,malicious
70.2784632189709,220.3082028935226,883.0425456558428,192.51849436358668,8.08774484023995,96.58753913170031,99.00308473032425,22,-1,123.52915590930654,-1,1068.1743655786827,581.7797384988944,2210.0979102630426,151.48185494616388,1451.8834538973667,86.2184003284028,329.42974809564436,186.73994746009973,20,benign
1812.921974550357,889.9889972044908,7436.252235313658,8491.99156064681,267.22790038238645,685.3470891305802,870.6726548727728,80,26883,572.4767223133979,29200,4637.847654276161,780.2146840382824,10044.1016767701,137.79982502301607,1475.9888530933742,9.682914620172145,674.4998090070292,194.34760431102862,32,malicious
161.97428255935208,1087.7647354040569,5211.250089694207,26660.93158616314,149.73791463626597,601.5915246106974,850.9066803589943,3389,65535,218.40897967617963,0,434.7840771446886,1131.8468995191515,3038.3936152964066,155.5093110759024,874.0247641996397,9.500566117694209,747.6756288878353,87.75207580283947,20,malicious
23.60851047599605,587.9639244781615,4887.040005695699,5636.403299371429,160.26983279726272,1121.092366593023,320.2249642318725,22,26883,120.6193253364243,0,108.06822695864813,1267.3650412405627,1386.6068554982949,69.11591993575455,194.81661706369607,95.07946557424727,3877.4740664839187,100.94095251997618,60,malicious
25.512659977226953,282.37893742254363,1368.5055287746193,311.0224092425683,23.405854714942024,111.29292673544641,129.5739244839534,443,29200,83.12631431925632,-1,1288.0358804476914,731.1313331398987,2837.196100965717,246.72865097919424,1283.6533343590393,17.35677854324952,2788.230468218213,159.39609018567356,60,benign
8.687542399710363,199.70913347866173,299.81934738931045,244.8872520028036,49.25972506970299,12.1633656703456,108.6795673780191,22,29200,20.425467160815874,0,5688.124348558395,1234.9179934124802,2199.974628621594,51.86495647381306,1349.4717759013347,96.99594422521433,83.05278559557351,29.2949982357712,20,benign
64.85324434408462,619.4317188143802,6598.6161132985535,3862.1032352022753,143.35147049793636,1026.5468730741302,653.4293550480719,8080,-1,232.22179234370185,65535,1128.620112875396,1094.5579535737334,2657.1200060434403,324.32512920355043,771.2328411440192,36.82502423309085,2044.5242179104328,154.65636535246762,40,malicious
395.4324067277028,813.5130291914353,1542.9232187174928,2209.212158320826,160.62657509124745,596.7970489406018,930.0261064010846,3389,8192,325.7103091051116,29200,1159.9151245718538,361.32448021274,635.4328095834306,287.2107532520891,587.676075703732,3.5769545631553545,1112.6176838190033,86.2443525155345,60,malicious
3.8637085120630794,287.1411095225173,999.1469668220182,313.4237444506693,37.77263034486305,44.73305066881481,219.99937531312005,443,26883,37.90349620284999,14600,4139.699824058195,1243.8307056264698,4067.417558516077,137.78226197973248,462.7703766867548,24.35904023864426,266.8734875174563,174.1905247400603,20,benign
17.48876973117342,278.5352610458042,506.4558625975171,190.7221353488824,14.498833433689505,107.34013918846892,72.84606309213558,22,26883,27.571350897344626,14600,4530.05160766368,1007.4959583079473,3947.2073029492526,64.64617812742529,1203.0285961806483,66.99110534526346,3501.0813726895894,78.8496496329054,40,benign
2098.506534919409,1114.5400149446311,3346.790234622247,17323.598934620637,252.71447140382293,500.42566981762195,899.7290870136549,21,29200,260.53826168256325,14600,407.4361204054927,1239.6766813507209,7790.355110496897,300.4748636378167,1189.4722221268714,89.00935331144659,4854.387977577712,126.51227155243946,60,malicious
109.67959608968434,350.57533953316477,573.9409476336282,924.0079395894204,7.060031543211744,104.3287520982223,58.29852307025003,22,26883,47.74426214173866,0,2649.927710696423,159.95122526720417,11.251775923186802,383.3340823676838,671.9970544869198,52.964039778306706,3884.5262497490125,180.13024440149263,32,benign
65.08385078132325,222.0611014477042,579.9661095127892,323.8705045478884,41.80321504083572,49.40757282015119,128.83949734692249,443,65535,117.66746973203689,0,3375.8832526480046,474.0922111942678,161.56604260425163,280.2043141370225,892.4624499677419,92.50929824334938,546.5784780397269,51.386357844512304,40,benign
35.052258233488665,277.7318024537115,1265.3496287774587,17.479490104358444,22.44569452947979,41.014848714072215,178.38598960022213,443,26883,108.3851381904372,14600,208.5495470876421,1316.5070525068004,6900.567690707009,83.11486745628329,815.7876974826385,93.57490341139463,1213.8978616728075,183.3308837144578,20,benign
150.24359470189512,1090.035068069906,5457.583431281185,9081.849292647415,290.99470517638053,622.7256606610474,472.6042902288799,3389,8192,522.050389491179,65535,3748.5058493717465,654.4302789403322,2245.4624129216145,97.23617528260434,382.6718637608781,39.26017157101419,2219.909262615726,123.5155475238744,32,malicious
3.3491973043079915,290.49119598889257,1481.993431249584,637.2004296699589,34.27914551207196,18.455496451814607,91.81421588880514,53,8192,50.81132073441563,65535,767.2349443550751,1466.0356541842511,459.94214056670694,200.85490212906208,721.681298530564,28.928520294117412,554.7663452974068,190.98724711440258,32,benign
286.7069988677241,687.4387203418243,5482.560007428578,13552.40921801347,361.5654968861993,718.9491572602487,990.7314612033219,3389,-1,328.67622563768737,65535,396.15349952475754,968.3743611745281,6426.885833741746,290.4646474899413,628.0204227068256,3.1827075667724802,66.62002930958249,98.76763929324619,20,malicious
2203.7903560360805,551.8882073397026,1574.4778247500872,7166.230439470713,329.84773051963435,511.72639035381934,410.6260119528439,22,8192,178.57769543709946,-1,5697.618020511957,430.4637294294701,10434.313341638706,181.43499697002736,78.82284742042083,50.13153602388739,625.3772176553427,69.14861849823558,20,malicious
27.0068949605186,272.7282547127496,775.1138603604854,1545.942785404076,19.447522562954735,10.31811767461422,118.71384295238347,22,8192,72.15338303817265,14600,1213.0153029130256,173.22634533879233,3439.4861773782904,329.85925697944276,693.5998385638889,61.34129608552765,3585.367734333733,73.78328265429793,40,benign
254.94790020136827,1236.681395898535,1756.4333010339287,339.88204205491496,90.4516039704622,927.7587236118713,865.7331707840143,22,8192,356.2637026618205,65535,3236.9063147157926,1196.5647607274498,2424.6033596056395,42.73927122871983,1059.3773917871922,6.128276518839515,2755.363834854301,29.252344036551925,32,malicious
28.621117783127822,246.2897514493066,1377.7125085116554,329.3962803966263,14.141673838198562,16.411710372361394,216.4055913518552,80,65535,58.5278193844145,14600,587.1724959454491,930.8028352335837,808.1217273829425,247.2622289678335,1013.6443421717001,55.21032526695227,607.2919147805065,127.8471315963543,40,benign
764.4546379648629,847.1573189877014,7739.292192398496,7385.824718370911,267.3326170535861,1179.2067776804483,626.5956817587066,22,8192,151.8787361626712,29200,2513.313559404262,98.77185781563864,794.4660785983672,399.3260685181926,352.30604316878697,87.54996645650601,709.8920823241891,183.53813755814008,60,malicious
10.624276446937484,217.6957583471863,211.83295006609586,20.12248084021057,23.012276624019346,105.79301780109833,237.61005158657545,22,65535,77.79667226754354,65535,474.54756722250636,321.1075014830626,5434.346579177824,153.46057870825913,557.7105422125231,94.08415477458821,1867.8087532391498,179.42355491973075,60,benign
531.48214510418,1161.0840352389064,4055.0590493369186,54624.432643911925,222.73904759476025,724.3111430067411,868.1268839512533,80,29200,266.4856683490974,29200,3643.5365106786803,302.5255673925292,2047.5281394442502,166.13743993154074,559.6293503204079,76.22663916385463,3000.74090581944,91.13509296654338,60,malicious
234.26394889846623,1050.4444531131624,5089.984889426357,30522.008461173155,309.9764416889401,313.64521319562607,428.0943417519351,22,26883,263.0141445771877,-1,45.335457033477084,1436.9132860682846,12574.629727529975,23.357592410123015,196.22948244388803,51.47637114224541,4237.001063886671,174.24476443790934,40,malicious
103.91724376336697,258.70391394051813,528.9670926150427,714.8920723187955,27.19563092495804,89.4648707919276,239.5644163354963,53,65535,70.42861282486862,14600,2183.615134481118,1384.9033376355067,291.6609909245653,352.78397204808226,1475.4136561165003,19.667650281071303,1513.3231085959796,98.55598508872026,60,benign
23.803460213303733,314.65693156751854,1102.5319543355834,778.1118777366829,7.118184413134419,87.0207832215746,161.16629071959866,53,8192,132.04516466358137,-1,885.7372474477484,148.16744402955112,290.8246820839469,92.61274859262254,1223.726133064723,48.693112289773545,7567.911895124513,136.97667525318792,20,benign
6.237762717101914,274.5931797993468,1047.2562755553204,868.7298633248187,49.973989272661825,112.65041371727628,98.93068360935709,80,29200,105.74730490831435,65535,218.52256526201927,1135.2401046133161,19387.301328281315,227.33630216466506,836.592184593378,25.493362313725264,1312.6057017194425,86.0077571432337,20,benign
270.73395180596435,852.7473305057919,5727.642272639435,48467.7462497787,345.11396458022654,578.1577473473689,962.2078146544552,8080,-1,180.52328950981064,14600,228.72979117648367,980.4766606822596,15393.868755783906,254.38497542438805,884.3935443939994,45.98717770818108,271.9944920374042,76.86178067596778,60,malicious
10.311569798332297,286.0681202900859,557.2663140057333,10.823851427555093,36.48030469386802,44.66878172875482,65.99768236498164,443,-1,134.30560019649738,-1,1793.7630470589709,722.0430727539215,978.05945662964,135.07839289372833,886.1815560765151,7.401722589579984,1369.0739876968573,152.08846843641973,60,benign
19.417959208592425,204.70747120378212,225.93080194335846,175.25953425130626,15.58026782782418,72.80220674409621,103.92018909960115,80,-1,122.12866682628507,0,502.0247651981865,1192.3382591268698,9886.414630547191,260.3645601092941,345.174864828702,66.65725065669483,678.7791087490406,188.12910935605763,40,benign
26.793423432786398,197.91583643383274,1436.9546774820114,10.458624723713129,14.218636394266836,15.508966941288605,233.805603122683,443,8192,139.59229127649803,14600,310.1150785621615,687.6117622960588,10664.928904076842,103.9405595914196,95.88838007125935,9.826997490859457,281.26832785849984,93.20080169736515,60,benign
8.605142504089285,293.00878029526234,209.22030210881172,734.3070149734993,6.003413099727257,10.130995682253616,77.16265309288029,22,8192,36.900433441169966,65535,599.9299523743778,1364.0431541235791,12915.559071053181,168.80209988114697,954.992527798577,91.62832454194746,1231.5234820358714,196.39358605770167,20,benign
46.26523987992779,160.83277245963353,1152.3659480529923,1832.7590042559132,11.029448706494394,15.49469967949399,92.1894027272772,80,8192,117.92685982124846,29200,2454.563363631122,105.29747848750978,835.3705736231051,164.69720626672165,609.8085437502624,58.8427174002337,571.6372275388127,108.2610987623214,20,benign
14.865046429187526,164.46370439906906,1108.2136863687624,493.8914505134664,39.74417171215959,39.63740845175036,223.11775929069626,443,8192,24.643595561855584,14600,3425.7800253666924,1220.265946173081,251.90653235175998,301.87283146091926,1082.8162115496784,83.9280943867164,1061.6405854910888,97.18705118635752,20,benign
33.45126248261821,285.82219478497495,1180.4732654819597,272.1051594641476,37.22706080030137,24.063522326550586,184.0652733492842,22,8192,122.82864158374042,14600,7354.872443279729,210.78788411007076,455.20046583900574,35.94176622336061,965.6581502032573,57.143224688469644,2072.3965275649116,148.72861976538252,60,benign
441.11138270322306,956.0754834737381,7930.870397530343,65459.134275023804,396.21803542740304,449.2707861551482,735.5615677336702,80,65535,161.33743708412453,0,1300.6365398271162,1362.9440082298272,12109.08820172269,154.8494524047374,129.1731324306137,97.49023487295374,1996.5879991907764,196.8912933839268,20,malicious
558.9698007895812,1074.1951802284516,5902.505273700853,31800.453792857046,96.92622639591328,497.3129225563793,894.6946309775443,21,-1,341.3278940002791,14600,1114.020827054706,631.9611710015315,7952.7965128499245,227.28868576328222,532.5203590943709,74.87155480430697,3032.650804775796,188.495601983822,20,malicious
305.805027314246,962.0540043468457,3516.388713075515,14458.17525505308,87.82299517872758,307.33531735528436,577.2613516999043,22,8192,312.1847441263142,29200,1691.1405169691373,821.9002420534146,2377.3195350168467,132.41475731370795,910.7995968391485,29.18272736259836,1850.4587743306406,86.63472717910102,40,malicious
997.5866019333306,847.1966844642965,6820.029639545716,26555.553852956422,219.61040312991145,396.44358155392797,622.8119951150993,22,8192,396.2447123925706,14600,1331.8667917374407,251.5816108197267,9904.847298107296,105.70919622580927,1120.5707095201356,34.51131744920605,4989.444616151356,194.59813236119348,40,malicious
17.61052241013346,1150.751967266614,5798.3257525270155,45449.66176982718,365.5401006757142,836.9248584585116,647.6334218355739,22,-1,587.9217698988825,0,1077.140640962452,838.9352491676478,12124.958498813614,254.29788930297278,1478.9902438915387,53.77859600564793,1395.4643008280495,106.83469640184224,40,malicious
21.230308615970248,242.44556577021555,1439.4698532759069,37.68394552015541,35.877961488791634,35.71414206592026,159.50146412302348,443,29200,66.07144204375193,-1,4457.8614043391535,1300.6889602140511,3614.9359722334902,292.58492036035796,1332.3874486113946,74.75379427067416,423.6528744176703,101.45698695740987,60,benign
9.955416008120498,314.4841669561876,921.3307623885011,1051.7781149568873,27.993520520880416,105.93291161937513,193.91499199231657,443,-1,40.182914509083105,14600,618.1472373408639,837.2584990335544,1188.7153677027786,301.5889871681725,736.0928439431639,8.490216839749653,169.00990774024228,74.70724772759431,40,benign
16.81819928312856,266.44382005140704,764.2658467056798,973.2677237078673,18.710904075684397,32.855900531111544,172.2705298756701,22,65535,62.84021502806113,0,2317.2301248985495,625.2376588562347,16021.999246595975,338.62316298938174,1081.0315238086569,49.66281907079087,2579.6318203584406,117.86773732530827,20,benign
15.784376279756177,383.4610454364297,1092.002257499628,432.3494466455826,28.162732889819754,42.684164045158305,147.43349564014352,443,65535,47.86323904567376,65535,6393.82514507609,596.3892270902456,739.9219416555629,369.9335362992236,957.0166483851654,43.75970973681239,508.51466374992185,27.271699711463842,20,benign
22.897343127638397,881.301556149569,6327.493453241935,62274.964890679665,303.0806126398723,370.7955715425212,406.3769282165385,8080,26883,225.37279502782667,-1,1854.1258641165964,408.3533541643438,6952.396034530668,67.33985694371256,168.0169598901174,87.55240099358366,608.432080028047,57.86946079391083,60,malicious
57.44559567463502,894.6756088592049,6077.984504933342,35385.74532519589,142.69132852277488,627.667822998999,315.0234266845998,21,-1,124.42829682218701,-1,255.95728901618443,1203.7991957417835,6154.971273371805,27.418950622863832,1318.377452670169,63.89353877970407,164.10810586782736,133.00359330026467,60,malicious
522.3906916914099,1120.462619872615,5970.841785514241,10766.893894081173,136.84666839828463,924.9028698090735,614.5817872442501,3389,-1,519.577541742907,65535,2006.0145683812439,604.2867999204946,134.46959681762752,75.60140284657477,55.340001676157314,61.47411825659385,1783.6698249384483,50.247240816380724,32,malicious
2427.581049007019,590.4102227849896,1585.4810787770548,16726.249523588926,172.21898761902526,275.3152620695852,451.94633272487965,8080,-1,550.7652628287283,0,4164.298066617278,651.38511212544,5013.940377564927,134.81462972526532,520.1344867193163,77.64857127851934,7614.369332737128,45.45811889329802,60,malicious
12.304423133322071,192.03522237914572,965.9931428895569,191.7171457692079,40.28472910335281,79.45219396731603,175.6449153722004,53,8192,21.418623379175433,29200,4746.5490023965185,928.8470934953227,7596.919185444068,318.292952429563,688.5134249470331,9.508105281102608,1301.2857629869939,85.5897734132114,20,benign
27.13576986506933,293.42489979101344,253.0041771705384,485.3036873237512,9.411260384863642,66.32882388633283,194.07565677961745,80,26883,132.2333431861178,65535,1582.2614160266182,1236.4142867795797,1082.4081228283774,370.38970406661207,264.17152399983286,2.253702015972847,92.16056276659347,93.70063582161846,40,benign
4.109166504833665,321.81231724443035,1282.8375663538898,1331.881933567848,49.214796340470194,53.223063738913446,207.99687298631028,443,29200,110.2655343537945,65535,260.6701732207934,1195.3571516459508,5252.685526410263,44.563669289442196,1272.1262295172482,99.34939685260761,1648.5810065236753,166.11223183606327,20,benign
20.513304633764008,959.7310141936391,6286.852993279885,955.1021498824421,174.840580593092,317.5454704671954,444.8210537945839,3389,-1,251.5739860444551,14600,395.3969134487162,588.1793487951081,538.8629300862166,49.26443049429734,755.0061528033812,18.012376508306016,2195.3951122505696,141.86308467653387,32,malicious
1.3205720180454192,167.5078182045346,137.39256084272742,456.89233034827294,49.905975038330546,79.13552940010791,257.5326233676017,53,26883,49.36080355988925,14600,1566.3783571745535,1102.3617795947764,6200.13836421195,24.222665407311716,1421.1780721527005,44.60923760882537,549.2242592981144,181.1286928479656,60,benign
1.165546060635388,248.37486537417996,191.85122740803394,122.22271630271827,25.370958937007366,59.71683727351674,87.75347203178205,443,-1,103.57093103742156,29200,5143.937720016366,1353.0537386793121,19701.596417848432,219.98080362664177,715.8989587491744,51.522525929727145,228.50594966057903,109.13366565423476,20,benign
14.768245254032072,1045.0755685937875,7411.460604985379,35221.74715102187,112.02822388142444,270.38534020370366,961.2945051135323,3389,8192,596.4771700491607,0,3426.7385298744666,1485.647997637723,6994.865925411693,126.93757788100183,1167.126197768728,82.8036561084107,1065.2777939884395,108.62554672953743,40,malicious
3.480417633784331,218.59152213461806,581.264598240354,710.9875291451558,29.21851479414716,108.60998998863754,232.73140589778876,53,-1,48.14206740499691,0,1206.7031966196603,892.7642040453212,1147.6626094091516,257.19759222352025,856.1684862538998,43.30484284814718,1603.8998044342525,132.6884210148839,20,benign
171.18137517736807,904.3996298729609,7824.705489223177,20404.115589486017,127.20286770598395,223.94531784720354,728.1135665089773,8080,26883,470.95533821099497,-1,1285.517165358927,737.9694870757814,4603.763753103952,285.4717080043519,1049.0713605292426,67.51141997363654,1329.1690383843154,120.84945765523216,40,malicious
224.20405638081132,1136.5265727476894,2007.0048162863159,9695.757812235895,222.80074145168427,425.95484995099514,863.8462628422868,22,8192,578.0952601045717,0,172.23575088140066,284.08691257332623,3979.109379335727,138.3870679204681,1404.8437235419922,5.744995999706659,191.7651377968723,29.251844474146147,32,malicious
25.00699167606865,263.8157022471377,926.2512534140892,575.3708658721885,23.931351285691107,31.343256783191386,105.07985935474663,53,29200,30.37392254880587,-1,5953.335861127401,1464.2118583161514,626.707164784214,358.67872337222195,88.32765383927992,6.337369630889955,2310.2606711452913,127.55037654828124,20,benign
4.091828358528133,227.77312743946808,1063.7119804080348,8.877046563217931,22.930407787773195,103.70005603737266,83.84964389789428,22,29200,96.70074037277449,-1,2696.2986086504284,346.3208837459601,4569.291793004431,387.8075448899367,715.0203129449942,45.91474700838538,955.1051911775947,195.44339429464117,40,benign
43.301364525299036,230.01539739652986,697.7089343553959,455.6018143566257,39.03945154224873,57.16203106661434,102.6023345824708,443,65535,47.281054804975824,65535,901.2099777364011,130.9063435605341,4015.321077539688,200.3547011202117,772.0731766296544,95.00616749851541,6533.147305406816,63.14607108566748,40,benign
3.6728303206780133,143.43667373521504,1201.2883893021733,106.13890109412465,14.46926185099565,19.874188372382548,66.54163464847177,80,8192,47.585907570921144,0,303.9618640294567,1126.342659009363,612.7693236054778,354.5049667285101,1115.9620781922408,94.34942233201092,8937.147383020589,199.91957159562762,60,benign
168.12809348422073,1088.4035935404263,6223.675066470821,29157.481069907983,192.01030635547693,1032.7446777987789,707.2062798823946,8080,8192,224.65007524927057,14600,760.3641834332475,1176.4112515105878,1821.1864524197863,136.09696376483603,64.59650889846654,59.90076278656997,2040.0542623633662,126.2695915898,60,malicious
14.700250091594974,230.33661845896026,306.59735651278095,107.62659868957967,33.70249086411667,25.567151480842654,174.2435502735402,22,26883,142.23884167809194,29200,5303.731159320584,1420.5877678465586,8831.812348483927,153.11829306533247,538.5652773241148,22.22372946055198,1790.1141759802638,23.113547713171307,60,benign
107.26807950046732,642.7008023332637,3538.4087321446386,100991.52813196623,105.6579822233116,892.5462966483016,781.5225203704629,8080,-1,430.20892832873045,0,902.2273801196474,1430.1354471892666,7633.078236904308,64.1981810611494,1138.613132796173,73.00761479536315,1694.031900716525,135.1366886968508,40,malicious
96.05862300082774,764.4097114497896,3875.827801806958,28844.012820989505,104.11995288649948,513.8202300520924,301.792619050233,80,26883,478.22616077059024,0,2170.3048011723968,1185.8441976302654,214.4033170007365,189.7202895224723,618.5857509286619,19.745576951533195,1382.8297972193252,20.099654018714215,60,malicious
509.2824209550655,853.0314815966882,3776.4133457704884,12581.657149515853,320.49193939760227,403.1322443495982,315.8460964086715,80,8192,200.06651884052192,-1,5552.034117513719,785.1737324726274,3077.490409785171,94.82693462730282,710.6128427568478,61.785176879462824,7972.863819540573,95.82401748968675,60,malicious
9.28975430481425,226.01892631870922,770.0394492934115,610.0765036480544,8.492097831096924,30.7122410097769,145.38150397182343,22,-1,56.731984801152194,0,2323.4555479311084,575.2971853979045,15419.51749996716,61.75831235725673,189.15672208747245,32.83876563502357,1882.7608687905501,197.00444742880686,32,benign
590.1303178972959,825.9099107670363,4821.699243856707,32817.22726836565,197.87675472603257,634.214561321766,867.2857697416648,80,29200,120.30403013475457,0,3247.3550530356624,67.2157927826735,6878.485661475822,60.49592110498675,152.48650111615402,19.626683149652635,6005.072224487626,131.31249154721837,60,malicious
11.315315607258006,287.64022332162847,1376.1966054591542,223.1301239618848,5.682103113472462,35.10408663263637,108.09896877685605,22,8192,139.1523813015284,0,1623.2209176825138,653.9942604116836,660.7035760405857,328.2592306889251,445.5955468514447,15.838657236180332,1132.999592069335,136.568003578132,32,benign
0.713788365297327,210.47083594975575,620.7331338594745,227.8188491741663,41.13323414781695,37.18471397434178,119.79720248479157,443,-1,81.84305028731808,-1,730.9711904467774,1030.006491082074,10688.584166642016,357.9501267025798,126.1621610223968,20.68572712210669,4940.185451939159,67.36449085031937,20,benign
233.46598314162907,1002.2492384753725,2157.18364657887,6420.451406493685,273.7856366527864,943.7835311011875,509.50030268289447,80,65535,332.20159985123996,65535,1933.1202357496309,1239.9890424278703,475.1948263658952,384.319483696172,1108.044143889958,49.704925303776626,5498.6669865215845,54.21739512390737,20,malicious
150.83597214202692,1128.392062567149,3880.530470094908,30647.98882921404,119.04777099800377,1197.0735612515036,344.44263290938983,3389,29200,140.2459133893489,29200,1983.8938886602446,679.1005592906631,3010.9332328194905,131.32135334614372,1428.4351061295083,3.736928186750943,6625.305495635807,157.97509243475312,32,malicious
26.65742485220919,214.79590900748312,584.6553060494173,566.5533849721728,47.350618415720106,100.64706488848611,92.48280831936117,53,26883,105.59659909424728,0,3329.7870698042025,1352.9455508962048,7700.987793111699,351.4663079026093,883.6360910738844,21.76325709434166,2700.1961443652513,23.538825857926643,32,benign
301.6569108671808,636.5890817816571,6168.734956525477,48103.97047353858,184.30526789560764,608.6317701623348,754.6464509945545,80,65535,498.7070066291819,0,231.86362476635315,218.34809512456656,2608.728799476913,201.65022861651966,502.65865308927175,86.04111433749965,1057.2734994752186,153.53629128552944,40,malicious
252.6865808836937,819.8058146552424,5637.075634047475,31744.324566262378,301.459119209621,862.3070559060582,646.7802539558073,8080,8192,407.77845858678495,0,2184.2949921397976,336.242961696648,3237.4488082563944,334.0705837853017,191.74470341791698,62.95634130459883,1688.5122793944217,83.80991508035385,40,malicious
111.31308494117609,1176.1624318085499,6525.0338008227345,12235.428522255546,146.87350293960054,669.4675849402083,606.92820912819,22,8192,331.84216122404575,14600,694.1531877065464,154.60241072154656,6231.150353045677,271.87849873453615,1170.8637561283092,88.26695524644941,2191.2883398567296,196.47009540936577,40,malicious
16.42390452421018,225.61608759695264,1217.9245224518788,99.09965608196264,22.312050347152592,32.56743353547468,125.6759073802673,22,29200,143.80815930453696,0,126.87307829344685,1120.4781203446719,951.7890130951786,273.40323643193517,698.8710524452625,68.2306413181577,526.6227960622247,103.5283431379715,40,benign
134.9917704371652,936.166831556894,7825.677553932607,2073.9639511146993,206.5973009133237,259.41512082019005,318.4236469722755,3389,26883,147.6234871228491,29200,493.3708209406971,216.7015426263027,7363.69233355621,186.32666527146156,88.09002736997132,75.72552799072002,603.3084805087178,64.2890361887727,40,malicious
8.216382006200693,281.25664964291536,1302.4815066339324,739.9160775823669,47.80220816788489,72.31645035358181,124.57134205487934,443,8192,28.741784590942515,14600,487.0975191769577,1087.908011074008,3657.071134449269,24.204061858744865,548.4782197386907,56.735938955039714,490.97006009311053,52.20600922987298,60,benign
5.4852896283803085,278.92677009474414,790.7337122104497,529.0940445779153,20.23427938731615,63.22206123937529,101.14007620953754,80,-1,52.75090575876272,14600,7431.8013730481625,1216.4306113141079,2222.03585735896,356.804106376698,231.59636663507018,43.144387012352745,1155.2057693784077,178.7165853729406,40,benign
6.2199971390304025,244.74628028826942,139.8705905143536,23.216513372575758,48.80664955069149,61.76324318392527,262.79515544075105,22,8192,94.90569949188917,0,1568.9010651149258,1490.0914869295316,463.1507516110266,120.85626047905215,1421.9526047585803,40.86530793456215,4202.599641554762,105.7192376291622,60,benign
1096.1167114492025,1027.324774657255,6488.541595641943,311.2559421577108,327.57804943984655,377.8496629372622,590.2494476917293,22,8192,515.5933481649993,14600,8012.283779408928,1397.4043856427857,3329.428926758632,195.61654850576733,1280.1818284621195,83.50264904528913,1111.2651121579806,151.68305167211233,40,malicious
34.20060750538227,270.8345673990672,251.74427961938386,1418.2391482296027,10.037470885091313,88.65646245792253,76.0489499305458,53,29200,103.94726417386119,29200,404.6503293428869,1015.7809582945712,22485.952554667398,393.3807842018642,711.7631483198031,64.92338003872588,303.1203077105685,175.59267815814354,40,benign
112.06837861866761,1161.3401979987812,5991.774483796132,14390.135956258124,288.2660169590792,269.44009832966833,777.6186085222388,8080,26883,442.8887474511568,65535,1402.7675060572649,131.4115595877236,2510.7267580147927,310.9205086111764,294.2414086090479,42.277896068155705,445.08891025281844,138.37278724524106,20,malicious
3.774360543552689,195.1556252123683,339.6760145455737,375.700021562234,46.199891617265244,81.330731658998,153.7319043185957,443,-1,70.55603740693917,65535,2262.5127998010375,180.28357879951292,4193.068911415263,49.15749136409379,1229.7466617234084,60.48383497745704,157.95186378748613,33.63226288193018,20,benign
0.8461967773609357,282.52385531189356,850.1486561291606,230.09780351746724,23.061473907158362,69.99500967739536,152.57517534298643,80,65535,37.032266213797946,0,1402.9350026497261,866.7533210524416,4026.3923485572855,398.4089669145742,905.303942803874,80.3126090534276,2464.523837053931,160.4471165311791,60,benign
8.761937810074267,303.6183029335068,882.9953709045114,136.3095432407875,29.65199221676808,74.62813337281193,164.76110707119426,53,-1,25.419123801390796,-1,2073.433935910212,878.329078190394,4799.06298288272,393.0265061095613,1114.8840898147246,67.5031364919763,3380.3411857300125,95.84278450200691,60,benign
249.07847442567154,1066.579429517285,5385.245093234125,23942.37282803011,324.9834835109952,869.7368002934464,432.2333089991539,8080,29200,108.74424342173191,29200,548.1932142757836,422.80515022501174,6.978793225001365,272.32686547644516,1426.0939811163275,30.869448366009202,72.74828098582667,133.29034058245182,32,malicious
7.991007856303244,224.92814890956925,290.32922932086024,694.64456003481,33.99120311877024,62.82879672628398,261.93505308349404,53,65535,97.85002823056658,65535,167.3616919849916,209.35264884250643,1314.636932185258,305.06241384803604,416.71061772832013,68.55547866002473,2508.529210088407,62.843342458721956,60,benign
736.2929943512889,761.4629568406282,6511.608249525953,106898.56142392938,181.4732682085708,390.1650478110006,689.9574032935279,3389,8192,118.8560449616622,-1,1059.7189252637497,185.7975848533232,6185.622183557752,181.1035059082702,747.3338985366794,54.12154564869086,2149.362682884607,28.22756970151854,20,malicious
77.0716151648704,889.0460108834759,5456.044769014752,29339.582511022938,276.1038624793597,630.175039791188,644.2064076735317,3389,65535,384.40287334865707,29200,442.3675289157292,611.9597400080344,4724.97564656979,329.35778253817114,1108.9342098431796,83.25444000236854,2394.5603963452313,129.72519475884036,32,malicious
333.3812925310388,541.6107868076808,2273.1153331977093,3100.514512288688,93.50039631495758,951.8099719724171,786.5807907053019,21,65535,448.0572528860287,65535,4875.540801697551,925.0747523228729,911.1619111857862,106.81324875449366,957.8280386536451,91.1927876945724,1952.0489397590156,100.56280252429667,40,malicious
384.75074005467997,1016.8740175901947,7224.9203225366255,67733.46677476553,195.52533871418393,1101.5363657343532,584.0515103157879,8080,65535,437.8133861812392,29200,1353.2964265285607,101.48804343373166,1355.9199849427894,138.33400537958343,132.3081692039351,92.19449518591064,474.3429363977326,118.32528056759536,40,malicious
130.4092515523664,731.2691800563878,5346.88961586801,14901.007712049108,350.77679133654675,534.2642483550793,320.33633242786135,22,8192,264.0742595150212,0,1877.3115912434428,858.7910441753754,3763.9619513674584,291.4681131131315,637.2356777872274,89.04804535833809,711.3512913315673,189.108472775385,32,malicious
69.44275340337202,240.88385522423533,771.1256282472765,404.04020276214084,22.91313395341587,53.83084854171396,222.56983881612666,80,8192,136.63995740651177,0,777.0469909938814,818.4452410380327,4815.065416895743,41.671003666550135,575.5401890352018,21.32916479960214,2160.5980243168397,98.09255079400278,32,benign
1.520816540525668,191.78674461274554,563.0304780358651,620.2318616179457,22.336035053358263,54.00884018967969,211.41680711974485,53,26883,110.77056507759427,14600,83.65915994771204,1363.3726700762284,1258.6441794266777,37.14668852221623,1445.1215662440163,16.30466726231553,244.95575024908567,136.77817012230486,20,benign
67.0970788172368,1177.4792434025048,4012.03991389074,5879.588104206761,237.24143946017549,862.010891381115,558.8946833316951,8080,8192,116.95920307108727,0,183.04238443363826,97.08374581699584,389.25384857501996,384.06083410247106,714.703804063339,15.391797591299062,1967.5092024891376,138.06884863957055,32,malicious
169.81667334587658,977.972916835449,5157.765348177274,11394.47216449754,161.3779676475172,450.74698532982785,747.9149304548728,80,8192,246.50733603483206,14600,1139.4817057218472,690.4664859470121,9609.79398769654,49.18117249809961,570.6613168134164,60.94179807295379,891.9347025911676,121.08678912347699,20,malicious
102.72502159469026,799.4096339515359,5717.815748070039,27546.937030202527,186.45563625091413,912.4760411922073,988.6472616959346,8080,26883,478.27867409956116,0,2636.5696722103366,754.2697296934547,843.4485240633594,295.5593390167311,1442.4210332089401,3.8956711774425945,468.9490504089715,108.8476813384927,32,malicious
346.3876650154285,924.7011052578931,6604.483274954437,63917.91800042429,197.36177926429514,1134.3395496607704,816.2570912884859,80,-1,420.9217232720544,14600,1053.0225249224525,1220.287832312322,715.1231477317551,53.585178124671074,277.85347189290496,33.17836716721878,6822.5314819566875,84.25481878631642,20,malicious
800.607631852555,833.4366274874924,6880.641798635675,13298.02859292917,156.48961432198695,295.9871335215379,311.6059132801325,22,26883,140.41517081124346,14600,1087.5549501042146,220.2401825921749,5621.593950585221,123.40841256074559,972.6969457203525,89.83111375074311,360.0227891866691,156.71801544645848,40,malicious
139.14519688051334,1083.735911009163,6154.7625592690465,8581.304681012232,246.23865848406592,828.2453027781672,691.7006534614649,22,65535,590.9847636138516,29200,1741.285471260393,112.7305146149275,1717.0689123549946,222.82134574848843,562.3877305413728,32.62829304350735,566.9340681515412,122.29584833517603,32,malicious
132.8689291421104,734.1002185276823,6064.43972627525,4467.782336121494,296.2826318824105,715.9539086899167,620.5671135072073,22,26883,333.1348935464024,65535,812.2850728895585,1345.4662565346384,523.1381162067659,300.00465018789026,1114.0616859304123,27.92988589561025,256.65774194221564,144.66046226710114,40,malicious
150.68138824130622,995.0081846686834,2883.1986147914295,23821.168870188634,132.11789217842937,981.7358081766679,957.4992156487505,3389,-1,413.2753694358931,-1,2797.2817577222845,1080.1406943611616,13740.82364934463,155.60211624158316,1121.8009445741852,27.957477083286687,213.6118641815149,37.31146149290879,32,malicious
830.5108960884633,905.5872888258062,7395.397865811358,5006.377270647468,230.37438158304977,284.9761385581652,893.3699473847171,22,29200,526.5398545726841,29200,5630.026584931191,206.2505866427478,987.4689500950617,173.73357216004646,845.5285928743223,64.34510673549813,1822.1828610409582,35.41821979250329,20,malicious
10.56281869809651,263.70605586881516,1432.824683038464,678.7924165535707,33.851296950786434,40.64867196076335,138.23635389614154,443,29200,137.0584982691646,14600,3211.737506351105,594.3087499022904,5465.1044366033075,41.40605170221903,1344.51533564636,98.43066556313627,2883.674622941089,126.80964844340576,32,benign
21.25779964666718,223.57172354776242,678.6254772959469,509.6658809952868,8.783545150206571,24.422535690779682,162.0753976430333,80,65535,27.924909761128323,14600,4356.589992248655,194.13660135801584,3149.9712148914723,343.64518527422126,1320.7923792962092,8.342099647525725,1146.5240649662283,61.651665743943376,20,benign
7.703231293417943,921.0497710274658,7092.428066602167,116849.07918265073,288.46986755144087,460.01227066720134,613.2984035366654,3389,26883,559.4194387181788,14600,2198.2619503011997,1031.5862380458316,419.2290953183287,270.2253807890302,989.3221912063744,36.31255353963323,1209.8627228182756,123.46262677465506,32,malicious
9.604821939203505,252.50881233745525,1351.4205728831778,642.2498655942618,29.925370748772732,101.92612834012117,77.70556108528316,53,65535,144.8486631611878,14600,592.4499139971356,1430.155065644553,1254.3154064924593,55.68991237745871,838.83563098198,10.524099501438855,584.0026096498663,22.51323108318976,60,benign
140.88331874034918,1192.8487192228472,5611.312147873205,3439.2334361218523,364.5301655180888,420.5425752733954,496.5710106821583,21,-1,491.4009247790273,29200,37.926189376447134,1427.4551694240001,3812.5866715994543,83.71401396301974,549.1289829705865,90.89644798287792,2312.175926218411,95.19414430545388,20,malicious
17.166945420202605,228.73165505276984,1332.5065742542845,820.5397829023461,43.20770796322576,71.6799251832966,60.23872208515936,80,26883,36.47511230626252,0,2774.6170557117634,277.5084840682624,1240.5433112108542,123.03933267514111,699.2150384088586,3.0499042200286097,3069.3004844830093,69.47140254036594,40,benign
401.9569669437046,1144.1174118655586,5868.921479812231,2973.0433628376877,253.60730737079155,1007.310155749521,493.95209509966435,22,-1,559.7944448644521,-1,4165.015209242323,694.129777900904,2689.8987352025138,27.459183577948224,758.4675960218692,14.386187349716927,2577.1982942231234,161.24675564861437,40,malicious
15.730938282176512,224.20226498380828,570.9008900148783,308.6810304190036,13.201583705819758,45.1034857895011,285.9050413352005,22,29200,129.17953138219974,29200,31.974649697906866,277.26224485691193,1963.0271215601379,119.27555812111396,1235.4266127209107,58.71227872879729,575.6354041182516,179.70076125016985,60,benign
452.9187839122839,669.6645312614507,3920.5772699598974,76097.27542194388,317.1996956386505,413.4304365634749,553.5819404634339,3389,-1,204.6881457209273,0,892.5706171368316,1198.317339160454,8601.129535502116,372.97365163233803,1414.8902540697447,64.20714184128585,1821.2203075020975,125.69687423612962,60,malicious
52.29948665197075,260.8068645336138,1086.042095130403,137.0084679611945,10.582197290062734,50.39890025907207,123.09988432915688,443,65535,82.99118270001301,14600,161.0103661486248,492.3421626225511,11107.71641607098,163.28274714792477,488.9074310260409,58.10779039220838,1265.5314339120391,62.44920304342489,32,benign
56.26558262594834,254.72616802402842,611.2186839117144,1729.2698279610458,11.83235739367353,91.22733135628731,181.6498436911772,22,8192,147.6266103911518,65535,1986.3418691545555,1020.0771046068654,3008.0526235224097,205.3736980843583,913.7269427115524,78.48122896613926,1417.8436771911545,118.12650796382066,60,benign
25.5294390191858,223.26065107497595,262.09911876210015,907.2899848749481,48.859111763948825,57.867465273487284,193.5065030557751,80,8192,42.33789269293808,-1,3868.065346807303,913.983708170818,6196.138395684952,356.7188179225759,1318.6806170810398,69.00425130420633,744.225353472591,138.46693978822316,32,benign
73.29812037064052,764.7334827534177,1626.6576219796943,3011.1650004983762,126.4335104439414,1198.422240760997,719.1309543368089,8080,26883,346.4157153623403,0,288.26854198786197,1177.2493339684986,1276.3596789088172,144.33180279975178,1202.7562683088702,18.294910371131223,1431.8876360440217,157.28748170106047,32,malicious
135.88937374079134,507.6611122717454,6433.075119731226,42030.43783557323,367.6556505924783,1106.4942492496602,716.2502219863416,80,65535,320.3497164177942,0,601.0960066165276,200.9784031481962,3211.8311071790963,321.27772542948696,324.316560753777,41.05131032276591,1688.912441238264,88.2701827990174,40,malicious
192.16054854988744,857.5248430936197,3101.0785198514586,559.9844742399495,146.739794595055,746.0418204006327,599.3931465517153,22,29200,154.68522382703338,14600,2752.8660774365662,1136.893753261269,904.8141067146615,57.441328496877176,1111.9174225153527,2.5320850125914562,4499.88262735146,94.48355438212653,20,malicious
25.968072202044436,449.41202112115917,7980.207036211896,10622.933472158045,326.2524916856287,392.94114420646633,531.8434982661778,21,26883,325.2881384869437,65535,1580.7446797164998,853.1161364739467,2242.0495996911686,95.60253479596155,63.79506978695611,75.91579995285367,2014.5112831797985,81.17179213938985,32,malicious
33.87891032195271,125.13579996914746,157.60602163376504,3126.4349455917195,20.695395752052193,107.79493752105708,271.57769149173083,53,8192,132.30129677166877,-1,957.9728457655841,1493.761869355788,403.4647269323821,50.86073679529153,511.8212497727722,73.59358614677085,1187.1320381062342,32.572968507877206,40,benign
173.7531444396897,748.6894716688744,5242.136970459589,4310.219776377934,317.75662765051527,814.1986750065767,465.81706116573093,21,29200,550.4240223432062,0,3416.459788030081,870.5972905463161,3393.708808519274,296.344578825995,613.2440494490459,84.73436809900582,4462.932445888663,63.81108052207052,40,malicious
25.803933486486883,196.84197568209996,1371.5503019918344,547.4741777979337,40.0742171582166,59.118049713681806,137.7805777444927,53,65535,23.622551581135593,-1,2038.7576639196232,658.8697994927543,1870.225982181582,41.7943291239795,188.01430453179705,3.1993195186262646,743.6637085883765,158.75993640188122,60,benign
32.832303591128735,300.62488175276286,269.89762379741154,287.44223084443695,16.269512168535726,33.146736994871134,68.64058744207273,22,26883,32.58265251875067,14600,1053.7417832870938,1120.8239454570794,487.74718570501244,173.94367721991964,979.3627757001822,23.74180748277457,5156.371281950538,89.86296349551675,40,benign
30.828231395488217,301.3639294835101,577.7931327149774,499.09983935533876,47.81076159543688,80.47203292817605,91.22585097747032,22,26883,63.37236843285522,14600,2665.6515231393682,681.5570440506602,8204.297199502274,351.61398400401816,221.80806668480756,83.9498174399932,1594.1338077289704,171.32597688159942,40,benign
163.98213118694267,916.3623894950879,4921.805822336381,35156.27869921448,367.73891069965026,907.0291671628672,917.1312326710287,21,29200,152.33418447784683,65535,2395.205612690569,742.4862658766792,7148.675087064346,231.84065121657218,763.9764910214442,14.438005937388054,165.41371350629888,28.689486725768518,40,malicious
22.825679867036825,206.4320722438868,165.19174334375975,92.64824186142297,45.277983778842234,17.945794658641255,256.8446520272792,80,8192,82.51380025379794,-1,842.0881777365005,1428.279227538,6587.346817562367,239.38942075845614,63.47756620280066,78.46080458204545,1193.9408517207696,180.91176676981783,60,benign
10.376134610224286,249.24763699447624,915.2730547690672,1001.2448769972358,46.71647806518148,51.19689125017387,81.12392448356185,80,26883,117.98782068309208,-1,6129.235614512993,971.0373493735235,15177.92279892162,56.63380331396056,587.0927201978329,91.01029133431545,1258.4513279176654,172.32348366546455,40,benign
1.2032378478744519,275.4036674528493,1462.913563022859,694.9808481253784,11.051829731747043,108.62833344066497,157.23939483702557,53,-1,85.47241552058105,14600,1146.5645189101888,320.6787122179671,8387.114885786901,129.9059848092674,1359.495170012728,87.55848146422997,2234.2991607824224,48.726009533639,20,benign
18.919089746542006,245.3870943308262,872.9042183011715,371.22185175612685,35.8994058018082,76.34360211787707,202.28043798015395,22,8192,106.7540325381269,65535,8723.103364366418,453.7405117632481,5294.342342446827,81.92729442872312,240.71194545293238,86.28670314014977,3942.0888401144916,117.70387709862516,60,benign
39.024842648153914,211.38851528279804,238.6557832940542,68.06664825599702,30.704267192842053,93.5206076693226,137.26918120988432,443,-1,52.73102834369592,65535,6568.799259431983,342.65432159439445,1266.8345298910683,208.26469124819118,478.5328606212896,27.85367548398031,3423.0024407891487,155.98766323475814,40,benign
914.0047562618175,1036.1223852867952,4093.9687589171035,36732.76846444266,135.6558261915387,1175.5867282527897,611.5116197484663,80,26883,163.16551186471753,29200,1836.646605516201,1385.0165241943946,405.17241299038847,304.2261789722758,1137.4762388572885,56.518309832399794,358.61332067390447,52.85988371308755,32,malicious
83.16572857721147,754.6907903374008,5477.346974173632,33516.26937319649,399.05636157574713,207.7592577045841,932.2058678777864,21,-1,348.85908047648496,29200,1466.2365643460678,655.4908519592894,60.93872460582009,110.18103155886676,1438.2588672165055,49.657462494822425,201.77012607182678,131.2721873844224,60,malicious
1.7265659203637427,165.32191228979218,764.2566301656141,537.7909229848611,20.65222902178153,49.57020733543428,241.9790401253145,53,-1,127.6381266822521,65535,5039.020946898555,1169.0956154483592,449.4634211673265,338.97141242396197,794.3475189582061,1.3954798318502992,4255.508174042902,123.23403741570732,60,benign
304.43884512807784,1047.8382348433759,6366.680733901851,26759.757978221653,222.60221988675428,908.1115360741544,913.0986494311778,80,65535,362.551559776671,29200,972.6719737341678,1279.05428635771,27.460579718512292,128.19146562981777,95.0218724059612,5.509572287393305,1012.4465096322916,125.92752331581721,20,malicious
95.9223497009768,157.2120311832782,1078.1213388089957,1080.8547037832188,13.319037269509971,93.23292938028153,204.29691788226958,53,29200,54.49316791279158,-1,101.86655401911072,796.8129589606895,453.6722931368566,193.86366762099772,645.6225492621097,94.71711464450838,305.36666211231113,165.91517457005844,60,benign
97.92518656838246,753.8020637321783,1499.5004007728444,40794.52097878862,123.32492729929129,860.5355899625397,641.42905200836,21,-1,591.4207790549888,0,147.7377206561079,832.0763651496841,4217.695418343545,27.8316739052378,191.40541219055862,18.52917109677169,801.147134049075,133.17898851090547,60,malicious
683.6897747032989,1242.8473343125756,4449.180227192763,14763.715706315365,341.0303586062068,429.18616575141647,372.89330128630456,22,65535,217.9032345455358,29200,1354.4117569424875,700.3881884011076,338.227504319418,76.76484775500285,1434.6312808275318,92.85360080424759,3495.881713793902,168.09731625565948,32,malicious
27.291868691051363,151.27283988209155,450.9899809099092,699.7253351525442,28.215413084205398,14.2329698366895,284.25272619195914,80,65535,85.33031207748161,65535,530.073011655133,411.19374090667526,1953.0559364174094,350.933287334017,976.9138070482277,77.27877259610752,8797.780199725978,26.018789805638846,32,benign
16.056437049076287,315.7480797507948,573.8924512978514,313.76583911925815,23.470943628769586,14.813248340427501,181.91586871872568,443,8192,100.02469101922934,0,593.3929102850302,421.7199500920631,10702.555051779786,183.34015189569638,1052.8493786441113,36.43708745688272,3697.075057935844,57.410007933520234,60,benign
13.598903859188509,305.45076115262964,177.90779457501515,404.03812027674877,6.3142078581146155,106.92036652438347,124.75190726330466,53,26883,106.43862384382311,14600,1541.2304566925798,1274.6003357358231,15188.127342509486,33.02212963039828,680.1548163122666,19.250102275233626,1126.378304708657,166.88232459859447,32,benign
563.9198564782032,909.0348150741472,6147.402977534694,79988.37890008105,109.16265070145862,1097.5128706628332,661.1225629144631,80,29200,513.1226846841564,-1,1978.9773401071004,652.4097518870387,6234.8129321577335,233.03524629531617,984.0294143734085,33.656655935555655,5675.8262794451575,29.16319379884241,40,malicious
19.00620195991727,939.3808983203538,2257.153945150848,2383.2612030549844,279.1151317122799,988.0262281272772,946.9537059520948,8080,29200,421.4845555686379,0,3170.507099183392,1048.4882353034627,7733.541915583077,120.90157802001785,1040.226498731732,98.41395719866213,4304.811532568235,34.132914263376705,20,malicious
52.757682692273605,260.2596281090362,272.6775785787844,801.2330076272397,35.00781525748634,18.369260864129092,109.13576918813695,53,8192,128.8772208171012,14600,4450.833293496588,1296.6381313148702,4635.870010480733,276.72208775899577,194.8559802817925,23.493019155392712,1023.2317048607808,68.91833803780179,60,benign
9.727835707196265,262.766771337011,689.0439983955412,437.73740849474893,26.518909258645174,99.23258813222624,85.30435575010935,22,65535,80.66631320502523,29200,1057.745437105379,244.25510935607753,13731.079505835512,128.2911267746261,519.0602325371342,87.80988887514569,3300.8131532078555,37.20498856595381,60,benign
14.423248959587406,694.7857620547095,3119.0688648688897,62370.73242058926,332.4694276379433,522.6868060704526,858.5853075924907,22,29200,325.5270871844271,14600,1835.1073292835733,1389.5786647797752,4229.481412285593,286.8418663103447,1165.1163114501094,11.225373353565004,637.7181464597013,116.57289238165089,32,malicious
24.80187025675171,257.71299878479914,105.04946186941335,98.47265369654659,47.026666137956134,85.55135711959466,84.54972287292615,22,29200,149.5550548107036,0,3707.7188176135787,1246.400647724825,6139.920507497345,220.71920444674515,1449.5932167720891,6.100561425781448,1670.611980118792,129.92716027814953,20,benign
250.46685446256583,1144.4866724468409,5496.258780673764,49100.659562827976,282.87975656401625,384.0761704650421,607.413047661282,21,26883,274.1554806400334,65535,3159.603725421769,611.4838912104846,3188.031668482405,57.684968519710765,1229.1997973870998,57.68864719268008,871.4924593157468,170.01331286478162,40,malicious
3.863035517446854,162.5559200832212,823.8225694191068,227.51674630015637,33.616334803576834,107.22610197335838,245.3310971140431,80,29200,65.04057315524526,-1,856.0664967630566,979.1394342892285,1152.3736511708712,114.32523911096425,744.407240267787,16.222518122934837,1836.1172564348346,54.5312533249274,20,benign
376.5667564362491,656.9307601729756,4878.755227456142,17738.832454586984,399.4796915004405,918.9431087316188,939.5305954578381,8080,29200,351.9970281115157,-1,13243.338109519864,689.4529044015118,6271.5969441578845,329.80989066083544,1013.5504592362831,59.956049043167404,1730.1803127117719,76.1037607915155,40,malicious
16.03588338848696,180.18251258306304,724.386366708037,330.4564751441756,38.32424191665854,60.33671717071321,291.2398923622543,443,29200,56.415433012358754,0,2150.139509626483,971.2775341577837,1347.0723778917368,233.52527185038946,1238.787386559128,6.451553434328061,221.7653451305907,124.5189056366726,60,benign
18.41646134899752,254.9462594657218,176.56829872848343,337.48575459569844,48.990670526054174,77.43513026541918,219.71821040263515,443,26883,71.27560458996433,-1,822.9664391343089,1248.6155660330126,642.3479299030569,218.9818006929054,928.4341256730066,83.09227844627158,4446.003407741828,179.38424694094476,20,benign
624.6408256060242,1100.0850571063947,6907.753940233666,1317.7896175743047,367.88560895096464,905.3480454662167,827.0537568188618,3389,8192,183.3637301836435,65535,7573.038535227108,711.8151587356192,9492.475850224071,57.191948061008574,329.4475793391801,84.2433563579789,560.820002197186,151.16002713009678,40,malicious
5.359474722540791,219.75951000462226,1304.9609582791172,71.95115769709933,5.4205327407936785,30.867879364651735,208.16561199980774,443,26883,55.03107976731557,0,11273.99112322538,379.04869979164164,3156.783636237893,266.872130518302,593.3012941834701,40.36878355031136,1005.1541866736497,36.97764492962014,20,benign
670.2468461396418,1205.3728783945924,7731.449019587293,19164.501233132578,374.333698550196,763.3512442465261,831.1357703854668,8080,65535,235.61428294490412,0,158.56456371006232,948.4341977320031,1476.268086151905,269.72385634185935,849.5531249074515,78.19665660607733,1307.1575024479707,28.194506252327045,60,malicious
59.515402507218084,196.68783610963044,1394.107014668699,117.09914872940287,41.100856298791086,13.95573029646438,115.10103946831732,443,26883,143.02096650149613,14600,2613.359847705699,1333.8474293935756,4731.512078801089,318.0886742121098,1060.13291883693,56.6978608868685,1797.2485819015712,111.17935118433178,40,benign
195.1574800433336,525.1033519098405,3167.62859137505,25275.638099246582,257.26032497427354,997.121963206347,375.29377173696264,3389,29200,539.7990209039888,65535,981.1092191858128,966.7698724562443,12029.481428140722,177.54856951019235,1159.1819741422316,41.25840646876975,895.2292142222856,98.92019523384629,32,malicious
5.214052190384573,252.96291884575746,1194.1840799610818,603.3006081233902,12.270730129902478,82.09029822742546,71.77326297930607,443,26883,128.02990570397293,29200,331.9577629590028,1493.2130613837176,1562.8974454465135,328.73421750236736,88.61450528924786,79.015642900412,6754.418728625605,137.48575975385899,20,benign
1286.5077580947172,779.7861656250259,3799.0750115481997,2318.9079758012754,132.70203801957587,431.98738318924194,328.76105019319635,21,26883,442.22437132705284,14600,4885.7338863887235,895.0340264325139,11630.149605258866,213.03989207090393,869.1411669022738,70.3446675082606,2458.499766244738,71.98245537655771,32,malicious
18.99570836930952,706.0310254484245,7446.747015047341,2010.4620427346217,268.8511418382422,1109.2762841292183,775.9725674335739,22,65535,590.2574394783235,65535,2363.7469000779874,1156.971846208255,2090.8719926960916,278.7638709926939,1341.5265177624685,7.235627177445025,2022.625779235817,89.02883825774676,60,malicious
2.9372487591301444,260.93280951333924,416.4508842043589,9.889084834886832,9.469936270496802,77.33821420025512,148.6027773061548,53,8192,93.8117115519907,29200,2644.1307342610385,491.24406344258927,1506.1923961497823,137.33669818839985,707.245304841625,29.037916118029948,2100.3769804364115,74.02240177664217,32,benign
12.976750065666192,287.45762129584597,956.3495305726848,463.8619747991457,29.45692660804998,10.47904510771943,157.6440120615128,53,29200,77.89370875988182,0,1097.2365617656312,101.44284346547556,363.9676538147302,23.09717277452097,891.9806211804964,72.50967944410023,3151.080319200791,44.99994705995968,40,benign
26.48439965030449,260.75390891891016,238.9194331984512,530.4197898503733,22.51679349442144,72.61927734160525,250.6011765972211,443,29200,51.608489542319305,-1,2957.315583143295,181.77990074730064,9558.34805809642,118.41692122123006,1159.3727294501903,90.27707206961766,450.260311078846,79.26981398939402,40,benign
68.73711156975614,873.9718832823469,6803.736243862919,12828.575457981176,107.43962242731868,600.3342204356036,841.8801951369819,22,-1,300.2587728875005,0,2951.678357643538,460.5399373273451,1250.632073401637,53.256403179410576,324.2822898276605,95.27446353242416,343.11196149111936,43.520377508315214,60,malicious
306.1667434057229,771.27137727328,3432.036706755795,1089.6724517971138,130.27590755018278,557.0489109171378,903.9156190298434,8080,-1,462.38304413393337,0,376.9311925683641,1449.5394949773884,1509.8102159729694,132.14048481967734,353.41321776318756,46.92553905498307,3191.917483446508,175.66214611717822,20,malicious
54.81259798051539,368.39894419210754,956.5270891107668,249.33494443313987,38.41590813733999,118.51161666710405,295.25142932904305,22,26883,69.31727541846818,29200,2631.9977408477716,1264.1371205744751,7623.824684713047,24.02370870678589,1484.28933246697,93.93590828621053,552.0137215960765,168.90333021236532,40,benign
167.55962637759666,1087.801204546248,1633.6562134156222,6016.582775985275,292.64467261272796,550.3244949851398,965.5318453482421,8080,-1,177.85605889546594,65535,1428.7392791895068,204.3648908155919,10684.752661527305,238.12936071858965,611.8841833393253,64.83342860771414,121.89626179843593,105.68885061107261,20,malicious
134.1783556461569,649.7235017222018,3527.6005281516436,18714.986825535172,206.5869517067219,1149.1116393486413,772.9503036628828,80,29200,246.13445666116874,29200,930.6992986409964,210.5117614708569,13606.956029118404,73.20145349247686,375.3072094594666,14.089195942902787,4055.4469470206395,29.769207755273676,40,malicious
520.6509110166079,903.8133319818812,6905.813633729295,7265.058897531599,100.3664728110575,1166.2381882590944,308.56898607514995,21,8192,542.573559401332,0,1911.4345860917208,1367.7808207783594,5301.961376662751,36.864846997715006,216.57655327491918,94.2913367922593,2606.649190588322,199.5462863710137,40,malicious
728.4367408631058,621.2821216515041,2156.762624058074,24216.266338902664,304.8273938773181,1144.9322999098229,655.0215608111062,3389,65535,513.7186298655326,-1,344.3713246614291,244.9534345251555,11059.806300460441,235.35800188096212,838.476783548346,37.804711623456775,734.3678294831153,44.49643931002548,20,malicious
6.527182687883464,259.428351613502,1459.5318817461794,111.30246843079463,39.871524362403235,65.72039032687195,62.98071335919235,53,65535,38.792193505352884,65535,903.0321171570466,1084.2808338981595,2680.8956934932453,276.1023793690733,405.31838555803654,99.88451807703241,6497.03501812087,147.2005675917482,40,benign
35.0992244085605,273.1532745132542,1014.6709064552645,2410.4679571334796,23.898705800657456,55.96271546117139,166.36839630173614,443,26883,74.8287817185059,0,1616.6010997507915,1170.0990879430158,9956.592879921305,196.2866207138511,692.7275978709381,74.00911105031558,19.941033593771685,121.79371670460293,20,benign
1080.391954994524,1087.959146540181,5625.952538327293,6161.772083991286,378.44625307364487,563.5221375851644,662.3844891187957,22,-1,271.8428188386347,14600,8926.989420047916,684.5690865304371,11038.007471120212,116.16123179935542,1428.8564069708668,20.89058292832071,5347.53327590635,134.68831763340438,20,malicious
1147.9044092332776,868.8896132800959,1714.1424989087332,46227.31433112827,198.30519019043135,701.1649883052314,345.10467960224776,3389,29200,314.6030786332025,-1,363.7999563577629,786.9832352482259,4637.347908410284,211.0003876137025,988.796774656179,58.885488071910544,803.9675836944368,55.89842078941292,32,malicious
6.790934338616959,246.96081926669575,1419.9512299939609,768.5530968344925,27.465132878708676,89.24632251387074,208.1564888990828,80,29200,33.482925915388364,29200,5223.424292776125,299.9431465907243,2745.4447446725676,250.95907464914603,1350.6513464997272,47.87590607360107,917.4931631524925,67.45752000606615,60,benign
1166.455066666059,1057.8199700347307,3789.835612117395,7207.826878058034,293.4438139802631,678.5392598579336,343.7770185090963,3389,65535,161.53960474117042,0,1534.5843312112247,1086.840243204629,415.2051185411937,136.68628624868427,723.088355088984,48.91355877147959,5862.45966475813,122.62785779473072,40,malicious
17.902919697750047,115.53409253714847,237.23918389659084,576.8459773774102,41.139280381856224,63.19426239519115,257.76693086364094,22,-1,63.67429585691067,29200,1537.5126100206726,313.4144926460542,11441.228960717577,61.81754904942719,1345.1490207594652,99.35467346318487,857.4261634154572,194.42757128806423,60,benign
29.189899684184777,225.51959695993398,679.505537527041,212.51576846062727,6.568238949031757,57.66222770996268,243.1388806266721,80,29200,51.421247683892894,29200,2442.9265923090447,641.8501136297627,9607.931016916491,349.1349256378662,1243.4618245962051,82.84591566444338,1409.8506125845165,36.54163029723072,60,benign
298.1333880800881,962.674801856545,6102.760360994849,3907.268520540925,382.97135884000403,374.85429486647496,712.1941623582538,3389,26883,199.75273613807713,65535,120.23451172826596,716.5095000452769,2588.6270349603355,188.4871571651359,540.3489328609196,55.216567485740384,1938.0533536974185,119.41252037805872,40,malicious
573.865338639373,988.6165024299391,5598.1724974528615,792.8757597164484,229.19800456690655,593.1708535515758,769.7617167600226,21,29200,465.0878594574167,14600,138.1499301272629,1164.087705011735,2442.107880266121,366.40181259716866,1040.696877455939,67.24482528327779,363.145950307441,75.04453472268881,60,malicious
13.263302891660889,224.35179628986606,1415.7998549105737,617.4608435558023,26.137817604777716,112.92457608983848,193.76377436912176,443,29200,80.72933101011792,0,5196.517420164755,1289.337180223618,2218.4520481432787,354.4989510583221,1170.3703580743727,21.41382882486593,2.7485891278068273,97.1637973893074,40,benign
0.7463956641945397,321.21169604367094,239.57028433491948,1671.4902892835853,45.714099387644055,38.92900331353423,188.59539932107702,80,65535,69.60327563089037,0,448.1630759170486,1102.4621146784034,767.030560409296,144.95609122785947,1187.468275502391,58.279183126740755,2986.695587364996,37.6573768161379,20,benign
13.793636644234914,760.7405783102739,3882.8436815272116,19439.11425136306,396.0946722761552,252.5905747429146,906.7766070448109,3389,29200,500.786538036923,65535,739.4830975156851,253.95010496797107,8241.018087864253,93.01200742897002,704.2034580062385,19.742662184710657,138.8667975714289,157.711601557778,20,malicious
5.969320205102127,294.46107526504295,146.8250401615519,712.3417306225872,46.98983667369061,59.79501557101645,98.90360815219714,53,26883,130.49739788276423,14600,3556.2579746951064,522.0317011715904,2623.0567520997756,106.38264398797334,1137.8096083137425,41.39818756341229,2249.578089256821,111.98432832097919,40,benign
2122.0480422884552,619.7734227616572,1555.657592549151,21735.43171274783,362.1121766498175,460.48681004198835,859.5915641842525,80,29200,563.4796181804116,-1,1286.7905220839143,1173.7148510325285,2105.2072159175264,296.8738766497405,934.40194307866,2.170362951776661,2717.450210992036,132.6224501204972,20,malicious
8.266049652541676,182.1309926646772,1263.6594846427977,99.41960216962853,14.163896109877669,109.11580878113607,209.1055327739011,53,8192,89.62942096768035,-1,1762.3994963978307,194.1582412626499,6957.593948196322,129.7228308155387,1460.859785840009,63.47277929646859,1303.5745077798092,146.20267808689732,32,benign
17.026503346797675,203.19321563251629,1290.6102204030078,17.684096000607195,35.24190497251026,54.6915339627729,210.80474123187196,80,29200,28.139171426881546,-1,1488.5863829434409,654.9400248624813,14095.82534379487,294.9679074282118,172.49045867542424,78.71115024824361,7468.595120952671,165.57585027224113,20,benign
17.90976028199622,263.12530533514865,752.6399659866389,1403.8516663125417,47.92817477230666,102.28730276401132,129.28518857342138,53,-1,143.32609014053014,29200,1099.1445444062037,1235.867376176029,2623.138567401797,285.41950255765295,864.5045224982332,16.31726247534856,3904.675523274335,110.26451668008694,20,benign
52.413945922705324,213.6318122954281,1328.354486208545,18.32797093069341,12.885031464304049,97.4947455019568,238.2378807395202,22,65535,57.7943772320909,-1,2599.584033407641,554.9079161940556,5728.540499594038,243.81313492805424,722.9751185964973,8.04291582037231,3439.578249258599,51.67753873791635,32,benign
48.442196942047346,233.8313193529013,210.57308324850803,143.21727538697164,8.570779635963989,78.66973315318805,184.0386366299875,80,8192,98.9692596327202,29200,1297.4168903294617,161.75133860744555,483.01270169823414,252.86566828227984,172.9701787661594,76.50850419268441,999.1649082503377,184.01245567966978,32,benign
71.42119945219314,569.8280586206185,3719.7688033943064,24139.508639848777,178.18274296658325,531.8201153582503,765.1213318273963,8080,8192,175.9862240848258,14600,905.5824123245636,459.2940852748689,10735.799182730167,397.0873695565891,682.726054792085,1.5221974420912887,349.89937308320646,126.20303034995588,60,malicious
732.0092160313628,873.7842410259448,2837.8305088709612,4458.001810592003,247.10372278492304,545.5355153764974,620.7229851142729,3389,8192,505.7793197115224,29200,483.18953555256473,1289.2250236804898,14286.813260492769,229.8454638202951,1206.2475923781908,61.24171195869263,20.652014191348414,68.48620263306452,20,malicious
2.196008318844736,233.58695555021285,285.3946147962062,125.30938370860223,29.23683979603135,117.12725190818996,119.42441520110043,53,29200,24.99194934806615,65535,91.28153734663726,174.68165113712382,692.6959134780049,185.70813796930312,295.47942122842755,69.08183868000116,2654.670828525422,99.40528599065418,20,benign
254.3796123691723,980.63399840821,4839.890045597471,139093.63042514058,149.61161831480825,501.8425913751065,965.8711706659725,8080,26883,404.901073972623,14600,8267.1312282318,759.5000982245026,4682.556918414421,113.0104355197527,180.27391540775014,5.043838411715839,1869.9463557019897,45.58784018606416,32,malicious
248.2669238269394,622.9586750254182,1816.2754321036464,165.48890996124888,164.12912431890376,287.223894386649,553.1258741890144,22,29200,255.36600911673375,0,4234.472524990296,142.4380213672673,3256.1257802437526,375.0316228405101,1306.0741473089522,33.53373913185165,1252.665496250355,102.24531163732885,32,malicious
522.8979898118291,672.8789908374315,1444.0929799832834,2248.129680935161,322.235189733601,548.7252183766352,401.7508553477914,22,65535,541.799509331388,0,2154.2540913745374,577.6346940995485,5221.929867180691,345.3649206594173,1147.0312632591879,49.99316975500881,480.4379814738738,184.14280077712073,32,malicious
151.26884546312533,318.76139304221897,7546.91709484039,25293.61241121558,151.65298717307292,949.730908743526,752.0699859611459,22,8192,585.683016818243,0,1376.8196348853266,976.3256938388621,807.0486646553861,25.359602377025638,1027.2399880983467,22.006399511297026,2454.075956784328,24.2107687751759,32,malicious
34.13893264135546,296.9865790141326,433.16999435013463,116.00598966672034,43.41869835437987,117.47619345763927,51.93542935034727,22,26883,120.49490817969934,0,7063.047042176969,1469.6329574500326,6443.792787899819,204.27504687313868,1400.848567076489,96.77331062583201,2982.322063915624,96.17231367701461,40,benign
762.7995291300662,997.0436074076373,5377.348441423534,25264.343808966307,355.6090532271928,863.8195035727051,305.11376142456214,8080,29200,153.03785330978212,14600,410.04082160505686,1100.8379402100118,2182.5473854866354,189.83023429893143,845.2518422708202,15.66108205098471,1193.2245411227234,140.72613996503338,32,malicious
39.26137429175606,272.1553611454837,418.20722024798863,699.0756704567114,18.05837784691083,62.94137234130128,212.5398296819541,53,8192,72.72668780200118,29200,1786.996122604942,1471.6054024143564,4840.566987682919,361.425379968186,749.9708610092293,34.813756238302986,1197.8632021925412,32.359523013056794,20,benign
296.35575876235623,701.5709829686434,3591.088993409755,4122.688267819866,180.77467059167498,804.6886472070328,558.4725759126677,80,65535,249.24839239654858,65535,1110.2042054568471,709.3065961718873,4131.928179638775,39.493130256262766,1398.5331154619678,63.532191348994935,2996.402400949824,198.94852763083688,32,malicious
728.543922690498,955.238033755631,5936.7841439825415,3521.541670976072,398.2381271274375,383.8626654508768,403.8444594095626,8080,65535,212.71755679839555,-1,1284.9882244494484,974.5430226083481,10978.912651748187,353.28089366213254,481.80399233174836,6.5145806205729855,827.7975067184938,137.82398989861684,32,malicious
79.04567045239513,1113.5446224648986,6261.601782714191,16861.274282347546,162.04740789352888,961.1112132357812,453.17869262267675,3389,29200,504.9403878347729,65535,255.59396199067763,837.2193195055755,3230.627476044764,194.09452719226562,1208.816159018421,27.317337348086557,347.4462460646502,30.108965442691243,60,malicious
51.716021393148594,1004.6305945224003,7421.733250622197,11180.843159749089,90.6622479596945,206.62630171278045,758.0931432014345,80,65535,517.1660743550666,29200,2199.2442236490797,473.27347747333056,15146.941968457426,71.38381721668922,773.0844791673381,54.427243863352494,251.19467669853802,130.5305358734284,60,malicious
15.176566315333739,860.275926314744,2427.3491127044363,3376.951629461768,198.09578075869405,717.8851528205482,580.0221172036323,80,26883,257.6812485584762,29200,1185.7820852648836,1025.2272824561678,139.23036000878494,50.475572754928336,485.04992344476705,70.12439191386964,1091.3209109241586,83.25671956464402,20,malicious
0.8997135594943393,627.9766870933756,4526.144870799368,31148.01471687646,353.5276903397271,1042.7570307156393,879.7617976031702,21,65535,349.43768200772314,0,1280.624406155553,1375.3996877330223,2197.0543731930857,373.14434367254347,187.1821842005061,35.950374591769815,7960.325150288952,159.76654188636576,40,malicious
11.349513589075052,190.27053770691867,1028.9205160799913,465.1196646805868,48.700902944881804,117.27525707325474,77.20680108728251,443,26883,60.28292440345801,0,391.08075320959654,1104.0812052266308,3572.9119145414775,33.714319549413275,1333.2188469103717,8.387838866148577,293.9428803118534,131.8550742736412,20,benign
97.41378303961442,775.1677120540891,6562.756025339336,9567.137898258206,352.5660857113092,819.3320144215245,884.1546147856677,8080,26883,373.40419596036776,29200,1533.3605014098296,812.5428685241463,179.37207221722332,332.3143632447891,240.7719476453411,19.216877450285086,1633.3856119313346,86.57804501321363,60,malicious
770.9452679369031,1081.5277126098529,5172.3377820249625,5847.980082562897,279.8250047394023,725.2162252107797,724.4139815760998,80,29200,389.9509679638799,14600,1123.5320803482568,1353.334081830796,5821.553561335577,249.07686742427015,899.5250819118148,21.114469212946794,1279.2163661702396,74.90585614362138,60,malicious
209.67971089278427,722.1583654748663,1918.376473006214,10043.060033168058,160.37546240223315,694.3290605922482,897.500586531522,8080,8192,336.40739906114675,-1,732.9622695079626,1320.3220723696948,1383.3180755220558,32.94024621886179,1412.8619949097265,2.9874995986575503,3567.3282452876683,79.22490858794887,32,malicious
36.78210846992238,211.39676916101456,1247.2948315481774,446.80473112232374,44.439029134210536,17.683978849562784,163.29555925096292,53,-1,50.18758419554656,-1,2355.858825157878,1158.3006889593532,48.76591416636563,300.54166985689943,1278.716676323348,89.92520396199762,60.66286885143445,136.35159304864794,32,benign
456.9575624763721,732.9096832814022,5400.401404674568,79750.54114947695,210.17884889158637,628.8027912789241,733.1157796343064,21,-1,518.8422087599404,65535,1644.159989714907,1022.6454235985441,2375.0834293615385,49.02234162707477,1285.6448703189235,75.81221383444193,182.24276114838884,143.93224316071374,32,malicious
338.3053529110847,826.602845988129,3569.74553917067,7201.8605064620215,312.70174987566446,500.0905974354301,717.5503327766796,3389,-1,335.9459258982166,0,7459.532406647276,1318.958281721318,2932.9080924078953,325.9249002060938,1012.115255770544,87.41799166043319,2164.616298546517,36.191062561212846,20,malicious
53.38018301362833,1013.0786252826063,3356.111946787237,62951.72667526527,259.4049922538903,974.4717183902701,455.534650250797,22,65535,333.0599900449231,0,1469.8561141474986,655.5458754303685,17279.4454800529,309.2532472500056,1205.8908420590192,39.886904566572525,1966.6092401814947,136.8228661565335,60,malicious
193.37712147374017,607.0406331861875,2693.9349207648543,1712.2756813409444,164.41363588090834,629.7958599632339,480.08557390745693,21,26883,225.0905844132601,65535,2883.387322586812,148.21799910340985,709.8929902381974,54.74465814702041,168.30947967788393,69.89544994713107,636.2257213451528,123.72622730423998,32,malicious
24.857009057005357,533.467043367212,7153.726429039353,34492.62694370763,302.47109828464215,694.8970464737272,939.0049553965514,8080,29200,333.2274397294499,65535,3909.7525629016714,364.0018852414424,1537.8390945883189,46.52808335496814,1125.5878296147089,54.62544170913463,901.9235115382174,93.07881276708518,40,malicious
82.54108881699561,689.4880295828739,5812.081968438415,40868.12908168829,99.05865375099029,461.0442195534378,423.94601031140917,80,8192,491.20118178400344,65535,3653.7542793140615,1259.5967456349192,17250.085173124644,40.187208251362534,901.3038734652905,84.09804501918758,606.1216175630243,66.73577662529519,32,malicious
189.8332035072877,733.7011959940367,6691.953675883811,87911.90956690673,257.17770372777443,470.49523393658205,993.4030899285555,22,26883,548.0265718190163,-1,3364.6802965137213,499.8533272710069,7125.526528199518,173.37430665530277,1076.7757654989075,44.442806158586876,563.4727153314866,168.91009173622828,60,malicious
3.7236948782135886,242.80286066869488,1039.829249408448,125.31554871194733,45.8973664796837,46.722676823465704,77.950434652602,22,26883,109.36880035474321,29200,615.4120234660941,1243.9449357930098,2020.5758208659495,20.628932625895338,1200.6726023602027,61.43320031776901,3996.295337369829,56.05427052987369,40,benign
34.347633944691125,270.88443401168126,708.8004804568856,254.24242796679968,37.25094205413424,16.27594838287157,193.61855006475338,443,26883,143.00755563827192,65535,1830.1476288530712,789.2131794177388,3374.556934456771,129.50203526710368,704.1666924153437,12.39249613138298,1151.068933189187,122.52259958720998,20,benign
88.56917091557642,192.10534664199045,621.254381314958,173.4064391634269,5.196111573696587,86.84504728854529,78.51559582974339,53,8192,71.06841129282489,65535,8437.584283092077,715.8296382258969,10794.133025952102,154.01092052147857,753.1596186239158,98.15158474092719,94.88174379595641,83.54706309401203,20,benign
17.621209445743155,195.31542443334615,949.4205916547121,426.78144443898645,38.63928855525963,26.69986745998184,219.5244611268636,53,8192,28.888397931713847,29200,5862.299024224952,137.34023133569684,8214.813691418163,291.1098035875329,538.6415971271042,92.7495531578085,6043.582944629167,81.1673268670909,60,benign
11.103528298821946,838.5983350055225,5728.18602960119,30433.968903574354,129.48713136061275,780.4406111742095,834.3621139649373,22,29200,100.5283573904657,14600,4283.447082562139,752.0547661206616,2483.273363484139,156.61439309030817,597.7674634983392,55.36929245490392,134.17313039471208,53.55532097493152,60,malicious
11.801105359777015,307.2504533016081,314.680085339096,46.99193184825948,9.07249315616152,22.493747742234994,156.77433318536347,53,8192,106.95066508602063,-1,2909.920878725739,264.4272818825997,435.4018539762044,230.09262064594597,664.1967963571134,0.47903192873705036,1302.6489472748515,61.19954966653463,32,benign
83.00854587766523,252.11388780041358,598.7730702273116,676.6308252690962,47.987187704816584,114.49798256118527,123.45112172550714,53,26883,122.52989286307151,29200,185.4755440073626,1311.1111852236488,787.5708667368713,154.36492628599575,907.0843533290804,98.55221859230035,2500.625492408795,23.0708307876033,20,benign
31.874658447932447,337.4897389706259,332.88073297101124,288.2015905281976,32.91809576234636,52.701430043877444,86.90509668936693,22,29200,124.08573721496023,14600,1112.4517335842718,481.974534706651,3599.2347957900834,120.47017725551672,789.3978141463158,37.47195682533293,196.8417383343831,47.56890235827315,32,benign
379.05861622824415,874.6571506231528,5155.728690294378,75888.79460336329,216.21022651950318,792.5490955240266,831.384951423245,3389,8192,432.4306294686082,0,718.4691316687753,470.8331761892439,6722.294746743349,366.87905756278906,1286.973682346025,41.77546156673551,86.29042755000982,168.5366755329141,20,malicious
399.93612093396223,954.4851975057276,2894.8698276277446,31856.566588600228,300.8409484799014,298.7830417570216,674.2302361381035,21,8192,533.1365617449733,14600,982.3327178214814,610.7388346144659,2926.1642393318284,122.57445166536688,849.403187369986,31.81371414138977,970.7333068254806,68.38216946961808,40,malicious
6.515249392298653,201.83560172383397,1297.3836414205869,84.8776002083155,18.766644026927864,63.0754403398946,160.95355132942382,443,26883,125.25190574693684,-1,1750.6096241814503,258.13340384352205,5202.6130179564,346.64672174530426,389.0124378997355,95.3691072228115,406.0842645386667,56.46202396294641,60,benign
12.905110538679644,234.9509819213608,1482.7631379638196,180.98893151455744,31.848884415563898,42.45403816701895,287.43066605997956,80,8192,118.6759344733283,0,1000.1934552024103,344.7940728250721,5411.912651938017,340.71392248656724,496.3665394530339,16.43438696381757,1509.3909328460084,46.060434928290285,60,benign
125.943995135117,771.2923392849565,4583.942383461512,39333.40316384525,362.9254109923191,668.9072604407177,635.3891272667569,80,26883,566.9473522694225,0,1107.8432962514066,969.5906157437487,4289.268127040225,271.5644411911789,210.39396235812492,6.6647542439814185,956.4466489899611,89.76134528104626,40,malicious
82.15023133066242,913.1815321797508,3702.502911862206,69426.46379589484,192.26228952973844,1063.6574110725312,716.7703598330397,3389,-1,134.46498569529794,-1,1855.1222004911863,1449.239249673611,3620.2337142986034,231.72990949375907,271.3873958764523,20.72628172475777,252.4292840561611,159.36477627638476,32,malicious
8.30483030404445,269.063349680528,1346.7301765109871,346.3594109857274,12.207530431902343,73.11462169081094,242.24882159499967,22,8192,145.41829357379862,65535,4253.967834213683,1311.6547897019916,1335.8905171428187,367.5961236423922,696.598451401293,37.726888983835984,60.463443234835005,165.14000209297566,60,benign
316.65416547237584,729.6444595012567,5018.609570103908,31180.928734393783,164.3072992165024,909.6075301471791,821.7673661270218,3389,26883,149.00865200052414,0,337.3535778496331,478.19198301143837,792.7956208362887,21.871961988330682,1339.7932102633376,83.19060272465958,558.7025004918777,93.05524535522805,32,malicious
12.227658148606597,146.05447110594827,898.9966509739207,736.749913482,15.365526339450536,67.38659599776362,281.22653177117223,443,8192,140.95801368700089,29200,630.1679496871983,1228.3766936420454,11816.732885669027,195.41645325966402,903.1665822045907,89.2131108127777,1206.6385899865004,154.75810067927753,60,benign
416.65534460969855,918.283275771433,7450.547253525936,38989.087108527405,123.3391237264145,1071.7401247141606,470.4758386946269,21,65535,153.11877536648086,14600,33.142226616092636,674.2903145988971,2643.0787963353437,245.64407684642615,78.23362667450247,7.5653235411574205,1531.8388428885253,29.701045474107403,40,malicious
357.8821888731519,891.6390519329009,6304.6899817928115,18357.278616923453,306.2509018210584,1074.9910533552593,720.1168741737479,3389,-1,486.1528467220675,0,4446.2673169656255,1266.1517569897455,7894.901228229934,99.42242384802074,224.26965417487892,88.54792685833644,1433.3172504783497,185.96856079276307,60,malicious
31.861618380228222,260.7895437570664,659.637094627752,620.8720133883157,18.428341311399073,12.920911797228177,99.24894185460238,443,26883,131.6123388095324,14600,93.02789956867574,1183.695582593516,1760.5483797259344,178.86842958426493,1489.8924039458045,91.99207470219174,1476.067093250233,83.33593780117451,20,benign
1.996637205340843,333.24643321118003,279.0499339903741,24.44845179998852,13.945615740209092,33.73651275463472,134.19225446428845,443,8192,76.64346419277265,29200,3551.8108769861774,1486.9438981018159,4464.80201644717,317.79587812008697,1323.6889233567665,19.402869882792785,1007.2067239069409,22.90544689909182,32,benign
103.92407359475297,963.0372567541235,7799.448188197651,5273.419491743518,330.5105667175859,560.3243793148602,529.6228421460789,21,8192,168.2281583303208,0,3694.045631764527,579.320039429134,831.4208241885207,388.3958334074308,323.1081623562046,47.30047364021501,1409.3637140782453,62.688243363773594,40,malicious
23.939760486484726,197.90372835026778,1074.8269552462802,259.55875381798484,47.11032991954881,49.71380424515331,211.70739832090223,443,8192,71.44368659813564,14600,41.857428006907114,759.5553804808308,3322.4965798144995,356.82651234558796,129.34415126424994,72.11076153432668,3232.432168077779,95.8892709659152,60,benign
509.0203987699776,835.8347628233563,6693.491000939607,43694.784032677744,274.0268665359086,231.61098645236592,603.6587495370084,22,26883,355.00893063643264,0,4157.622872344438,1421.0772079767648,2231.967207911964,73.89692585615109,213.79373872501486,45.90727254321168,137.51768070917163,66.65975706147964,20,malicious
990.0646476690417,788.3729103390268,6719.308192341238,57116.426492922736,362.3222981655388,292.1607062976305,980.8730179718018,8080,29200,250.86695317526693,0,1316.6604311450856,1210.069034942923,1684.7059099861256,139.49612136836157,1395.7879238061803,47.08437049321431,1325.763523222967,165.44774607229223,40,malicious
61.905489088470645,775.957747645525,3477.6132704676634,8801.7410530461,205.5772922396535,613.6415335735319,633.2956334256265,22,8192,567.1903807368826,14600,6557.661825382226,1356.8906532517983,735.2815737636216,314.67265865207236,268.7785155350756,91.90870959547637,1604.601553230182,109.18764645339391,60,malicious
177.57776124921332,733.0482045268516,1712.8494981658998,32341.326674299777,261.6680470045017,663.9728030116373,390.43877737459985,80,-1,558.4105865292835,14600,1648.8847415544012,953.2589249252139,9658.627437824136,236.40638446290455,1430.176922907006,33.369526072915235,580.9774502649997,171.79274589414703,40,malicious
14.62106712006748,668.3090236721342,1613.309085123454,31257.60719525059,198.342575710699,972.4294543051686,911.5663915569596,21,29200,517.0769295850353,-1,3130.815195785663,298.7213337723829,21395.084626316515,347.78811428226953,1147.86116965653,80.5506550562628,76.16782452543198,90.57500357326005,60,malicious
75.80230331621769,1128.4731504892939,5489.025342039287,22999.46959566259,171.80722856487537,645.8449500809595,653.6489315759408,80,65535,530.4831013733369,14600,1797.8116497692456,648.6802499642769,6850.521437327229,319.07247021106804,97.74071051911726,39.17460646915934,8853.365191092938,170.31623669094327,20,malicious
29.68796596858934,247.3727490831626,542.4901697142575,192.70280600743035,47.87502841843964,105.7835261007191,154.5081264414791,443,-1,61.72683151144292,14600,3429.8277494912795,116.22098981314055,7709.806121812361,275.49241670411465,159.41620029080988,19.492020147904064,1656.9217875687427,116.53539248699362,32,benign
116.60652598868077,589.6733225163085,1967.916658109336,7396.742228421162,265.0951392665596,281.6302578863011,936.2243357267639,8080,-1,171.7810878001236,-1,2867.614273582332,680.3607809998886,1625.5834810350293,152.0179008408662,1323.8565662235512,44.36837918314001,6718.611835013789,52.73118497256237,40,malicious
494.3737244766643,389.5688679712243,3481.195288141412,8562.988964200556,254.04925636703047,591.5086836965415,344.3205715209069,22,65535,495.4545427094322,0,419.66178171173505,110.20602713386906,5406.540487950031,222.32852261908985,1288.89369800072,74.70752991065484,1796.1267015379842,64.06786586281245,20,malicious
30.97915067764159,1216.3490684302499,7873.677909169283,6603.086310119505,330.98924362180213,754.5210031223667,764.7120233495175,3389,-1,271.2594855395299,29200,1654.4234314499897,1426.9966811488043,340.88214453031304,44.456675787788285,1027.2274441306713,83.50178807815739,312.06000249579415,49.09258516477783,32,malicious
10.999028581738354,319.086160715671,807.5684490535606,3747.9980108299224,23.22398918818008,118.81985998613835,159.31585602839812,80,26883,91.12455094814632,0,998.368720263948,406.34689239761906,5025.3187556202665,318.3554141877984,1090.1641639280224,44.068885815568215,2770.1229365307395,59.50891127253033,40,benign
12.120330963133183,255.20505547669484,322.7159399978671,815.3230047438049,25.12857075656198,104.5043710173619,153.36786884510482,22,26883,91.43913124801273,29200,18.063499674865,862.1810376960289,7324.950380095352,293.0366676986394,849.4655695706653,1.7938826933143526,274.4701464131422,176.68938981139092,40,benign
11.299522063646641,250.05864600351683,785.5308126480156,64.43375843879016,8.70251059579118,10.9580254778052,137.71075843637584,53,-1,76.75524459715797,14600,1920.2708573425841,57.790981231001275,217.10872237750718,157.85954632735923,1368.9863109030646,53.726334445923364,7282.167698571343,160.9265075667077,20,benign
272.6521481599464,571.8890360124263,3021.309533955667,31696.497913812622,130.36045521734863,590.5611759049652,900.0231937169578,21,65535,517.8673244780648,65535,488.6218115000439,609.3715363904005,1432.401918541922,351.1764216623907,939.412228752846,83.37335323087873,670.426192582727,146.21424983335123,32,malicious
325.57158180484214,856.1743439200432,5158.344797564372,10097.740680402887,99.30250626187589,1144.2426979509175,999.5588268388669,8080,26883,196.20744143344606,14600,4195.064331279936,1441.986667619623,4262.949688493213,279.58344571434884,882.3456640422982,91.43172919693774,710.4570837069592,196.36592821161474,40,malicious
2.9741477434332535,326.72547726850433,1327.3271518933866,85.93121082876569,37.752616865701945,101.84756156792453,197.12417823329392,80,-1,100.4262071833518,0,2309.527799742724,1299.874279306431,2431.1097679117725,299.9536120914873,1039.5136298735442,53.00621790886949,3553.5422484851633,72.71968535007295,32,benign
70.53075658075853,269.88090773562953,1421.8257656623525,82.6621650574085,17.629876911598817,114.4147273224257,114.17473417201003,443,29200,92.71200900105946,-1,295.19124670818996,1013.6442793623922,3953.773697891173,203.48080434548874,929.223444711923,27.919266294793765,6553.87357080285,120.48511045796026,60,benign
446.4521085326976,899.5079595906477,3995.9661715838765,17615.695924199852,359.7168665660335,661.9997948422048,413.9796908928788,22,29200,197.22467648362874,-1,122.31575188873202,1198.5957050461595,5611.346072717342,237.43810502146576,1128.0513791645615,46.69081073490562,4276.951368223079,192.08414953179818,32,malicious
36.51727541961643,143.3638255526787,238.23208840922007,403.2595031438264,18.132402763610408,97.0205830187239,84.29189713507233,443,-1,140.1949829356201,14600,4575.803539905068,889.5859291583753,9001.616669003473,286.91522812448835,438.1808688831451,84.62690768614902,10447.143994339573,142.2426058017006,32,benign
28.0077633127072,112.68980837157761,251.67794912044218,983.5630692561067,14.341616497220159,47.533376773339846,82.91126367386398,443,8192,89.62624202509855,29200,6496.709130260409,123.25215185011187,529.3327508640228,40.85039339874471,567.6440368070837,51.71970978947641,626.0413423283619,145.37949156915536,20,benign
298.9455997033069,799.0649947487864,1868.341835120119,24288.211174456992,234.1244547114773,397.26749526829923,932.1081333778553,8080,65535,165.75035933844532,0,3725.7471132607416,956.822905500832,17815.682669039703,290.46540769496744,750.514296401952,93.32967492554799,2098.9478278151782,72.67245738228851,60,malicious
1608.456046710305,1035.3129605367048,4591.501364175941,6534.769323983094,237.43891709493366,1162.7110613022887,842.488257834365,80,26883,492.5614396984876,29200,603.3906029715321,658.032815881102,4165.527315643083,239.8537606770933,651.1310095146096,31.39880626828411,2137.710158751331,41.225049466714886,20,malicious
125.00252589493937,698.2419013855606,6949.93190761249,10995.720699457503,213.09417065031477,588.5249986984036,647.9125716319793,22,29200,450.97935205758273,14600,687.0233665350725,1138.7682267417015,378.04751320293497,22.751591493075235,1279.8604895411831,67.45833773225306,1090.2734403647353,34.87123202710717,20,malicious
8.594395343657544,895.0331092745275,1535.910473292784,14563.473989202794,92.08979926120992,720.8865734609661,386.7321165627876,80,8192,380.7665440024202,-1,889.1062841398752,417.2196406667246,1846.7326137179991,269.78206141512214,932.2306665498145,19.165309981627164,1090.2467526110704,48.921739705544596,60,malicious
988.6868453784659,1234.8341577604533,4670.424369021266,9914.942483017172,293.8379233939583,653.5201572240541,711.2615472595185,21,8192,505.80668603091925,65535,573.1569491352355,601.2041728279588,862.0630411921562,355.367381791164,1170.6895962749666,80.48546710305875,1010.3999220616848,130.0346840528844,40,malicious
291.9970945884198,847.4477221625693,2076.562713717735,15338.441639731604,279.1139532989524,498.97542246151676,778.301260611538,3389,8192,551.551955559906,65535,2534.7837511396347,80.06691678921405,2004.3177221025942,253.05232060030153,464.61759762187035,4.750970095867835,1411.861128841873,65.45827165799327,20,malicious
62.160062058864895,827.1927696297123,7176.026485736085,5066.504309938026,206.169136079066,680.9240949573846,570.8122797695955,80,26883,434.70291370056805,0,1406.7709053835056,1312.2735612286065,1002.7847836110942,130.51287623128718,1238.0088373679703,41.16432690141561,2124.2625001749984,176.6792815910798,40,malicious
55.58172157558273,247.677765657439,391.30639096302434,1517.9500766525164,39.82741318897782,99.81962040569283,184.40198651302063,80,-1,21.657938100763555,0,1441.6565663669944,725.2184204376825,1131.0001019098809,111.55712707369852,1423.8957261006738,38.56611293450217,860.5914616743055,135.44747896336045,60,benign
24.688587291794555,206.30200421543157,956.4369869771409,678.4534035983276,27.936957462345656,57.840787299557554,235.4453721842924,80,29200,69.25310817438643,-1,1370.6024269805896,780.9743888126343,582.0895138308529,137.9023451710718,382.94537656245757,81.03151877388007,1397.0450791372164,197.91027384919303,20,benign
32.38429207278465,299.3724131057533,215.35298525776003,658.7097859438452,46.688262572309114,32.16443092458273,60.15406518780051,53,29200,117.66139801626119,0,555.1748342559163,1088.906353242758,1581.7102632866604,288.8071223344771,213.06170608874365,26.55306170173479,2111.224632040511,76.24359829361512,20,benign
36.418312687527546,296.4936667889111,1245.8850403791619,340.0205282260568,13.863851189010205,97.5690001274906,142.61984582636293,80,-1,125.07960607902955,0,3313.4409692401,625.7059919751805,3428.5788152721525,211.59774571000764,1262.3685043263054,98.9633186293557,850.7880004543307,197.93508530897682,32,benign
147.68565806217268,610.667302404304,6789.03988717153,26016.51611222112,375.1745620524838,210.77168126704785,910.1468482029209,22,65535,231.45483575365174,14600,2755.369419430494,740.7938413765629,305.9104896872768,255.4043664185482,972.0437580928656,81.92765937359098,1549.5501946583367,47.03075077983592,20,malicious
7.32176702973244,753.1199503058532,2582.772485459052,62008.37232982514,121.10331438848341,339.6658099990049,352.88374814710085,8080,8192,422.2777771805371,65535,4082.584550643846,67.51185944251324,9423.864038088694,269.38230371909185,541.7245881254441,92.67923074025299,806.2482205064476,88.17579509301738,60,malicious
6.687018628603976,223.66164501402005,1435.8725809820176,548.2772844926443,24.83204092337133,96.86831764611006,277.82671715203844,22,29200,20.583059703401126,65535,991.8563409283834,874.6268354632998,1712.5332886796405,254.04051565568318,1458.543908355951,67.98397077398185,3171.457693012997,168.5794745310162,40,benign
69.17719134264286,211.4791932511629,150.39289261576073,772.7488000740591,38.70972160807277,103.8138093095561,146.2685028430568,53,-1,119.8916769644331,-1,214.013219541659,1484.0427429708104,2297.177027936501,124.41384432885955,866.5902248026547,44.63961725004442,4388.6655588933445,89.5296194280174,60,benign
387.44469561422477,719.5920337471205,6770.906922311857,3960.985917882693,256.6191844274348,279.8951681518371,724.5283479799875,80,65535,419.7973860123252,29200,1517.6204342216013,56.162371647238245,3428.6203243937407,67.24670177711027,494.0715296935543,47.8966874448989,935.4024179138102,180.91362189391262,40,malicious
460.4855525841889,1355.349921868343,2386.3530123938535,1547.6355668746676,252.50918287916494,800.5035073207403,751.7557698538803,80,29200,522.3567406437994,65535,3793.7979589373053,734.9106886905911,5129.604792855008,115.68413524001699,1324.9874446149493,11.879105011962121,3407.5838498491626,38.63936026700633,32,malicious
65.66942602711488,770.0391604467028,2411.5291917878935,133773.6709226892,154.2548918522516,686.2177449966487,592.7878859323359,21,-1,366.43560677548214,65535,2554.4142037077327,1475.847868349957,8195.599821531296,37.6217536773082,825.3108045633262,8.769660901532406,1725.7803454168977,41.78559506936989,60,malicious
193.88183409227537,756.897980888755,2700.8625840988516,8681.381067236245,283.9444310576833,827.8522522988907,918.860146536849,21,26883,578.1375876799653,-1,167.33873582651825,766.2131797016892,4088.7075804465157,335.4679423605799,137.5614751798872,98.99502978495536,1870.1035854875993,134.00580159806478,20,malicious
10.81626811764328,159.48093655963828,1052.6250026369503,461.6010615897278,21.13453330232991,93.36776086056825,111.67355623390804,443,26883,35.14516331552905,-1,249.82864185900573,907.3526837030772,5635.145463118552,331.10636985827784,413.3308336878975,83.61851699119116,302.23991975526667,54.623025687267116,40,benign
5.092373552997406,350.63163673121244,1197.6945146224664,78.11556399801427,39.3818568558001,80.81252109096233,179.70316297528717,22,8192,80.87325932824056,-1,322.5721051723557,579.154691782393,4314.48230679678,373.5557006409233,670.0300423614879,56.07291936894989,4520.046947493628,150.56872511539106,40,benign
403.07423065462615,1068.6726489363077,2229.9800034300297,9888.840292630959,167.03251568864323,929.4539362655112,647.6932983424542,80,-1,115.63718182715063,29200,396.45070640449546,1045.7010083122514,6593.482745399705,47.85748176950621,583.8979844320011,13.003216696702157,6468.630074379304,52.034833544921256,60,malicious
11.43743770287438,210.33452098695096,760.8155188183036,1478.8533752002324,38.303482211802276,115.16705433414842,158.3308032129371,53,29200,134.91046694884824,0,6818.174303684147,968.533467168905,3268.561724380623,364.2536589958218,369.08859692774917,47.27689368423577,2335.1823356691866,87.03876826544813,40,benign
203.7447190547382,606.7089153733435,4756.011898786028,13218.568695168833,352.38032100454,1040.783995757381,844.3293527030538,8080,8192,182.07228500470865,0,1068.6879908634673,333.3309041939284,480.8796163967906,175.7093100230201,533.3151236199493,14.571535635463784,1977.1574126523656,28.575313715994884,32,malicious
9.642915690234357,222.15923510080864,1285.9334114339522,1704.192667113799,22.38904065753501,85.50773447750842,131.72134943698327,22,26883,101.50290067615647,29200,2207.2312172010566,1088.6650650189122,5359.956857648311,193.86199197829214,1064.8669715491146,67.34586695828399,3897.2129299769085,199.15498298665142,32,benign
311.9970183687212,825.1396188326515,6379.090184201256,12212.08340699404,274.3325764443688,205.24427767631553,591.7188592296387,21,65535,394.1509298661413,0,357.895260595163,1258.035112323747,1619.7717452248164,194.38356914318044,1429.975379025657,37.17974198552422,3585.1085864110773,134.45182359410614,40,malicious
1711.7517197372858,757.0263573890188,4777.513838406245,6309.455072126989,102.6388714308662,995.3447026898812,633.5134294366894,8080,65535,562.8929288837737,14600,1822.1187542471118,1329.4765489697672,2240.4114552034034,390.758593495232,1318.3936492744522,32.13207900601095,1008.4049949977223,67.94243895190502,20,malicious
53.61646547013734,189.7316582430592,159.03041053234986,398.8911993362501,44.50556185014535,47.590777541986625,73.35594504136623,443,65535,20.273638908777876,29200,561.7679958051178,188.51280028004962,3773.8290132360557,25.81034343660223,656.1919865031135,69.6553193319192,3340.2870774294756,27.596446988192582,32,benign
82.61014464843097,255.4029170014026,122.86232555639167,175.38650193940393,24.185471106572553,85.11929360755316,163.10825565608926,80,29200,35.226951931177666,29200,8104.778200086455,1242.4625294664372,2790.367776807538,249.92535460846003,989.575509312997,74.7711068919066,61.75061879556114,97.89000588897895,40,benign
37.36918383037778,268.00800786386867,1339.6389422552454,496.4489356354241,36.03044883963362,71.38884482854083,170.3574708300605,22,29200,132.47847679739613,0,1602.2548518962747,1338.115121418102,5600.234207123547,118.90492787723132,73.72118981968431,41.79634145041044,792.7030092936246,60.660662138533525,32,benign
801.4224741898096,681.4118458828797,4403.037971475318,54928.54200454007,168.65029591945458,1122.7769143488313,322.82404906140715,21,26883,324.5817644553565,14600,809.9147083790469,1186.9616671119052,3256.109231805822,396.27490637766743,522.6935676295809,58.24678619152911,10143.663058488104,161.65217537408066,40,malicious
128.59143238303545,672.2971215699897,3826.7443181404888,5023.405919369593,178.9232052865162,638.755070090389,865.8363556794407,80,8192,377.2112689128836,14600,1987.2591509128579,904.6263420119238,244.9847097612628,256.32437578150547,569.1342155198216,84.53744723985179,404.9855891958129,90.02922616490724,40,malicious
17.005215978304943,195.40063806879837,865.1628426059493,104.0712730299448,17.290912528779977,21.013868575101675,136.963670162815,80,8192,92.21138154600568,14600,1750.9238999632864,288.3399358703733,3669.0133748900635,26.361447803177782,735.8588451158445,11.978980295551,407.6026532477655,147.74110647984799,20,benign
295.79315420445647,679.2166981909419,2147.045034339843,6238.522412404415,375.6307959008725,226.88029250588698,433.855814859341,21,26883,222.99764480622042,-1,1241.8469478195996,1357.5254671472576,9849.768513772973,283.98203530754034,713.5112049539856,78.5510748738876,2246.780322022725,81.11410602410591,40,malicious
18.46545765101285,219.9121804419254,1263.9548264874857,118.4618151914914,26.76119516908415,39.403434321539635,83.15946623212982,443,-1,123.74633674860165,-1,4790.046350495557,656.9529154047129,2584.28817168892,212.64760818988037,814.7130202442409,19.55514331065339,937.0283255724013,51.97730852046669,40,benign
15.350723019852584,256.64095397487216,1453.8708329607266,634.4883318146537,27.965659932869045,112.24086877147549,144.5084169898878,443,26883,57.813711660254505,14600,5086.685759291344,222.06673303978295,5493.905703310873,362.16963602593205,1290.8859861103508,8.586827960008314,31.850206197824477,136.09717306218533,20,benign
0.9360078595298105,158.24007331645348,239.5131790343682,51.52799737762102,30.05922556626678,54.94318136404676,123.06687422430983,53,-1,36.3706249822831,14600,321.0802398968339,1445.3062946523844,376.5193661582916,315.79762239954954,1354.3999379176423,56.87620369525178,2377.5141296849306,53.20622485323922,20,benign
126.6692523059859,797.7735339045835,6446.474926497092,2332.692879228345,257.93487293733943,755.7509305787554,977.1280547778213,22,29200,487.2072847303496,14600,344.99790802816585,1248.851999810223,4012.8381417332666,296.69918279049364,380.6086086485213,67.82319509148965,6251.2582808706065,37.00838455832809,20,malicious
214.21941606827474,941.8888376187958,6855.821748052299,632.6645883504518,260.4590355649845,520.5359890066179,643.0571925705007,80,-1,402.97442857815116,65535,9524.924651153966,1496.2523865347289,10725.456091021877,102.59090980273548,379.43243157394363,18.893616597734763,886.7211337936666,74.33589692246956,40,malicious
2.2869439676100405,284.00797601084844,856.3395698820743,176.22869762367029,44.31280102111188,68.86852888132495,244.50713576020607,22,26883,25.294687826449575,-1,2009.375297571153,209.25653134122373,16603.778797740797,337.944273537876,1040.6172902012788,83.04140490320519,507.89131250014583,83.43540770942334,20,benign
240.7143186452523,607.3432753451077,3742.6663444430396,11686.01726908566,236.3670942915469,731.3684296304436,603.3585049120363,8080,26883,554.0370467037772,0,408.8104766462673,1064.3416463608407,1073.581182837663,391.72787097661876,1342.4130893381105,30.535076856941444,2224.1124963151146,101.62245810391585,40,malicious
236.0460772583067,1292.4360530519098,7624.062688648426,29983.16198467405,275.48516963767383,638.5213241602128,484.02258457370954,21,-1,180.77773719142928,65535,165.2948627243359,1494.4949370634267,8615.804047335743,245.54476573223425,1046.442693192745,66.49255241722432,532.092341543453,166.63788687159362,20,malicious
71.85286998391422,247.50691629526685,432.1771894777626,920.8000255293891,43.31713164097975,75.91126751606816,170.1334539359005,443,26883,24.201097835977635,0,2790.9262834662773,823.232151184825,21512.30030314737,86.51658520851143,1168.8235305355606,97.7666053334466,1022.0700466651458,192.07930257848653,40,benign
56.49216251110438,291.9825105840526,1166.6450993493847,307.72938938151407,35.449765495046876,107.1146751513032,266.6380355408307,80,65535,110.44550980748578,-1,4731.591127269838,1154.9671517856164,1866.4116736038634,265.4281556082273,545.3193306805877,37.58042908599598,564.2069664541854,130.77649764988578,20,benign
246.71578908209847,739.4567057788754,2022.6219367508584,32947.85231498889,255.13187925557355,1094.8254359437117,858.138821333887,80,8192,440.54901439516755,29200,3302.3928980023707,1137.405014915857,6304.098294931519,294.14296396974555,1130.2463219319627,8.85674118004819,2134.3335538469323,80.68079644070855,32,malicious
106.38882610464609,701.1726382388181,3187.4789796935256,14453.399385155755,159.63872806627313,420.6916181759666,957.7815712163651,21,26883,500.4679159001882,65535,622.7118408365869,103.45759947014596,479.4649208435326,81.30386269253599,1028.341303378479,3.473781819850119,814.7313458667733,163.36377779601068,32,malicious
11.020972732967934,199.47643591296384,915.8475827699717,797.899183866075,47.08887253142506,59.49708740490466,195.32430436438085,80,65535,133.38423737649015,0,5425.094245175294,1331.5036412494264,1805.1180882456083,105.22780103588157,1103.754017938006,44.92624638186072,7351.516112494807,152.86918749080075,32,benign
28.41013813002575,145.16934761279094,795.7673501699019,1265.6137773666132,10.940191700152287,69.35789148319239,196.53244438187497,80,26883,143.970201091661,0,3.949158149651629,1184.7985045275916,6946.988028364609,198.55963187791986,316.3368084987307,14.57081412704947,613.6632147623345,194.5999096147369,32,benign
256.36916671532794,820.8805783876519,7342.862544837836,8352.305588143252,376.559257711879,1072.2006786015031,307.8907240200295,8080,-1,259.03166943238307,29200,4154.546473286538,467.74784977052025,29052.232719526968,326.5945248498721,461.9280696174189,32.75226390873429,696.012537118531,147.05584378984196,32,malicious
0.5501586607479283,281.0216347562157,445.80284687286985,21.23782331407879,40.62816704572943,103.94307292375112,262.85886650231805,80,29200,43.924071788605765,65535,7197.512531948173,777.2275257071609,3405.4823836487517,342.8019267399154,1229.516129229237,49.305714132853296,897.229834369484,130.70376521757993,20,benign
6.968929705296133,256.0836422080389,515.6911843587288,697.5742548645886,8.322803530787787,32.78019719378174,180.79164156305413,53,29200,101.58602468108457,14600,4766.726193122812,1047.5796595496063,2483.561457103106,299.0711589165179,215.49103443229959,10.922712023959914,2264.373342771711,135.55002943436062,20,benign
98.91309591842631,910.3216325508474,6014.181391906929,8129.094457823231,340.34636946452605,830.3216040359839,341.9158121527737,21,29200,450.45065536087145,65535,237.50340169866803,670.1922380686545,4229.9168830177905,28.717744263455796,456.37432461414375,11.104586619517631,193.1730320341975,199.5120046394188,40,malicious
8.075543620205005,192.05545461001137,875.0691940980635,704.7014980460123,36.67876689105401,117.13597282009535,288.8684541036029,53,26883,49.87315953903705,29200,6053.3386131660955,579.6059874662094,9547.462689507012,226.60329903567248,714.5903140920504,56.94150481311148,961.935416286445,175.66744197649962,40,benign
967.165565702508,596.802472489762,6794.195442659941,20401.93893197238,170.95450309132167,1068.0343217153672,937.7406017179682,22,26883,291.36336111671085,65535,891.7809233547273,293.1472230156666,1937.3601097119908,104.14560938966875,586.9919010150968,93.40732668351433,4066.226205409983,188.7536752456542,60,malicious
23.18564829706093,220.74613306083063,556.3235386963934,413.6238834578007,44.651476189035385,40.61345811268485,148.83460180781196,80,26883,67.8939927053996,-1,2417.6837152836033,1408.7074672567287,407.1234742498852,351.32673839813054,1406.9610911733812,45.463383512730346,209.16110183385288,173.0916719744886,40,benign
50.091582072155276,215.2576129170817,1332.2560988136584,112.3318988565147,21.36848422315451,35.87686227775461,251.1670992812354,53,8192,57.17277823790317,29200,388.94737211637954,1290.7147487252548,5710.018499708952,284.16077625321395,548.799863932275,51.86174545027461,427.9107192813479,177.10966703997923,32,benign
0.040874672495945646,212.69976856678085,339.52524384956314,678.678323434264,38.823341002611706,84.4862776500828,66.58086156279995,80,65535,147.15040707612877,14600,5523.330694544516,885.4164287781208,765.5634523879438,371.50355554812927,610.6736380500078,12.321271920723287,1195.5567236761367,186.47293758187806,60,benign
6.293331939912589,274.45733923404487,517.9011027312648,520.22732753886,26.47104944337138,89.5587943214315,160.72066294000265,443,29200,114.6530053288064,29200,914.5002831942332,1285.0598885511854,18348.06542590724,321.18165002409313,303.5901516233612,64.45018441328796,126.62262253933265,165.90364113572582,60,benign
1.824153572051327,196.77327437584813,180.69224465341452,337.2464092334085,48.82064568404843,28.90193730012306,160.5860329296504,22,8192,147.99116269919045,29200,2997.4286309899207,1234.5855594505747,9703.448561918776,225.97652648410948,1394.8342262885608,93.14912126788678,201.0816729556408,29.940904132777437,60,benign
22.19206721258416,204.35457552990573,272.75384289259375,91.19556920417917,11.402318295402404,110.04177061801383,248.38076717969807,22,29200,118.66517327432902,-1,5701.991640111963,243.67872622823677,597.9971784537618,254.4063553011382,1481.6139389977895,17.320682117863218,1222.3975578323636,59.303583664253736,20,benign
0.7747408290142457,245.01572809448302,259.2916140517649,377.31240225176055,22.566077409928624,40.83191317512178,205.2589796830963,22,-1,133.14054397934618,29200,5321.606919885637,886.7769599578187,3045.587191033913,45.97779215415229,368.6030648761919,26.246446594531236,1344.6014324444611,147.9411303123719,20,benign
4.231313180773385,222.98299316643494,716.6691103950743,203.87222840821192,44.01501595492074,99.1794308750876,90.33736559158466,53,-1,22.89250920247829,29200,1564.2121746419775,1480.2362353544204,7020.064021740723,257.7164969101415,962.5517040305929,55.641754025188696,649.0129484746559,178.8986493891106,40,benign
11.115025826566024,813.4054271605094,4782.607928407207,78862.89398771262,80.87772266797688,771.8718888959569,555.7892981261725,21,29200,230.29221472299278,14600,2339.574870486359,1176.9112262351134,327.55560268989007,41.527849629646624,1419.645589414054,48.343318977063596,1494.2326144544445,170.03633787688446,20,malicious
208.9982955359639,597.5598409418631,7016.3754058079685,10274.703532665977,186.15014893895972,427.26179645899003,458.6758820272231,21,26883,571.400370306445,65535,1285.0475713498913,220.58849372668766,7813.597742309202,214.95947613030427,603.1860432494648,93.17155433479049,6315.049442982428,30.39611785826351,32,malicious
22.212271977474327,1004.0717770450673,3975.994129426306,7674.495858129234,360.69293438210786,289.4580430288372,759.732968882066,21,29200,257.12010030251247,29200,1973.6455491043564,992.2529593855849,3133.3185431071324,347.54662751749225,294.74008824078555,12.395135094942667,4107.590000246756,181.47407154235205,32,malicious
29.96955386916957,224.8216457180421,1468.6335186827102,176.09504773925556,44.233971685187214,16.72316297989922,217.52831527493734,443,29200,140.8268270165147,65535,4520.45486819381,701.7950615974964,11473.956166953432,106.35654110670819,383.71526118576077,16.98853611766267,793.2918108360668,186.4405043414663,20,benign
54.590488266913304,300.72081188352877,320.6597956771556,868.2756280573889,35.00654648627112,20.976192853025793,74.61232368388838,22,26883,149.61327601312243,29200,596.2516015247124,1188.473013021421,2465.600077522988,203.69177228389077,1354.5586386975967,12.999196349200304,1356.8176162918696,50.81332000393512,32,benign
259.6370768851665,851.3011096402602,2652.821677951584,13982.05075066206,285.7706941645894,210.93560269478988,480.88753554834886,8080,-1,308.71743606406324,-1,1623.007357674072,391.3825963015779,2025.5616215791517,49.652219724999995,464.030681103002,65.60868843562027,1731.021685955373,23.750470168650338,20,malicious
30.712904407100755,250.59697606433534,1349.3100532984577,813.8966470463577,19.26084927037293,11.885557302854918,210.41973854509388,22,-1,26.148076442188945,-1,1555.6003331541178,1252.4574458224158,823.2669581235825,131.63634047457361,1203.790570382775,39.815914830534716,4178.278035718963,75.63677026545132,60,benign
94.06769040311198,275.3688622373306,445.4902825231937,226.70244346190754,49.02562089778167,116.06492315247938,65.4648745379353,443,-1,22.792095000812196,14600,4668.6423948871625,1382.024440662703,5805.879728910958,356.66030710354704,640.0183672363702,20.794998341135862,1162.7899544027255,95.6390551377048,32,benign
10.911832239576665,245.3527953753083,1260.3358018302597,20.111077209480698,38.891432168579094,103.72154320771678,290.4556664024367,22,-1,40.32516146753141,0,728.6212144673332,884.7674798386445,482.0341524264082,63.685419305907395,1218.3898497845553,25.192579100624933,6869.717516837205,135.37856673051772,20,benign
796.6269884890346,910.4714239937449,4264.191933380216,9110.07154325491,184.89238394409338,1106.5540529579898,705.9058643496327,22,65535,499.79899911530765,65535,337.8967980965568,518.9078206410629,4926.301936337604,176.96704695651619,593.6213319482375,23.322018710225567,2115.2199559638348,44.57497221166487,20,malicious
35.353325435891975,253.6528128760716,102.76540791157333,115.64116795935098,26.65730962109675,11.220281376413947,199.24862474383195,80,8192,132.6557469433227,29200,1508.5176762754575,1151.8245714235923,6079.757388091877,102.78546176615868,1211.968286225815,57.92735685773766,356.1555914518668,118.01218554680777,20,benign
11.248268782246308,1017.3957376174467,7485.904690209167,14902.218386938226,322.7258251740458,949.4059547323008,603.6201401107398,21,-1,275.3830928110481,65535,27.854072043531048,1451.576018970281,3539.823661693444,369.8518341833836,204.88265974823454,74.31497601345627,2222.1170883284303,181.7571890940164,40,malicious
722.0894267269287,657.498439735497,4274.211176934871,53114.06262452335,303.5950630316465,388.6502134990743,378.0153895081055,80,29200,116.66401160350983,29200,123.50947062749499,882.784018075448,9251.244762574232,272.7190938763307,793.2896658472971,20.359756744656778,33.93721845371515,141.8845760320745,20,malicious
325.635509169109,541.3060119988887,2034.9858734706036,62447.7435146045,336.9493915519242,806.0722950606921,598.7308391501771,8080,26883,117.43153940824266,65535,1634.863047500086,1190.2189914503113,31328.52350944521,219.85180364593887,764.8327657138991,21.461065966039772,2148.3714888626932,80.06204858462903,40,malicious
10.444962533443805,261.9283764290292,269.76292616058026,46.59612389834673,36.412266354589434,51.82198147820661,211.99043750159905,22,29200,20.879841934172756,14600,7051.177300616498,606.0795387185659,10938.15291117299,306.61868934666694,1021.1406156523052,87.20116334016448,1876.4426806885183,101.43163037297856,20,benign
478.2410365953876,674.2324083301219,2159.187681182134,5748.735331335242,193.5259452556719,530.5167427389051,877.7144401347981,21,29200,421.03539675703115,65535,1281.8749668309545,843.5760745909892,7206.1374115203635,203.42599707999995,591.0064280725369,24.180369128404344,1370.5092146743136,149.04706723402975,60,malicious
18.53610584981831,248.4087826858858,551.6054097383189,794.7664357844793,33.9654999185576,27.445075650469935,68.9306870524274,22,29200,69.66001414707074,-1,1970.4773873633446,120.7219277941558,1822.7759934911621,246.33656593402856,248.47645226792793,13.875263960974182,1276.671971079556,105.74476790868853,40,benign
603.9844596879383,1034.4123578359272,4886.379962485201,51449.795204426344,147.18189347481697,815.3696471046738,552.7795295253172,3389,-1,510.8627343517744,14600,2852.817170785035,187.46840886557783,2944.1313799870372,284.528022213684,407.01497160659414,42.605000001151005,123.24417358560717,115.37392422421804,32,malicious
25.687442450696576,214.32869364217134,394.7702812317662,146.93827105610404,20.498433740127112,16.81732528305681,119.07051768535852,22,-1,149.34419612328657,0,2378.9292043603364,1456.1156662218946,163.46544971245237,190.90169288497697,1048.276789900775,48.275597618026886,134.11882915858132,144.57222155040444,32,benign
146.97911275451742,505.4571606564473,4348.7455650100255,26759.855032972137,373.67731231115874,1156.1985442671053,786.0228301112065,21,29200,532.1015450973329,14600,5024.4173303081825,1458.8629387919982,1641.8506119962562,173.67976065097614,1376.3308352844995,35.694165810798616,741.3484540365088,141.248416120655,40,malicious
575.4700512777015,1057.2201390607797,1834.2631041406016,8042.845231625313,335.8782058798304,842.4963943499445,776.6684085007016,22,29200,324.2560830727521,29200,543.4251075322971,1428.386490976692,11163.343578422904,57.50132371514284,882.213000737199,92.77967683164306,395.0164117627333,108.80557827861486,20,malicious
42.016734070357316,218.57514122735898,1470.095419614867,330.5650027314376,33.20878795262,37.00724243157131,140.06574617236083,443,-1,56.37542036937329,65535,213.7031522065861,1310.2391737549838,4551.102946230239,396.56749648363063,595.3283496454075,62.294862175097876,834.3737020172706,144.60644900013037,40,benign
22.418678928147063,240.11972668885534,351.03387264088553,255.2351419624476,8.697513538327597,116.31141423146637,86.69752652232233,53,8192,37.34162464605832,0,149.10283082964253,726.5941184206639,4718.274899202685,179.32264895061604,239.4841199559373,80.93427704446881,8588.045050419243,147.55306647309777,60,benign
1.1626194893570387,265.5611301133625,100.04761329570262,1824.3457135773147,46.06196359799763,108.88069923121124,111.72562875876122,80,8192,114.63436166751436,29200,4327.1423112886305,591.4544666949641,86.55791076383122,250.0972093806602,294.06635074635096,28.721279490174645,3248.803629448507,147.2292242641801,20,benign
4.129255133892325,207.92789730738923,713.0618244642206,96.69319628489357,37.424120879292914,113.19846754170395,135.52219356675667,443,29200,110.56450030633582,0,1482.726612603357,998.8325510034566,2237.551541335686,55.7016911004194,601.7740314156828,85.64812558918112,336.3687620295354,165.27354885082715,32,benign
50.153664473405115,695.2317701346678,7702.64390540035,1439.3227894174754,103.51986124672106,947.2043715270212,837.6800704352626,3389,26883,451.20057467836847,29200,401.0676943405932,69.5932750266595,4447.36870773791,256.6147627156831,82.89590537983753,35.294741657930274,36.30260713221138,94.67298154245576,32,malicious
226.82204704104842,675.2556231347223,3547.573333240867,27988.52904545333,303.9960015448051,935.5117139264047,548.0762661058291,21,8192,373.4170752868458,-1,2493.1810438070293,1375.523213689387,9700.862149045108,293.057135862932,494.9583057265637,61.59624538964129,122.5512005447103,59.92175967134063,60,malicious
24.761537800455923,162.07412553607753,267.0040018601452,94.8211297517343,29.07669282659113,23.080590068352116,82.40561174789342,22,8192,137.9051831825603,29200,2514.334810165404,342.974063495786,9892.46497281074,305.15550868420615,884.9289901823583,69.4944912615092,625.9673958456104,114.42571219383558,20,benign
230.54431065210528,816.9947563573801,6470.069684648514,27208.213391773093,162.0770146187419,217.65971712004256,706.1254930555762,3389,29200,318.6256155052253,65535,169.03807824257885,1452.220193023498,2088.5785043238607,351.80603438305576,597.7111281120924,67.41080526561312,424.06474363573705,193.61645169357803,32,malicious
209.8838607507126,969.9498804398254,2485.056007389518,3686.0530042297337,381.93169117011684,407.88762621436496,859.02955274791,8080,65535,226.19371933766377,65535,1320.7362212677926,254.8359373987226,4513.432237632028,175.27535789020953,1151.1122211315735,50.91149262304403,1501.166820129229,192.89064146698988,60,malicious
8.512376560661343,143.90654357438984,1442.4763884252088,145.5894674163132,24.87607270994465,42.32797152273207,285.0600239903869,22,8192,105.56938515481984,0,3060.5562453969155,1184.858295168682,116.44372737038864,155.6182005964014,994.9607139672758,23.000692962696256,2695.8000146328113,196.93023098751894,20,benign
69.47330638637234,187.97516470342816,1348.5005625806605,916.3221989154056,48.20978910106551,91.23966111822547,163.7138909267452,443,65535,138.40103952282792,29200,2289.968060220799,847.0089733503031,1301.3475388845084,203.74810379387466,1375.4715063708793,21.840354626808434,255.57788717553348,27.216758645632126,32,benign
27.23804075093756,232.83762835051954,1179.5927743615503,205.0519858041242,15.586568123770899,21.57200869694037,135.81595608286278,22,8192,30.353436212345137,0,969.2511963470325,1027.5859390558558,14805.971748312739,322.47006455738597,439.18717826129364,31.041930228569758,1625.9839022397034,73.48668007202798,32,benign
20.09980886652881,329.6240958680329,1290.4004349381512,1252.8768701276986,15.999697210791314,58.54979140264319,235.5791311968558,22,26883,97.91985239478376,-1,1949.2221019671479,715.6160719573793,6940.069992506528,236.00797159663622,1064.5998296813186,47.339141112113424,2665.4814510158853,184.31117123776943,40,benign
0.2836552773774368,259.7703648594996,1486.892449643075,6.6446185477448605,36.85980262730381,92.832168413473,187.52071349262502,443,29200,49.89546277362052,65535,2951.0010810156123,68.23106895711736,805.6557195444094,374.69533363153135,1418.6245375114765,91.58389500241968,2264.8885478818697,191.07773360642233,32,benign
2.2944534934750327,1107.8493063839458,5572.632049202936,71064.10366968182,277.8531096275726,704.181583296644,770.6048744694519,80,-1,271.08810930317156,29200,2037.173805697022,978.0599726908974,6526.281636051824,224.02605872817355,776.9259521735808,68.74158131505,1722.3574304616902,177.93534882444575,40,malicious
36.047316697732455,226.0873840598159,1314.8785812459041,170.0498294850541,6.895712551225503,23.54329346916765,189.9793803353311,22,-1,21.745545020145162,29200,1294.8810530672492,1143.7788153285348,1126.957632829157,88.2877662617838,731.3780210800693,6.022342224832178,1249.9585365903488,32.68828578928829,32,benign
15.839156854713064,266.76532774681164,1413.4149975209118,343.3788420723876,48.319124853690106,83.49005900131598,294.40809864712435,443,26883,108.69597640631338,29200,891.6268331889304,850.5854307243117,532.2729582579598,373.4183401410122,329.31085499019997,12.170210490794297,546.1215178138025,55.06414546040637,20,benign
621.2067513071415,830.5330844361229,3107.370973988445,6569.077684254286,357.39273360161366,1152.167920371074,779.2142627049827,8080,29200,538.1606367443351,29200,3171.5207757762814,279.21207214443484,425.7547929878269,240.3293698239282,722.7345119045718,14.30901318933875,3954.189648788608,100.92068513899163,60,malicious
437.8362048092833,1014.1243568288033,7902.281415034711,3511.0814714947687,289.114328885475,629.2021021922847,650.8960900920166,21,26883,101.62981190535827,14600,751.6735171175288,269.8680228792332,4139.682578630789,236.51472054803466,845.5176834586591,53.79269775768282,289.4778353117048,183.19065157035686,40,malicious
32.98301461554545,259.93743810762084,607.9532336757233,403.7998032337525,7.706485752966827,56.81649263375038,147.63359595717623,443,-1,60.32857794767146,29200,2446.7316289602627,52.475533764050766,2723.9428105051643,242.42361212610882,417.7187772014553,11.601440758473714,829.1746922063157,168.22950065370875,20,benign
259.9844934580612,698.7287506073911,3262.0559998209933,18392.52673271466,214.00440441132355,250.88138861356572,593.2316390761849,21,29200,136.16132135343648,29200,2403.2662150565975,481.07425367008443,4287.318865259727,171.46183359476782,1449.102410280685,78.64809657842021,321.3769194726236,34.516086406693915,20,malicious
21.567166139821854,377.5175909995515,1166.1790171063903,464.96262852376327,15.43632438884449,39.65009589885058,230.28667945409444,22,26883,58.466001729064494,0,1489.8829225541435,74.60307353960609,528.0841628403327,387.46071361642385,988.5855932477394,44.457998414440766,745.9774440500363,171.5282130089008,40,benign
468.5992508189748,519.1456450589845,4527.818126447484,17751.34861674284,378.2079212905585,901.7087157575296,405.23784934811283,80,8192,185.15113742240038,0,2860.6744262964435,93.69053388773753,6518.119656529779,46.968363903057764,1033.0432812873119,17.67914074121355,1967.8372759018812,67.4781399166292,20,malicious
430.0161098188304,1095.2754451158453,4235.972299770023,37679.655110064414,191.72819442351982,325.0180174131034,550.8572046113591,8080,29200,479.4674279849993,0,3574.4939161022016,377.5701765777024,8438.153988594686,153.4024734189677,985.6079942897632,77.14327706819554,1328.7047234871752,34.00235822571497,60,malicious
436.3880441085109,1007.5661505501762,3629.3113517844818,39609.95080634074,140.697367387573,651.4957283246092,694.5331276956967,22,8192,416.0917502391753,0,173.89406112684975,1456.163897167812,1132.1063160699862,226.8993319035731,587.9749357372428,47.93357701246648,409.24392514715805,146.9612460168093,32,malicious
11.44679329403652,236.0563741864848,889.3310682725835,541.3700856355912,35.240698459280395,56.00120469765206,266.4224497189003,80,29200,105.41663919857763,-1,1595.5465854015479,1313.3244051956144,1362.2566659885063,221.56070792733343,211.48872874695567,21.421669890367944,28.38477346695821,64.5034433332664,60,benign
498.3048302083892,615.6916376111843,5703.55528078811,106703.3429865711,238.7556843725599,984.7471889635428,760.3104737783619,3389,29200,466.61740564928596,-1,529.0477621316951,895.6514683244959,2869.362827283493,232.58369640626714,1293.8132196306196,12.404411560709683,471.7961581974208,64.81042503418708,40,malicious
14.372971716790692,260.95921584215193,209.02417293927556,15.53966144077689,11.438534802523883,31.29369551776152,54.980322685009504,22,65535,58.25768153756151,29200,3172.7778775333077,1490.1992001522215,2007.6050939845752,333.3548359183013,170.67638624309225,97.66901630013102,2026.8887803446644,170.29892601633688,60,benign
34.447354075711544,282.3123859224909,1193.9229398387458,471.05915115600897,45.57051465414344,98.08133500023466,183.80774137628677,53,-1,98.19496013602689,-1,1149.782669103353,860.8510197471593,4791.872196917709,66.86114463534571,1068.843270902581,80.83471733386857,1739.063003844461,154.11574485488393,20,benign
73.7925274353349,1157.2135283898383,6955.194101039056,25024.455327764015,83.69234739009312,961.0197088895718,382.4100797668789,3389,29200,224.80833891255622,29200,4152.781291462343,280.80079832442993,1020.1441636799476,367.9949870301848,891.5277859467232,15.751168040678987,111.18436260370494,131.57538124604116,20,malicious
8.62670888079592,209.80270372849145,282.1986376920968,3.6390983637684267,7.319042841653869,34.0813762085276,198.85550430725297,53,26883,69.73445156222203,-1,2062.892276423623,1022.3197489005062,6819.703697010283,249.98008125018106,681.0543957308412,10.73053870652847,1482.8934524220265,185.29486328175358,32,benign
0.14361658255826318,232.09498063685385,1412.4110236347863,48.937615719690335,31.010305299975577,31.80873967931184,165.70472431338882,53,26883,53.410074300710534,0,241.72365791218147,113.21984163280467,7471.119703222028,23.84367261415231,1224.5074112348304,35.66180656863413,76.17147355914008,129.5771874694356,40,benign
34.25281275651499,281.75299388884287,532.0604143639107,32.09321774535389,20.885748508419766,14.897334987646,281.67043040867196,22,26883,66.88716674420567,29200,576.5142229474632,579.7908056437899,6860.685475765637,170.26598550841848,1419.1643288995929,20.465272088228048,207.54760525057117,183.5424608408983,20,benign
8.25545862156683,164.73670619064544,975.87628368491,1021.6317279850002,27.41410458837797,102.76117336121686,51.54411746227162,53,29200,113.53836388597438,65535,1028.8589504051827,1264.8478009235218,1135.732465958128,88.76670428448881,756.6875245270102,84.7135909869493,427.42041302730433,65.77144453630764,40,benign
238.229442189299,627.2964314505457,7711.440194955654,31715.129907397917,93.0423684274534,390.75936907007497,627.9842747893367,21,26883,275.36084140895053,14600,978.4887282118275,567.067407375274,1550.0193172997224,174.656416007111,1114.4238407379746,48.84451800808453,1174.109331438324,42.860550472420826,20,malicious
7.207910894183922,322.38512747433253,184.00697324296684,522.0794650625921,18.420603878625638,38.111086322551685,158.72245299619414,80,29200,128.360954043642,14600,1011.0095008775617,1270.4231282464625,3412.7226189438557,292.5583223314372,622.5970953564383,89.2295975329472,288.93673209149154,105.12201982158906,60,benign
169.48086165429416,952.3626575856512,4410.974803976691,7501.074991989104,399.548775856812,349.49082077714513,361.4799001996562,21,8192,435.51786692089917,-1,4674.861144718751,1277.2726783551518,4043.858017238798,128.62479196557183,457.7484802411647,71.46563211680756,2917.92135030637,138.5682380339266,60,malicious
237.4947940052353,624.3944032207698,3242.863358741143,18875.49307285373,95.80400706450142,722.7486044999697,824.0696450515039,8080,8192,358.67025594273946,65535,1231.809152339491,137.12780988148765,1751.4464655329207,118.66091711520943,1205.3247165920327,87.3804962278408,1201.6319504527598,67.95796229293873,32,malicious
916.3527406871706,684.4623951344333,5455.973502168439,24673.302074526546,150.64084291263526,311.3596542121907,380.29127271175093,8080,8192,119.1814428266514,29200,191.2592480870879,1339.3257655921218,1937.8270134455095,167.15377865078491,1180.772435014121,83.8789589180781,1138.7572979253116,149.3099929625835,60,malicious
10.002303489615654,189.1519418211455,1430.1845988643836,301.9276410248167,44.75861943143161,27.69755385654471,126.50938514279218,80,29200,64.36689222126313,0,732.3176132632906,766.0852733554535,3917.5857245425887,70.82596919962282,913.9880697267755,96.39905485702256,4826.6070092579275,161.23989013043115,60,benign
1541.5221818642121,1028.0077115130205,3183.89577266136,14570.099721923565,255.3875542909246,586.4238788002632,510.7256692354147,8080,26883,177.4637634924813,-1,1163.304847644725,1420.2375519661016,2400.5401518988683,392.9565490610365,1496.5662311033736,23.156704377034785,4293.690349146868,149.6006241612624,32,malicious
173.25480256606255,1266.4162673231556,2009.919944997146,17903.141012673415,129.96055735132853,766.1179621182391,829.8578361219813,22,-1,440.7556263357892,14600,855.1176496555381,751.5777277622609,2156.178273580178,271.3253033660308,464.5049087525657,55.1978291689896,2151.3291030470295,145.1610465861497,20,malicious
23.894038406397907,278.4424427118641,1367.0946347207846,242.30864133147122,6.925998009957597,74.24266371670478,124.56349700938395,53,8192,96.86805479803519,29200,545.37473073144,643.995612635202,2316.286698244298,396.8032264488498,693.3924062044254,50.69373319860362,1548.7394519150844,25.32355798130504,20,benign
20.581168989785258,293.3495624434016,523.9179266074653,377.1794785457724,29.307435420957123,40.76436360870573,186.59432239389412,53,8192,57.570044902398976,-1,1087.9830386960996,745.5189994977331,9074.66624885579,209.16976240179565,1393.3492523890018,13.317222647254933,60.17304724487957,167.20702618891218,40,benign
391.7219345245696,994.0641264914125,7433.539192300506,36849.19088128758,168.97109311769228,939.972608186733,777.3823401325496,8080,-1,142.09019807660286,29200,4424.15184128257,1098.9058220897382,3609.70305463879,368.3791819834499,1456.381942520927,14.292760734028064,2197.103814597282,185.42537923626884,40,malicious
43.684751064027004,1043.080382103808,7250.637336974564,3415.7234345093498,143.62377057614893,744.6917382777319,420.6019732956583,21,29200,225.15110023953685,29200,1082.4241851960342,84.04375600861206,4482.78996678294,302.496099282684,1060.9191488240454,78.55781506324368,1340.269128057088,124.07275615979403,40,malicious
113.59383658541178,1012.9472883769254,3086.4527590927864,10201.370114949561,329.9116582588914,1173.5429676892036,886.6600626657137,8080,-1,116.94308751005691,29200,881.9156688878686,946.6490692862287,276.81059494243635,364.63131374683246,292.11187146303024,38.53283517855218,554.0848440379406,96.73241341532672,20,malicious
110.93213118576645,901.0102191800435,2448.5271837335727,14442.377604166442,122.52047425486114,535.9953629426077,493.1759801989366,3389,-1,507.722050278259,-1,1091.7450076308264,1379.817606073742,585.6743446742821,318.31714949035216,480.5518808937637,8.908704961167857,281.7406307885309,91.62825373034853,60,malicious
130.42610990412317,668.3094038192027,3373.126831094448,19243.487560836504,151.9768767192227,663.7200045302618,914.4067351919114,3389,-1,245.89657740338797,29200,2225.6157185283178,946.6608897859787,2193.291877721306,37.38368369245936,684.9048432753139,49.690533360892864,382.56070053188733,174.37983980190836,32,malicious
28.798708136734565,982.5075503147165,3318.420250878952,10193.595218142993,136.81164885406443,615.2781413810186,563.8077832859915,21,29200,404.75114940977346,0,18.081856931409266,526.3100741552068,2818.03784795592,167.00699662243508,827.3704341287507,77.49847710625244,3846.143035440244,136.11374473122686,20,malicious
138.13128670705095,942.0630669476943,1404.8244972314242,4574.318067929764,213.7618975939945,1183.7729989753038,997.1705582180848,8080,-1,185.65001361973506,14600,1036.6373029560827,93.22384782628168,15191.706958055911,206.60316386265364,865.8450653626791,9.38953407100145,246.49864726532917,184.557639290987,40,malicious
2.1798090650466637,267.6013626648292,1146.3556478136416,237.77580397586587,23.154530771397315,77.61196561129653,70.06501636315258,443,8192,43.09310567108232,14600,1169.8007656958214,66.70199807861297,4286.308591167549,241.5841364899395,618.2841717525945,94.90049282211683,350.5459736012233,23.94566095278083,20,benign
14.528554637466621,252.3817488847834,650.4425442342241,776.3699289773216,13.794861834092794,49.45377133525133,70.311499314524,80,65535,56.43646469079849,-1,2445.2032841153346,651.4902490756492,80.21145054255723,274.86490104162937,426.170762155026,91.04021761086211,2508.6663885754256,85.24857971497694,20,benign
1786.2767834415915,785.893937746185,3699.8629318917087,28648.107073965024,220.0445515181083,413.3712381597994,845.4540292103085,21,65535,228.35742557428532,14600,6360.57510457032,50.751783931544765,6635.782822693455,25.86712572299875,626.3169570320082,82.55057577501091,4559.754382335584,53.04725295878795,32,malicious
111.60048112182966,976.1438550211886,2687.285354521284,11889.221997994204,287.90075271136857,1071.3811184050787,803.8338484962396,8080,8192,134.54334919853562,14600,688.4269275940582,288.28342000781413,5637.885817049746,112.14758761721596,948.7703590567095,83.42108251548665,0.5477913445637635,87.13939731220474,20,malicious
342.35690205935094,858.9743079747504,3633.697642584768,19245.04566620813,142.05218317641194,686.6145769014028,594.5966375761691,21,26883,405.35999401274836,0,163.5422709068291,1465.9855820748885,1945.776240887317,372.8019213387252,1440.346848270109,10.461590947629418,480.77456490389665,120.44231529508542,40,malicious
5.179579913518598,198.28155973192463,1051.229376090596,240.7741198199968,24.108631040438745,47.26051206993099,200.37162578896454,443,26883,109.11045403517831,-1,3208.4842356926792,149.27436372100277,4065.718730695981,216.98089284777294,229.54669248221927,98.432192368544,201.38384978602693,160.9229475260429,32,benign
16.19262480086821,204.4551445560145,600.2645893799697,276.757211677082,5.729715710392866,63.566690925931844,118.91951037281669,22,8192,39.46628925478265,29200,1219.2126552952116,1124.5445853128024,2507.597249329366,296.375857999006,438.7569188021819,26.3159412543327,1179.1531483339525,108.31324531434362,60,benign
482.44470571603887,1135.4364643578897,7609.127427115952,13838.580282869572,118.4020230785099,666.4665822919906,668.3968602391199,21,8192,348.891179949293,0,792.6977873850784,1342.7616739470843,26142.748449756393,63.329373864112696,1222.6906508285128,31.26234343350972,1907.1884312749671,49.464793493075945,40,malicious
221.10172272874235,255.9358411502683,1077.108835019261,369.7084031983921,6.97525172654156,22.479850572716312,70.93699760144344,22,26883,107.24142549429563,65535,1104.510867456271,104.42051890970549,1276.1949234181252,84.13507164634076,852.7742848293069,0.23063829036173988,768.7478481901375,70.81555246645947,40,benign
48.72332049393159,222.92896495332604,261.696565307245,582.6849408394539,30.80445254756053,48.55718754328488,77.85168605763187,80,-1,26.921758599399844,65535,2357.2848246652247,1439.4500739824239,1493.2656272954284,203.03232838303921,210.63351289855444,78.56439084832571,2227.8609004660507,161.456276120009,60,benign
18.29754419506122,272.7473562059904,1020.3775057452336,31.862581289139413,16.570126410526186,97.22434040401693,211.92108083768898,80,8192,97.09257346174589,29200,98.92209428544405,832.7889106886437,4020.371036065099,327.40400030563393,502.86340969644766,98.57117907779795,3348.32859334562,151.68351384832957,32,benign
5.186539793442535,701.0852520369358,6696.922377359364,17776.25416022178,225.30723397098404,523.3912648341511,532.4433257742728,80,26883,400.88965031952506,65535,1982.9087723238322,353.31078313863776,7390.995850731682,294.03745305308627,614.0786615032787,9.027869474462202,2710.7695197631283,109.41101801827693,20,malicious
26.757508286559272,292.1377155258388,1393.9282361251169,346.7254602795822,21.312113816405443,44.71378577890432,118.87799960105725,22,29200,42.73745846344583,-1,1354.515221784351,507.00676990676095,3922.6211412695716,131.92949893670442,855.1690141162289,91.83717828238466,2562.9193703150036,128.5671165166378,40,benign
6.414630460499488,184.22654409939128,1214.3526961988043,500.41762695012227,7.585844571109662,35.64908208209789,220.77727930395196,22,29200,135.74952435472989,65535,1832.0065510869329,1471.971475359474,7426.540163714918,288.0826189949552,1423.8275737507563,36.604501349613315,23.202401649132117,165.21380455210596,40,benign
82.54033719351251,1340.01216538112,7560.693448418638,8451.20095549003,89.91196389731667,633.3871910768273,975.7322933968557,3389,-1,456.97944222177665,29200,1629.1560073243227,510.6092102617373,3203.9709367458604,166.52900736609388,1096.96806231626,13.129698252057997,2236.6264298748274,185.07769039727532,40,malicious
581.6418488829097,914.4042814579102,3126.562260992227,10373.297520145476,389.29084221578717,237.2975320918846,709.2497484421798,3389,29200,215.95971429436858,29200,319.19086787961453,1105.7485779023996,3176.917068256331,197.67461930502617,953.8033452284438,43.07006291546417,221.16484237418416,80.76343267056305,20,malicious
127.49835101022289,1090.7702129656825,2908.439966513991,26168.93050880919,184.0247677155344,947.1087749533273,748.547463370056,8080,29200,428.78785971842376,-1,1708.429722714276,439.4233121419035,2790.4123069785473,27.904158723051772,916.4548751544462,72.5580695365163,1797.4950630459957,109.09642959125884,20,malicious
225.83221270523808,806.1319447836674,2590.3772601988685,2791.9887492344255,113.09409010297617,585.9103173228941,820.875406802305,3389,-1,141.88649192920707,14600,7657.3608808304525,806.9654942410697,3402.35517625877,45.28482284957127,309.76533922269243,78.93444285057522,3406.3102838101872,50.30807372665797,40,malicious
46.94826942371837,206.39584733740224,723.4416937559082,1006.3277469454297,48.86453850812468,91.23329797397862,167.12990186109243,443,26883,146.44073559932156,-1,253.39332853662594,548.0815125604536,438.45013094014126,196.42603698467943,1480.0370047149886,8.838186564998585,2744.0616392544034,103.79721451111648,20,benign
79.90918999563,300.0616506038694,1368.6840475581462,923.5246824747106,40.5860263703725,49.87240716332673,210.61352964679702,80,-1,139.8425946652269,0,2659.922400003908,1050.0490127413377,43646.425537208976,299.9671132905689,1076.9993059588028,96.04568366633166,552.9418167525941,33.872218382548034,60,benign
9.212225196901208,240.8908019423736,754.7031056302684,253.40618451333413,13.794880444295787,45.68674594789711,152.92025081777473,53,8192,126.78015941866597,65535,3590.1628782112793,426.15479739990434,17754.183925685742,33.45139098386352,890.7808514585325,7.748090275107444,165.56124018291794,40.12848085326515,60,benign
58.685566687329825,954.4234939293674,3618.218889200544,12007.973508015515,301.0832430681419,1013.546622906942,596.7602090817153,21,8192,595.6178027560139,14600,593.8935220895057,410.13661138674627,7958.2225114023595,367.4569957437681,679.7175612303988,40.34936219103893,41.28951507939914,168.1587906669723,60,malicious
400.34607793417143,751.255921825539,5166.76382188426,6003.277818768971,365.5599496230613,894.8863923344734,980.8711822998929,8080,65535,426.7872143111534,14600,515.6613862886945,558.2120333466264,3738.682613720955,391.5651275073516,1122.284652623696,90.53886206987262,1376.284561749638,128.25089610308564,40,malicious
8.921380189855515,248.22106337691872,274.97986906145536,137.6951089198948,13.954186503685616,17.762588150538626,270.06443621824894,53,26883,88.12697129901058,65535,787.9512549701159,802.9198793525925,3200.8144042792824,204.36697506007596,261.3632733523075,45.64454962981069,215.2061449893981,111.5321737593912,60,benign
21.791656146145783,891.3226986244938,4897.564384173337,20024.81114250225,363.9990536655996,593.2882461385194,567.3897174119991,3389,-1,466.12861215908487,14600,7415.13427482766,691.718197758893,10572.447382938424,277.5389834598793,807.490688274921,93.12345331963023,1597.5953699681468,50.12281479714645,20,malicious
11.951276459525795,186.1461799960417,1224.1004190341253,130.34738886199074,42.92822922192958,41.19073420537221,72.3245486651932,22,29200,124.74456515405932,0,1164.7459171282817,828.9675737293774,4845.273334120731,250.50984825627182,172.2424686745805,61.21927989498117,270.4856143061919,62.115185674809695,32,benign
215.48197791939762,1130.8329776766018,2663.294722636169,37785.1396861249,301.9803175712156,237.65797017007333,630.7309663685279,22,-1,113.3709772541269,-1,3149.7213823708544,484.03705422547984,18025.07490140153,126.34537155903386,1406.1518236517118,37.14662396814774,1892.3440024237493,89.9719205596,32,malicious
14.229640437650822,268.43557440572897,1341.7553045335812,1508.0358890454668,48.7378298795693,105.26469811433408,126.778086032253,80,8192,25.54309399195961,-1,389.03895687959465,378.1076407813914,2585.094679794781,194.75313729435723,1496.6094208160414,98.77485577191379,10148.100923212878,31.91381056267239,20,benign
96.50068271993985,1251.9129886936926,6155.238955873231,4191.098366559495,318.7117339266237,865.6190182187041,390.94345284645317,22,65535,499.0074066344431,29200,165.57001783279512,783.7550391997028,4665.305053010586,110.88934389223057,648.1632718732375,56.66833342583891,347.6601811567124,140.67402335718822,32,malicious
78.62040060463525,793.8266201677378,7780.937751364129,45279.68953954067,132.2425237665091,1049.2605374787925,381.3518804045236,22,-1,230.41665606295155,65535,1017.5257202621617,471.4256420997242,5734.641183326014,342.36600384213085,569.5628497451662,78.60132428187883,2160.6189214847386,116.07820893184211,60,malicious
5.803741412465606,179.67536432716076,1474.2321974659899,1451.731860262147,32.96060782014324,42.9931014142511,284.6208671790391,22,29200,33.9522405633057,65535,1750.8184746310446,1488.9047848632908,8674.532030080514,45.94506657381534,340.76431155017934,68.56511284381126,713.9237197133294,190.9156793610428,32,benign
1392.2648005363608,528.2776169434035,2529.949552536742,48583.03924590562,199.17481975319384,215.4081218289317,962.4977126164428,22,8192,353.628362335538,29200,2462.329213453768,664.6173209079546,2691.0746141187806,214.24304186073857,1292.4415151290068,54.75596601068368,2030.6527985412038,170.86125361978713,32,malicious
197.85697161703203,672.485769803346,5102.654664292788,3158.6013013698516,89.98204805787964,641.2112991447038,714.4664370993248,8080,29200,577.7034062801434,29200,3547.789618485157,845.2315171677596,2676.017023330904,57.48505936312861,1245.9166987720598,72.53329239401813,593.6461032868675,198.73739948911813,40,malicious
65.2819032363331,232.6111288518798,344.3561504134822,1592.7475888388917,21.749576248506692,110.89947706517665,70.4215814532828,80,-1,57.775001370784196,0,329.2307364763927,786.0976460028617,3212.514913071878,44.90442179843927,550.7012802010601,84.18012108344398,707.215136435437,22.754185067922503,40,benign
2.774870472255568,310.1803524600763,1388.2230316091257,158.38041555403632,46.5457638939244,47.69050544419324,294.0393223861033,80,29200,134.59516962995065,0,3335.0649543026584,1222.0636684530225,16374.861892362027,113.35516478428464,259.3207155653995,52.753833186665624,1255.006633553022,57.71860993182224,40,benign
39.91831043931262,281.5418553618898,582.6851985001047,40.42716839682687,30.57720496476645,21.979508365318807,164.29097057700199,80,-1,80.46408811754668,-1,2854.7125706591664,172.0308317019374,12006.650513334129,230.06152436591196,120.2849597034338,74.15058578378347,4238.3053124589715,94.88628321114712,40,benign
41.91466467863344,853.5355781684,2370.2449703687607,30768.034143932677,239.2726770149187,1065.6190358046888,497.35301026609045,8080,26883,131.5281912101767,65535,105.30669092821486,639.6827441801167,14281.804649070511,294.04745278021124,1012.0319595926036,0.3678647391061052,15.215697879296629,197.70749097683276,60,malicious
61.98465116810786,828.4811134750737,5823.596043888958,50892.17145796633,214.47684185274704,1038.1297375915651,991.131590777695,8080,29200,223.133001993039,29200,5585.742226997619,560.5109507452744,2029.2040124383232,157.6882700458936,1307.6250651134424,41.25259864549133,606.8577812747377,145.7325154745924,20,malicious
3.254988883527491,218.39115327936696,1360.0025862753207,110.88106009125883,5.54346766517045,65.30013629603881,251.9788778247631,22,8192,96.28692817344631,0,742.1955450773847,650.045730282154,5930.86035882657,155.1425165583247,442.792681291993,68.02566903732044,317.6128266537331,116.29261346242274,32,benign
99.35210690368373,323.0600969295732,256.61518971725854,47.22953560639003,29.398982427984883,38.303066898588895,275.46484385993506,80,8192,96.37682303543164,0,7230.250582312322,82.16599455272726,9078.363285136775,324.7941152612755,293.6439116575816,18.753088622476,813.4153990025303,73.14419458022951,20,benign
401.7176220271659,901.8827916092721,5698.153679459687,29418.174070522025,357.795618537665,662.6016214355313,811.7943881444431,3389,-1,397.3674235498272,29200,1523.5586807360542,788.7062090659838,1258.3423077058908,290.29390855370343,387.1743863488765,29.52371566198446,1135.705451607465,147.0334416726554,20,malicious
15.971364606790612,244.46514060798788,822.4009636707555,2.4470080123941944,19.844950056656103,64.04235215266587,177.98925970085077,443,8192,109.19164988442421,65535,4193.11607827162,1115.7780404326547,1457.1143200721015,367.89477173123413,1152.359472562408,2.586646412802396,1512.925387163094,106.44616250861253,32,benign
446.73290341216784,1127.831969603134,4276.424592320152,31948.81020538864,108.13533525473406,841.1628513950245,346.5245896569957,3389,65535,186.2559473543413,14600,2083.14361030622,1347.7434076384932,2590.718944442373,341.7451101655433,1341.8030774203637,30.70961777652822,159.5695622569521,141.20380315279576,40,malicious
111.61866520520263,754.7594652343528,2563.1141420399517,9335.83510464476,196.1733827793044,927.3355057096801,985.9169257886684,21,8192,191.4916353174005,14600,725.9980605524976,897.2372216204254,10801.830793041547,86.15263691603337,1269.2147883275816,7.604513567313265,1611.9633472429134,158.24483299464703,60,malicious
627.291581485047,646.2761063292162,3713.7611062523533,3420.081588386348,328.01570950833394,707.9183947173368,585.3566123161968,21,29200,194.86571586990584,29200,784.1095899362092,1336.7234292872688,879.9614680532677,373.33138155924297,885.0934695465382,71.34634941396372,5170.022028023843,40.93389164275246,20,malicious
181.79185871695572,723.067458588083,4881.60905355695,20768.144178812196,197.01155327329687,948.030261367092,822.1916919734986,3389,26883,418.2816119649674,-1,1972.9037441039416,1062.4535511778797,23058.445193205163,328.223673105749,811.9583934207241,49.188014466586026,1739.9590115266033,134.38296897945315,60,malicious
4.970945362435442,277.0755838491512,1321.8526598481849,327.7378673198582,15.523413632723816,41.3620685253695,145.96697201185918,443,-1,43.27127578546085,65535,2760.5391160262416,1236.6927395074877,56.55753718458221,119.98740859874222,718.158826472947,97.67322822209836,3196.860284595723,48.71298023929602,20,benign
68.07518889560275,193.55371447046872,960.6241351553564,43.925048794637924,27.640994505918876,110.91753678042087,57.2132006778127,443,65535,72.92471609523892,0,633.8805454918243,451.9243600642461,1311.6961075978304,259.4268355950318,622.213203439807,9.816275035402967,397.37955788815094,81.01544598572279,60,benign
878.0425399570037,1164.1520382980875,4504.956489475409,35584.02469693155,271.1443271710393,828.3782102924234,997.719940197864,21,65535,307.14212397866555,0,1646.815966697999,1010.1887939624708,1712.8649702191872,109.49641690695432,1295.5041089543095,37.26631849948514,2183.904837098618,183.14311681772097,40,malicious
639.4758206451369,828.4810058022274,4900.223662798233,7402.654890089086,398.535191857499,922.6421503434802,579.9416423368494,21,65535,434.5634189860902,29200,1724.9933092533006,469.56783467679367,11705.375331047408,277.5635067984423,335.2530713809247,26.360940164188317,197.9319537060325,57.83063027764525,20,malicious
35.382567388281146,197.9657831147632,209.1378991135869,3.5547371623248374,20.389305106541165,103.37185314262457,213.3791663218963,443,65535,99.55329430998233,29200,2758.8519838525567,832.0526582839108,1606.480349536944,288.12623589426147,689.9164168906643,49.00145624489474,1280.5419957297124,181.6381077578534,60,benign
7.314362075555998,297.90973726233153,1487.186508205602,1353.0792895311504,33.39334852298457,28.526667240247843,237.22271041108294,22,65535,41.01014065185676,29200,1674.116036957764,150.66588564515382,12044.344616191536,399.1142253668408,1349.4552739230437,52.084376038279586,628.9003418334242,108.93058127956164,20,benign
16.80557874248037,289.7596420127254,1370.3383782585122,692.2268779547258,27.42853103225144,99.31669126366697,296.2422171891534,443,26883,137.1006927862992,0,1435.1807089732042,1129.6522696382524,1314.5128868630698,323.9909672803057,405.32509280683695,45.776874227765006,1496.0433294368293,101.3367293243395,60,benign
559.470550384295,424.17593024836356,6786.87007763682,54687.79505245911,260.61689622764817,671.1066494709343,902.3704952373043,80,65535,522.8489224242012,0,1424.9829468752737,463.6109584334583,12026.535612553049,23.051187594079487,1367.854081744493,83.88654794084006,1288.6157602461215,178.356848539975,40,malicious
2.4565005940478284,219.85751577458976,176.1579849097318,370.6701008600547,15.872077824093557,57.127148205418706,282.2308718846404,22,65535,116.86655035917154,65535,1603.44763935139,267.0621616500565,197.37029316193633,340.4995762585491,907.2716434111645,33.13275917220815,183.09683329368133,39.93022279863741,20,benign
268.10819393201683,410.545549209772,5288.157959717683,730.4166062996547,147.99508821825452,1024.6595956020922,422.7868949429464,21,26883,517.6301108160231,0,1309.0432412886664,1050.6466617232632,3065.9452925663177,142.39338986893614,521.6650941533572,52.10634782536188,10286.569375507257,41.16566283145931,40,malicious
296.34219179284213,862.9027248048681,5069.85313735378,22595.37062578915,239.86926721596842,857.6315776427232,996.5211737233326,22,8192,158.8283966488848,65535,885.0665808997738,465.57671897526177,6336.067162630869,234.71680080528105,333.1505029385501,79.41982806948157,1231.2908370089358,179.67867413334116,20,malicious
352.1884477388834,783.5862979029558,5496.616317215065,4211.5334219555325,254.41848811773986,422.1435577029378,844.4440329473373,3389,29200,200.5921788711993,29200,840.5709631291062,324.54207914350764,14497.564926910229,119.22422938266018,993.460477140506,92.51170851284706,1300.0819089476552,28.448137526164388,20,malicious
470.3086158261483,1026.8681186886536,5048.195767678133,1466.1817954253167,237.20670853590997,936.3328449956927,657.8501814806963,22,-1,299.31977294018805,65535,91.43257343990716,1491.9094554376213,771.335128803413,61.095134989914115,789.975744374005,99.08949422145903,1060.7242732185675,57.07602134609256,20,malicious
396.359231715285,897.8436236718957,2301.4825533438566,1180.0772846479442,102.10747440099638,837.7844998388277,600.8501645550498,22,26883,136.1182834844594,-1,2216.153359679235,1129.2382700283495,5447.8732478217,83.02507785248469,404.2747127747835,70.22759109147856,542.6823247883124,89.56291339823458,60,malicious
1192.1265011291807,1134.2157772472872,6529.481497574408,47316.43491492529,186.78722277994933,230.7613668036798,307.8508845294251,8080,-1,258.61744456246697,0,4027.485690892479,793.662327866307,1605.7385452797205,172.42869075493354,1319.4114604244971,64.18242520569757,4679.461010326139,33.547212307379354,32,malicious
11.525066069846995,243.42679473295365,1007.8480522984007,693.5078745777429,19.778167260046516,95.04378459884835,72.56607562561166,443,29200,42.62556617590649,65535,2940.1230123312293,992.7458261524977,10336.394348687372,399.8030818821835,1116.0181331359418,56.75520325074477,132.60788162467787,84.01445955239372,32,benign
8.760284738982486,348.2786106981581,162.0515694961185,437.2398554384861,32.22430552098061,41.549906651234394,64.45131578491687,53,65535,20.715739200651978,14600,2500.270309239285,1450.31461139549,9851.596188937934,272.4895667829825,1136.8690407745362,38.411333664738024,4098.255468526523,86.31124722624727,20,benign
50.96842275929279,233.00061617516525,1028.9143300370772,779.3003750719857,32.40005942196797,107.64879517230301,264.1688602862108,80,26883,34.620918208069874,14600,2924.0614731045243,564.2786037399499,684.3632155241512,387.25897152325973,466.91601968098274,63.57330892154137,324.6272613139932,144.2358887167074,20,benign
3.531068653263983,328.73489777831384,240.74965325381334,110.36134854924697,47.061928641611,97.44828483803035,268.9733447453209,53,65535,28.952046071618447,14600,2043.5901126675312,315.16588833600014,1549.8025006843732,43.5391259318986,1264.647706822155,65.10621312076229,305.59835558875665,48.19810833063394,32,benign
56.55487667778084,997.6509577530239,5385.9315680962045,17963.224972807962,259.4354296476095,380.8051782416886,806.5756393902587,8080,26883,146.98884845559508,14600,1188.1811826290918,1342.1903262928554,1348.219364414807,197.97715308756514,1455.6080005166336,51.0183528717865,625.5255926171628,41.21727296942531,60,malicious
1.682405326728309,247.80478470535593,1296.7205562217562,822.0651973451725,40.04280034826041,59.679607140228015,102.55379490633575,22,29200,61.48432065526995,-1,2354.015397849444,1231.3921625968774,6428.04775825143,239.89104477472813,1042.3447485349884,72.03271093492711,2472.4351797017803,104.85198792366042,32,benign
487.4532475855484,755.9122942794173,4489.37685930726,20092.14327523819,132.02698473396876,615.3371388746056,602.4911948668037,22,65535,281.954344045461,0,134.10746729791884,774.5487191777438,258.37093600143373,152.98250507398453,692.7085800871226,78.93021118433145,8607.570851296936,136.13712072496867,20,malicious
449.84519286726965,880.0404659864045,6385.055400736602,4224.280371815787,100.33142441589544,1063.8080425252442,499.9901041848899,80,26883,266.95045534246265,-1,1670.7233696794713,411.5895316444533,3601.5118768209154,103.58104460947229,1444.8586163891512,12.148610789185598,2250.1218719017684,74.94304543254474,32,malicious
20.162968711058088,279.81292019145496,586.7532847543555,72.88207409956038,33.99282932682924,112.03045618232852,230.65121766785973,443,8192,26.274010957991816,14600,3727.508316239383,1035.651996666282,12062.395067636595,192.19082509047496,944.456095817344,37.69229765342682,829.6022306216694,176.95196764607965,60,benign
577.5796649338356,1012.3716342298585,4293.415709160659,176791.1665380041,80.42969562170231,1111.1945411906963,787.7898834212369,8080,29200,142.1896675856297,-1,3606.9319235996695,1400.5637221049649,920.0421907611506,335.45018982056604,1368.3839834800826,14.63126034452371,5197.799517155439,86.52436121373209,60,malicious
151.4339328191729,778.4396893073782,7598.01887100638,49404.27711528233,84.19450687723348,1025.714820661336,797.1225836939093,3389,8192,227.4867326409847,14600,4910.792631828868,153.93601247626736,5978.369646479873,174.6683095242213,610.0354686877596,23.164984878422,1618.504650616095,158.4240948828097,40,malicious
65.75887069696452,247.4018693687026,1435.8566192121673,3.278402476356048,45.48366011379653,16.1648539270306,204.20215591737704,443,29200,103.51564341319134,0,5662.431461479783,1474.167487167728,2717.689195129661,304.02079779501025,1014.4730143326275,85.41892818401114,12190.378466078233,171.92019123122762,60,benign
21.83051759820529,223.0811041831046,597.9988081552785,401.4135100092003,35.96099630780706,101.15450157540435,285.17310167987364,80,-1,26.53332341287267,0,231.6170377937363,481.41290843730485,3190.7893676307176,389.63086472323903,216.40862084419408,6.785945267770332,1443.5047393511513,198.1119797196649,60,benign
12.710572468449472,841.0077386317553,2314.7713199642394,18023.76098276178,392.58014379802466,1056.6829677624314,305.4885544881595,3389,8192,482.06887114935193,-1,351.56713322769394,702.7818234301054,1561.9567993333449,207.2275172622045,489.3773862762918,56.8983238861392,1303.8398896911356,69.26871165850413,32,malicious
171.1105888911586,760.785506953042,1530.7415150152087,50766.62220000358,269.02539362653056,619.8747822742058,521.1217514193801,80,26883,324.81858242913864,14600,995.7942956019632,1103.6585395234047,2137.0402395110086,128.21825320648804,1245.9336312216674,91.76762379436948,717.6515232950343,123.36663956025978,60,malicious
1359.635521596229,1040.171874873,7987.081378296735,65461.26015865317,361.05389613027774,1071.1643625594024,390.5987181665961,21,26883,355.98499208296107,65535,9119.018568535645,170.61366677392851,5292.678921736966,133.5438502166615,633.8629162880927,68.77219593533368,2206.4594357705096,67.29912983448722,60,malicious
86.68373839711847,740.0287979421223,4834.602859992078,10355.023945516741,362.1720291596415,1197.4496798470727,789.6671382025457,21,-1,570.4676976710939,-1,457.6757974445755,884.873291744725,1867.0398125621343,158.72386955075694,998.5725573241655,97.19412866801713,1069.2812573902345,74.55134203170385,20,malicious
275.00470884981263,1000.9436148208548,2638.1297497139876,1094.237962781254,345.6836833144878,921.6946304193197,927.8975584767674,3389,65535,204.86914241530343,-1,1335.7491336049336,1345.8875245205177,1372.0402404470587,246.33091106191318,311.6623400373817,65.39728126000193,2414.7752725704663,56.81935315054101,32,malicious
27.71776248214522,268.9604169342217,1315.92639851027,238.86488908612677,46.22813229392854,32.67852831600642,257.79564507961874,443,-1,116.35456941220463,0,1167.8960493843647,374.2962469829844,681.8964192107011,380.75126111460975,697.4316391882992,99.95290194007175,2734.370107762767,105.3120431488645,20,benign
5.31040878244387,654.4151316297962,5975.854788358608,30259.268370667207,331.0007959374138,692.4884223071319,961.9408169762944,21,8192,181.9081750683635,0,174.17607543930694,455.10041426451085,17033.51257368409,104.64102926767418,776.7622057117393,99.8264214509307,2144.8151999750885,101.29397656278789,60,malicious
81.34340139354022,781.1242728560167,7007.497961657957,42255.205220379146,114.63064644741789,362.3270467892596,893.4421553901675,8080,26883,367.92603485989787,14600,5511.170119452012,1473.2464210798682,12854.860591416567,85.7956450250613,232.10001776783196,35.81161150499403,116.10993816504548,170.02778552009065,40,malicious
12.966776792977953,319.59620471187685,1333.9816852152615,414.17275350663755,25.545937542509044,39.7376136206586,53.60105386301679,53,29200,61.713590487377594,65535,3406.6146654334884,486.9125151148877,1192.8701638750235,391.641349487738,653.148346079821,22.952160862652747,2607.5348638059922,77.01695808633477,40,benign
12.47119467887657,207.28041921247637,139.88236587033538,481.43152045444106,43.5542819151563,58.21331760048735,163.92445283515735,443,65535,30.410082369848205,0,442.69118650856905,68.62340029576765,1231.208020145704,39.53119681959021,838.1803156999055,58.61148534806676,2513.539795723105,96.49642204243482,20,benign
9.430587394751715,397.2665014543827,1176.6651969274271,656.3203935909874,9.215882167753982,56.55165780633954,220.96676909019553,53,-1,139.92223135050472,65535,794.129949762759,304.9534297257848,6042.6352405833595,386.4625170047239,492.64109323111546,72.36871332147385,2245.4491245956565,181.70104216878312,60,benign
82.33034005070878,911.2126340991456,4267.709255503856,91415.27165664571,249.5221179355359,227.82382537280193,791.6517631546756,3389,8192,491.4566272122484,14600,1844.0482392052395,1168.0550965528632,1689.7053935272145,311.03634788812525,1161.4883441307659,84.25988596926214,1408.887731209185,94.87556139126391,20,malicious
764.9887012057079,966.3392273662957,4847.367407088432,12244.808268806592,189.28659807340307,387.5200947741712,510.1700714425272,3389,65535,462.4710174938936,-1,1345.4163020422986,1229.4161415684653,2996.87083275364,109.67473599971451,864.085521563262,2.3871368096087364,1622.2115457605817,38.65543253893934,32,malicious
219.15390525287305,670.5158412875583,5213.057522606472,24091.95007232779,309.01102858390124,484.2952265742214,814.4335187087743,3389,29200,336.4084235021291,0,285.47986359265445,1301.546973362224,11833.793193179694,138.5595369329513,562.9829903727447,81.83722843049289,6049.134040861297,120.6975624507582,40,malicious
296.865635196742,959.4947687683932,3529.6457537773995,24876.799365896266,148.47695845886062,804.0001434681687,358.5778675504037,22,29200,528.4239907292542,14600,1373.4444874513347,421.62931581073036,7420.817697961001,29.012698344704297,57.11280645373804,53.05901175041446,265.8703370306049,40.920876545293055,60,malicious
1.9960444823662815,317.02157337730955,343.9687080928361,438.5306893220306,5.587477775712252,69.82896399206652,150.57164314131415,80,8192,110.02885321302098,65535,857.626823395184,605.1973411107979,3160.5642153016815,243.24685796222505,366.79593105089236,12.58134473201935,2045.6476290143676,149.86413427180702,32,benign
3.1897492746005085,266.92535609672575,1016.4815736070693,383.87285620125255,31.27058231595214,28.755420850095202,65.67254369226268,22,-1,78.67410473008268,65535,1846.6854334680534,242.82453856115407,11199.307897881206,361.46385845927085,479.73687465133963,49.33865292448494,2467.0319658769477,114.32699044413742,40,benign
3.82909354984301,187.498543988076,507.4990566953867,218.26787667529743,14.633795159117653,97.25695640287292,177.07030404487847,80,-1,43.05414052178395,29200,393.2021804185394,396.7768556949775,2506.3228455927724,41.89180338267772,75.72797149595647,41.247013055424496,5831.078516086175,59.056753859257704,20,benign
993.1233981492769,608.1935145015684,5069.610083905267,117918.87786392751,295.1899206548393,207.6295513654081,916.958374113467,8080,-1,501.88165011702023,65535,2646.673124561177,432.6330804924776,4374.468987577558,93.7296360466667,253.25178302667848,0.5029147933179656,28.139366838772848,197.61903804370417,40,malicious
32.87969378084941,226.30381976525683,958.6756599360261,851.6939691150715,49.84299324896665,86.44534282746002,175.34900744799467,80,-1,90.22185196878401,65535,3231.095073423267,635.3065460090754,8051.833077727324,258.41605273837763,1036.2053208711516,92.96225811038134,1373.1284940185512,89.55718107323383,32,benign
12.64547022676574,230.87112023231617,1093.4466680494704,696.0928649014185,23.55292770042053,92.71453229228125,69.6840295005992,80,26883,67.52629021136829,29200,5709.661536057556,1410.3728297961911,952.9160991339164,203.94650277260823,1397.0755937700221,34.547172055328645,1141.1550202449,175.35007631800957,40,benign
402.0268647005074,762.4803187158666,2542.906728616208,4726.399823739158,143.61904664748394,1182.864426153299,454.45284422545353,21,29200,332.60203072693474,0,435.91318434524834,1336.3794013683964,1554.5568980685,300.7958824652417,377.34409900916967,67.9612240486803,831.5507909399831,189.16834473632164,40,malicious
4.575164298558975,242.23856592289707,447.03484404490814,335.45443164490536,40.00069947587053,82.31521629955085,73.10938819830294,53,65535,128.80444629203743,29200,7177.529837739476,246.85200419220223,114.27662226783697,241.3673987677391,1304.7717766894475,23.74184045529737,803.6907047879666,53.78506855120764,32,benign
836.9650514802585,693.9326363686085,1615.6316503546846,16765.127595451748,191.90832750093898,1197.0601194677906,736.7875301965252,3389,65535,338.75495694190727,-1,1783.9778724391294,871.6299154597555,1224.0091005891343,85.82757728169703,314.7823471250241,64.3986718069053,1888.4991977217655,144.98165221977712,32,malicious
372.8839146597001,986.4126338235117,7055.6268167717835,9069.696291559332,244.0985869951251,646.0560359887356,471.9467753109234,8080,8192,482.0574547868641,0,1860.7328574974163,1232.932782874686,1612.6287802478012,331.05526112367323,409.3549828128281,34.91390374910587,306.3179390633819,109.9599585250289,32,malicious
18.471265825901323,311.78612684540593,1428.3408179097078,192.32885779835928,17.746166695228414,61.49977662924763,115.0616319161697,80,65535,21.39036280405341,65535,3545.4540443423184,282.0136807692884,4245.001925903684,51.183211240636545,355.15846828983183,11.287298113569799,2608.9914369609496,23.68369563141324,20,benign
1056.4350335284405,923.9505547924192,3660.7037050316358,24810.718446509567,196.6772153047084,422.77556034314284,567.4916804175784,8080,8192,126.12636022210751,29200,2011.8995229624607,987.7991175564587,734.839591625548,362.16356674827284,72.00271526719735,42.705001767767484,8350.78556316966,188.16314679901734,20,malicious
25.218828140675118,307.96577820452984,635.0701114339424,32.35936146394402,16.919939864817003,30.887532359142917,149.16594791216733,443,26883,124.95771657661169,65535,2310.213676803907,1136.0468434116365,7551.19133291237,163.13806303404203,302.3773208022512,90.44690298968946,2745.069405281696,162.40275275519127,32,benign
40.39763621458867,230.9141696639521,399.09005561997213,68.07950682922778,22.358535846864836,67.57751995182042,241.75426630452546,22,65535,49.21838504146004,29200,1227.4947065351475,1252.3401140241178,9351.718846609081,265.34972939001295,193.26067260874152,79.92662386146182,500.73612637907974,139.80956875129533,40,benign
6.284532492334983,173.0957392364645,1067.3963538838966,449.89851566083695,16.085293849282365,56.087752376700294,111.43344945219803,80,26883,48.84543855260773,-1,2549.9272100032204,974.4893255703386,569.9325561407678,322.7058678006371,1370.7612287065463,10.321646541959451,4095.085337425575,63.74981274176141,20,benign
9.788092785229015,263.8297666486175,1243.350862187,165.52386556515924,34.007013862844815,50.700711789457515,254.53964895336355,80,65535,64.23235732609575,-1,33.16475281713939,1054.6609179577895,281.93945962577703,84.77003379736495,876.2467932515267,44.68481783192211,2697.246034387758,191.01546575793427,60,benign
46.88382318155611,1013.7510773532554,4840.563436124176,62143.06794446337,310.19386639704516,840.046620052658,794.1686160771619,8080,-1,567.4697057609608,0,370.4885728779801,1446.152365930356,10130.549985580697,115.65679566599022,1448.1518227702659,4.845215658058899,245.37361768015285,169.29139712692205,32,malicious
854.7455457893298,1382.4793706573378,2624.5431933977998,37133.374202640654,99.02336638394168,1113.644799045649,810.1832212267634,8080,-1,374.18124591012213,14600,6391.333248268566,857.9432403949052,960.7875431352817,278.2355140071466,986.3490229212294,44.42306727864741,1493.7455819503255,46.44444047021818,40,malicious
819.8932549894914,906.7472845106497,6431.676109350465,9296.716554644123,270.2494163570555,357.93002982525775,640.5286915471336,21,29200,100.18395296748047,65535,1322.9046017947169,1210.8560123305033,2844.562685790234,124.6303556215272,760.6527624707002,37.757519920369376,3940.5847578239463,116.98228311573064,20,malicious
39.37440323591302,1046.83150975728,4398.7179853951,57846.8588792718,292.1122146686764,642.9584077189801,686.6140919393085,8080,26883,544.5198047966433,65535,2544.083217116028,949.373669988756,5082.068726545943,94.81371918917966,354.6274773374983,48.65142559798606,4894.23073417623,179.69807283232157,20,malicious
9.662792126855564,412.8322189006959,1427.4368804983185,1304.937286233367,35.502836752792845,110.17261455241471,99.14982097462826,53,26883,136.80029901656155,29200,900.585049478196,557.0557041947947,6958.33362473286,99.21245832533441,162.27594825217068,91.61543405397832,2420.787120944011,29.629381181988947,40,benign
23.50171353127946,316.8539226160103,757.6617500502807,325.7877133755106,23.96955734855175,62.24027833144231,147.35695359344876,80,65535,22.844747927417494,29200,1179.6482799512858,922.8329941977903,777.3127710255567,209.51003782078865,545.4324657799084,27.880054041707815,1161.6872141834817,180.53940148028965,40,benign
124.65025414096127,335.47516570456946,295.81877260331777,4.459613097671384,5.292035670136913,76.97380973321295,97.85414466872817,53,65535,93.05688257122684,29200,383.98219458718773,1479.4145793027224,1840.3422318453822,126.51563520264266,172.0855513847574,81.32621305000133,2966.7143222519912,68.14055599530049,32,benign
10.344631709837039,232.32649039020495,126.72688118834358,612.0420546912068,27.60269294622397,24.250903875887083,263.27743769198366,22,26883,48.815728869035524,-1,2240.055221887464,532.0146280322529,620.5879235889458,162.3824417315516,1324.6140452145073,88.42152017737118,2845.8844862879027,178.1242540883158,60,benign
23.632870110459848,170.16898426859262,1486.020386035851,346.83933150737914,21.991802193665045,59.50242830376291,117.70569518028896,80,-1,25.979517437574145,14600,2159.6890120255257,531.4439506595004,11508.35224918376,209.5660962476658,1160.0425467064224,49.225617949178734,1571.725689077451,22.857050352029976,20,benign
33.853499449654755,310.13445357696327,788.7594321478365,756.8071704086864,28.442972130637784,14.654935045101631,97.22247732534117,80,8192,127.2912015054704,-1,3851.1942994546503,1099.3944318590698,4138.983384127898,55.68387482649182,1127.1422296637684,28.986836418477225,4537.805099217674,42.49730725519353,60,benign
56.88531857347941,179.13715872759872,954.6520546109176,115.1423214983274,21.300416945386072,50.2211382802305,88.27305964900319,22,-1,97.14712408699829,14600,1702.789061798869,535.2763022115815,8945.696480124197,285.6863130640372,1258.6566998673695,53.0733998338091,681.4046045917881,23.14894904049441,20,benign
288.2708751572475,1101.7267593692777,6136.143248468104,2508.731958520092,377.9130574824711,779.2394636506054,423.77178077314784,21,29200,234.09911948198166,65535,859.7298176560251,710.4155014105144,3900.5166001390817,195.6014293732764,820.9730277572577,66.21613439079982,1806.2472395687312,55.946607305063154,20,malicious
273.0630475874698,952.5745738727435,5424.940191563195,2756.8197622478992,354.5421090285482,240.59108805698241,392.40508414486555,21,29200,357.4678705195396,65535,1255.5714156095426,854.5489658220226,4215.668224238043,385.32190748274587,664.6613404199195,67.14122827546556,6382.998992120286,89.5677384806797,20,malicious
1597.0639951713695,969.926260197425,4118.081573190101,34742.99978779217,358.4324215875482,691.4868221202153,556.7005405100713,3389,-1,475.60390476333953,29200,246.3061927105435,1074.5777031392934,1234.5456986201177,266.060503697289,1408.0854846594711,75.0978384292956,42.88177692960486,124.64529729362974,60,malicious
1.875715266177653,267.1360134386118,239.73357466011214,1023.1730667617965,8.625314143164704,40.0162654549423,281.1499451145456,53,8192,94.93698978911118,65535,1991.6039975287174,1160.1265245791888,2748.9142009087836,86.9501748924401,1429.5877132651797,90.58113111276538,3774.303236117919,72.13717962064895,20,benign
48.33674512516132,270.23721618581243,715.2678251790284,604.7092864106555,48.5619757778128,23.403791523075444,249.96746882985335,80,26883,109.11560571094184,29200,1676.713888424449,368.3783900301799,2937.190781320541,326.538227536084,308.9582525633887,28.6115743449312,1038.8717853197184,170.65420274138702,60,benign
28.42677180314878,288.46020054934803,690.2161508384631,163.8558079995048,36.62128253174995,97.05467273201178,79.84178579446552,443,29200,91.67495435903822,14600,14.02117844948265,1110.9302329753623,10790.199742634459,168.9115256009367,420.3639049033553,49.93777560369951,27.77717004726235,75.30867358044455,32,benign
42.836219685556436,276.9661507539617,212.50784722892402,1522.3914419076366,12.94245521897736,98.36147911346124,230.81177335546803,80,65535,139.43977322174084,29200,1795.2057268281253,1367.2259727914125,1213.720939646099,335.3881764288796,802.3008728259708,30.125788228922236,2062.9604933111464,96.49692822767175,60,benign
542.7927036833014,885.455275063334,6060.810296962878,81763.15103280217,311.06071966134107,201.3020200558953,676.8551177119733,80,65535,167.95301627164503,29200,1905.135762503329,1469.953184678196,245.66665042954742,205.06004886145706,1247.5382617716102,53.36675750288441,4851.671736633222,142.2095909710659,32,malicious
11.662711300560522,301.1008096532756,240.79173049703675,113.6742618246167,19.146581917035917,12.482744676634734,139.09438116472478,53,29200,136.22611019837188,0,3495.3911232264904,178.3586572517134,5408.616130245476,235.3917821156896,1143.6307210962552,17.601826409522747,2773.9377751676,86.67373380120392,60,benign
581.8450644331488,713.9437311603376,4689.060316103927,6610.07797946776,125.39493454430425,795.2785524249592,441.3890073530763,21,8192,464.20164447713654,14600,6869.749663399209,1065.7546334048243,527.308245037673,321.9022558234125,1237.3253305745104,65.96938957263102,606.1161012866507,153.55354727449958,20,malicious
181.8532071687458,917.7761344683684,4225.241062046143,7447.12263236253,211.26090610836886,628.0325897047544,977.0651467640756,21,29200,157.38719542033883,-1,3497.978466592619,260.9833622789534,1250.1009865083406,34.67206032121936,1446.320370383204,14.187765329351398,607.2590349966783,84.83637741098286,40,malicious
173.43797455700494,1097.0551355379366,4808.887834162459,17358.816227820902,171.80096114208365,798.1567797735701,331.99113989260104,3389,26883,395.6105233650693,65535,2759.7982345535693,1039.5266798295338,2014.6576600400695,79.99164625580286,611.1030750914947,58.159077482870025,2501.7438859934664,79.5390458003684,60,malicious
15.963297597096373,511.58859070828953,7449.12808754427,5088.579900211967,238.44793541323935,822.9212044902886,996.1095424412366,22,65535,497.13548861837904,65535,344.39813790438905,239.92190327880704,2698.8838895375484,22.097092916666835,1233.9136529750872,49.619645523618715,189.86086593572134,114.63860514777159,32,malicious
139.19265966035982,722.1150467440048,7660.2994231094435,17720.688310630085,86.16438958175635,288.95197739678315,743.9482082456723,80,8192,596.2046462546778,-1,759.7475997744334,353.8703224268975,1239.163296903468,299.9140773866323,1146.6019972734439,67.22116873654596,99.28981669998755,111.37602956143846,32,malicious
10.546078817639724,230.00391244034014,1435.7064881013778,311.6767009400129,34.51336889789416,39.74132884046669,184.55077670768978,80,8192,70.38182644916364,0,3326.349098334456,327.6665172214167,325.70541559818906,31.04939048015213,1361.4134893856985,61.90428306818161,1781.1174604497078,23.352119451201986,60,benign
33.832457895828796,178.58561228450117,337.1418838779491,460.16119438997515,9.792965840942902,71.19865643040123,268.4569038428624,443,8192,143.95785996608203,65535,613.0074242748695,565.3882672382892,472.32111239579467,235.06328960817737,965.4550533536681,54.30420565442804,1511.5231518199719,171.47159205340586,60,benign
86.68235319386824,1316.8162934282418,1442.1060380779181,52674.251963577124,333.663747352186,968.0379859098307,545.0721601156899,21,65535,511.16064110227205,29200,591.201041384981,1043.379606713654,12049.705288755695,377.411590353961,222.11565368172975,27.53304388560326,60.45412373754274,179.07697840731797,40,malicious
24.62753640299866,204.55609599685158,979.6154185087862,678.4938724405912,21.79161249979384,45.379702966850964,75.09728062333352,443,-1,29.727624434252323,29200,5569.17769379732,1199.4366377462354,203.62116129629592,147.7143513909859,1118.3907065657875,82.72741772979792,4231.202302887349,181.58820674682045,32,benign
12.52837492669573,220.75022467304964,276.20719699921506,233.98693868125525,30.89032101301275,83.39348889596519,108.44866183193945,80,26883,25.744270143261843,-1,648.573053984821,120.64300573340995,665.4585812411607,176.12181454294955,721.6516321267974,47.62464975854452,748.6176226687439,133.5055562420455,60,benign
4.1179083187514625,984.6553177255358,7558.401600585811,58226.12362668971,220.51997295814346,737.1534917760011,820.5935517586068,8080,-1,457.7278647815311,65535,36.5693217479003,1307.181038090099,2481.143012917236,310.79259641317776,1181.713705394088,23.19833052793374,1413.5030596524714,198.07538434195047,60,malicious
31.104851047126793,282.40443608886767,1259.4996414476893,28.1891258686707,13.203183381658336,79.55658329000322,172.18800264259346,80,8192,27.203681987475452,-1,2098.77397595295,776.5406771768533,172.05191990403674,222.57315710446048,840.9697658833359,36.376677918195014,1971.8201598587698,180.83688085704023,20,benign
1215.1007804008493,687.8688742812935,2886.951943976497,11569.907721335787,155.1501030491973,1072.7974736733684,967.4332586206257,3389,29200,532.4457984505625,-1,6147.676862124497,1212.8321845721284,2386.424060028608,298.68980991033095,271.3182182117069,52.713602116216194,682.3193368025507,87.97316775544459,32,malicious
12.008422160941809,241.4838235015782,1321.9363523714353,605.5712265050996,29.358285643671604,55.59730352505847,160.54090745540503,443,-1,117.7519392009218,14600,720.2947613720531,1044.3587524023865,15567.080799500665,272.72912137940517,429.6373725012298,39.537888642357544,7163.986473823508,117.90117555144865,20,benign
5.637245228035711,236.87320836141419,563.3328829308302,92.38140511112088,6.288422781122016,48.24775928717123,64.79838135199444,53,29200,143.67713804163247,29200,1052.9264244119738,421.32003282136907,3370.1540157482877,169.06734604896712,996.8225004642253,60.39087626841816,338.2739043203227,135.89347290289425,32,benign
863.8368672553197,903.4350985159622,3861.422569441459,4319.132700698953,294.97988186379905,228.1272828589857,533.5615895421066,3389,65535,500.7368205615264,29200,412.1926864852256,273.53010980018416,4106.986762005318,25.270754397664206,1066.1780316129311,26.830843560468598,393.87746175654564,133.4652798952271,40,malicious
411.55533756340105,847.4675859595418,7910.098974348307,67140.90503178013,366.09821004053424,1024.6074982398377,728.097392377666,3389,-1,137.48456573931009,65535,44.9204511402212,1404.6080635305168,805.8140492348972,326.45230887496473,1464.3999503736516,60.28394471195381,388.67714490290183,165.02316568256987,32,malicious
2.1437678126186723,225.63646509571166,188.74423576626788,349.60752053580666,25.254451531357944,87.5321869719371,247.82067452312893,53,65535,99.66303338480863,0,1369.4769729996958,620.744693968955,1963.5428679283857,307.617714584467,834.2445853738915,4.652521795239251,974.6850190138722,147.17409652240343,60,benign
215.56890815892316,1038.2321984623434,1979.040856254413,53803.25674937112,282.33705282627,568.5045846560815,658.8925874892793,22,8192,231.9141150603389,65535,346.1089872768311,1033.944304840472,15323.306121348018,126.7357166704513,1133.143554421286,99.68076848672611,585.7436664407538,94.22360448916163,40,malicious
4.403697132970637,353.91051790733286,1414.5625487575892,76.91274276306322,44.11358841582147,111.60500582366954,286.43185183968546,80,29200,84.63578099433076,0,1334.5791179057926,816.2910486362471,5480.353037158245,154.0143489227072,1102.3085165441646,7.889425387676596,5.518156569287874,163.51957895848815,60,benign
359.1535685675827,515.4506524422675,4005.746484558317,19322.646879072163,157.05773731156629,928.8882843907495,815.9821358998519,21,29200,213.86703634766042,14600,963.6871344126722,1374.5508106723473,4654.198031777427,140.28701041060322,450.118824679173,51.81325037312092,1447.003984963233,148.7914176722093,20,malicious
1.7670202556383565,288.23510128883737,1110.7586339631853,467.1123482872694,36.625515937303504,75.1032344337066,271.9651939494404,80,-1,119.33992315753255,0,1211.7687769911672,540.9006399173971,4858.497483123805,172.92481781520996,1070.777824823502,29.24734374895033,2541.6461975510915,182.08099863407566,32,benign
3.847039190562358,190.28135507095953,840.6037778623386,563.5942400321017,17.99752719277983,83.35431224512118,149.09408416735627,443,65535,29.27486273524573,29200,2950.232170240449,491.5993138819172,10008.990853474303,364.9010103352301,72.28516167685444,21.74913892965393,5217.321290584168,128.18966167432566,60,benign
27.876609175184033,315.2461074827718,555.5898621672238,723.9725173022409,45.17632904599417,66.97429824614125,238.75279750174903,22,-1,48.736433647796154,-1,662.7856422437726,1429.6063106707688,2276.6561789203092,362.4687827704482,918.438459395892,54.721354480072705,468.98817788829405,193.81133730661787,40,benign
39.34761271527723,313.7616356864247,1353.9108761909156,372.37282331491394,20.10067086158006,19.219190808853917,51.18271427113326,80,8192,135.26499932602405,-1,3337.9912972669485,1056.6110285669515,5870.209868453331,394.6378664101033,1463.1650446934925,28.871535212137942,529.9162772708263,180.3400686537077,40,benign
6.282020517256787,246.09878104507024,733.6929991141069,205.86645617081663,41.023176828099224,114.3455869800923,65.03881779464425,80,8192,144.38990698861656,14600,456.5714346209041,1191.727338315214,281.34715917395283,176.9544216114963,1177.4476134928254,74.85595502297106,1920.9804725908048,103.98788660111049,32,benign
712.9702172722544,733.993182897537,3129.6178583538394,21971.670065601196,389.0759569076657,675.0908992153973,494.2255945269446,22,26883,439.3269739942895,29200,3915.62796177817,1351.4519644553948,6021.1583601510665,328.11036349444623,1000.0139604750088,1.31074392810957,2173.067501983297,181.93272446686433,32,malicious
7.25407200793585,198.1268342200259,684.3248326387526,147.7693927541257,40.38119986586894,77.47117908484685,286.7427197832486,53,29200,46.75560839514798,65535,6140.234079495917,991.3875309575336,1895.4649784915798,175.97768532111408,704.7803359774839,39.372784400593716,2794.854722343187,30.856912725400036,20,benign
2.63980038630597,252.05594258105822,909.9858887548421,10.361605972337347,23.86700742232568,54.06320615879644,240.18154812464505,80,-1,90.26325254416558,65535,1889.2350873651924,442.60358236169543,1771.5371171725517,366.15786447274735,1058.3850347502266,2.5391440857563063,3793.10098998699,40.91380294089004,40,benign
2.810722600900093,251.32181009096894,995.831407411345,142.03065613877058,10.54291057401339,63.366356397177405,55.43396838926355,80,65535,77.81306770360982,65535,1252.805695703425,883.6804475992205,17555.982139812968,336.5095723201965,677.2444093421384,71.08034821575977,1618.5297730576037,65.66140478344968,32,benign
358.06920728219416,829.3913147487634,1474.8324170645346,4791.124391473191,108.07681175670623,306.5068922716943,801.3744052378495,22,8192,248.02562525581314,0,16.35260974420934,1357.935629268691,2040.0048547964245,111.30118097777078,1109.8389670681167,49.460390386475474,695.6448246325622,42.004291445442064,32,malicious
738.2298881302897,708.3762698584463,4031.437577255962,57871.492342358884,138.28207269788916,600.5690690492505,587.6238860912131,8080,8192,405.3542942165191,-1,2633.0472165650212,442.7927698538594,1331.8662800801146,195.7405003949884,1087.6303485361047,6.137070429555925,3454.1589939269797,153.52316002242432,40,malicious
46.206862862422035,227.45139693232173,1289.4344454848303,913.6341588970788,37.079252109515146,37.37036217014804,88.01171428574443,443,65535,94.96120994110802,0,1736.5479973742656,443.2657172198454,6769.48935104108,99.89530984696684,580.3676507098754,0.46307014225753784,1445.06979547347,90.18184728450935,32,benign
46.74056489164065,807.4572741150295,3347.383187650603,31029.094116964694,345.4584808815863,802.8316236830271,968.3240715865542,80,65535,411.46025159640766,29200,1442.5126062749866,259.8073567766396,1203.7025569588566,196.92743430686397,167.55988854252843,52.22655992365056,660.932206821843,119.15516169795859,20,malicious
29.37437551273574,666.6544696416672,5698.593622732152,21661.972631307748,389.10739777738297,673.5811512984685,995.8828123425925,21,-1,108.62443903947224,14600,293.00359848220035,1363.236775915055,1701.4378886340228,307.8191986189638,881.5178093768884,38.47728411681989,1299.5906648797727,96.29569513169757,32,malicious
254.1737605846318,868.3591383503683,1897.6089333638456,46615.36331766712,365.8137615433227,286.98774944150665,456.2558236590996,3389,29200,363.5136980432116,29200,222.33314863245457,1246.1513403328,2547.7936920902766,66.14115939369705,1417.626837534231,22.076267483732938,6744.775796290926,123.85728625926906,60,malicious
18.172814827784975,239.6860525794696,813.328970119583,56.15594810958316,28.837574632312645,76.15124066952028,293.1327395671381,80,29200,30.295742953027315,-1,5626.707010922998,230.96853621241456,3225.462967456888,82.69018156577984,397.0219470806406,29.20856093012374,176.57938323939013,86.02265696699409,32,benign
309.25956920537465,942.6114636508853,3302.0072552792517,77794.75623281518,169.0052249543896,887.7148946632652,695.8343970355257,21,26883,267.740692724627,65535,2362.8678355445836,447.2142892250245,7849.037411633162,333.33522351004257,233.33299394604248,15.904694109795104,483.59874099872144,147.19586896472015,20,malicious
39.575549916203315,816.1760942834215,3034.0649138072986,6077.477171408016,124.68957913825953,614.1038346926767,365.6098959948829,21,-1,305.0574440603102,-1,494.9202493103903,472.10599764788293,3692.7288214477812,51.40297867832025,431.2465308708984,9.554422352191017,126.84666578436202,146.1001066177795,40,malicious
2.9059914379456107,155.9539753392927,1330.3943570829204,414.32903648822514,40.797271406426646,53.4915837441184,249.82731966805872,443,65535,44.336119725506066,29200,1727.5878810243264,1385.6897667982325,8229.44196128533,173.36371805025334,844.8997722076926,59.032395289154316,4663.126325456883,196.81800414151735,20,benign
0.47207465057549114,734.2408357343206,7111.52967211383,17718.53055133587,95.65110886685869,598.9388898917855,485.07921397296377,8080,26883,179.8910315974813,0,2367.1759153746953,187.21048262430494,12027.591741817008,377.41170376842746,1096.7215539578222,40.96554922160114,1354.6031240063885,74.86233099298613,40,malicious
720.7873423339263,1015.6660047583625,3692.30720705994,4583.162039249674,380.5017613490063,1024.9127466649902,947.8078648252105,3389,29200,119.68292510353498,-1,2500.8095501431844,579.5812555380253,12990.76449020188,160.03646649094307,1413.421478674666,1.00879886222347,103.21470818259219,175.5887924211937,32,malicious
35.41307653668163,792.3562849579139,7989.244031597818,6719.235960459951,223.42340148774724,516.2518672020593,932.1972226345605,80,29200,326.3043027624604,0,35.661445657788164,699.4294051249444,2377.542659940088,80.1768246090545,134.9386001783204,20.342958269813405,2878.4221906412517,64.49227391311612,40,malicious
353.92328546650043,925.3170168063655,6889.852533192054,19305.434028538777,136.5948977965972,1143.6707708508438,572.6450274319044,21,65535,418.33984887182504,-1,6150.909665639059,579.5060023825287,2846.0190514531937,310.9997047355342,151.30296443882855,0.5094164265919465,159.70283181212028,139.12393010995774,40,malicious
4.479244409401895,260.23414255238924,230.59041580325214,250.58582062964967,8.601917037477639,61.204671304677355,80.49288069746304,53,-1,47.48685556386871,0,1306.37374084394,1096.381981688731,3844.6880748018452,362.16171709101235,325.9363247857983,41.35076073761436,1560.390420174865,36.37449891992705,40,benign
117.40304308424389,1184.0699861137384,4348.227936251416,12757.627237846713,185.90968464842348,554.9600413679432,404.97500109207255,21,8192,490.903733847729,29200,2713.325302585438,900.5946655736099,7092.131218152138,200.62899239112576,854.5744613032325,16.788695363122528,1980.187167981605,127.30942820733472,40,malicious
2.345358371417781,294.758688226444,1232.4827740789206,102.42562172651391,34.77561677355928,112.28361783544021,55.56315848788372,80,65535,112.58947885631008,-1,2421.3479750022207,940.4458987762646,2884.3301497341718,39.78538783795799,362.04794274895886,0.29602457398070214,10038.65037670445,199.3738928648861,40,benign
370.5243637423774,677.2910525133078,1875.620538080194,2469.0154668359987,129.3708010091947,727.6082362372696,634.1262166411769,80,65535,348.2170423436461,29200,5996.633082033673,1207.5477665604326,6444.428167472308,335.8680866040346,1117.1983824966621,99.25363026156327,2235.8918197272733,159.8252520175133,60,malicious
188.25600293411483,827.0127907192922,6922.668103135582,67391.97612576281,325.4850387960952,1161.7961324213238,438.0795457716721,8080,26883,314.882601705,0,733.5556375889719,869.8769516994505,1940.1229901326037,168.60735185803077,1280.617786827889,70.18159857830413,54.25548751632221,112.81945945830023,60,malicious
19.11226415066502,269.4499434143133,1009.7123029128007,626.551458919619,10.729278866971242,76.91549158434806,289.0729208387031,443,8192,35.688727480219484,65535,2199.3103862567527,811.9497038184695,1429.998279580278,366.56867002437565,605.1883683510877,25.65705869998124,690.9714236477708,91.16264357715082,40,benign
2.1003632954317633,249.29039169328226,1051.350867683284,75.83439418960464,36.87464844821389,16.091608731567984,163.40347317638737,443,29200,92.36604632890274,-1,83.87119088698164,917.614626511915,6655.04345377299,54.44094297068139,853.8559853434881,70.84208697056442,428.2694796360955,40.87668539955146,32,benign
293.2203859193421,891.0318146387549,1791.7473070335468,17397.104348658897,178.39560649954672,482.76335135119024,551.9537364523923,21,65535,449.2527141521063,0,90.94882235937008,1499.3202704060689,186.69962409016767,68.2962204750271,260.8645775032557,0.35033267520492295,15.761090313266244,72.87687342979498,32,malicious
2.761080970539715,282.82503535771434,915.4976903766199,317.046268115913,13.066033560857502,88.86038501697571,202.42725478231688,80,26883,119.06910389176348,14600,2359.2558346758424,1359.6590817251433,589.8053701785133,386.8487067589612,1459.2504165313576,19.382185596631054,2057.827664661173,103.99764161503299,40,benign
40.354276972619715,227.13551737367033,364.39491630178884,1287.849508854107,42.23170361289391,21.859447425042276,236.0052280896453,80,29200,58.98994010259309,65535,841.4027099151393,329.468298933633,78.2337327076255,161.43627440880448,76.82778667718307,59.95757186098215,2758.6149017486387,56.78714445872663,60,benign
38.171712920414876,334.084134546912,361.1643155402811,221.85463774639248,44.778991845972584,80.08884698439556,158.97211923351148,80,65535,134.688479380792,0,495.8097094733185,542.91888911051,3363.503938223216,363.32144044768984,191.07377276092873,58.097726101265266,1442.396266180807,186.02405679667578,32,benign
182.9167853420937,629.9805445407468,3230.3626855448365,82715.30330583204,388.2801730698233,909.5951669529769,875.1171397424685,80,26883,384.19400112741744,14600,1422.8753688354302,70.3299966816257,23097.97450334079,264.18850636055197,90.86118916357029,12.664545881988932,2542.586859264748,185.08753570993412,20,malicious
537.3655620680012,1211.5238542898906,4784.573490026316,11072.327367926775,369.0215524343664,551.9390033667943,789.8745059492041,8080,-1,545.7277308604145,29200,1779.324928256012,267.15291865849224,358.93469982953457,232.40279568685727,1267.5297260600626,18.715855137642567,611.7908375674693,123.87723264212043,40,malicious
103.0628184227437,770.7784347918334,5224.864428424655,4766.9184700333235,270.51409631020306,1151.4814918422817,679.2309102191562,21,29200,433.3034859867751,-1,38.14276162799292,1126.4147359944334,26993.170363714526,350.4312923357248,590.5182395560596,74.86092248928632,2176.530774984982,144.1677616582756,60,malicious
66.80727381565438,315.97008614182334,150.9972611386846,109.09761163335507,49.38000911742319,89.90508396698425,76.43766517530993,80,29200,129.44718362440108,14600,10690.629139168415,975.5055898276112,27.781969523916736,228.09028352360085,1492.274686038029,20.42541268117639,273.5549067202145,60.53954371205567,40,benign
27.361247527823103,1055.7216432036635,5821.206526413735,16491.33057580121,205.71171976564915,799.1406564399236,315.4659994375859,8080,26883,419.37732575683447,-1,1087.4586645229865,807.3696103510568,3659.2905512277584,312.3123094424811,294.20958540822903,53.17705918657556,2601.2833065772143,170.8827254068373,32,malicious
29.650271852192688,225.7746403920736,447.03385668706426,134.50341742695676,35.32759549503948,91.76686969684113,206.06469261914353,443,26883,101.99262141180184,0,509.4819176034697,1056.209606632618,1925.1964970851493,80.61197894501392,93.51829780029448,11.684070962487137,3786.876679893707,90.07594875124535,20,benign
1002.9330903157042,848.1308372076355,2127.66872329966,16636.181730537584,122.97666883359703,953.5580673716003,786.5058217953173,21,26883,424.6803479126944,29200,174.44625948987778,223.7297283586856,14019.67940693116,366.9288326572787,290.600321324112,79.89664656057745,1222.4396825124652,137.1372414513728,32,malicious
74.14163135401321,315.5959312790434,1433.0078608093413,346.3053334619307,44.25492881316171,61.92424548149885,209.84279311325903,443,-1,45.93753704692166,0,468.6996135995617,1097.408443589192,2644.214643794428,40.93171333295264,1412.3516059534038,53.048526745559435,2843.017348961177,51.652571336316,32,benign
22.04225739540621,461.25005794899437,2661.610416765445,7588.770818070382,97.30263138899225,880.0601104086068,507.9022722493103,80,65535,584.773723704299,29200,2719.9553942949806,193.1591505067494,11878.77379039051,332.85416127904097,1156.6210003623842,36.68081520637438,2589.6528545947185,190.76503169662362,60,malicious
562.1730150948088,800.030447053747,2777.3010081819702,16659.19187208642,388.5372026320442,1153.1805431692533,613.5418567493671,8080,65535,388.5306149546709,0,7095.866938492261,938.0674214006585,30355.257760295688,247.3392044572243,1131.9118782405862,64.99452905006599,230.9410302722924,132.30407293769338,40,malicious
5.009316492834492,201.47275238199708,1107.923794579061,1836.0660862602165,46.65375756194895,73.30484095310604,101.95668512028465,53,8192,90.93224159036976,65535,469.18159687482705,1076.2193747443102,4530.502238789666,81.20763326928001,1038.3195858541105,33.6039494625073,264.5818501543671,85.08136869946192,20,benign
11.194624653257168,244.35101657649125,1422.2462596147539,502.9179783446909,15.914660310846234,52.079321314620294,249.7883765665711,80,65535,107.48350057702994,29200,8199.84574714902,1096.7751201678561,10582.205149696307,243.12546172983534,187.9656776456471,79.27760556750445,1665.8086560602817,143.33294719813682,20,benign
1.448295215185658,182.15948786884178,1138.5092496060604,262.749978683912,11.931504753508278,59.75131028963852,137.13759045250163,443,-1,79.15768305645946,14600,726.3006311305733,895.1237057730405,753.5354696284916,391.1483503181993,358.0156653725499,43.64362677030068,1004.7417774361962,39.989903356720404,40,benign
906.6780530310509,708.5166702569228,6830.594433911883,3959.8712790048867,148.65163767796645,267.12164424807577,993.5972931281821,80,65535,164.02207285448736,-1,1743.8881404453118,1208.365266781122,9569.701307857315,90.32776041776546,1479.6467427990224,85.60152765214163,1955.914147512875,142.23801796045058,60,malicious
5.976481773449763,281.2529078528468,531.4184801682682,436.1815884376668,10.398632415045103,57.14230326265562,170.0216906558858,53,26883,59.80239605882942,0,5940.248058566996,269.6219438099129,5115.332849561512,280.6048049357155,642.7898637590032,98.32248987965392,528.68311070546,88.72036224948333,20,benign
43.73414122479503,250.95876250842446,1360.4423116565622,65.63115223012457,21.11689080686923,45.16280362300915,299.009371940194,22,26883,148.77055524432356,0,945.7942863770726,1385.9631914726367,906.4716156937354,65.51953884269047,1113.805425164599,1.5470601138936169,944.2958985463056,38.95613698924049,40,benign
9.774291300676804,363.75029501019316,179.45617482,2032.5577149137985,49.890615834170646,12.386113117013995,154.16330016805807,80,8192,66.5319159546114,-1,549.4874787294959,1266.4432306593646,8674.322898547021,136.6463333360611,1435.440805730541,20.150688726326603,939.5635923739635,107.80853071382577,32,benign
94.90009027069718,1407.493279672643,7636.21945977721,4141.237559832521,126.61718275348811,293.6437604455239,858.5435239589681,21,65535,163.43985808680108,14600,763.1154397708049,282.59023491041387,19958.85252301536,121.28902918424738,995.0289516023455,41.97264329980016,381.75955583328886,21.50626435398989,20,malicious
2.4399229513742062,228.30852352857596,1386.9013066485152,295.68993244685635,18.931583423396795,54.37902270527813,278.50386869347335,53,29200,123.95143828042164,0,4884.808883429372,1168.0925104218543,3589.255166542389,294.24490236623797,570.1024144734379,98.31781476492777,1191.9569914363553,163.38655103988722,20,benign
4.072162613155398,208.9741744943043,1114.8957398452017,7.052093455272238,12.166068617614979,70.96706098285634,200.69275752190651,22,29200,87.09897361635547,29200,6387.0783629728,856.2518188856272,1612.974161848359,80.09728549947215,1043.076569669187,35.08989474573808,758.0679264314842,34.476323069041754,32,benign
422.3277233048626,922.2301333348802,5678.218938449416,7553.4517657537435,138.5689330456901,1055.823037931937,367.94051889557386,80,65535,307.7758022978244,65535,733.6127681341338,130.17667530628637,696.2432815735228,342.8041501197887,368.54515973375345,14.544044070095442,47.97693507883103,20.512676070255495,40,malicious
77.37160261872899,877.2433849491979,2634.622733994708,12545.911276112272,278.9861211649861,544.3164284665837,432.1245369951531,8080,65535,594.3274390071707,65535,3186.640533245996,1186.2636288356412,251.45847629930617,51.65760340897697,1340.7091614067485,74.78862643149324,3836.574858004935,21.555676272600675,40,malicious
1214.7692525652453,814.1510567781673,3606.2497356372996,75936.81803970321,332.4163198322028,308.5326233241176,539.698329970746,8080,8192,253.2414489416174,14600,1525.8333243936852,1221.708681528289,5629.138059145921,72.57210935508215,431.3780060232645,59.684992377011405,3590.030098797194,166.10317860825535,60,malicious
13.539789675950884,297.7338982070766,577.2554651876399,88.63509742646914,9.344795063424238,71.12039649534542,59.06692537626857,22,26883,95.27034454335744,65535,229.47302845343714,1447.5793495335715,3382.85857974861,319.1981293086843,356.8589409868323,72.13406887267043,612.6866852485041,112.91045456126501,20,benign
46.680948849312045,231.46064778240907,1091.1730306463182,255.17042632192332,44.21598277624942,25.770579356667426,290.65789717865607,443,-1,47.14154034498962,-1,4362.348582100477,875.3620663740801,3807.6771378033127,172.42736222086018,1473.0664497356363,59.28369926205672,868.8851857571756,35.338886998669636,32,benign
10.813764029595747,225.1971991980925,292.9351416837858,260.2227930151319,5.9805684780811195,106.64580448823185,233.4018840664608,80,29200,143.74377956825452,-1,866.4692099769152,941.1855149039661,1762.4649844369294,397.3031232226255,1369.6045373463603,55.42631346608159,6962.108023566071,44.358616418916654,60,benign
498.9517173622286,736.9820136024624,4005.2568240767764,8136.487231235351,309.87767312265674,265.06111035300864,863.3748239570376,21,26883,561.6312781566692,65535,2068.2063739489718,181.5904242738878,905.1621615371565,109.25199410660707,1007.2707400401617,41.95919752900665,2432.815447980811,67.78203570230737,20,malicious
1011.7832159898667,890.0931008847676,2241.9398618855403,869.4384930060692,181.0673101500299,1196.2403825281433,464.91374198180677,80,65535,353.0603300765201,0,4353.800857781176,625.7478548193712,4850.297032020044,201.0776490642848,1320.9313423036508,47.54817007785177,3246.17822152896,133.34716233439917,32,malicious
15.623905030728652,1103.5449504229782,2782.4246192601954,39899.49330869744,171.59042754195298,797.5634517397049,468.8808371535305,22,-1,509.4476471799728,29200,6282.254487665257,1110.5975025468804,6990.286406693632,254.20488322240786,1126.1368457642234,46.9165142436488,647.3747261198836,164.80434877589258,60,malicious
854.868164124031,1132.0962363759604,5067.58409873229,23234.06058254464,305.7301320323017,855.5508736770446,676.7459246300878,22,8192,452.6720022417031,0,3121.7815937201644,769.830510189586,6311.528361193657,283.96323494452207,738.0796815144565,4.009099982797471,3510.4849788589136,148.92860324004673,40,malicious
15.385257076444358,256.62565586671946,131.5445661211826,861.8885278327573,22.565657810669723,104.32455398019728,98.98141107034992,443,8192,42.35909851612658,65535,3520.2064458071272,211.02687185897872,14714.518185927935,94.2188839388459,1150.4588038093295,46.817872670097984,3470.9546514729254,152.82926221510746,60,benign
29.621737603272674,197.90746050792234,468.2864086704789,834.133635526126,21.699525669812534,85.6984862396682,202.8722171469401,22,65535,118.114113692343,-1,375.96231764736814,969.0744675832186,585.3640902881815,252.76937835196736,826.3498042251299,65.80714095335942,5307.519738852859,181.46209418865848,20,benign
19.36083757158095,242.58093562532397,1429.4231635612507,12.77301573751699,8.713618612309826,104.40771602590347,217.38060748457073,80,26883,25.447278930114237,29200,1083.9976086898387,937.7870242272722,3164.603709885973,111.49138700829484,1013.3203685134916,35.852843252278554,5197.1400962567195,52.08812695181764,20,benign
13.698817285187994,201.0555716111532,846.3617914236366,374.9491160011331,34.1770437961837,45.21526482737451,277.77936463520666,53,29200,82.79788586560917,-1,163.63255639203942,65.88876179538997,14795.757532643807,216.366397460872,1154.2855827751805,87.07169875964883,677.6362513850485,158.76408511573075,60,benign
793.927626250891,1074.5128875138173,3522.2328241308473,7399.26101070483,380.00665269501496,1162.7667277682774,352.9975790899457,22,-1,441.9696458274659,0,1866.4520846440932,1301.0046618705435,2611.9459637467517,280.44324911807036,1350.8323703391907,45.36151258100733,3510.664497087549,55.37018593766429,32,malicious
54.54381449816595,330.01797936458547,320.3870188384509,544.4642702581142,29.805098039103736,73.30084307707597,234.96923062817675,443,65535,82.5220625219135,-1,1419.627189497113,206.5816926607613,680.4478681902481,259.3266042398379,493.71043006468653,23.51203011567573,1064.6745051195398,69.37025675499876,40,benign
6.931405922205309,954.5958735283599,7718.527145259152,5580.642006573733,287.70192888961776,1137.6049662682951,570.6957019141892,21,-1,345.79960106240145,65535,1363.5033681122447,1489.9710144021924,1674.0737521925491,233.2515455033769,743.8510325751541,95.86634066446904,1032.818589126256,104.5379467168718,20,malicious
43.06023240534191,246.52893161416824,370.5459225546715,568.7970564955846,9.18301741217773,102.9329835158028,93.1238234087869,53,26883,132.9067304364039,29200,707.3461707157261,57.709269158112924,974.5376484942209,392.6341036959502,804.4291649523236,48.43937159134979,4021.2737246434313,88.58376778460284,40,benign
2.0658682717969548,196.25503653336153,697.7985212466662,995.951958456134,49.44804479252173,20.29331325871989,237.9624910158138,80,-1,131.99044954518428,29200,1247.009266013044,883.0027587268956,3329.4635478513233,273.02589033264394,1115.4044446118235,70.32632928441716,4320.364170201523,83.96608878544713,32,benign
6.6388609502312725,278.4428192047211,776.0793197973178,483.8344168183823,40.10734600178779,83.11306130346873,162.53268049339448,443,29200,67.98596042801286,65535,2299.7426915671685,636.9506611159111,3409.4360796458154,202.46381055111237,663.2208492801269,2.5617103915674733,1421.0544048745703,60.05881297986151,32,benign
16.86504658526278,182.79063518699257,1348.1307636075549,36.481736594249504,19.696194039918474,38.04752687006483,90.4280665793095,80,-1,111.09236030200861,29200,313.8628912481646,514.845651730508,3027.294567320784,391.09270560735166,630.123608579232,83.87677624379974,350.46456257295074,107.08090935440762,40,benign
34.747186261662414,306.4304462323884,1132.1189059986364,82.20118822897139,43.64133534898448,29.991510225522116,143.89592824377075,22,8192,22.487838185738184,65535,3509.066057878736,920.4922206820945,3037.286795801506,49.53697083949859,103.16843140536385,84.89789739715454,205.02313168825822,37.0096501012157,32,benign
0.7800176975708416,281.0361555086614,1173.9566767342483,572.4276918251436,25.841556180124133,109.09778799552075,218.8800530026009,22,26883,30.751420012135547,0,749.6386001711821,505.1274084042521,3539.638703268954,140.88474881045474,262.8531103149644,42.813150748871905,4983.912582493326,70.36066118370303,32,benign
243.46060674349127,821.5029792333603,7434.0124795111315,26351.334937675703,248.31147716608672,389.13552600338545,874.5729229073514,80,65535,353.5851253720972,29200,1592.0534210732228,689.505433865332,5687.142936872586,113.5455027725494,1464.3407860735517,62.67175424956819,3936.71613117014,168.5133997892406,32,malicious
4.661010786235637,267.79573119315825,1144.7569604156333,451.4637856197989,46.346469039728646,45.40882339922235,238.87610313123358,443,26883,69.53022680861439,0,1687.675825889215,1124.0927144693571,3072.8745880153656,101.61882551168776,501.06570986408957,74.4666539727736,1204.6528607043474,192.63944060631508,60,benign
513.2168053906519,767.9581099592472,6274.7896773381335,17085.751885184487,156.93433128816028,602.9394414299023,845.1437933999459,80,29200,502.8476725363578,14600,734.1074509137034,223.66294209324644,1976.2942911462496,259.04006443224876,984.9341464268315,97.54970988619439,996.8720809694155,169.04021916572705,60,malicious
656.9032915517869,679.163639387973,5154.024249836608,45390.39801927939,391.0145293757052,528.48884393084,674.1427589249815,3389,8192,514.7582593783827,29200,2373.15046726268,1434.256808163189,1984.1528420584393,34.395678760744616,1131.952599976152,4.010632584738638,157.27652499077067,89.81367866090929,60,malicious
1327.9739210586754,1153.9066109324262,1564.6041499825083,24655.2377867387,224.3377893613642,459.9686038629212,917.5346569588838,22,8192,265.73431391709414,0,2473.3887954143515,1300.7624015998954,2729.6713219179524,101.51817194095877,1403.0356389007848,86.82248759090629,802.6402634497114,164.10655358180082,60,malicious
5.292422149091905,863.0297094006467,2523.56494647422,22805.472082531767,113.23893370057289,691.4891417215821,374.96463672573634,8080,65535,352.4452304245059,14600,2590.172038687502,975.5479173012138,4659.93116442189,96.54872776092927,682.1123011262283,25.536204836197975,229.5300053887391,111.8540803385117,60,malicious
49.247396013039655,696.13979297887,4262.361008119749,4750.336409163729,256.54835913386785,396.27868385508054,640.0573590239017,8080,-1,275.69749886276384,29200,456.6523299883301,1258.4496794228305,3810.7161716165915,296.5325562913386,1468.4639326694928,5.493333701921943,4256.583947580435,77.29741449035966,20,malicious
3.351489627682966,150.69826696020993,603.6772604971021,328.69979748368047,28.7198520968448,93.73819811255655,123.54672102846077,80,26883,76.87192628865878,29200,1497.54916860438,788.4841269083905,62.62385363356447,129.25788657279656,681.4980803545906,29.935274340784478,5002.75884643297,134.53074348400457,20,benign
21.682805550504586,239.64113364726123,1456.2560388027293,647.1860656593866,45.6624540268986,86.4376863201464,196.95600804995055,443,65535,107.8133974710553,-1,1822.9684922878332,530.5827711442339,19976.867430677168,224.9071543337293,157.77832698900107,95.87867825620366,54.778440915166,56.87604302874776,32,benign
21.817415847025572,207.1268035124542,377.77046919119005,276.6322038256163,10.70645915082114,21.9162227764825,91.34435155018477,80,65535,132.15896372492747,14600,380.2905556966319,993.6806130401912,2453.9593930642745,50.66031351372813,496.53727150464704,79.72073333014143,3176.422856055663,153.72078890003272,32,benign
2.307655741607764,280.24632697676094,1011.0164357336181,262.3513776149705,32.43280317961522,115.701786260262,142.13288210523055,80,8192,47.42854748330647,0,669.0979907031262,1472.7981426379038,1017.3283320225578,300.1057392434257,1497.7551044154277,77.54509999719954,4325.4801854588795,179.3545208209837,60,benign
425.5509514851339,949.5728420376792,1869.217092313184,20808.90415975271,244.38754275764128,237.34282974571056,590.1378410792952,80,65535,227.11832558685987,14600,339.5386991274897,984.703512294518,8499.375859412583,193.92456031434907,118.8425870176818,27.53123062877326,1244.014117510895,66.13819589165688,40,malicious
2.471154726714131,343.58109720064414,702.4700084835465,670.4876936661661,44.872183226336695,77.25708843680763,72.75420533062608,80,-1,42.11676736713375,65535,358.2122083036777,612.9758740602099,10880.813565574861,334.458378903638,768.4534115752591,75.40644199047154,702.7200548913454,157.96603045983517,32,benign
6.144685588178405,255.45428131834097,1035.512610101419,838.5583122356156,33.45956581148025,37.05128698128567,185.40476997734334,22,8192,36.27778907387653,65535,355.8141784070048,1241.6952451216405,6086.178751906005,345.37745683426687,1264.5971153630041,35.00475079183093,3144.6945827061336,95.98599862599211,20,benign
36.121224886997894,231.5319961542313,676.5180486804848,267.4825052523701,38.947030041773836,69.98284200554681,193.81743652565805,80,-1,53.44427297301553,0,1422.7108479757358,56.64623327038787,3.5562578461735037,115.32485759869287,1420.2709168782937,68.62480703373791,875.7972699521373,107.60345649577648,40,benign
541.4861016304235,890.9610365300133,6758.928522418211,2554.2188073497405,128.62539710774612,225.2522724880383,355.6397422418393,80,29200,571.9841244822582,-1,6228.9249525284,203.63506196557603,1153.853663799841,36.89979856291773,385.0173307229031,26.290908042450035,732.6007917080348,154.5182472548194,40,malicious
252.4003881118368,1049.3851945423207,4372.411659515706,11892.517381837128,370.9458935172181,924.5723949038611,701.6496538194419,8080,29200,217.30444037924076,-1,228.0423197606546,356.3820534206691,7358.140879425868,261.24028300080937,829.3348846898944,12.158462516588408,1952.595848943189,181.54081736294583,32,malicious
960.230045492229,961.1617563533665,4205.434153299322,12452.588450191382,380.3284664411119,894.9589921859887,652.4744144355682,80,8192,546.2249076608321,65535,832.3476454209836,1142.5178201614065,2450.4285462910925,228.65624678533305,415.91476949213836,15.710125944556664,800.4468709191011,70.22381359949904,60,malicious
1.3522345162651974,244.22263779046392,672.6493349310355,165.23779351500662,24.290144764946543,90.2945843766341,249.19302078700673,443,26883,50.48600691117795,-1,1274.2489550935456,1430.7663208764786,1973.6788997347194,95.00789415572675,1400.9271910118946,8.384470120783028,1327.9328980184955,95.99958879579886,40,benign
49.9641257648235,274.09189454848274,974.3795422780936,675.8241948375005,46.704679607728245,101.3755059633092,237.92584128980914,53,65535,132.7263374277686,-1,229.8307764610345,217.86816582659316,4219.386979140284,204.1680431510226,1048.447624508623,75.28163893583117,3193.603178224078,83.77299814099226,20,benign
817.8314667292135,865.1371454634731,7957.730654364885,20953.052247001895,347.766681579326,500.7316672054955,661.6718731940445,21,65535,431.7407327419924,29200,2029.504956191055,1382.929515694421,991.8025076297636,124.27717752886282,1483.9861965295977,72.35545479228091,134.80705441540127,78.82743223008168,20,malicious
401.0272365277752,1191.6074358508502,2392.2119997514324,50119.50412159836,355.0967670728556,801.1683827594178,404.2573846881692,3389,8192,551.1464886241663,14600,241.63980454472497,1334.640328652753,5101.207041942979,86.01314918865411,1459.7155062415286,76.42505280197844,4055.711162280969,91.46724873089015,32,malicious
2.16186290621968,294.0254663204,1272.8114970314757,341.21921154792915,33.32304042261274,26.752009097978537,110.16601418043402,22,65535,50.769619901075586,29200,2564.615646271164,953.1284219660075,1515.0226916117938,113.23262604424824,1029.229124491725,26.47874978129875,661.6960697991836,127.98518731245512,60,benign
738.7234057870328,1264.2771136054926,5893.610776400795,3118.7213756389715,110.32223008305269,200.8314073751755,923.3168203512041,8080,29200,520.1661485177699,14600,394.66883754977283,752.0621942799162,2653.425863791693,125.00127113696519,451.45079011368614,93.45944157795667,8781.009155256972,100.07901307949494,32,malicious
87.6958665334202,1071.1111946602175,4062.0773856130927,5795.8762363842025,194.21753295656055,1199.959980025731,730.543266566101,8080,26883,162.17145743520967,65535,381.79580391443005,362.03750431176724,3812.652856640727,295.5703070409509,291.71380524326923,73.61264570072211,177.29229521623222,129.06048048334776,60,malicious
38.71880904562044,738.3041543791064,3590.853339812446,5104.432469979765,81.63133871032346,706.9631659196658,470.96756940312173,21,65535,496.5831116643323,29200,398.02404382298266,349.20307693687306,7336.068099550211,305.9212047584489,1359.1048257868783,57.049662989696905,1605.7202946495388,98.73582904543767,32,malicious
5.692716726062315,198.94426794436794,1429.1711920942466,33.65599564370995,34.36649420549912,85.41715180615705,255.41627022015365,443,-1,127.18355302589163,0,535.9325207576809,1464.8555171719136,13385.705673068267,395.1193493177043,1072.3713189841906,49.803549632889045,343.32395354499255,91.81871469539801,20,benign
119.64731299196927,977.9653240465802,6554.260826342142,22356.964459969,133.62594544741881,424.1279898895767,564.0042342294055,21,65535,529.6390266337976,0,601.7625329152353,260.2163612678256,7116.209215265078,140.74861374035513,875.8039431393853,72.98229925320925,381.7679394756971,119.50830867272636,20,malicious
119.99618112763446,483.45292907891394,6043.1390582663325,5324.424808566212,80.12177226486483,973.6238343700425,467.05277755720624,8080,65535,567.5434162170823,29200,4233.343475280522,704.5425411627923,1994.222271500804,125.31714268774266,620.3614297698896,69.77900103231096,792.3122399141498,156.20767704445774,60,malicious
2.866725859575353,308.77793191030923,624.8988711763412,422.62678011025173,7.050220040694491,45.80231774209598,59.34124589229398,53,29200,23.36539589539758,14600,1622.25427158671,771.1883679373786,5288.520118474102,276.27512268003557,95.43171179811318,13.086454382520463,3979.915706713495,67.33067400066048,20,benign
298.8345585122714,895.0989470048667,5233.462188009886,28190.256692371015,355.79113276838945,974.5503056223059,753.4781074716041,8080,26883,172.62625993490695,65535,1418.1307402064747,341.75941005092983,15860.986922889837,351.5048891995323,1465.4809374601368,75.48003394397239,8200.82973237646,46.725046119396644,40,malicious
173.18765525278536,1100.400377404195,6523.7952544338705,7328.390224860171,359.63676373837063,1021.1932259801407,818.7512259654287,3389,-1,364.5541593502172,14600,2229.684481390738,1192.4460314351193,2485.135117569517,325.43872214451096,1106.4718731004925,79.76415806675318,984.7399364209564,177.1447047703074,20,malicious
18.62601834944509,184.73740734288634,1089.4303540844571,204.83322269364177,35.23466291944003,78.36932910689023,242.7224739306658,443,29200,100.56057338561534,14600,4.344136549160681,694.4076340945905,157.88308594934742,138.88688209226046,1136.3416323693486,56.8968401758286,967.2188569325729,138.73384581100856,60,benign
325.58040268534666,589.1145493299716,7377.393682776142,8298.810690377302,157.16372019337535,951.481873520761,379.0848355841422,22,65535,494.23446980083185,29200,1891.3588687381675,704.9089300852177,17307.444479437458,73.34236243183338,313.7454167514069,63.680869713808285,1847.938360368258,79.08461300528896,60,malicious
392.746220508518,660.86351669041,3150.56790359332,38217.74545914313,192.12743511963146,442.14979438268546,478.0872946061902,8080,-1,328.2780485788094,14600,75.72121948955102,443.1143757250801,8300.78125179677,112.51100130427554,1433.8030810112014,73.8066330632135,1311.8031769996435,164.2164021900777,60,malicious
16.560790544316674,244.4123406399558,229.27956634135901,48.26960374230441,38.460574260102234,67.42222040266756,216.34586701577655,22,65535,113.61170063799305,65535,1618.2521462829395,1330.6900928590962,597.3885679755605,111.58959094599096,1037.9877943896709,85.06365553200153,581.3736489820803,122.26573913284744,60,benign
18.962850733183075,248.41471008214234,729.7477607729699,1732.4486484310576,32.54157262480699,60.04221771287179,161.7056086751735,443,-1,25.569893029968085,29200,2467.242582642928,177.88546908116314,2763.311275264332,182.47893426851365,321.3686075416355,41.31638800662317,516.2382984411583,79.83845632177659,60,benign
131.34305370063745,729.0813464201232,6531.360816462954,4277.545118287613,172.4749482203163,631.0775801233845,328.7235474998913,3389,29200,289.3793951338339,14600,15.745233230118773,1418.3706761395067,992.2738360013292,176.20607304643505,825.2625019496572,17.46473653981424,5090.70676686936,146.1172052910336,32,malicious
70.97809291456171,263.88024974502343,133.5703224054921,394.07357532174797,28.54986689277672,26.09346928688662,291.2015859301204,443,29200,29.282948285329397,-1,164.53699568697877,824.5058163133222,112.09294863775345,32.33863990864363,342.8818280084667,22.82399373337851,333.1650992531962,93.49689059354512,60,benign
195.42238815726273,1002.2029359099713,7551.044826302823,4021.4366324449074,353.425097240006,618.4888461384421,754.6070312234272,3389,8192,498.31444214419577,-1,437.5356413625659,815.1420516799794,2391.472454057522,243.398294248454,844.4063018363847,16.556605579798823,373.8302650923458,84.73286126872497,20,malicious
514.2560034140068,608.6716790137632,5086.300050861584,54824.14833326746,381.66485691496786,679.8702996207012,836.9789901660841,21,26883,357.47332577501504,65535,3137.050031643653,589.3525560154523,4577.946345801849,68.32747073353839,1468.573536285343,40.074261749396,2880.7725822200705,138.98927117910563,20,malicious
603.5331273155475,971.7515608523329,2667.5914139483075,11445.668957864362,169.83766630955773,472.2670382933347,488.79350296831234,22,8192,300.91480281073115,29200,3462.2385192485503,654.3033343444492,351.5772567011081,364.8430879101985,118.64700501922205,70.62941277389491,7758.336803186384,80.91764443456859,20,malicious
23.968545382525278,256.8644633714918,1069.88595591281,257.0612609735914,5.4258775070049206,65.86476568383421,150.32081009808263,80,29200,54.64352617475779,14600,2559.206459481227,75.5713633762504,3023.2842123894525,321.23115000514093,1419.3496462725047,58.836475689038615,157.26355417266137,113.94811403624391,40,benign
13.248862167489628,293.7022714859547,312.136448981989,635.3172574063946,13.013664382779874,31.270302590300417,121.82101488613182,53,65535,36.17535874326096,-1,283.6984698836573,275.9902506055673,4590.733668446584,31.913174311461923,1059.1409274431046,75.38797431034081,3329.598196862701,106.83893262452132,32,benign
139.44599138781436,1049.856330804461,4209.205432912557,36931.1513963113,140.39742797591293,892.3792058645537,959.8534884209407,22,26883,458.2906937038171,14600,1932.4906594927804,421.33764416792025,513.9753326410715,243.60887088232334,1303.0747143372887,46.307339401156035,1489.9333879220123,110.73189237851165,32,malicious
15.583961314154717,311.25973468627865,322.0501673198061,389.01121012740197,44.65775587529252,33.32682334965085,225.9829005487469,443,26883,91.3554258363587,14600,701.8942104205695,1182.4528104464766,680.1887590991814,249.61799164532505,208.46295284540312,37.75278608377882,148.19142340138248,150.50250669387555,40,benign
10.347376516714801,280.8093132521585,1453.4523710912772,334.2814388551973,38.44237788984789,35.796166587035316,293.7215129742063,443,-1,133.22286037351398,14600,160.44626089679826,737.1502051614758,5204.91747033871,256.3855757398622,291.32368161724963,9.526886692703872,5039.539960284938,133.36542364180073,20,benign
648.1489517254698,1157.3877718465417,1793.9092722418727,965.0452590217466,140.71490690121368,1005.7364883169886,785.9663750167015,21,65535,415.72314883551866,14600,1437.44407396598,142.22586063769398,2274.3904568854327,236.91191932756246,1380.891954190006,72.73270950678355,161.5552597522368,118.261283287157,32,malicious
2.4996476830780505,267.896583004197,490.9787558468921,1223.2185347260963,40.25595080517445,61.768561224385486,83.65893694307368,443,26883,28.112139828386248,14600,4782.837976462343,1351.5979235342795,12491.215009484915,101.2063826940325,1222.3212274646974,41.813572715762625,1935.2245402252431,59.60930391323425,20,benign
5.151987817704652,272.7614972971716,1327.036566322399,219.16805661876577,28.178937838610686,103.20902320299437,226.15465807043452,80,26883,25.65850852759266,29200,503.07572519841005,278.3038949031035,685.54541588698,265.5028909612904,996.0010664413122,9.027791480092272,1926.680222684715,109.03804929720103,20,benign
99.90224164945441,578.1899975835744,4172.1589063348,7284.678706804391,198.8996618098183,1119.1835678734274,816.7223125591115,80,65535,430.3523878753964,0,1856.3192251677267,435.5978836298343,11379.29646717674,345.86701855582936,937.3303150613809,3.1981875325250875,2145.398074599869,87.64570277646129,60,malicious
5.5332708144505816,212.99261523672388,1427.0068296580203,586.4515943264715,39.45848137723197,119.15334470255796,100.82685971828039,80,65535,80.49726387027913,65535,1886.2053372554894,1493.1563921424433,2398.576171423064,128.1584661867505,100.38443013569673,38.018376991364825,3239.798856668742,122.1415931776736,20,benign
49.837062712424284,281.86299537188796,591.7129644573713,177.46187734167037,21.530623756172695,69.20181658836108,127.49438209442405,22,-1,48.24094252789455,14600,4477.188985596041,706.6979905005163,1910.6414887475112,399.1688074123463,1410.7960221187066,98.97591582227084,2739.8050393745757,35.83138949601118,60,benign
175.18956751130523,677.7556986123859,3538.4873150990197,20793.807222179727,130.89264131695157,1078.3636664491214,914.0413043482922,80,8192,382.7969680367997,0,1543.0714604243492,747.9230392539288,17965.00651096411,113.35928850687563,1381.1801755443605,17.381675289074728,238.11356861652587,60.22167486924903,40,malicious
189.56239104035353,1153.2075576231541,5958.341312334465,17593.42163531389,88.7359421641111,291.0588877267227,992.947969385282,3389,26883,218.07654054940159,0,400.78613455246415,1392.3122221332105,1919.069084249383,398.26605497251484,776.6428526296023,42.48944922128211,2456.1016296853695,184.02955673202206,60,malicious
18.589778822517896,794.2389245851236,4522.696058892672,13113.017441697459,193.03436480433743,435.71117082807643,531.4451226960907,3389,29200,205.5134541297813,29200,68.41947763975996,65.39166987456767,3428.6162942488168,150.67501005302628,974.5262537190737,41.2451921413494,49.897515069590426,91.18716507989562,32,malicious
7.809042667804368,180.35082516666483,435.03294963705974,48.44574324934528,19.141738252115804,11.329307322726418,298.7184076172453,80,8192,132.98060733330402,-1,1485.2093692943981,143.41799101818174,1210.2026560218874,173.05048451690527,341.44033905330645,75.72023496092253,3698.9741501014623,110.06543809612481,32,benign
30.531359394474368,276.27764611124013,160.1911552180386,6.106132090534575,34.920049455729874,73.81870634076176,191.5229232539587,53,65535,20.433211276817673,14600,1022.7295103128464,820.9480460638933,5778.779023308165,372.6577789189781,846.7969305664818,18.071419413378862,871.2341780734247,76.86723805772536,32,benign
22.62950508082749,279.067642841743,486.20304562561756,178.0870636318051,27.449674658041193,99.05232765543846,247.00830981073545,80,8192,112.31619186034717,-1,752.523542292039,449.68013885127016,234.50604049944462,142.91369994604378,1334.3256247676659,96.96825559236537,2825.1407511044913,101.01154791088685,60,benign
367.62523581190345,721.9484499576809,2874.422628040272,4805.058421199569,340.60669258605236,915.758303348646,492.66800560814966,3389,-1,171.05686912695057,14600,6099.730815854988,538.5039586370472,15173.950237034309,257.4517076379477,240.13848906417493,20.11076061699567,1064.9399558088985,109.81427034216833,40,malicious
6.290299149636921,260.06932100759667,1207.028588886343,902.8760249319512,37.169947200328345,49.64998134485532,199.54334275360347,53,65535,124.99141983632882,29200,7980.194172174703,1179.8169286353627,1062.4315319543134,76.80954511962527,915.002150185909,74.15812200092364,10.197784188393568,139.72003036390964,40,benign
0.14341284973976426,205.9907777521348,172.85973775239597,433.848982150945,21.254452427808086,77.78092155865906,107.65419303156874,53,65535,127.27498181252507,-1,2249.3968269642196,86.92286617996228,6851.685682551075,202.90990536040906,222.9012089865023,66.6942191461923,1577.101685469239,172.1664233320855,40,benign
123.16642251915732,810.7816998176628,2956.143854183636,6412.856983152923,309.24919021388376,995.9553944620098,902.1643803788727,80,65535,328.66030942269794,14600,2081.080818284271,106.65411144374916,1346.0549363955486,56.84227377363767,727.4172096540319,69.24043272101275,996.4697560968881,55.72169391464183,60,malicious
140.25880396221476,1080.2803940250806,7091.374414115435,6874.73691526376,290.85693076047767,770.7532885524803,462.199008421817,22,26883,147.49751680533743,65535,731.8085491617229,1361.852933608183,1073.7044169651954,261.71293305428514,483.92627695759273,72.43615157088055,886.6517159013204,92.49902097480181,40,malicious
15.985163600008674,197.32889524797196,141.49293271509248,493.7397973698552,11.652658199865979,77.08828723141164,265.82121564184047,53,8192,54.24458686865488,65535,149.94575922632842,411.19192793475463,6121.429696138513,344.8509525104523,169.15974849327114,38.71057576616268,979.557073619485,151.77616661513085,40,benign
33.197542801953674,781.7591119555505,5752.549456622574,21657.853698709958,162.31739139796755,787.0892339392284,471.7427338202236,3389,29200,598.5225685718308,-1,620.6556254543643,1310.4741913979171,5541.107830901719,169.95214796119416,197.64826061746948,80.10777027632334,2637.294254532212,102.6744981384715,20,malicious
932.2418174107825,1056.7894307837555,3729.750618257999,76074.64033463762,162.64278134534348,520.0656703612461,407.59939508661364,80,26883,218.285671918574,65535,420.92360764660697,1418.7981305656754,2740.3618872375678,190.36452806422477,728.8740846363971,6.405856001091104,947.5761244579827,97.88826289498023,20,malicious
889.1267790467285,667.7849458478893,7305.941946653455,27109.589014348905,143.2064289569661,527.6082698801592,475.4550970540991,80,65535,248.61532955113094,65535,5377.105510960205,282.2192661161256,5998.226789940702,209.24010848947694,1071.1929049583268,67.57010829751135,3218.6582876466396,157.4994172493146,32,malicious
257.58910845267746,832.1293925357041,7551.782300229561,51508.07885408154,134.14656010370823,478.40931059839255,966.8430681914497,80,29200,183.45616110771908,29200,1314.6097784108667,178.29969522845926,1024.5596323156205,248.67972469374365,1328.2368363402354,32.30472477138988,332.28973071729723,123.03931125464719,20,malicious
27.645282652616686,268.6825414015424,1180.6576449044667,414.22478405504955,46.117014344001355,61.80347198044246,288.13290369691384,443,29200,110.13294709193157,0,60.22002853130408,1119.713716158525,23343.323490158837,81.30712126051544,554.5618290038356,1.9526719202133336,286.04368046711494,122.23389133654628,32,benign
46.02306058060267,755.5866366052004,3878.5108752297638,15012.221654277902,353.15646062318484,266.55186768952194,506.09166842752177,22,-1,485.9903321666397,14600,435.0321293640881,1397.4113894940303,441.1245958702033,25.452414165458382,1276.748858527665,78.58788561175291,103.12115173424132,179.11044467342975,20,malicious
0.29062289374024225,246.1233098023363,752.7628255411845,615.0445956710429,23.175371099881687,33.7685529703447,246.80576694113446,53,65535,31.512522400165935,-1,2972.9630010436076,1172.7877968580174,5400.385765760159,119.54174454802359,533.3090198744499,70.11721262975543,1095.2771696797688,127.98973027387864,60,benign
5.437164774894933,281.886658326683,379.6285281441787,441.0312661960002,20.86026859054037,72.07768636743018,233.5039611515735,443,65535,127.87760471635117,65535,1050.005525592662,716.8799641088765,5070.218866588107,214.43613688956975,764.9136403219436,73.7007584465875,2199.155075269027,43.596543994561586,32,benign
31.3601820361,224.2924456311767,474.45644852074327,656.6425786066997,27.01197835190039,62.97458485890464,120.07649358368937,22,65535,51.93705656622183,-1,6554.022679347757,142.8488376143236,1116.4808362637352,264.54673897220823,818.8127166423652,13.792728180694812,4123.8976925835095,140.28478458854943,20,benign
97.60889457064246,1292.7904678456607,3430.7777772844292,4782.907562322206,338.9326872229315,992.9448295465453,404.35129136736805,3389,65535,422.2855015087989,-1,2743.024411920325,251.31197278809083,686.777358280786,108.52824094825361,1066.3117189377954,71.9192042686162,8998.547619571418,137.9936174380202,32,malicious
462.04868275375173,1073.0511592397186,1412.0496110246934,24420.909452935586,336.43819434479474,390.4206620091886,634.1306034153074,3389,29200,390.35826495692334,0,2035.9956286671325,1305.8953497474265,5837.1939587459565,96.11472611178421,171.43667193641255,88.85924150662564,3336.2195018509506,54.415687275574854,20,malicious
23.64324679652905,235.24817116302398,721.6590293868778,242.75592307297183,20.828106546656386,53.24742865990312,154.09607427975203,53,26883,62.621192781768606,-1,4332.537480642816,198.9337286720422,9321.872867448777,321.12764689919095,280.12981344621073,75.06494999596698,4013.0438058119717,126.20610774501908,40,benign
0.46698000898742265,267.7031690923776,818.5153619893167,323.7516576985067,24.003427537996583,13.966487864147531,235.1385926539758,53,26883,60.294027893720326,29200,1286.4597287345894,171.02141316327982,794.8336694844049,24.89233700504633,955.6948429141602,58.97851249152328,3078.8811360107597,151.13435936453357,32,benign
12.512352121717305,281.32364221321006,521.6930219472354,834.9441355979403,43.6156717202025,38.70055831918091,197.4282459863841,22,65535,125.441838174654,29200,1952.8263528299285,84.86285537869567,13326.111411799357,333.31092048379855,1231.0133788625717,29.690941743362774,2969.9754740250246,143.9101468086249,40,benign
2.4612158581560477,185.0189438470623,888.8656464440209,1032.7957904569844,27.188074651308465,118.56508604805637,123.95282538089207,53,-1,97.1101129431005,14600,2355.505245816667,532.6672817881647,3798.792816380968,131.26624219311051,899.1074845172318,26.676948839975758,247.95029072819136,133.34347909199772,40,benign
44.39521467822282,144.9805098713389,534.2938968697861,40.77783099832276,6.084471190370783,19.951290566923927,58.46789298944478,443,-1,33.98139858696325,0,380.68536878938676,749.7172984488419,1964.8724679780453,397.6728053014234,1095.4913433959905,38.6001991489362,1120.8547543172772,35.710900602102335,40,benign
753.8433580073012,683.9394586188291,2376.8643695527308,14301.841928132268,216.22546956965698,1040.4041311889914,784.6411606271929,80,-1,514.8094273196809,0,272.98182671343505,452.4609176926882,408.691237430696,48.85885164454294,734.9276011303929,15.491127618929779,826.0661309408406,144.9554796116768,20,malicious
1094.9990745726484,747.5330464909725,2488.20280165019,1997.7341230805482,142.75797628251937,413.7829463366817,852.2209972224646,21,29200,256.4787086690544,29200,627.6261262107956,789.8605320037908,3227.72807807819,144.218326625153,735.1260403196846,5.651391884961021,1521.081979623984,106.6189015899311,40,malicious
24.648341729809342,237.99160090911744,1144.7665965344445,15.645162110556512,35.483586812423454,76.71313284439036,272.14952138951406,80,29200,96.1218703498963,65535,1335.791665054867,1338.500873821654,5745.385000194122,87.424247057515,1065.6432981120563,60.10272910748097,1569.2737175444904,65.49395927860598,20,benign
7.233692519038096,266.8867173152561,1232.119008479409,23.137634046050366,33.828737370229945,42.361106495281554,73.67444768984589,53,-1,121.9273751087052,0,114.84341185748849,675.2906462994699,2233.1923561346284,344.0078962444843,1172.6435573650424,25.3949954393889,3545.5489750306033,56.76906772258817,20,benign
20.05114142582023,314.9879377117172,726.7895052565067,173.46830098886753,38.32129839981186,45.184109986132704,107.03243404182767,22,29200,22.84164430534641,0,840.689713978665,451.68098379685773,1375.909137249798,259.90014052704305,353.819511689682,76.6083856713391,251.8812788168589,64.55941697930604,20,benign
27.790237142034574,208.42446753169446,776.7003076711763,68.11325028713264,48.85109448253754,51.91423671232987,178.19180397359347,53,8192,118.11246713673677,65535,339.9538612669544,944.8809098394454,1865.5958087512113,108.58042100427875,1391.9167770118247,93.50021575862446,3118.6518457479397,174.701612341232,40,benign
18.381095993530053,265.38477624806643,185.4052199568112,325.33036604470885,33.304087987315725,38.56473477946407,132.6789340960116,80,26883,125.89296939250191,0,581.4136695211165,57.9493688948057,472.4751214783427,365.3569122230856,1183.5106504026005,40.33190415088854,4638.792982280713,39.85750024749228,60,benign
17.310275116438213,224.2971565708349,1035.2810529240023,12.454990370916395,12.662904946265769,86.36058755509512,129.91374132386866,53,29200,55.867647808521866,65535,568.8860550729918,625.3446073453849,5072.089543273819,150.94289528098093,1274.9281689555676,12.077780991053066,415.654901202504,81.84129124013334,32,benign
223.39405351136432,900.5054648924925,2812.9793716331005,5683.663532340096,168.45366527957705,622.0414022783667,490.4088177795907,3389,65535,148.36985906772867,-1,1549.3071453059435,559.5800531510574,2360.611162202179,153.3621716271928,713.2222725874927,66.5725189689413,3886.0519391620082,95.04160921886759,20,malicious
0.6855520039858525,315.525384946193,987.352146580956,60.58159400626456,42.33549070777552,33.2609119808232,117.99697919328904,80,8192,99.32292344509094,0,438.9936222639576,378.79188287744745,328.70462037761723,153.0096390502651,1089.8330274693042,35.91929103608567,616.5835787514774,106.30175948146119,20,benign
35.08714349138984,235.99789756738429,483.0797580304764,744.0383384067602,31.071299174792717,23.421108743524684,125.08126216934033,443,-1,109.9542751715549,65535,428.2079663785989,781.5011380357662,663.1418218748485,323.18573072023634,1425.6414857661337,6.850841445042621,411.9121765209274,178.25914179113573,60,benign
619.5139631658802,204.89463490692503,2394.5702646805785,61291.34541131014,129.85233072011,610.6715084796342,816.6919830212117,8080,26883,324.02182720983944,65535,4077.025336724326,197.45943588919764,6064.912322680105,201.66615709228043,478.18772771393554,27.784856152464144,524.0218906134219,176.0896454918064,60,malicious
258.83238857165264,923.393962102719,3582.2778253562396,8900.833971572889,391.5825339462344,735.4132208016777,664.0958191369684,8080,65535,308.77284122560377,29200,1631.144251849458,807.5725567190524,6266.3366221217,308.33760655480404,1260.5940953344511,5.297500794971677,286.5663389427534,106.26754796242224,20,malicious
46.22975955604113,860.8641919837497,6562.114785405829,28058.168900475393,300.62733169316465,219.51095601848297,793.7309678464801,21,26883,296.3078141123916,14600,1299.1103333127148,1090.4850783455024,1659.0551584373159,148.4021285321661,1490.109230251259,50.19355122957179,3175.115227026131,144.10776036955005,40,malicious
12.124567103412613,750.3279459240073,2206.875269334596,450.8380692670995,336.7372598927873,650.627948143658,847.5694602000199,8080,-1,209.35986783031706,65535,2757.8822696606057,1494.7248006948266,28.712369044731354,245.86527898493105,1271.8978309343217,79.36978618536325,2497.059839482976,90.35697973384391,60,malicious
222.8653863929158,804.1879771550847,5365.423663621748,3910.1356342899016,326.9986693437704,973.6728698095422,734.7899038297633,8080,8192,218.3622429896921,29200,344.8536327972774,275.3167760200331,3143.239565916225,88.41974075797799,162.19569081037335,15.38080719620698,245.73353740892313,186.5454698947414,20,malicious
5.699340559778615,276.151763855727,1005.4712442873268,870.3356791014173,47.75791969283469,27.135086661519765,122.69128218194903,443,29200,100.78588416694176,29200,712.4135495083549,194.5206666824829,13001.793832721753,129.96727491053136,1270.5999459884247,52.03098633105221,86.8321008259726,42.42264026717311,20,benign
83.57392571659967,1099.38211981176,5334.2514751295785,53947.81736903178,337.74134846518007,968.8124057033897,532.5919801081977,22,29200,367.3318942711028,29200,1227.3831963256812,1324.7171449503107,2600.3597152291495,340.88950410240886,458.2830172157933,51.85035222438083,3128.7318721214015,62.652800835246566,40,malicious
10.275630235317212,1105.6183945460775,7954.372142014184,54867.73287916754,94.66165951991798,492.2570370207425,642.6383754127303,3389,29200,494.13129161339623,14600,3364.2662618847994,690.1833863610693,6036.946287325104,56.93554482202072,144.18453462263523,39.159203603956506,4395.539943187529,101.32365957954977,32,malicious
16.46305091386231,251.40041592496584,1292.0402331370385,71.53686327223456,40.193807659415604,79.50647053594935,196.326482235614,80,29200,31.525996781460464,14600,339.24190469771764,504.13116479302,5577.137291209967,263.0064486853256,409.41196478344807,79.47093747360258,330.78741316318695,145.55384433681422,40,benign
11.591280285586842,194.21116589038076,918.7124096484729,692.4588095977663,33.11147910739906,64.36135287501651,199.68397829398677,443,-1,117.91056800357329,-1,6102.8168055891665,1386.8623695618066,11125.264815013623,288.7116429258614,225.5353487061,17.339715036842573,1677.7437708558705,41.234958613548216,40,benign
3.904540145261831,220.6804090822186,132.53976647958973,31.444315979858867,13.35693231325775,99.16645451288483,204.63661985536967,53,-1,28.191244117769507,14600,928.7049831054869,372.59515608278815,2069.540913978024,233.93379411503776,1402.5342723174763,20.73547239782202,1645.7735994193604,48.654934835636126,32,benign
431.44838437828196,905.2589736385855,4244.846629443835,40695.351065144605,279.3669511691319,592.4431250225459,916.2091824466501,22,26883,590.041205901505,14600,8689.39138495218,1341.5541261832582,1259.1362469155702,85.28769575040211,357.79682484936905,94.03215812981588,1697.1105715762737,115.51317947544955,32,malicious
1.4945752508916152,286.8850891387849,1431.150198220793,192.93067292327552,10.065999140462655,82.96282723126674,199.56631999027658,80,29200,143.28283759873017,65535,1632.174426380991,1240.0051935793128,10277.147671232136,244.71796894335714,866.9360747973782,71.81501603143808,107.40567477713364,20.943488323618883,40,benign
1038.25062389466,899.4667460032231,5505.023433812031,14928.577806782196,170.30019319783634,636.653301793187,420.7152283783309,21,-1,364.8663023797571,14600,1035.161851860135,736.578895181932,4454.855529504763,83.21125018464218,1304.8278473552327,85.34861773724019,20.511198999556324,191.6248895526652,60,malicious
13.167611812589291,260.46254850636075,543.5732698268234,0.7085229137273149,44.70707441655908,51.71136159927326,205.06925141030231,80,29200,71.60815901747283,0,1708.768271964916,235.30866978184662,3734.089518140158,226.91698571912082,597.3477178410809,85.52461040152266,1170.0802835431691,61.742540970196636,20,benign
3.4850401500363337,195.90261813803676,1126.913075788244,710.9732139789276,40.96641085207838,13.778089836230198,137.5594139206277,22,-1,69.3817250912286,14600,974.8920658434337,793.5114039998145,6790.912605350317,230.41928714524096,1048.501440961657,73.16442684127395,25.7130277794228,185.03625389069592,32,benign
227.1411585782409,1207.7673144353219,5293.662357386534,23084.863889128115,387.3254829323955,900.2100899270163,674.2976680045799,80,8192,389.28748555846676,65535,628.424533831246,831.0473397922308,5165.804526015205,138.3700307298885,712.077046803159,49.23658285644756,2604.640302126264,169.39886206844045,60,malicious
1.310079837895122,305.03987339994853,530.4873219380133,654.2642869300113,29.350659959209587,11.226664001505556,148.0557274514694,22,-1,53.33122226528203,-1,1393.3175710643432,378.1694667480798,2273.6429590675048,129.69142299884624,577.4619893942822,60.8825754219576,138.2024790079517,115.36014907504521,32,benign
37.70947908453976,763.420393451616,2335.9351725688166,12846.912457820508,204.00326397175087,303.8511075713656,791.423038170371,22,-1,348.8933518350837,-1,698.0565290044625,493.3368631781978,29084.151973475033,232.7843943066613,978.2917395160348,20.346453181310252,296.6541426156854,111.41009413164733,40,malicious
464.0753679539748,985.9834731902779,7996.508265786174,11391.86477672239,292.06776885881084,214.49237701723683,516.6797669843228,21,26883,205.03405175508044,14600,5214.608725378484,387.1981320118083,4196.163790636877,206.77087997893108,99.80325703568539,43.201063213588164,2725.557367527208,193.8251347036564,32,malicious
6.351488637337835,646.9826033652112,1566.3375814325022,13497.244004370035,302.5892899682185,427.06553621964275,589.8698902236033,21,26883,523.1915382999296,14600,1087.9007994083001,1116.7509920511168,2685.079932616466,54.91520229451905,675.0272792551071,75.08240395685296,4308.239062629991,47.34478554899174,60,malicious
387.3426490342023,766.9537489809749,5984.815180251259,7821.739867322574,301.91911246822485,541.580515894,447.70472662589236,8080,26883,353.1342702946377,-1,799.9981272994514,1418.8224514057265,473.26527450781583,224.21369314390617,170.89860187837445,1.133505574312732,450.7572277457144,21.025510014897954,32,malicious
21.3597345148791,329.7622309524475,1111.024281880479,14.639793325514628,46.16464710755228,100.52352867520965,102.93473394211378,22,29200,38.73005927606556,29200,1111.5287761141553,914.6455423657134,7677.846159491394,301.1369253153125,1006.3244589522446,77.77166467277911,4081.657273628912,178.5331694307993,60,benign
13.718033322455994,347.86029865928657,200.98896913334272,1302.0358513528083,29.92242688248096,60.67072645696045,131.76683581916626,53,26883,76.80660413721847,65535,1118.5387474447639,1350.59292540851,8856.604656181707,110.85741136894993,1252.571431215233,81.3506017278224,282.37288455219516,193.72300164980408,40,benign
28.06027997123432,1120.0620060083022,5215.140271120365,20554.973348579184,102.75464176821927,890.2824942015802,700.3825795801752,8080,26883,542.3870420674909,14600,2041.3771541046435,1081.8604935135945,5303.242862520768,107.62101084520765,706.3887497497124,87.59246311661413,3036.7091667638624,28.637197293138996,60,malicious
5.9517009450060785,246.6444241526498,336.81676959982843,458.36777261719203,6.716374093473165,59.941650435354596,53.71261492148795,443,29200,31.005900028322188,0,889.1481338287207,206.72558714702612,349.8296696750333,272.24061931793847,784.3605702799817,54.482374497846834,337.5562558585111,20.679050791813147,20,benign
50.9237598532893,176.49127288327708,1220.467269982156,414.82989351382895,7.734410876283327,113.77086309047559,211.9834942815878,443,29200,63.84892024062992,-1,1258.9335140402125,835.3043597575681,6136.959083995926,86.23033940946344,1052.3851784448925,6.3642566378903425,190.99608191854327,54.421661757023436,40,benign
496.3590591020438,891.6861549935853,7439.744085128412,4732.767412998277,315.75145824580386,700.3062689242072,795.4350990669917,80,29200,494.8079710760662,65535,1446.2631128511725,745.5976110603043,3302.304363429472,392.0101468517729,699.4610317342093,53.071132416664625,1856.3244427115696,61.96583569882654,60,malicious
6.9579335497429,209.47647859715966,1374.3914270953223,74.7634880586312,12.529882705738741,45.432436160570205,70.64604033266468,443,-1,137.11472405619287,65535,1207.379254279186,521.373183691742,804.1644486021561,109.46782704680471,247.0699876291424,39.6193917372967,1246.988588246823,25.56762196220106,32,benign
583.9895993926807,572.1143430301693,6678.663486683509,7589.7923357824175,272.11916742188225,482.61203586639516,894.0195384230567,80,26883,453.81345427017766,29200,527.4514499087317,390.87062510833255,322.732244884924,201.12489733229677,1033.0429830080216,72.78686980422721,1419.7558727015876,57.24620511592964,60,malicious
26.568777356049072,851.9418555928881,2821.1509299395275,20622.241856170305,126.0810769829208,851.7011650105809,924.4131024656281,22,-1,443.91100323269006,-1,66.60657831150633,1192.4853665637468,2247.801979377993,128.7124156022599,1229.662241025667,21.43120838635395,2452.811722817789,143.29305685297487,20,malicious
51.70472026991557,661.9574154130697,5227.787841478281,30038.979829134503,284.0644401857754,458.7849427241663,435.58084656419146,21,-1,496.33766030654107,65535,1120.2510647623603,1398.0099694556134,6017.876440362279,187.60942902522055,396.6981133511395,23.27496560639566,1333.2145350739654,62.713407768962384,32,malicious
6.241606806110007,259.0876994882421,1157.568630029788,591.4123257870355,45.52903951950603,28.23512543208211,293.81504293829926,443,65535,104.63025089036644,65535,3129.757831760351,1360.121211005699,4516.602838296734,287.78283980083546,474.7469203807387,9.892128232842667,3546.815940767147,75.85532090177338,60,benign
127.52625203993033,1139.2600865685429,2612.763707275385,27960.466933973406,189.31886047112778,415.39353437163055,805.0226372677564,22,29200,155.31848204401646,65535,838.90805567501,71.5212660970186,1348.0781624394804,62.19906763870112,1486.9707671769486,85.36685622235994,1435.4450811284305,196.94746204937925,40,malicious
827.7901102168128,1081.8200222116843,7501.898935687451,1485.662040941851,113.52069549185138,942.1209145341123,813.1893556161665,80,65535,263.57774013686617,0,1328.277244288582,1305.337584136771,2178.305727988275,277.71166096337043,1149.5504941375057,81.59505014537993,150.15806192925953,173.67687721901225,32,malicious
1373.2674699860147,697.0982417751675,7342.111920282048,119563.8867016021,126.61805204457146,222.8170169663966,967.5757987349816,22,29200,330.7676350429594,0,805.3793177718157,973.0196326147853,8842.468548102266,309.7664906230988,126.91020004108717,69.06559278271425,61.90323445863372,37.51554475024581,60,malicious
1.561560393111523,256.05712124752387,574.6168746958479,1400.4860582483416,13.269053921040673,92.80854292571021,225.22814868877998,80,-1,73.61664830892894,-1,2135.801395694719,835.4100298112083,9042.004114732963,305.27410416655476,1402.9786122877033,55.56140413012983,1681.6006913149229,150.8734087719966,40,benign
1.4101687313732043,261.3659360140991,1486.9783404577352,294.77432087641193,31.2058896954411,68.80404401254438,292.94558144195753,53,29200,88.34754926809754,65535,701.1440590283371,247.57922193446382,8792.142039009423,234.03438162571393,1148.6368965974477,60.99281214437007,1150.3564937229012,129.83250313557463,60,benign
256.50906672889255,485.90541264157275,3355.3312187677693,11410.036971179672,163.34163598543,1144.7711858045468,909.9893786424041,3389,8192,114.83342869388542,29200,477.7912861405817,1319.0704493146723,4471.77042218741,360.58956026811364,1188.5191861436758,46.69430054378482,465.3561071918597,112.39837384277106,20,malicious
1.2258807909975875,198.77346375105463,1257.1587112261877,37.14664561516478,22.45122633930439,87.46117561915575,142.34962642629534,53,65535,56.24448005600549,65535,832.1599408038337,57.453119225221094,2435.1655322437905,146.26719029344292,559.2868970649124,28.953605096390344,224.71053591739653,154.94824314968872,32,benign
48.18713969939645,212.92799823360238,789.598457666769,648.7053107222448,24.328064852169074,41.792155106704925,283.93124800636735,80,-1,112.95577116476676,-1,5637.481405350872,404.04152322387705,8735.34094843643,324.80250809479145,756.2557816833496,1.7808699925985216,1158.841032921368,22.702427135288595,60,benign
446.3700140200471,678.3303752553032,5833.125384022324,78435.46551365498,145.24259888340427,733.6331651054215,852.32936225418,21,26883,124.06932244831278,65535,252.9823588140747,653.3047673928647,7194.6065860126655,283.0091384045216,132.6076782732952,84.2769857682821,905.6200620577774,177.38818971224342,32,malicious
52.136544593992454,1217.18884473989,6220.223243477291,14853.325199063585,153.76132348458128,1199.3158028009361,372.8866828843723,22,26883,154.49484405482428,-1,1553.8008171645786,150.14314809415632,2467.8088130735873,145.51266371762728,962.5435417726669,90.10413578388734,487.9167353337187,76.87695138712455,60,malicious
6.6612689504892835,286.96604918595494,974.7526812495814,63.05759395608815,47.949870463579195,44.474443917081445,142.87193789922804,80,26883,117.08602048901389,29200,2113.7379070782954,1312.0136827725644,3401.109699771665,96.98406816057494,1089.4366286092627,74.51905624535326,1070.6221313393235,104.32699193054046,60,benign
2.8213247914949124,217.76784332783194,829.9158751954327,12.515746211486636,5.162809501652397,38.740894910027095,153.4127471395067,443,26883,26.542457949123236,0,802.8524853535476,510.210363369811,6102.060692751024,364.3995040794521,906.8655012511989,46.04025366207385,5818.833059172503,115.55024568689534,32,benign
98.40042950490484,1068.040941789368,6355.954529907296,3052.418266112506,381.5992451641482,315.63972821030643,816.2099650637002,8080,29200,415.40617907589746,29200,3883.820809987103,315.2946958003925,10601.563873928842,389.4635002499274,1288.6785835509509,48.1516560908488,2087.994769484965,154.50656980409804,40,malicious
238.76432808359138,788.8286630051786,4924.782380363071,7167.277976291037,365.15397671019645,572.815323328202,546.8456017842365,80,-1,387.5514695611006,29200,2340.496706428567,120.01806044772967,4652.842148968285,362.8171835132995,1367.8669351069025,51.849134131063536,52.5953006829139,139.78971713633086,32,malicious
13.161921017850853,207.12557966545512,693.4227349130002,18.43546052506094,26.53054410605168,31.030018794071808,65.4456859015912,80,29200,43.965987862987156,29200,378.9083147365416,887.7917400522758,789.1874694007026,210.2542110794905,616.479561514445,47.854057714859856,3102.230905439689,179.76420798529878,20,benign
37.38196106103323,228.31604370992235,1082.2932428828262,350.165645548582,36.16027194376002,29.120302901207886,220.26328098455613,443,8192,46.841153267115445,14600,638.4677371951639,330.71203720792306,8962.662073583742,124.44727295892076,752.1900922819295,99.46865800393003,459.0550138497924,91.17721221163164,40,benign
33.79886573481961,214.9631325961191,1019.9824163312602,191.70369881580578,36.018610717956776,35.375563059660735,280.8994758278055,53,8192,63.832566489070125,0,1400.9394248622316,669.0093067129854,423.365798849107,217.07998269178924,1111.4654098186618,8.6438791357918,979.9888379298444,168.14013537422983,60,benign
49.513859474966765,264.13419763086796,510.286819334032,514.480271910081,32.58340219955889,10.298562414561815,295.47681413031296,443,65535,93.06204722096481,29200,820.7054598256507,346.1151199294258,576.557394829763,134.77366960890998,663.1833650727551,1.4186343509443478,5689.709532180704,141.1786517072157,60,benign
37.863245926421044,234.62714974129983,430.3003686018546,2582.3145120239565,31.095412758875444,94.36324636449822,209.35058970267772,443,29200,51.716264613830276,65535,3900.328748588202,739.6295267498585,3219.1812728920904,318.5359648489384,91.56275743820262,21.50680422190475,424.06216335962733,75.65236187135915,32,benign
315.2729461488447,1039.0859023006033,2299.4468641691988,12616.909206962524,261.2443232615218,228.98860359475884,988.4767382568546,3389,29200,224.77649289836597,14600,1426.9718252466528,1095.8914761463463,11910.432205467601,370.92689501864675,462.21640295496474,39.96401553602327,4354.1041593102145,110.98621820490482,20,malicious
41.231989009455674,713.7647377717735,2206.7915645720323,10275.86187874793,166.6384477214815,823.2162845395387,872.0224152659339,8080,29200,560.0569271726108,29200,191.79940167973584,1177.5675900861368,1964.4997794937638,263.64669340580906,481.21191153668184,87.83841475464124,674.5669048353733,185.80088363366835,40,malicious
595.6531988868048,561.172505074127,5350.094884883947,4231.49014895018,182.83031225902673,374.23745446967996,911.5334739894912,22,-1,438.7856379971851,0,1202.5104199911066,937.155646176068,13220.307559626934,187.9991454215194,1159.2673160211816,27.08528869133905,1931.8915131406327,199.31801083638743,60,malicious
1211.6321469766015,575.005707144485,7752.238192393007,37094.45514724498,103.89141819058818,431.87033043671,512.6623862967356,21,26883,215.56631532920403,0,6688.280845707802,748.3723460755779,1501.7588868044336,194.679348466394,221.37694171867594,26.187210067528678,294.2825156172639,66.18936212227501,40,malicious
157.72409260579704,975.3505857893012,6605.184108734004,43643.29348306224,334.4847763927311,1099.6871758506231,340.8809362564294,3389,29200,389.1048121976989,14600,1286.7508444362122,1314.49664926618,8436.803304668452,360.53935988354215,398.6729065809612,51.52559108493578,3219.8812330591613,71.0635763443415,20,malicious
832.8118640981154,1221.4899627036277,6641.813820191873,8493.945256407504,348.24096284433466,706.0452218037146,458.6023040261705,80,8192,566.8408645177889,14600,2707.887813992592,724.6935797386354,3252.9243990308737,179.2998515317263,366.7972955799454,3.761662101021712,163.38635455904776,57.73909895244703,40,malicious
30.523597821797,837.9576332319153,5362.572650688118,29543.757004813153,177.91687538826434,1132.5497838683214,812.5729594372795,22,-1,538.3074917485662,65535,3198.047653873373,750.3637524043231,2341.460808846732,27.186334894970162,154.54588129229683,81.56323821866565,2730.6678255815914,72.01013090728932,40,malicious
15.053040719051694,272.7899863254014,742.8691370591555,5.0965427867552195,35.81616924417189,35.42642968128312,85.40221187547056,443,29200,140.82742061966167,14600,52.2094216977893,1244.4309043537246,2139.60468373017,241.19666607714353,92.31058357909167,85.28272138957217,59.3043166612782,67.5539580364946,40,benign
42.69087964736588,295.8783428006085,515.3323064526962,398.90535081585546,13.81707828744426,96.63085074986836,178.15305042994234,22,65535,96.9219726871643,-1,1282.600452416873,694.308283129911,10241.346167644557,298.5476947836332,1363.4529027122703,3.792862050794754,3805.949307118424,40.94811402103708,40,benign
18.805595362689008,172.97662693747128,543.2354501972691,204.38608245302262,41.62009554202087,96.23874461302574,231.3298088150376,22,26883,96.92537500668719,65535,374.99546144407367,266.06502339116787,449.98752192940174,253.00063684009453,709.6942482762088,56.39988093225584,9954.995550539034,166.75837002034035,60,benign
86.3461579587875,857.851713078599,2628.126870858341,326.7126048635489,187.58439502204763,904.5151126688777,864.9643368968824,80,26883,274.3102897865292,-1,1767.92865264592,1167.2259957159345,3165.900044433868,54.405223367406776,587.447054787749,85.50701445521183,1551.2278136168834,80.89694781547678,60,malicious
18.129330760912474,211.31948060713918,208.41130094616946,127.20246991010906,10.144304100336639,114.92816978893981,223.69302237116074,22,29200,138.5149367631111,65535,741.3429235137708,308.72673751707515,6309.073138687227,85.29988324087536,1072.8811025580892,47.23486276736669,3864.330700124423,43.99705316491159,40,benign
51.557373021554795,228.7885173535212,275.2902041588834,513.6118079788511,49.77564243726235,102.86813394244182,87.09208838889305,443,-1,42.77888637090484,14600,1456.991139328824,1407.479215338171,4538.233775196814,32.026808992496775,194.46598037442925,60.08897847013787,1031.6741913224782,112.35810760724634,20,benign
131.8732308679499,643.0129452801467,5275.568382986855,15975.380986738788,396.4711361041637,662.7018590020849,643.3300838716602,22,8192,504.3267073029077,-1,277.9526867202169,174.6595829745371,1206.0460859591017,386.8836751403376,291.6354910163718,41.28757572756151,3405.04102651378,51.92715260040668,60,malicious
99.94552660717898,819.4011613530375,5308.0598518765455,1517.238328570973,383.50299580602234,929.7307472025808,524.3441396324026,3389,29200,589.7070874150024,65535,334.86002589747966,133.22312357610843,4483.551568952617,309.50620395063896,648.2026988523098,35.832339898976294,3845.5729935915674,149.09552560716602,20,malicious
36.25696122862408,1483.0698762834327,1767.494739275125,61559.790991602546,144.60630537574875,385.717236768872,371.1601000057263,80,-1,345.47226992652975,14600,1360.0379953635409,835.8654169376197,671.1552104970552,226.30178946677887,1156.6704326658262,36.7628692419392,3.6848166070328645,88.62304803959927,20,malicious
4.161212593279668,262.05410179864344,181.03661458216038,3095.525443873027,16.55098130794744,48.432708865290365,216.4408325833151,22,8192,98.26112726778621,0,3558.8646179591524,1029.7340873665835,3977.203727964135,164.40366999155728,890.6832792251164,3.1643072237799386,2778.4935040601213,37.146739024042716,32,benign
120.88394435909422,1021.6594013738788,7945.788784449123,20177.553444211928,80.13036132475764,627.8734913984775,827.7814230138044,80,8192,209.35337590707815,65535,4366.625442482112,1059.4128791885837,3272.494722874633,185.83385487636204,982.4130492768836,92.00338061289588,237.6233952789009,82.48019716375673,20,malicious
16.114047465768177,244.0637916238172,823.6666856343674,70.27308536217808,49.035174873615155,107.12837323883896,53.41911675261217,443,65535,114.5400886471996,-1,4722.627351563578,251.64853992687634,12646.656760957336,269.3942220987035,224.66574073874287,55.3367936376161,881.1921599708544,178.31922742095497,20,benign
0.36750915040483495,297.8892825286834,1077.606175523684,170.1831086273467,27.997295690318698,94.47310384790589,92.20511323208592,53,26883,56.481262699799814,-1,235.41756063380245,427.28144648471,6867.92101314864,113.6859086719125,545.7461155912735,95.64943860615884,1551.3002424897152,66.75621415330812,60,benign
502.99422960945844,862.8011660076182,1883.1266903715104,43837.07798259094,362.99602960541796,295.3185753774305,699.6945214823293,21,8192,136.84529964785617,65535,499.6367228169653,542.2426246245423,850.6960650167238,264.52380496897,402.96469895937673,85.95983463925026,1596.0903824350685,96.25901900802906,40,malicious
28.357798727649502,316.44473786671836,885.6374968744698,376.2508955313498,28.95418375599519,98.34827237167868,191.4654573537704,22,-1,99.63182923304959,29200,113.52491853779131,369.08632640938765,2413.3804792915707,57.839385550326234,460.5179643231845,72.33602481482528,781.8844687123213,195.00479385520305,60,benign
0.8455616885368182,296.14523783821744,765.6225955437337,528.898085021082,22.20197530753142,18.831049793326123,153.8836759858895,80,26883,47.57058063912195,0,588.811393944468,664.4933900474055,5389.100339237738,393.8979496391815,753.0942835169725,90.27118522085274,1115.3855483003738,85.42621370822641,60,benign
291.1211544095528,748.8513597441043,6914.123164328982,20380.279636213367,380.8269666116952,973.3455284423235,759.1612970592489,3389,-1,345.3307311066611,0,2335.979567951572,163.11163544330725,9251.79251387806,185.4659171829224,1080.4803534124176,24.7748829056719,1809.873796761048,170.0737740798888,20,malicious
348.9521345184671,875.2448378238,3193.5734569024617,31308.868045394433,374.16854901479934,945.3163998503385,388.17269837379956,21,-1,274.5980964496564,14600,850.0488534926881,652.382652961795,874.5777415909157,191.9956243695812,587.7228995005069,58.89159151547375,5042.453355714817,59.17627350329804,40,malicious
6.0333610565767,142.6777240442558,723.7641102432715,142.2164278068236,24.881851775394136,54.35028708971724,179.86644168042562,53,65535,51.45501132315705,-1,3756.688043118303,512.8501927058514,11423.86018329126,343.9318983411632,598.829305836844,48.75144772138391,672.6683677071588,123.0050690651021,60,benign
424.5726980687534,762.2471044783515,1656.7532732776829,8208.825158780879,231.01572972508254,462.0703962405909,434.7475310213136,22,29200,181.71026588042324,-1,306.1547626627348,874.9145962663821,5079.144023679622,303.31214979530733,133.34361561364398,23.267526077824208,860.3641803260201,44.32605823392004,20,malicious
51.77716747275567,333.11070859311724,802.065943444084,488.94859208393126,48.219196485488965,117.24427567694404,142.06464232122914,22,65535,124.8765448199461,65535,2480.021103401412,405.1622514764688,4578.386426397658,382.31894377594335,996.4399212681416,92.40844165738078,143.92750569922268,62.86654379537542,20,benign
66.7767783814057,1079.3100370300474,3174.443965623778,72918.05226909474,99.03431619784428,436.1791604472008,660.7383210181887,21,-1,321.64557968669885,14600,1305.0700771321112,1253.157255970232,9594.26042162848,156.03681618093842,661.9491255446085,95.28905314479678,109.01734779290113,138.6030981010163,60,malicious
661.2724935194791,927.8835175177478,7096.343638944555,18851.923431937652,320.3142077065721,765.8665736390208,550.8122288068406,80,29200,593.4930920176264,0,95.06849218323077,1138.6515081521604,3503.3757231094914,255.590358197143,1209.065290604715,90.36514179559795,1039.634137389635,44.215131104296105,40,malicious
12.154565032799667,283.59691238708535,398.15592827965247,408.1992925034648,46.418217366880086,31.712237426782398,148.5125990082234,443,8192,81.76875375896228,29200,1282.4999512853474,63.305694867523115,2732.0215485145836,115.50509257723917,675.8869262110832,85.4594047401589,595.3229050663085,192.14854828488762,40,benign
2.2689403051682047,253.74306946063268,782.2565522708243,710.434039300794,49.64887259878688,66.7652360359752,243.44181191842114,443,-1,84.91056745942679,29200,65.56535028062821,176.6326945559922,2517.575167633698,26.661264049691667,65.68958527616533,25.777496845036694,17.685047733036296,88.52582550903611,20,benign
20.61000458193638,269.1518259571194,749.9499405283101,260.141907589542,20.735780702863913,65.67670966354291,216.47645753431604,22,-1,119.02698443580334,0,1357.6015835783228,282.7101026752449,8466.824220021881,272.7636249223385,1001.1765544525789,62.12686641672976,82.93411715659774,102.68821401204931,60,benign
100.64882373095563,744.3603574222931,6134.97609423857,34626.524152123515,244.61735334704667,1030.3523913947902,373.2564162761587,21,-1,199.758003705065,29200,2219.9673454198287,1145.908648120281,229.70281935556397,214.6369048430058,1362.762500349173,43.03508100162459,3240.2879190480594,30.0218446921885,32,malicious
1317.4869147719307,1018.3158814195265,4764.423765760128,13905.501280901988,197.8300442435323,225.62674361324923,893.6553056738637,3389,8192,175.22812837477431,65535,1.1136551720779808,1160.4266029632226,708.9301670469657,273.0046831748358,1063.0937349320263,5.414990609271686,2356.2227377731315,94.57688411016044,60,malicious
92.5579384302868,1049.208383360803,3448.161721557131,16844.04806985014,340.4567215451023,639.3155482436516,946.5373871711063,8080,8192,385.60537303771326,-1,877.7737651154392,317.351394789932,5163.284496783299,312.34712450407324,925.738936435861,48.46238114435977,1498.7297647229566,50.29825203423063,32,malicious
326.80823560162054,865.8596803427054,1577.260305461573,16617.529183495608,398.0044991048298,667.7942644357338,870.6510708668134,3389,-1,169.9555587530501,14600,1666.334041301093,845.7801035396332,1.2551464923574203,360.8561401258003,72.07039132725731,71.43380201717014,3776.4422461192776,198.14244198022,20,malicious
790.9883304336776,1056.82627891357,3291.6575778761244,30325.600747611104,288.6544095648636,900.6351812454474,768.8103956882952,3389,-1,567.153000780976,-1,6211.084344511279,490.26391868853636,1994.868785030056,125.6132795605827,246.3399517660586,27.94579977007349,40.46630952676733,71.57290191975325,20,malicious
56.16118594348819,282.9661013237413,1331.4001850444863,421.14471800469624,21.007458942282028,61.67737816653716,253.12109723595185,80,8192,98.30383068875166,14600,1002.7200756123078,1401.3478998106932,6128.331992527354,398.20901674955843,628.3273882666799,33.40073964800998,4902.361269000917,50.25745888831049,32,benign
26.36577582054274,281.2517501972266,1098.2745498707236,569.3233168019823,42.24333625133749,85.43414065849727,68.48928063603688,53,29200,99.72573367048797,14600,1206.0006208066447,1014.4106850503254,5738.660505029675,362.62910983389384,126.6897749312614,42.15884731989914,5351.265258541067,67.13760235381326,40,benign
4.566928379629016,210.27406594889825,621.996776157362,565.8186921082735,24.479471559757574,82.16919121358049,233.78204055218757,53,8192,81.03192245453752,0,2081.7210987452595,698.2189557585076,11748.553854817526,195.83631106248217,1283.9033891877214,40.91833772286603,385.6842002591237,116.0872153649091,40,benign
1.737611149953851,219.44071205657644,1422.8429293680288,288.84194602948446,32.443042904590826,113.86264398627208,205.7048378028204,53,65535,47.35672166257511,65535,3516.3526718268736,382.11293116580913,5875.918843035079,355.44870230429586,962.3580727495923,95.61135131247202,553.6763191603933,113.02127711047486,32,benign
3.949585481322501,224.47072979655906,1160.0296188829252,734.0011510275418,32.30075344529287,51.72969245111706,287.97637070044243,22,8192,53.46287499182007,14600,310.0220970754212,1044.4515698379923,13186.699479560555,211.35775117618624,1202.7532926182878,84.87381170262852,1109.7191721417632,193.02138452442233,32,benign
25.979449841107,264.20058216286924,1484.2027919940272,68.7186344392809,24.06329457180891,91.34963861711472,102.87021313818538,443,65535,116.7975637498825,29200,921.3906764170132,442.1041071851494,1331.6921661136519,319.8249345979751,1413.0654164118725,37.03509067460162,1284.1945530496914,37.22858677184263,40,benign
288.0872799536547,713.8331212295558,5061.588014206618,78247.8200585694,320.79744921843167,888.586894502332,896.4210767896111,80,65535,593.9300181686135,14600,3119.8191359461707,1490.4028710722407,749.4089376504305,301.73809191690594,1049.75151607323,78.69476718355985,2063.9484980557836,145.99979908667865,60,malicious
81.70481772679936,241.83319121847018,1158.5709606516082,347.26587671848023,13.236932106488768,106.50547666837308,126.36483176217388,22,-1,91.79820571614216,65535,836.1308578763013,1279.6291454828527,1836.7147920820414,264.48889275068393,1017.6619780027826,23.652670639019778,290.25695917928033,73.29256071101277,60,benign
58.20516886909513,243.89922604228926,429.47578631787104,19.795116868679532,20.613342122626804,103.95492386608844,271.3972717679273,53,29200,55.633352681409725,65535,1216.5550201079577,763.0896993589245,1131.37307813651,270.04548275966397,915.4103565959227,98.61027047903909,984.8675331029856,89.98853854931491,32,benign
1457.2668638172702,954.1039709485023,5427.432709154596,97710.50201558218,144.62667509298538,733.7125773728253,325.11307671328206,8080,29200,108.73337614313685,14600,1425.6790805416115,1222.1848320929844,2845.6636126472213,171.51695936556766,239.99871366572162,72.44025955288286,170.37841181985306,20.60957418006079,32,malicious
8.444726987243861,183.38235405153029,632.7239493398447,1589.725866806326,22.457994590211417,45.015284780385045,77.32233900992124,22,26883,95.047351928932,14600,820.3916136092942,739.0192064592385,1250.5575386852086,127.50805341591844,195.68071137513078,51.959133876419294,1090.6524537750327,35.96963502072914,32,benign
4.5007543164277894,208.04852848568663,858.6670530205442,285.1270326692845,37.8802053036314,74.38656810289932,69.09216892132731,22,8192,54.22407071354145,14600,3087.829833079325,881.863639150357,3105.1675806567996,205.81181452945515,1383.135497962153,4.484835300455492,808.4311721457431,148.49243146268878,40,benign
688.2904033571381,858.8376978595704,4034.4812874659733,38522.929882419136,232.9136490393182,358.05248915340985,651.393912088078,8080,29200,199.72490290507025,65535,767.8204162724469,1170.9076476600187,2189.093057304052,132.22221072655063,777.4755216943772,20.48304216539577,667.4799946688587,136.9008072047551,60,malicious
3.590880440408357,200.23158643960403,592.8331753040383,620.9485565558173,41.58049525549675,75.87623731035752,145.30617052376613,443,26883,91.84668369706847,65535,2317.1087166146744,1348.1428501229384,2678.427827494148,268.846430894225,603.5443655008246,4.432399209726845,1757.373198759817,75.74875159854344,40,benign
865.9573900111399,844.8810190185463,4976.003610324575,11700.650784571637,192.51083125692912,369.49696630644064,869.9282945169828,22,-1,119.66157091805076,-1,947.7658300414198,96.84711596266106,4550.3153078505475,171.16811309965945,545.7486296533025,64.17791978935364,326.5769628531078,178.52901363007487,20,malicious
835.3391277162239,425.09710560247595,3157.7397729330396,32044.904092971967,145.6119948527603,475.0792695501828,345.9086903525041,21,65535,518.8733648944515,65535,4098.963792895352,674.5241337645477,6431.725632592965,244.1839259536047,933.4032896795327,84.714172036867,1316.2229401546165,52.016942064997664,32,malicious
7.238575027160371,238.7112591444993,954.6283240613018,677.4566107384612,34.38546663030026,119.37597601144307,121.00258158870653,443,8192,75.63272895707702,65535,786.818385808406,1291.2019053352524,178.9470643452978,169.31822194952463,461.435200419434,64.02398325627713,884.295581459244,149.2305217109338,20,benign
9.933257917688136,271.5061641303914,1214.7023300641824,171.31990159602586,24.027433672840434,113.21881822377482,295.11739274503157,80,29200,46.87056226602197,14600,345.1288342365514,540.1984143880534,148.51998147209238,146.60734799545452,1348.0008495537022,94.26489855316554,150.39336553050134,142.62428264016188,20,benign
114.41983917838357,957.651713913124,3659.01151449556,75118.08407447011,353.3075906425976,202.05342466009662,897.2392370924558,21,65535,144.978131016933,65535,1103.4663900968271,550.9471578452406,5681.243640800197,190.39124247461442,862.2609393891273,14.56046631812551,1136.997495514976,86.4410493994937,32,malicious
18.803754809715954,656.8412083117449,5547.364816384197,18428.560622888235,377.7035163543156,792.4336743024196,622.3904379584044,21,-1,332.45776744861297,-1,9340.893015958076,745.2838916183375,6729.644068034427,51.293271253406395,1453.4543511978025,87.21023192249811,8088.569608166567,48.732401383741504,20,malicious
4.535634798190383,232.20759045210644,1240.169556334512,124.8007277472727,20.18093936508214,12.677526446124254,90.50769590367446,80,8192,42.19301742790955,0,4078.154536602948,1122.9728042732797,2222.7106275578726,214.88871906101113,110.37446078462918,63.36447954362854,1611.4949606534112,185.29403525837907,40,benign
175.99353906412077,1004.1283821570522,4837.451126938125,95781.41886338293,182.62062404929438,1089.5281498983027,721.6774219769893,22,8192,266.8779563461461,14600,524.7400862918664,1000.7759546925913,5035.287961795269,154.40321020499977,977.0998509803838,90.17954480837385,1741.237336620159,63.38340075492093,32,malicious
159.35826999195092,626.0733432922576,4677.03960594264,3703.0217888319485,346.22718933777963,598.2936365984181,440.0754007990923,22,-1,199.1382149840976,0,1223.8635387969468,1452.6022408117074,562.6667019414658,97.30592386598627,1344.8104508111278,93.08938692163386,150.09676727931313,190.23085479883417,60,malicious
260.12452135243774,863.3147317424178,7367.844139743377,17563.612059728046,232.02190691414785,928.6428236240577,364.5575656671404,80,26883,106.18787626210133,29200,5721.695380633733,134.47265775406657,3498.3662769652346,164.3112855074504,1089.2470208339882,13.749418224015509,740.9790122808406,183.90846808977324,40,malicious
682.2494475098102,783.2990760348262,4382.499505303607,41206.36490839306,148.2858890542209,1173.889910560464,828.6432396377162,21,8192,516.966366828119,29200,2072.123003752341,831.0192262123634,8348.401869995361,317.830682988903,357.6615644353053,14.060263821033747,1750.607529814725,79.53696342652235,40,malicious
8.973903019271644,255.72143816491666,672.2531468817738,10.752793153911483,31.839316727341746,74.13490506902714,139.89723227894476,53,-1,126.11562836747157,14600,1866.0124413735186,556.3942004253679,1184.4130109905238,221.04216383564545,721.2904276248462,73.54428188613045,1084.977663991855,176.33825234908736,32,benign
92.64811186183974,463.8030697279849,6890.940052216714,2392.446517475062,332.4433943907035,649.9493359472024,359.5988813739797,8080,29200,122.53924575192029,29200,1482.9890023179794,631.728869420196,3483.6928015067365,238.39174630816262,179.21958773157843,80.21453529197427,545.5149201850843,44.74491043667578,20,malicious
74.55198154129172,1007.9446525979656,6261.759453747236,69162.57663171962,380.29960530353696,455.80059835347754,803.5085813983527,21,8192,221.15753425806923,14600,118.62235854530364,1301.2886007830316,12750.186970286972,325.08164462542777,1214.5046906645423,13.08936685544274,129.89773611368358,190.43810233533267,32,malicious
1999.2001914028328,1082.1563710791245,3869.566458294089,5437.091592002548,157.80930918628513,525.3158935067418,611.9940486030894,22,29200,422.7284288286884,14600,453.0558646850484,1272.9056960585112,1387.780156230388,95.9300378138234,1044.1345608329748,80.68558542380399,1096.612710249079,188.51397248354377,32,malicious
8.938939649321057,231.29834906531175,603.5593737453837,1456.475353431892,14.397545361549575,45.66880792031813,179.40614697689884,80,29200,125.67841453890733,14600,393.3235870012732,1441.6423800943242,3920.3220395701364,175.09225165146387,848.121788713391,62.60000474048496,3544.5098816511754,77.6488118770616,60,benign
457.6151967185914,954.4679331878544,1528.3426927335786,33539.27096167484,373.4565096319207,881.9510004950978,929.2040735261888,80,8192,302.45384663574987,-1,4675.708594646244,1308.3498868407157,2897.5785951152757,36.14545272099363,196.81957020291787,5.421222793915392,3230.8405482951584,51.526811856322226,60,malicious
623.885204047345,739.7143121402951,4318.417609466429,32594.33070786485,165.61512572274407,969.2925750588587,634.408652929901,22,65535,131.0561096274695,14600,3422.4879504944347,114.05473772107159,209.45167650864377,324.92286432498025,441.7621510956786,95.33411220403526,1907.0881141371021,137.6636383455489,20,malicious
20.230182525026017,207.78201498074188,1466.9647926801597,59.50826463069934,26.446450967958246,39.77834648125189,55.39300154267342,22,26883,78.30374863765638,0,1101.2819361342197,659.277235790867,2427.679603383407,268.70436580188505,373.170183433553,99.77883655903163,1046.2815313962699,127.58561094809502,40,benign
179.82070276634934,621.4182158010012,1642.1786180228287,34542.523553873,303.8764363882543,630.2175060427492,910.533223703824,21,8192,584.9851124912823,65535,6360.881691116685,500.74699804106115,2273.876216808662,166.00564189497604,1109.7743777967269,59.264553484469765,2563.4403843138107,103.10109093124618,40,malicious
22.974069042714152,303.0382000930161,569.1369347819912,1483.696174049007,18.025513016755244,96.60093946978338,84.90458140505984,443,26883,64.81322879956309,29200,7405.681372925592,235.35096055409585,1797.828239098335,180.77039048097936,138.3227307638257,8.676950164812213,2291.9399534082327,78.36865274182644,40,benign
408.6101109904601,672.9602350571035,3412.1477520020153,11109.137061084773,217.05166153217607,941.7959055157179,926.7750691365454,21,26883,233.85193079919273,0,540.0295998015924,1182.5938423823375,19642.10659650744,389.0368264977736,499.56824030913145,2.6740194105733472,614.8113386598412,145.67468767720106,32,malicious
274.1043662563871,948.9468236758794,7507.686461510212,34556.823625301935,393.5467084430802,1167.1838619334585,558.768978042365,21,29200,519.1558737966077,14600,470.6736383043334,594.2098190843561,9295.02329189124,94.67103367464517,87.80560638989658,84.21498728371165,1714.2377486971066,148.74178796020303,32,malicious
6.781554552464609,359.4801684453784,569.4053299015291,2382.114958211936,37.28609854204263,23.52418356936435,143.87782238473085,53,26883,122.17323536412079,0,275.6909447297076,976.0057383334723,5.925688198477472,234.23132148905526,724.7476009486959,72.48513597111726,4969.239003335671,61.77278388767217,60,benign
1196.502764500925,478.47428831820156,6167.412137585984,853.5968749278067,163.6896008269355,565.477608558729,694.5637166822557,21,65535,409.5836257281942,65535,496.27959141754314,1365.4940275668946,3122.1022028348007,379.3290659941611,1422.843661864936,64.11246007731394,830.9453582977086,140.76900777110086,32,malicious
10.010307329635435,269.21677085128954,1183.1087644244392,441.50145839519075,31.40708863182273,66.2599909636779,297.4228519005719,80,-1,133.69270763336942,14600,2157.0602513240183,118.86257136450715,11335.67488931375,105.37463639084507,963.9215053343992,56.916544653882916,84.4974892858472,179.82452675941155,20,benign
412.8168430111512,840.483074299129,4705.901292402086,76554.16099611543,261.7221531621766,378.35900295617876,479.2405586047074,22,8192,274.8050859458959,65535,2319.517727024053,230.6869451931133,5318.767891409676,86.83458964919275,1291.1891337595653,3.235592411322863,2530.560923949076,182.61369942406563,40,malicious
475.82720518986133,874.2128953105037,1577.4768922302187,6245.315282492548,185.74447246892473,689.0611580975021,590.9276975951148,8080,29200,561.1113490074656,0,186.72998523287035,752.9640940832326,3592.6908619620135,330.3396677423685,1089.2244404664164,26.825689555994902,7008.94311653217,111.89286437912662,20,malicious
8.57800354387315,278.5085780557414,244.83800093751782,419.2735528731198,13.615426736326924,49.09422372035365,288.76056367410746,80,8192,53.94857506591115,14600,1027.8828239783436,175.2949886289113,10793.517470349689,173.29197181585246,1070.082982680191,7.115053954555195,1945.5018466895579,76.97426353632343,40,benign
7.382949182189935,764.572664696601,3504.1661853270116,19289.995492153208,188.95676919360346,231.24055800854353,392.1807619168311,3389,-1,580.2701664367795,14600,4870.971250461804,1063.1684588684952,8133.710784128476,92.36457192392317,1030.4430006863008,65.4689892625283,2589.4340471336413,134.54214133678497,60,malicious
41.27948135317105,178.42464916901602,632.1553728820136,142.59249611023614,37.57732737769638,15.449704148170769,163.42510647174117,443,8192,119.02566151230307,29200,1819.1457997604018,1035.8682989550489,6402.590745913016,190.769131414364,1392.6755281582818,77.19259224381516,1504.2536286005936,34.835707778561584,32,benign
179.76808296727745,783.5490004840299,5597.392124038252,19502.91509149492,163.8986925063024,580.9708601107885,537.6812193619601,3389,8192,172.50240799475833,29200,1333.947997504314,1060.0394123580181,3118.5914380830486,396.6655385739936,390.9009502721705,5.101921240227281,747.4446431360681,158.88438128151614,20,malicious
5.107743526351682,192.22374893365276,1257.6304088999182,979.9802801192551,37.30416793349698,61.13425899363394,173.9615839522025,443,29200,42.2281230012116,-1,253.7129484980553,671.520775372631,4168.840049254749,125.1539844572914,294.0124074644492,96.62140817918487,2381.2045812610922,106.84664184539534,40,benign
823.6499601648836,725.101495502789,6736.710623915853,2268.5318271817,295.44570214619046,811.0841452046733,955.7936875199008,8080,29200,404.4369578007829,-1,124.95246366661367,1113.0476380863192,545.9714304173713,301.80918546201156,700.6013215325877,96.57159626432058,228.3490077602444,183.7614301214583,60,malicious
680.5756548015131,1029.690857384805,7471.868456953034,5971.052924925551,95.80216559981295,1026.5888502824164,409.40916406539424,22,29200,196.29203186599108,-1,293.1263234322483,308.32766446274667,324.2711847739258,51.06010345453569,150.98214390896794,40.36410092541318,516.401529245295,197.7505492548556,40,malicious
0.4558338764840342,289.18014504172925,1300.989664378967,134.64853589691768,30.291952263429284,54.91764048213555,242.76505263740543,22,29200,110.92671568717876,29200,1250.9448493291447,1005.7235673341587,1192.619902502014,282.31475928597155,545.3099854780247,7.097560564981031,1583.8135424198185,117.53433718503906,60,benign
4.891081922382759,302.51201998056933,1015.5095299888575,11.842303175189121,49.99212753150618,22.304269494441485,127.6199342197928,22,29200,69.91045540119546,0,737.5938679139829,903.6642535823934,23416.26036889866,327.64949784983,1076.8037382100713,84.38801117925505,2861.584194772175,142.3939094463355,20,benign
113.5613292193406,641.7331849097611,2062.1201091271673,862.8613569084074,223.21225768640875,690.2227112678122,967.0302544733337,3389,8192,356.91621073060276,0,5522.23716415451,55.049264924430915,2017.7474839572105,190.8117996745219,463.9870428616756,96.43393457603793,87.21681825835181,40.55754347132714,32,malicious
18.740369976256297,211.449106682506,670.1389293841765,403.7037806608315,22.589489463817305,100.03259961906898,264.54236649001984,53,29200,117.90709907052585,65535,1026.1880185235689,454.90235055287184,5421.218126043102,310.26234560103416,250.6818079012794,85.64079227347356,1129.1214162324552,53.31920051934328,20,benign
1671.4281998473382,447.23695346289907,6874.621664561583,4586.110457110207,357.9637561275304,622.521943540188,559.8505817045939,21,-1,312.0292120198793,14600,696.3259485106038,1187.0445569302674,700.0794526697076,330.80467171982656,932.7950007144415,1.7990502217861915,382.0279588317291,72.4381395310327,32,malicious
600.4058611729289,1059.4600151976265,2434.0964751392457,400.312249213252,119.39132378258248,315.83074040893507,563.6352058169929,21,-1,584.984099327055,29200,1922.670210348374,1279.0010742500538,2530.286502477762,175.78907481666602,880.996268662359,74.43788972930909,148.02404281965266,25.003980736746975,60,malicious
17.48528652331975,293.04648123481763,1100.1019674987822,666.1517448744207,9.475149211684059,108.33008328988375,195.68916683687223,22,8192,43.6863227045791,0,2394.1681524967253,653.7965925739053,1895.2253856228817,257.16984529303875,954.8411848267011,48.265311563592576,265.8586332395228,62.51910405096472,60,benign
11.174962550283421,253.8602562595683,299.704258771602,563.508849622898,30.196302977442095,29.198169388386237,207.30216861350814,443,-1,79.35670400717791,0,3997.931484736218,206.18732058811497,6066.760081136425,86.97331616247513,1015.5759182589517,36.042766919477174,1033.660088255803,103.6811079669864,40,benign
299.45041764747066,839.6366321021912,4964.024739109927,65974.28969042885,246.93591862020511,299.23781562868896,613.4572727635975,8080,-1,314.28342431247825,0,3112.2151472113433,1444.79254739616,4180.803012314435,390.12412268018517,1381.5968500537097,30.568413119176086,1957.2879634231522,82.45794311138738,60,malicious
818.1605225990663,408.8015415910524,6721.412298199298,3067.0830149362478,132.01692382799536,595.8124499006633,517.7740959426749,3389,29200,464.83271591359886,0,2813.094723791978,93.73410888821115,6774.677100992843,58.54258359154308,123.8875630802258,83.71519425978332,3181.8241499835044,76.12541427103437,20,malicious
451.8326964846467,1034.5505701682546,7811.72160223051,85570.60246487719,309.2900190990787,280.0948185711422,751.3858536686769,80,-1,366.3433333486697,0,424.52452904955976,897.1243256903908,5003.15969524378,246.51190648624967,1138.4589476083772,21.644907220347665,2217.5704220927596,66.55010552946635,40,malicious
19.899324736080338,320.00429251254144,679.0596003714651,57.6328889024368,36.75170781085812,57.82491745811161,270.4199864028001,443,-1,54.09972627454624,29200,608.2883207580782,1160.3694370729997,2811.491706230952,205.49133601902727,1474.881395587932,36.83578890848204,1465.8247435423236,83.15228313153243,40,benign
8.265586010834324,892.4734156479194,5748.570684970752,1855.3392757992115,112.34729152684238,389.97472658101157,311.460073479216,22,26883,514.4021278795905,29200,436.313089305493,779.3651483305663,917.0015845123522,157.85037848878284,644.2597761406541,22.004320097982877,901.5054695794174,52.55838397189235,32,malicious
13.161871157382626,321.00088439794547,882.4792573109991,2366.226290753276,26.27968686911447,118.28354382142777,141.0011561957674,53,29200,46.17492724740498,65535,779.6376016655333,575.2057541838607,547.4127342816535,128.21741326932104,262.4448978661133,58.975607256083194,1612.7659498830353,107.5410712648298,40,benign
4.3716652029350245,242.37640332665896,747.1191875781361,1163.6306812376556,16.92647028177216,16.874319790097704,288.14565833562784,53,65535,32.627577576899434,-1,3665.822039961098,799.0261402885127,4428.359085517298,246.45784573737367,594.1101427065747,98.51542721177668,1887.0583319070142,167.18693157676665,60,benign
0.8843694552455063,155.54956232972538,235.87047798158164,2741.0604722486833,5.477662332330688,21.413679560559668,107.85476251772877,443,8192,64.02513909228206,0,1355.7736906534699,417.6351746271842,12429.592751458365,376.3835353221346,412.32770905631025,66.34176178634073,1888.6642803218365,131.8618039825401,32,benign
7.994056348550844,257.8867700064601,924.9949070019587,411.56138545173593,40.472032751298684,44.8628347330916,232.9893716928161,443,8192,45.029072149203344,-1,1841.9789208364734,91.20618988888461,749.0994494379996,240.35408488371615,552.397802445046,10.764912519790393,2013.825191897586,23.6296830633226,60,benign
1390.6194768134183,774.1119779741773,5326.1435262575305,27872.060453818907,216.79141150060175,880.1166603174698,675.7488271043809,3389,65535,445.27983744240515,65535,2499.432042935624,1319.4318435588395,580.8478502967444,106.46253778812263,1397.2957671362271,8.238635881260791,281.22718455553036,71.61642648172057,20,malicious
482.8768129854794,1043.9197669797243,2703.437452897728,976.5846384428497,203.13450007635734,608.1214457387706,596.4714534504272,80,29200,571.5629030879988,65535,1276.0773366912194,635.8362579752669,5666.554179907242,184.77864711492245,989.6576628773388,75.34398772362925,3948.2158237372473,135.1503968673515,20,malicious
747.7883569126828,992.0685084391546,2205.7450546843115,11200.246433815679,351.61325124011165,1052.2758251365035,425.93598816632993,21,26883,455.77081424957413,65535,309.2025513400519,1330.5382820915954,7449.679699827711,173.81587446669727,870.6886342124216,14.886625406997023,598.1247001933435,193.47749406985943,20,malicious
26.6344889320159,331.972097900952,155.43828038686746,1966.8871167182915,17.403379513548103,16.222004767160065,205.31467643528893,443,29200,27.632672174313548,29200,786.7165356514361,473.37850424710956,1572.275632497392,238.86009905816877,340.67969690506584,90.02123018355127,6782.0836959698045,169.06972355089152,60,benign
908.2418277927031,683.1826882497879,3964.107601682258,27997.2194731848,360.07293033797606,582.9395824456053,648.2407506913908,3389,65535,360.3538850479188,14600,1637.0384904428533,332.2901184120936,6080.43581678564,87.35041739062767,1043.5867257096365,38.620594015495804,1340.7865774206357,28.787005174597542,20,malicious
60.51739428922731,934.0443867866426,5660.286081393436,18950.591852700127,147.39785806287108,540.8722799575713,303.5894279062057,22,65535,312.85395952800855,0,1795.6091549765777,1491.1535582269091,11505.368763506118,391.61710835820406,1051.1113550304894,1.544742454231307,704.0470443976664,129.96998975189365,60,malicious
1331.5131634376082,799.9223062112336,5641.295927531692,14535.568290371168,153.60977296927922,823.0238643665326,441.5049726309714,22,65535,148.4948074008919,29200,520.6356947179686,1196.414176626531,13035.663251190988,132.49189055218355,692.995479005858,48.45963306658789,4339.108763019273,32.7730328116247,60,malicious
2.825348151599871,227.91871740151979,478.7497239004456,1602.694115111975,33.14990108160752,46.93401714420073,59.87869167298116,443,-1,139.11536599147706,14600,2763.9260969023376,1182.5953841631538,4662.999505098448,24.255616024462284,956.3897371035011,45.37368294993236,3558.030577497223,49.234072778424135,60,benign
175.02704345812637,644.5692969159926,1688.7040351205173,47429.03492786051,212.12768359689375,974.4691701232583,684.1560351075614,8080,65535,348.0039725764309,0,389.23431809032314,812.2735350815145,14722.785777350105,97.67880942807737,284.95367995707454,69.99709157741806,8120.022489242093,165.17814789324865,20,malicious
613.64716338266,1012.7884300846636,1862.5763984323194,2321.80664495708,229.5152884408729,1059.5503360609498,889.577493067233,22,26883,547.8498249391372,0,96.9396596407043,368.32128170541813,2518.3274841490306,210.8540978419189,150.99285495899537,18.480399659224524,1468.1280531010177,177.01821998585098,32,malicious
18.85213164592137,207.68857414490878,168.14166037118974,874.1901345724597,28.61246408188393,10.18455349639764,148.15197188899003,22,65535,51.248342539994866,-1,167.76048812910582,139.01235036869605,7458.846045377409,284.00769006594726,268.8814459078682,66.44125043320427,780.7427257751593,39.94546290545925,60,benign
1.2292066746991523,404.6872318442899,1249.5073548396037,128.9939420197305,25.258674827634582,36.579246442203356,213.38801893551184,22,26883,102.51094550444942,65535,663.484726657816,355.02954426064474,2143.3196317286734,295.2211702310017,322.46488622070274,55.75836357542806,313.91328023850633,97.62002342617019,20,benign
39.76080128354654,636.4226284143938,3942.2512877133418,15209.397489938867,328.62720940155424,973.8673542382472,442.90143929463113,3389,65535,125.22059032295809,65535,4542.112054949935,1360.2595737272893,7868.478435123921,337.20993189892675,1368.8422164642886,93.03216165268793,138.30674873913588,50.25907225606806,40,malicious
11.473405448070075,767.4807082698346,3496.6027513021045,27814.98474816221,191.5520870980888,548.5440565465542,378.6129479136817,8080,26883,265.36201859524783,65535,2571.2897953730917,1434.1591640788063,6806.725739108225,364.6455125825056,1107.5438301504626,83.112946854249,7431.705666930578,102.13188376577502,32,malicious
24.17522036723718,274.8299156790041,137.94450321784814,909.3556335514356,25.808887284103566,91.69818079600074,122.69947465016607,80,29200,137.70764679759475,-1,390.8490526614105,778.8697599133552,214.21255556852208,44.64548294627069,878.1052418065387,9.836923245955532,1516.7246818155652,139.31051486695947,20,benign
31.25766898631196,916.494540700264,4944.118447624611,24142.843298881024,386.19431627515445,1117.4090630269259,937.7037059053496,80,65535,356.5650952531444,0,696.6031098260759,946.4519692410919,1209.003093217726,224.81691501387613,536.0226753017205,52.89671179715319,4809.676934831813,97.93769459795368,40,malicious
15.130281912717304,250.13273922237914,1002.1340321071536,662.2060695294015,29.583380159565408,114.65698440728387,203.811670431403,53,29200,66.75341603466532,65535,210.36736944061803,1376.8819186435428,956.831346755499,221.7916810327828,1387.9594322704952,99.40693791225156,1532.0347374407863,109.09547375852392,32,benign
29.38511721977281,201.63791630415164,1020.6210640144399,159.82946346573013,23.24752673549303,29.56897951047968,220.4838788220242,22,29200,45.659800892858314,-1,3575.766577379439,312.54074903806253,144.44574152591807,331.6735836295494,837.6152925597565,84.06070223976381,3493.7874406656692,199.8945432897046,32,benign
20.181278008674013,226.89682709883488,118.74909590418297,363.0028649155157,45.009444235091316,62.8272552805034,182.0157748911217,53,65535,67.74865263342161,65535,873.2306992132795,1228.0858506850432,7904.282399409457,233.73363527357628,501.41044231319563,8.56888252577278,4175.320490336297,148.07303513501463,20,benign
11.889534149614303,208.63179403468104,1292.863868936222,1040.3032939893635,19.300343925836536,68.84519202945202,271.571892255615,443,29200,61.66685427595689,-1,422.0469519809041,1476.951813285837,1387.6523895518526,88.64997892641077,961.7045675658027,5.14050385239514,1273.8923251105316,180.86420320037084,20,benign
1259.203111120348,940.3107441428849,3469.4270194723663,25404.138823786092,336.34083783841567,566.5394960591368,617.1395424789471,8080,29200,513.5921960647518,65535,4382.0997959075075,1481.5630366985401,2158.2359810904154,125.09151640365654,131.85733562332274,84.02849161260303,1933.3328588230243,58.78631993689264,60,malicious
144.48101920429536,742.2869277039557,5381.159244306116,51790.56695962734,192.88019836253224,202.9141707695597,768.5894165261475,8080,29200,163.44586836461036,0,1164.5088135791193,1354.270073888991,5038.920514270161,145.63694399793076,1337.476112999415,41.386646739441765,843.6991296717241,26.037307637377694,20,malicious
50.19686547213632,230.85268408224567,1372.2146270212431,577.2403329152742,25.22930334674531,66.64237541218253,66.26814918627356,80,26883,135.43824852389093,65535,8729.653216608775,952.0348205334803,11303.860187255628,282.207208712685,462.41591383359093,46.12520486070667,5979.997250836938,173.56131180862513,60,benign
326.60395906372077,943.635379665337,3864.8067837476838,148511.83952288315,106.811732850547,334.57171494863707,446.0598084870313,80,26883,579.7731005275323,29200,1012.7758723030415,934.2109788621437,8603.462376015497,132.22170428357836,814.9505750065404,40.24818844800235,1715.8013056868936,75.33177567102777,32,malicious
533.9128140535598,1082.0791175959673,4666.287299255269,2164.1828992256083,208.80705271749292,756.2187440485188,618.7757034384234,21,26883,440.58414310811673,65535,2065.2081566178153,1083.9400301138912,1079.2241928485805,136.32803235532413,979.7691792812376,69.66173821665315,1009.343065468091,88.93414037970348,32,malicious
9.616185467085604,260.538294324081,998.3074620960923,169.57666313030032,20.985320507000743,64.3186711315297,255.98332184598064,443,-1,47.37878100980093,65535,238.36669894134192,1453.2145649754464,824.6624160896457,163.7973442418355,1077.1328319890222,42.17018658675153,674.6418318995114,74.62874797456368,60,benign
83.96391522163884,284.49674239645486,1281.4906237103758,1109.582004801137,27.690022574260876,115.12966774959288,151.56737031389068,443,26883,56.10625080427758,-1,3386.2498863655974,1155.5079137327439,51.359830396275086,246.91891632383704,1399.1067907180181,21.919756388983537,931.0849473356114,34.41044066619162,60,benign
7.553987066300628,250.9614394557504,229.7320698247578,124.38280100735876,17.08029155421683,55.571329046726795,130.63639490392407,443,-1,103.3511032206387,29200,3190.2259169719487,674.5439843464496,3590.1762570022393,201.07668014851888,319.4798228137773,91.57590608267873,2098.8191038653017,73.68193185642409,32,benign
54.56527999444387,198.5041243220187,1207.4859304890983,489.3966685536909,41.85826830959794,68.67029051309092,77.65895627089348,22,8192,114.66663937365114,0,1784.1886657440748,449.3422269000731,2519.5692535906383,343.5478427219191,601.8862731849345,64.60684954831126,338.0632514762402,51.88028564272755,60,benign
39.19495775396282,919.9368984042025,7455.44657106059,15942.557717435724,318.15531437458225,1087.0452494151955,795.6179357962858,22,8192,273.13610865354565,-1,178.7380531060382,103.51796748946919,9111.857463915645,235.72810019643222,182.75041289061917,69.08268694027602,13.572194962165526,159.40786997994377,20,malicious
45.94473524207536,911.7083335181987,5306.13906198201,17967.29532549222,365.6281246692597,267.69944335230525,489.25339707788476,80,29200,507.3514189127853,0,352.6679033277681,1173.58459121555,2696.937020151566,267.5135616688928,1204.394983563528,31.59483836348632,5744.550431111702,106.95163834461691,40,malicious
29.43804797086624,372.0286071080186,388.49491076558314,251.96516779969357,22.62449362160141,103.00037559577683,116.26780208615563,443,29200,75.04467657828661,-1,2809.8634014767067,1240.7627370694904,7142.392253603346,259.0174585701751,541.1539522259415,77.83795690148955,174.6232190944559,59.13067237330778,60,benign
45.279994741173326,856.4891074107765,1934.4158896098606,70817.10165709548,252.48406785590132,856.7162402127614,701.9680252067816,8080,26883,210.96593658060726,0,520.5323789029578,727.3719685733049,9497.277646503479,296.13437941651006,423.79952284320206,99.33318768929182,615.9749931636617,181.35851367615032,40,malicious
24.21037583999218,265.9391955006086,1343.5133005104003,1295.4849496070372,32.30719990286936,77.48754246880252,117.32143984946417,53,65535,57.452322942269774,29200,1565.9512053657759,67.71811800277173,5472.581015168149,338.81831111405097,565.8633634237012,93.18955157809268,4324.7601045370175,180.067279119385,20,benign
35.88120976153219,220.32862904334064,1453.1041532792917,329.2368074852277,47.68190032249982,84.21103462538754,246.11152225350412,22,-1,135.09445478647993,-1,323.94168665053405,488.79087741807245,2502.4830611570355,212.54560276516486,648.9655927918768,81.36037107152492,2598.7915182466295,42.571193536704826,20,benign
155.90373482938801,1337.3146693989017,4777.440483964467,61836.84904002539,390.1413962650556,1130.6740692057979,762.7703476984061,80,29200,563.2378572767811,29200,836.4809205613205,903.3456681684625,6066.969848177054,37.827594402461656,353.5340862082825,62.67322179136337,2638.3312251060697,112.51353882306168,32,malicious
884.8865060001445,768.0460776259046,5723.703193105986,38048.37937487812,311.5557874128817,811.0438653713132,794.8705728001589,3389,26883,188.06863542173636,-1,2700.297167068396,1419.255914966547,5259.785209285732,58.916361749301,514.3709308269839,95.71104952395629,2070.7295097599,90.19299279495058,20,malicious
526.8087291997517,818.1701014732681,3088.9538553249404,19855.802033634038,164.65916503660827,956.0721071068559,877.3309610900673,8080,29200,178.02586650404515,14600,514.7454578371897,1296.9983956025303,82.57882597078266,114.01455989196447,337.8759602272885,50.9828296632743,421.9454625237869,52.47648031732702,40,malicious
181.52945342766094,1272.9517699185838,4643.70567756307,3830.9628290080013,155.22501562380626,915.8969588734685,924.8808953522826,3389,29200,430.7116659204613,-1,1148.4939116685246,670.520325393498,11927.259493781638,370.8906433457978,641.6014460520466,0.6830846579953698,2272.265487462868,63.00333241632551,32,malicious
229.5480844446371,852.4774012844813,4735.152213413348,16911.196805053074,257.6073855831272,600.1298522396655,456.0175596680223,21,65535,574.5310970081741,0,2665.5090681454312,994.6145650138366,31381.47044351498,281.1727626203943,925.5516100304118,95.45577375130864,714.3898094154271,160.27634609838444,60,malicious
9.828976730802403,246.97646808947255,1123.4460312152332,1009.773199099303,44.91918552339222,61.83602279717318,65.44914044693385,80,26883,121.13770515900259,-1,4802.998464987996,930.1520779899244,366.4139675266697,83.70199266170212,1298.8086793092123,38.307961790924594,1174.0801511648124,82.06169139045224,60,benign
6.991213837993123,313.7467818541985,748.7484900838161,500.9230203469385,43.3631797023369,78.38006643664464,72.26221628726852,53,65535,35.62196384947996,29200,6955.325731920015,925.0820730829083,1720.8681446240564,183.17917652536772,923.0434951099452,53.971572337674864,1883.9354092828985,145.28103046591542,32,benign
7.581635213246518,304.487050985024,1416.9523148826104,350.8986808266492,22.560320090157262,78.15869784629164,139.40102759780973,22,8192,127.36427843690196,-1,696.7199912976696,1065.5553290786147,1170.1187198382916,349.29165828994917,1071.5995876807647,98.91800698323145,780.7893700237017,120.41541369512844,32,benign
24.358853476896165,258.99469150983595,1447.0194039643923,3.8467485232066636,41.38756644649457,113.39815013711511,79.86296229086915,22,8192,129.76121834613014,29200,494.7793127485185,536.2375013738256,4608.877707568656,335.4246930122306,267.25611810112366,54.257069249648474,46.87949599684506,127.90157686627902,32,benign
7.061517984526809,338.8741194339908,812.81329005611,203.94171920371096,30.21054454268008,42.83097347128215,236.54922423000565,80,65535,137.7896362243444,14600,3490.91228090133,409.5334542429815,24156.504878041564,375.0068247025429,1386.6488814604295,9.898147428944437,2387.3857059380425,86.1853064500075,20,benign
33.42194481970171,153.39355841666446,1466.0774880574902,540.7635940115807,47.144305889198776,36.62938838571233,113.4890189737429,22,65535,102.19475786594508,65535,128.9922056545673,1027.685147703157,1752.220398396983,168.90026323507576,1245.1568253342637,91.99615420145153,60.99506213631295,93.15988410701644,60,benign
684.5293806239963,939.1832718423157,3157.6440786666903,4803.53893122623,280.59053199298296,600.6864084185743,935.6531081395747,21,26883,468.674387837708,-1,2329.3629982890707,1496.3109773959732,10463.525460644838,381.14607376771215,1300.4420037410682,90.12734221689689,420.77035858175907,63.8630673506793,60,malicious
40.56454052500073,266.51338689711633,377.6718441811746,1073.7718214934716,42.96104503904693,109.88742725619085,154.85831329795138,443,26883,62.3638446348785,0,3375.813981036848,685.4702816331671,1194.3224104959536,107.44030624122843,471.95368729109583,45.5578488904337,3502.4798297042835,127.34231184227428,20,benign
341.4864535587991,602.4627788792794,6283.343803453147,26769.098461959264,389.9689906572009,828.3954194734297,884.089269431064,80,8192,456.90253116637956,29200,1244.0671151653394,857.5375012841143,14139.94718069294,184.31211508283204,845.7612753537761,92.93167462551109,549.4173878029738,23.448821326928936,20,malicious
17.954078098944663,276.7764040816535,613.0147190701731,583.8876165989753,37.381618746826824,117.33959251450774,259.439894935747,443,8192,31.282240416728325,-1,4319.157016016876,1219.0953786437756,3723.937312633024,314.10759799038897,269.63342985925476,71.41503273026103,4115.900370864547,182.75557741145383,32,benign
90.20202603790214,1190.5771356978244,7975.097106370841,57063.99258849573,226.877449350622,458.10708652190107,747.5503221846886,21,65535,402.84894193997764,14600,568.0572780569895,1238.2516440436743,8264.373409641366,314.31627964626057,1289.5099070955957,89.9984728023977,3427.12305898836,50.76845280576357,40,malicious
580.4348723015034,611.9218617006596,6696.605313644698,38417.49513636616,176.11914553106254,501.3677489257589,895.0178426166914,22,26883,481.02633861706624,65535,3010.323523590102,1045.1964649820025,2913.2977357518703,267.8998251986834,1461.0662218591526,56.00794983239966,3276.7571050705997,179.1949990455228,32,malicious
1.392666026723949,323.10573532765824,338.7933316035095,242.49831730029155,12.476581340443484,96.75820966432643,77.03671296908684,53,8192,133.0089586649635,65535,2595.660586631634,1161.550330400607,6107.224103450225,341.63820903791776,955.76336417742,89.39612293650198,2027.7277670218098,180.65276905322628,20,benign
46.721025150736914,560.8679350869133,7500.114237354134,20940.71127666978,225.79061329168104,764.9495845522886,704.6434437459229,22,-1,247.26703253852773,0,3129.2340337228547,294.8890226947779,2377.9623545108325,254.47048673102645,455.73713182842425,12.195283549460767,1876.1414445227008,108.85586686752676,20,malicious
26.687965795506617,342.64939960721404,705.7718227926453,4.837008951822288,8.625990924856517,47.34241792922796,50.27456573821977,80,-1,78.42269697785672,65535,730.1856145112251,145.3389260097715,3274.753066783331,200.14702612807162,849.882290239263,42.45297816581303,1004.7886884041224,153.8448108405901,32,benign
15.764286365287571,185.95675140258672,586.0713722102898,1681.2964958829778,42.84709224403669,19.337705653096258,285.1799599223049,443,26883,132.70362161452482,65535,351.71601646659036,441.20977190597245,5297.378123324039,66.8295668542444,763.4015688753612,90.4066850178885,483.6864623071936,59.54725661351978,40,benign
4.989860610148289,335.69843123389154,1118.241428819229,534.0863837510551,36.80227503506788,62.61386974640564,187.9994391840937,443,8192,66.91160815928666,65535,4736.771377433446,461.7212791014464,1929.1244980497615,44.64340808177602,620.1520722364877,77.4638439011283,287.50288139230145,112.44257019567937,20,benign
4.509598594456497,229.14182710086786,329.4582585608715,123.35338224295585,47.752070675531435,54.09790188910756,178.85200698254351,443,8192,51.577742661173886,-1,746.7083078950635,1399.9532298905172,1770.7659707501762,191.97765557270324,332.86563113571265,23.552128535973193,1423.3392827436924,64.48207734561996,40,benign
82.79622991335184,953.2057191288775,6535.797544241622,17708.082817632174,207.28921727653034,324.2491980815198,471.647149550844,21,-1,254.8717503762158,14600,81.86437784787968,112.81105687578983,8770.03155663029,358.3675492061381,502.5836041425237,32.37781489641572,2633.6686765073846,71.0228838858311,60,malicious
705.2790575106222,1106.7240461027613,5417.419954837287,7267.1118876315195,208.5190465565929,644.9988906506742,311.09438968149607,21,-1,575.4919906951081,0,762.8417737575433,226.03052673595147,120.61518604363069,256.7993570782721,1409.8473340480462,48.56513525539491,169.865181063661,34.22864344633983,60,malicious
6.170743259851111,223.57739766118235,1148.464490243094,445.5451888289218,39.667185072188225,109.72908615157633,167.1701676440851,22,8192,123.85543526360702,-1,1970.481911892774,550.2288061132451,2746.7364783513426,51.57858087445449,658.9342051296195,70.35088462657197,1756.8152046913744,83.41997273968157,40,benign
116.7665663195375,699.6366244680162,3531.7529205736323,4495.471354176729,185.8878328379231,1039.6535216976831,569.5239820335858,22,-1,145.90530347876788,0,453.35493938627013,1351.7979165058055,923.3175084411394,224.4923781242561,319.02668176898146,73.4427797757519,1130.5509216282119,65.74261669922467,60,malicious
2.648851373236366,206.58063419940672,759.1057794679754,311.8696448454832,28.609621678114046,90.15045694548616,116.94842593645132,80,8192,52.21741230226423,29200,209.72291353282182,178.88412457904346,3271.6276014136943,201.7972640988895,786.3461771123843,88.58252085160382,764.3889705047682,64.39673377240608,40,benign
404.7297871350069,794.2540821361955,4279.340872861705,36300.71172301012,299.79659830753826,691.6881378102254,772.9453310806953,80,8192,120.19579845677389,65535,724.4791118676209,494.04618623923767,7042.861197746389,332.8382610873887,154.4218798662239,34.13298737218767,2172.637885150446,177.8675535485355,32,malicious
245.04482694674343,607.3281234644453,6847.888077877936,25482.381896879597,380.85149626516784,967.4299439898969,528.1963834570947,80,8192,281.7585512052684,-1,1754.339876121349,1000.0891585940258,7953.3489422182965,178.1797261528867,633.2076208842076,18.696352207636725,2025.5646345143612,182.76491036953868,60,malicious
656.4517973079986,565.9197052375905,7464.21353246884,59634.612929112154,111.68471587671789,710.5880310060952,568.3761375445027,22,8192,298.4015395195681,14600,195.50393781834228,590.7796466486348,992.4835899031826,81.75172205362713,1036.715701185317,20.305887162909286,2900.5531823793926,116.21689013581239,20,malicious
9.96420839882494,232.902774878936,1006.4228321277398,318.7030028170073,43.22697986334757,81.31491415862362,165.6100507334594,443,-1,60.45100396617305,29200,799.2632715356314,974.0474350508746,684.8517032567373,399.5321329192811,432.6391654225264,18.07906101996434,779.3424299254835,118.38862779452046,32,benign
40.578399633727486,244.33087312592502,689.7444559160956,847.7114914299027,12.708099594576863,93.06458642746311,273.73823555434933,22,26883,97.11150485884794,0,1906.6162006537973,808.8770759426221,7519.173873553941,317.1953408111313,78.80808620030601,55.59895675487234,349.7993700012185,107.98528919572232,40,benign
16.429885203380195,327.1747014362929,251.88628297370485,103.11056519712939,35.229909906809084,81.59884058503172,261.7787266227868,53,26883,76.39870871891573,65535,488.04635652934616,1214.7738705327085,1600.9626355898902,24.39561593780471,754.7308839412045,34.359752938079545,5530.255144899865,104.0174981148281,60,benign
469.90278415864253,1077.702362526499,7043.286342051744,26654.88073399204,364.318610092902,736.4300720367168,705.076632098496,8080,65535,532.7884457094954,29200,474.7754071936068,131.22893276384144,223.57160126038204,390.49875085627,1105.7164912260705,20.97154514616104,9788.656461428534,81.59107030898723,40,malicious
88.45953899131254,296.91123840837645,1414.1548696045024,565.4464746765858,27.68276990876221,24.533337237596804,132.65840162807567,443,29200,98.9865726875718,-1,1550.4686848629674,1200.1689994070107,522.2551296784699,238.5178345231997,957.9047434903579,26.485250658484116,894.5071742276381,76.83197066001989,40,benign
62.797845427141155,849.568140824852,5708.668409777208,14524.186658706372,155.75255308096666,406.9907255119721,349.40668976510153,21,-1,530.4087615613653,65535,2761.3374651400563,1476.5598900022758,551.3075626216151,61.85057556674755,242.8068179557646,81.47607442441883,462.58105591265644,103.8926768011026,20,malicious
4.956716117287239,166.49937602763043,1174.840571606765,659.2645013627377,47.04274657432857,35.54145349947043,132.1985783284132,22,65535,74.75592380426478,0,149.70034896173365,330.872436768473,9699.979415194759,166.57212967358498,1269.9026379384754,63.821065562272736,624.4439071170191,142.4248743417953,60,benign
1008.7594626571015,964.8325709820103,3526.7673588352823,196.75590537273686,219.89910019049884,816.2649056751305,491.1476770839275,8080,29200,252.01008325226195,-1,2617.1775777923185,937.4424100255596,938.8684239125463,26.292563933282914,990.6877231287924,52.9058205572819,3906.0432278834105,106.39048799012907,40,malicious
85.97156224711223,592.7791427270461,7792.849489626088,31459.127176677914,391.8132320962736,522.5627563390035,738.8159411561587,8080,65535,185.04712208576487,-1,153.35830604771803,779.2679769728967,1013.1146027492975,195.17954698258373,776.5654596529893,81.7222332128635,7888.1620398720515,69.67487465233535,60,malicious
353.44879699803255,853.1281203760599,4252.654814504636,36200.806463098124,320.3523105142754,1120.8688088230228,564.8738439680931,8080,26883,348.94151955308644,0,3073.0933441009843,1416.8035948040135,8000.774415040823,80.77443412878854,1070.0485531066342,80.06989867327921,1886.8397460430638,138.632955706155,40,malicious
78.11230356237722,237.33265635359402,998.135232357263,103.43298397433787,12.263183929066347,78.70040544089136,294.8671873190798,53,26883,29.07661528042871,0,837.0295146619089,417.9165422356192,5174.017136222716,41.48465444800958,1162.5984033690002,74.11046817591966,1491.918554296684,143.89952242820232,60,benign
34.909966738440616,255.24121141686578,392.3149270394842,67.50493197212053,46.55970447531803,74.33299841239592,190.68876041659476,53,65535,111.76941810405246,-1,1627.5326778144429,1193.598662257789,5316.167368301853,327.8677173702361,1294.1341240560364,18.899699152092897,4631.9207341801475,173.2632022091625,32,benign
10.301385909162715,363.84362571420223,1099.8250523467595,484.5251344158931,24.038625302344865,27.322288499715096,139.06078997637692,443,8192,144.21191050488386,-1,949.2603944670213,920.6257701217856,951.3079052316971,40.670160590992346,56.34682658567323,87.58162420880116,1699.1507205230023,135.20202489970734,60,benign
17.145415371081512,289.4573371098404,1103.4409778796107,222.25614092330503,44.19259751685337,109.48723990164505,111.3870203564845,53,-1,44.62199451195895,65535,707.4287678172376,291.4829203731647,5782.308990855202,227.00158423006735,1302.6472110236934,6.177052083980728,2546.3694240686673,125.5086529813477,40,benign
267.5811034791391,802.5393446122816,4423.351808679583,9717.360014896474,365.6146237594307,442.105065579574,538.5189440356869,80,-1,204.60764125041123,-1,3482.109430348872,470.0273015602588,3139.5451761822014,310.28201948978256,1289.1140929847643,78.70441203759971,174.1439847704344,172.82503177573173,32,malicious
21.647146462120617,213.0190222285329,1176.7917613704633,971.8810916728122,7.1319839708815405,10.19063636483167,276.3995217974455,22,8192,41.95562990158305,0,2144.260523647857,472.640808362516,3158.676886283833,336.4948075264111,1491.444899825165,12.141893505990831,811.0574542284842,99.2580212990629,20,benign
10.748003560442667,168.10384248832025,994.0020429025546,762.9850472333198,32.3310490247579,85.47302494326001,291.35852634629765,80,26883,90.80822694121969,65535,503.3420180280763,201.08897220211546,7899.944801075113,336.93868467366434,800.6002745884138,70.9246293173282,1398.8882437405605,53.11644572268405,20,benign
11.093319389266615,310.7552947140802,184.77114641085097,10.251951992630065,35.25272207051916,88.13409723821712,255.85181185770614,443,29200,80.46618360567773,29200,1511.5532759637538,1213.8021702569818,7748.158764314596,179.02940659913116,499.9768210302117,37.75396029552355,191.3706621055335,103.53538155548712,32,benign
985.5614597329277,976.4121678148339,2266.4361747890116,89067.2178446839,231.63367994367582,727.0851751037434,403.7868550476674,3389,8192,462.72576803976943,0,136.4080014425014,1447.0257126971503,8879.905373902651,73.90438633113382,528.6606693135466,91.50514590754845,45.8079802464816,151.80600968910394,20,malicious
0.9133430055918956,208.4652252346749,1056.099628441209,784.4572646074596,42.301757411822,19.907129030105185,113.27511072426687,80,29200,147.11080787651753,-1,1687.375038701748,887.1470490016121,276.7422697793592,174.81039881141373,50.00810861027247,85.86004904393266,1373.8209223850097,45.936918321192636,32,benign
7.393638451377756,295.3467532022878,487.11761055043365,1079.442758544085,40.570550710812,119.58963858548944,153.3466727538306,80,8192,131.3584033519644,65535,3124.2489578718314,54.538639308044786,2131.397257167491,53.171913693877926,840.7125691503004,39.12027257064686,2595.019924396562,105.1387563407687,40,benign
393.7634782396968,752.047791334852,4513.706892126983,55717.828406041495,341.7756739052344,990.6474473360163,763.9318130831437,80,26883,519.4881110027775,0,2441.5871371234975,63.56121043157573,5164.022573761893,313.4585046437031,1067.3559004835308,2.361546215209631,10044.101547108225,22.150222690706492,20,malicious
22.195826463476006,248.43872823449814,1311.2583167081343,182.29640458105348,19.124428073354657,106.77335297524218,100.9984049281483,22,-1,60.851637712960404,-1,1707.58286785112,241.31204844962608,1036.5088179619966,228.60302809959413,850.5489096769178,58.306998975704715,1847.3689301831703,132.97733742081414,40,benign
718.694169122345,722.5606485590946,6551.805203849691,4125.04532772432,134.60536688121718,797.8468681679125,491.6366078574522,21,8192,578.5086331229788,0,3545.9574183462664,620.4679975267666,1358.7749163499834,342.1148722772835,578.0362360991317,19.504244209955466,3.6345608121721216,93.5733850655127,60,malicious
5.738248461914921,281.548125092418,385.512891007736,2079.3353288726794,34.5747241457644,102.96872522548479,168.06264511053027,443,65535,35.62027310481649,-1,744.5676646066939,1263.2235868627224,13388.94510226881,208.02158424101674,720.1813058951798,81.41345606276616,869.6799049636419,71.77344214182665,60,benign
8.634446047608895,289.28613052629106,632.5711638729362,270.7724259928096,25.177783115609383,116.46860367707521,212.79777359393435,80,26883,30.680665311376256,14600,1293.1519395077287,198.75923028270037,4545.796966459832,319.1180753862534,921.3800347641541,20.363526902891426,585.3636044930895,21.108527428040787,32,benign
501.82393909844774,845.0436736391695,5372.1290866800155,4999.963215759305,166.53411639209548,560.7828651321963,954.0517830554959,21,8192,584.6824162986152,-1,672.1905984316635,668.4927842213191,4874.6792305254485,141.48700385858967,132.26558683947087,16.320307114556478,1956.1613737669259,22.37862724525413,32,malicious
949.9348995611697,793.4253802799478,4745.628542357386,25278.515389877353,88.7337434662902,818.8600484409802,687.5821860656899,21,26883,470.50921288944744,65535,1006.441582166462,986.5873972641335,13569.834506574463,56.26857825991392,724.0126529098751,69.73389338298338,171.0706867366986,80.46044812733231,40,malicious
37.404536679353754,185.21542556452857,1017.2311905913028,362.0859841961041,43.930895938404376,37.71127145067247,115.97635711206323,22,29200,73.05299462462628,65535,1438.5922802976932,634.4124057483967,15163.86779377636,321.2857198876943,662.4202583831818,60.78822973356649,1465.4401844567863,47.96695709797307,32,benign
33.96887268274255,231.71164488919288,564.0321950952641,882.3882114928998,40.94361072203827,41.44807409094794,230.73593431727275,22,-1,39.132238094569686,29200,935.9377487174895,851.9724143970271,811.9199951743863,20.444573586907133,561.1610632127552,85.25296323146566,1987.8693881874813,40.47265441914064,40,benign
473.8492987570352,1117.4880302495974,7887.883988255531,27017.712746575056,188.58118523381995,804.1789355002685,993.91773302312,22,29200,278.56824585976506,0,155.582119282596,202.5600537829573,3584.397493628544,233.45766411003186,1179.0216408788353,94.4649432382016,5395.7149590794825,126.02422796234798,60,malicious
738.0771568876795,1026.3651843331768,1930.2308490072646,3207.4345779761898,189.4253741337926,496.41473353537464,712.3305074217617,80,-1,557.9736959083641,14600,369.50419579177037,893.1049511805529,2841.722306401408,310.3762513225636,933.2790305693762,62.08141979900734,938.8960264236424,194.26131596734237,40,malicious
200.10279037233,939.1882377316335,4000.284644881187,24884.59246047127,217.2432676764758,847.2414523411009,399.11704453621655,8080,26883,591.1555054238553,65535,3753.550930910888,165.4101161843535,12809.832640982244,104.86732461114002,1450.968636573979,48.609380589027964,539.2409362801353,151.72185056748094,40,malicious
4.0944599084752005,160.0240613851508,1045.0043310727688,12.422500564745512,19.293642047934444,11.472265250736783,291.2331070333578,22,26883,65.00691507080528,29200,568.0712150754335,176.73800303856615,3947.1678737833486,69.42580573521342,453.99825043141703,96.79292515982407,9420.936989326798,137.99445071245182,20,benign
5.5222867020446404,271.3437622130698,969.0690554758545,91.97166349794098,25.976770560765022,103.32700093056124,230.57067844396084,22,29200,26.005717806096136,14600,409.7146661101725,761.2700136136007,48.014614195969195,129.34489712487283,553.4610749087412,96.82096889481058,926.9832178823696,194.51732331905697,60,benign
31.836268944368136,268.32451281747603,948.3474399323946,49.862345053393014,28.545592989879236,25.123680806306997,164.59620687247255,80,26883,119.02013454115612,14600,1397.7239955633056,109.20802814544422,8000.877535229853,106.9208737241766,749.1098062853799,7.8533481155028895,247.07202356161122,114.9915041387338,20,benign
22.259476392618396,295.4045293116203,1114.2047283137658,904.19973009711,29.767083911023168,116.43302349044762,221.53500155551438,80,26883,128.415152767981,0,1429.644509208512,968.1599757628336,2675.3532172083083,82.92008722562754,162.519918468294,67.8997088191968,2306.534367475004,124.05399398022249,40,benign
425.46256243168665,1025.9425852382456,2520.656335250201,42897.240900585646,119.63382659623093,410.91932603632137,631.9073788834435,21,29200,101.88302956299846,65535,5078.734322350524,1281.0837066066108,3750.8265748888302,224.5867774193221,492.04371316618585,76.57387234490271,2058.3020553131596,58.30102597426216,60,malicious
1.2165809386657116,229.32897391617252,1491.6648529860927,355.0141083163004,14.16252925531376,85.38532444743167,286.9876930142383,80,8192,60.75954837805065,-1,1683.7850415285272,1179.122105404,16223.926924802108,215.31404307467133,191.8352678448759,97.43244872020743,5542.930823578226,115.33262800155808,32,benign
37.99749302552841,198.93823526742736,152.2916954533938,480.20423121562374,42.998867903756405,41.8984981463736,218.27606426713038,22,65535,43.446252963931585,-1,4069.74710367266,488.3252898784577,1792.497882136118,249.67834839313417,245.48050774685535,12.816486726689757,5373.530048938239,132.73749374096033,40,benign
3.7216911193427076,306.36674552663567,522.7697446956297,524.240201559707,16.081504204650855,39.52604932131774,91.66247980729717,22,29200,142.932977959487,-1,276.096579847426,988.3560603723832,2049.304423108226,272.47344060507845,1007.9340840559107,70.23195862020043,710.9438796499987,193.69530881978716,20,benign
458.97068205367384,734.544969804351,2555.396883753141,21673.310021568905,175.5432929456815,1184.6848711258167,489.10385362288815,22,65535,336.3583768270329,0,128.60526999823398,784.5519344151984,3604.6277628425487,345.0122567393069,1102.6515486673723,85.02280285420194,1588.33714328815,80.36615471854388,60,malicious
52.029826813857134,263.81622016172355,182.35770672614865,534.7124048704036,17.772338820354157,66.62106265512003,185.11419089650025,22,29200,108.91341029446333,29200,433.9010051972974,1232.3542889177743,9104.685256188663,114.5238166449997,143.5708279884205,95.37388685969293,496.53418214842986,31.470590462831012,32,benign
0.7550862434561068,312.1214916475876,1161.0693331781647,79.01182531088237,38.6271570876466,84.44604567942767,96.42075780672133,443,65535,53.768630629922434,29200,4045.1633344430916,1402.437828918386,434.77419585356205,396.96998574065407,274.4239576699594,12.196509891218144,1114.0627678306528,178.18760778570888,20,benign
1113.4139913428849,728.3373930926509,7843.617543839236,101154.45579285476,184.03280016021705,210.39897078868157,473.50499542410387,21,29200,183.09422338345678,29200,1955.8574794848296,345.17307534281514,9523.128050049747,291.9903676559802,993.3885883296043,64.00919147603501,68.84665228146785,122.61142590322308,32,malicious
5.115433586845541,271.93929242671976,285.6194121591403,5.337148288365125,33.01794155755761,26.433779132024117,131.43925777135615,443,8192,53.68013580095311,29200,1098.6901024255803,80.36961838084456,607.2533553304144,205.9478037302611,1332.800989358564,98.80128537137797,1631.5135795334004,178.97415895031023,20,benign
40.68665989748568,215.7507755918807,1470.800977185352,136.82669616827835,41.325604555251815,113.4281018935383,265.90899369252526,53,8192,71.12210104239486,0,553.0551326850629,918.633743146685,3173.879805201491,96.3131177935801,206.98941969470908,12.078125918123185,2175.2118603337917,56.314777760958364,40,benign
15.526634779576598,178.7992239044678,633.7771216723106,1302.2480990698518,25.200338901011964,70.90399328357228,223.5143446330396,53,65535,52.5862932453937,65535,1924.116196037293,1295.5754082006977,4148.988191960092,54.78865113182312,511.77070202981105,97.51378273680803,5915.735702136221,43.71929494594798,60,benign
27.267899767063565,236.7294329624623,388.86894695590547,585.6147088753876,33.17329447271001,116.34464681928155,237.0049186072485,22,8192,30.04289359509319,14600,312.313956839023,1312.397600179473,4074.082134962183,271.5866230316178,1092.3855864459565,51.91345622722694,1998.070825697715,109.4093310600949,20,benign
50.469118862789266,245.6315323749458,1040.252444783356,105.557888192694,46.31142344929492,73.21397978714873,90.76874572914866,22,-1,45.15755964447488,-1,1765.7337649479869,925.3071379205384,11852.123588705681,51.10320512788273,919.1235299338655,27.009075057260258,2629.102496717902,145.48991882631523,40,benign
888.4220667908901,619.752583911913,2827.4346722851956,40707.19808027818,336.62450204064754,443.39979709724093,889.2832736681385,3389,-1,526.9719608704372,0,1181.1479592867286,1350.955398278576,1177.8113005455223,318.35394151263137,663.448841413065,21.72754819946564,686.6862122084787,41.308936348571265,60,malicious
4.702266560696187,273.08824724746876,1451.8266374318785,146.73622191890868,40.319514099611865,71.99136815422301,55.46602778031382,80,65535,36.25007958518924,29200,433.2175719873895,85.72210541140737,5491.064083465082,209.0102461847374,613.6250507480778,40.4263951507368,2633.2973125661206,186.30850900980178,20,benign
234.8997813554349,631.6732496355806,1430.0000041486414,68977.92951704773,275.85171636377027,525.6375760697183,935.1247823367155,22,65535,246.10558630598487,65535,140.56423786573768,1218.4457941841538,9386.829712667308,257.12585109788364,462.25762561548396,35.03627721241488,698.4705499206366,172.62716122564663,20,malicious
8.99831269540915,221.73386282283946,1456.9019732679938,392.3088693036381,19.504696126213624,28.539943306788153,107.13912364153623,53,29200,119.37751163136767,0,1135.9070086752474,572.670078327982,3827.4152072387415,282.09673887603657,1000.3932500893925,5.766047822396548,484.8934208736886,59.86378519111245,40,benign
85.71869455828022,631.6853119010748,7292.429900436314,39701.244185796284,243.81963705442902,751.619109313738,724.6229824528,21,-1,491.65736576032555,29200,6688.091959589324,265.18332602982457,950.0498316329727,318.15291639001856,236.7278368239992,73.23865123299427,359.55824791931565,193.39053813261856,32,malicious
277.6754807855597,969.6300535453676,3584.1751042633764,15966.982400794175,151.1118750807306,306.0774617151941,703.000979936741,21,8192,407.88622085581443,14600,295.07688573928084,122.69400100641064,1364.5984336178772,394.45797384355745,601.062642650148,77.22008008145511,181.08880749913362,104.70160953715522,20,malicious
24.522922573316023,983.4814558337571,7908.048205288364,23583.968507751506,145.246869499627,751.2797935490844,868.5300703824043,80,29200,251.07038934718486,65535,32.71265273276759,1400.176587423001,8889.950514805842,319.32180697683043,1469.3816519422128,27.44034445163439,1247.4362023612991,148.30989960170692,20,malicious
82.10174571943809,934.0734647579795,6264.550795244562,38640.33100262724,274.7909914990404,683.4448366108165,655.2659811264868,8080,65535,597.5120963331401,-1,1791.7812570205724,185.21135288682493,3443.755762556676,371.8734440575081,123.5976458850571,16.33041975121263,586.3220836635894,160.29157759026285,40,malicious
1.0689544710244032,318.08758405633256,1158.2972814410418,1198.3947101438491,45.538767693161304,96.78726548772282,212.18183285575222,53,26883,59.9518644255554,-1,692.6835951784681,197.62153912256164,7873.039349371599,314.28816215178875,437.54548148048633,37.67178201781988,2725.130475434281,180.48708291143421,60,benign
475.89268815834475,710.8422112707658,3280.934015300926,20150.790541755436,312.87081785987004,678.0511586246162,344.30788457200924,22,26883,541.1176373422088,-1,426.6405986155952,540.2724685857985,6580.574352456788,244.32836683609636,1494.4740017657878,3.448090232084955,611.0435805666298,52.065720243950615,20,malicious
33.3076985081695,252.96848317840661,890.3081159246603,3033.6119376405763,13.222388135175906,50.3043400839112,55.27891723956181,22,29200,61.46449476906905,65535,1547.7035385209997,319.9810769351783,1109.855300782883,348.1529640553795,1082.022481613916,76.92999673654064,900.9409605089941,112.12779315609767,40,benign
15.768587919935442,999.8464382780226,1650.8864620424524,16416.831990166498,256.6315762936491,215.61026476408367,511.64245182547563,22,-1,186.78171702995763,14600,682.5077844118154,485.0816118654112,8976.376326456912,361.81965816686386,674.70021448728,82.0831362163718,242.82761862057342,85.41558477952898,20,malicious
18.14964958070332,350.1558629620662,726.6511207791561,2197.7586272415106,26.758360877514537,87.8521667459453,275.32635514237575,22,65535,83.52569348166945,65535,932.8058721188346,805.7534325446023,1477.0890261543213,46.232281792824466,741.4879143022058,2.649916472796321,3534.1688272138267,85.61717796527302,32,benign
293.8358826912881,875.161105700223,5175.323427599629,34831.3725146963,118.80668174029768,491.4236479134832,769.8467825926377,21,26883,214.47165981625196,65535,5032.990346091557,363.49824514723196,835.3759232499136,29.401161915945426,738.7319605550075,46.957517525382556,1132.429043589918,152.4927540941348,60,malicious
786.0708569296692,653.8166201346145,1741.065640378578,88390.17590439257,133.1158812769459,427.86043578859415,489.0559513772568,21,29200,162.96178304005662,-1,222.19712226530228,1075.1356826610481,371.6267107687747,317.32021208483377,833.8478890068766,51.84866183037242,1539.2504840141878,136.75572105883197,20,malicious
10.877428388305656,284.674189409076,760.6219097104293,53.97199251067023,21.883136271594527,42.78412534259977,81.45519043682563,443,-1,81.56496855654095,65535,7824.705280780578,589.6014360277296,15076.150907792815,200.80263176340307,1069.93537853435,93.0520062997236,778.3387582204203,142.60352932301498,60,benign
80.27644602744256,1032.1749335351046,2110.793092694922,23293.198288675572,100.84439020000775,488.03750299688926,961.1193600131177,8080,26883,495.08962070251266,29200,1475.9734353967717,240.4989206586502,4010.027330603372,229.6401636422272,64.79112165447302,61.028525074689696,2396.494414431122,98.51674623222665,32,malicious
716.1201666296927,953.7324000978472,7217.056160980936,13663.364019523511,331.6783804692723,700.5532989428018,451.7384358207713,8080,8192,203.31703220013128,0,843.9694303361355,1332.1545198192914,440.1217537367996,327.345623067786,621.423385687072,1.271933647648138,3870.9381147963745,34.25426833495785,20,malicious
25.678951641959834,258.8644151251125,1265.6305762083075,102.74208421783666,20.50262557721949,40.125529885162365,92.6544544310822,80,26883,116.97975793662592,29200,1114.0274676673105,696.3183347265818,1425.8336350701595,87.18775736638536,1139.9004242549245,75.27816808225374,4374.433220333514,179.01612414225556,32,benign
34.01214163872205,250.81267808702964,731.5099533696571,65.22890475249645,43.950478421871495,71.77127659151884,94.89495485494452,22,8192,55.00010816351827,29200,424.25792432685415,363.6189649199489,812.4648095512633,323.8048116092119,887.1755197957434,2.533573032962022,528.1051994475107,175.73496948000718,40,benign
8.603622710937293,158.86206716118167,289.8887905805202,167.99168585422558,20.83460539454935,10.795262570274721,256.22813985862354,53,-1,116.33953719459457,-1,105.84098874967113,946.7537989233624,34126.79908695756,356.55669799342576,1496.3676800705216,85.96097624805306,3887.7120792835017,149.15060364946413,40,benign
190.3094341404062,1131.1239054826142,5759.559855144601,25252.842350201583,315.03928736043395,705.3937094204779,320.57482754738305,3389,26883,171.92781836624425,-1,680.7638397503016,924.2407441687915,8514.646367546655,115.59398262616509,313.2314765039704,7.990458029732639,5577.903157090263,65.48146347043954,60,malicious
66.79894163673787,420.7949281900419,4872.579012861728,68632.15569845599,293.04869369699736,756.8261739984613,418.22289599926546,21,-1,412.02110149855855,-1,2335.7430403934814,875.1409193441713,1179.807078767344,265.9245860858075,647.9926699076417,60.774464599362524,425.0831065453857,116.4282796518594,60,malicious
35.444346897002205,866.8219686603196,5375.656162137274,19436.080909561497,292.26621865191936,989.5362301289032,609.1294368788815,21,65535,324.4242993959342,0,304.52185340302725,595.1243763821424,6963.4540548520645,373.1814652036576,1374.404036944225,73.87245468418126,438.3986711484809,153.47085237041964,20,malicious
4.097388930378967,344.95705236895606,408.1892391810392,2647.233917264144,25.849165375409928,28.754184830950905,253.31007912905778,80,-1,146.52149371743238,-1,60.77092027816574,629.9370411380214,3631.044871735127,270.16622729208996,835.4043979420412,91.48616562812941,749.3519261641792,66.7912023614796,20,benign
92.36926983495398,757.0634482730408,5154.023012064516,6077.867675270069,115.66344545549615,1117.7055102174836,357.05052237498666,21,8192,308.3328426039345,-1,394.4499361897781,251.96187754260978,5245.164152250201,98.87713065959771,1115.89254370215,20.170682765312353,117.07388541554916,134.41395153381683,40,malicious
134.01725689099925,1073.9140719495003,6081.078221077243,1424.3843190434447,249.29485259538546,243.9599017426019,724.4297794990092,22,8192,260.23896475876006,14600,6329.191284602262,756.575908970888,1168.2751824682257,234.23647553933796,596.080614287073,89.72633541023505,986.4988414169052,59.72248676921491,40,malicious
1161.9150834917084,712.6953001435311,1719.5040633076067,15444.368228606454,329.3918449037486,769.585427310731,643.112170835685,3389,8192,590.313428814429,65535,3343.043351686929,1199.2743664625625,3316.9052289461124,387.0850244468535,997.6693907830534,97.72266352231692,469.40068704934487,106.5311183482943,60,malicious
283.00367167409337,705.3499119915582,3121.886476416764,11904.018420649682,362.0878140293876,346.60220730650633,670.56121859469,3389,65535,244.69101981876636,65535,382.71755560665196,373.0037139985955,4672.381021493454,365.1674205883151,340.7455669501107,85.29934808355046,210.13220717910286,170.8816813477687,60,malicious
84.54810202476558,1082.4308110979039,4892.829436909267,1001.3559213438924,395.3391534572591,1143.293407839502,427.01130049017655,8080,65535,196.95780542429912,-1,1086.6430366619668,1005.9959898452506,3774.9613450347547,77.20065374206973,634.1475729402157,16.20000307630629,794.041859356237,111.07635569446995,60,malicious
5.255837488760136,277.17641204743666,1305.9844407458297,16.90127752223656,47.112877343203024,53.79941332792,77.32466677973433,53,-1,83.99120179301784,14600,644.0403392706556,690.010304911743,6943.82390702726,151.0382706275395,285.07169158979644,11.73453831630501,458.14684490367506,145.58019505522552,20,benign
20.27248848952609,205.36019358590102,152.85996864185321,267.4260105246538,19.93265105843846,34.8799425113663,297.7219815579073,53,29200,35.830882567207425,14600,996.9371075977456,392.36773803080257,2128.2654796611205,38.51949082192816,611.6806780961494,30.816988112637876,946.8941684167937,139.17561315947833,32,benign
349.8406949166774,971.3793549082244,1429.1448867897798,34542.25401152837,89.19008133769566,441.11963551758043,431.67049915167394,22,8192,354.72814064588454,65535,510.40262810726233,50.05016174335816,1380.4987502349384,202.7057682911494,316.07117012277604,83.39170969698105,1300.9124337442918,189.75762694492136,32,malicious
17.266709113772098,296.6049416197778,1227.4804702497263,541.5714201173873,34.526133894449785,78.76772718858209,202.99057972493907,22,8192,33.02148586683978,65535,1428.7019062876818,917.9988097394414,5380.363497922044,254.82687459579486,464.40221505027336,1.6522562649155526,42.15394176024063,41.27066010024728,60,benign
12.826772508642852,288.48253106170904,519.0736786833404,28.02165028730367,16.200678897041747,77.75960744359331,297.0799310630656,22,-1,100.71303646729972,0,10567.155841675936,239.2787457602403,5344.15047450674,59.81162697338134,526.4115617937191,89.51648194614064,2285.908675195466,38.4845131929588,40,benign
22.33391983823827,198.13069143718837,1173.9010530136213,186.7693511441182,19.445081289954558,59.93614236165389,55.69686483416765,22,26883,134.64565429677262,14600,1891.207480879242,450.26703785472864,4179.7376180625215,114.94403455417164,1176.2905869845429,62.840011950004715,5816.850765300155,26.320624268494914,40,benign
66.4077861190366,224.50797957063568,834.7131869549105,473.67641799910484,48.07748461874815,67.41421059645607,193.36977838597718,22,8192,38.606293121938464,0,908.552600182962,1151.47584898815,3607.333987416622,305.5870370768173,1146.9749061361595,18.158721439169124,1198.111514102093,139.6627990484696,40,benign
459.6151834555486,621.8660451813716,3249.0553574247506,45435.5009768308,99.63531420061415,1158.8327646792306,531.958743341992,8080,26883,504.9920733524858,-1,1501.2700798155417,719.1461039203682,4371.4328752669735,311.94215657378237,1309.6915515824621,12.03659725830455,676.1158577076844,27.824147078073956,60,malicious
64.02665491288388,1033.4044065873177,6184.599473455228,24591.87591029684,351.8723173694961,813.7373549280497,813.0739318886539,22,65535,268.98750933102883,-1,263.1893665622722,688.5180044242634,6442.260465688498,327.0979985579582,317.0484374885518,28.566403375113612,5216.520105295806,194.686103051531,20,malicious
111.73380336944929,920.5944659337541,6965.01249637812,13105.244037586644,270.7006998276797,492.5721450814238,442.7290981959177,80,29200,466.07758247246,0,665.0491990001211,716.7884200438671,98.31205133773777,60.92821483001042,164.1896384952321,56.169229232310514,1625.5500673812926,29.884242601423395,32,malicious
22.871368882703784,762.8452003166886,4356.755801731051,120245.98652045912,191.68474663912582,966.8352818386659,496.1999228837673,21,26883,422.5081048648839,0,6336.763186129325,1021.8269168260479,2486.4246448353665,228.32079550868875,516.5361093854519,87.97817167676133,2249.810335368022,61.59536209171758,32,malicious
367.3837632313131,660.8298038348821,6003.7131858350995,6438.864749603633,281.4628126354351,393.97079393100455,999.5960427119331,21,29200,189.1470478207196,-1,1246.9620578736244,1260.9427023012292,145.2853832864035,104.59175745319303,572.8006971917862,82.25600087016038,912.6723804760782,134.8756503795189,32,malicious
6.29254107770461,337.4484751002101,928.9373811393835,508.86844297480195,11.579793324027765,80.88515704874524,105.71287266277287,22,29200,79.81741753051668,65535,567.8448014373354,666.9016661103186,9982.815201440122,353.8533700338643,1283.0250199915038,82.00218772638416,1402.908975099908,93.65496669486161,20,benign
466.19826458273803,678.5926832062934,2170.217274376657,14291.875365684475,352.50838108831755,913.1674363434518,457.6652471651118,22,8192,592.5722335591531,-1,1133.9042141085495,870.5043050338876,5076.977352484224,113.06455281499062,712.9130777653069,4.027878971841769,138.43380169787355,136.9558562953609,40,malicious
159.78282802304253,779.4238585543638,4444.569325721177,64952.44341274249,102.74709123831994,1195.8464819725707,819.7490805353797,80,65535,400.10087573788553,65535,6054.531720925805,1449.9284711255714,19289.59061094327,375.5525044996131,677.8940609000401,65.44367656051966,6537.263909462049,91.28167043475304,32,malicious
12.046852155028825,184.54154726031237,1215.433560147729,27.25057632100627,45.371481120854874,97.23997119581244,74.25333928206103,80,-1,113.0627812311762,65535,1544.735540433948,569.2908494875512,5189.760717725579,328.82754586752606,1239.384124094127,33.90220049831385,5609.39911684103,41.535980544205046,60,benign
644.4802177756923,1071.4321597861112,7362.210186364532,34162.68266932458,126.83561126112558,901.538820315128,511.6028492554457,22,65535,100.21362152079291,-1,370.060618592129,1269.5828111790963,1432.0358673819558,193.4396754184381,1209.9613518406459,15.3829110612417,71.3353120249254,116.80568165192916,60,malicious
3.7796530107437807,306.975215954299,782.6774393997954,1127.094684972172,35.52220648895677,84.89854640305344,147.58225071949536,22,65535,105.03499095481592,29200,1961.1134201689463,1061.299861219913,3557.654461810321,164.20542699622948,638.7883565884043,7.509397624501613,150.14591420167693,193.07020685857802,32,benign
143.872794295814,502.08671489554513,5178.185886513993,23138.183805771347,218.52709976906362,347.2712684154627,365.27214561909796,3389,65535,371.9395041021202,14600,4294.490267110638,786.9615453490695,16459.77388440155,128.96018063862732,498.2404872750397,40.12489286523794,424.2685900911643,31.689876194985406,60,malicious
0.3125073109122623,365.6580983808033,921.5220500154593,349.0139790833166,13.449017837095981,116.31939699343636,130.69590620133403,443,-1,64.49554593561031,29200,2292.048737604298,374.4010591330214,1947.589200993206,369.42177461835064,957.1248629620997,80.1841121266454,2711.433270288552,173.54586171189254,20,benign
341.1613561218835,1025.3851210452533,6122.1974046083205,36318.364018300774,273.4530399755137,891.6407698610226,864.2672699634772,80,65535,383.56353190297364,29200,3809.260902810481,1347.6503669375722,5449.832092455675,100.87284304929368,897.4361468781955,5.110833051364628,913.3754892716494,173.5899779724562,60,malicious
286.47030540206805,889.3439735514885,4757.0956683560935,22285.118733443996,318.63598006591997,285.469284342934,883.2171058238787,22,65535,329.08408264272987,-1,1908.304278191337,625.1160045176383,297.7705019536793,255.81819453814418,1434.9706303387932,41.26629165639206,1810.4568728121624,184.29151690874355,40,malicious
54.41721801665325,320.87067361390154,1212.7063217665482,297.27677852845494,7.693683666600569,93.6443364209607,272.74294465238495,443,65535,107.24999247632165,0,1187.2624378468236,1258.8006133089673,1147.202816732962,179.78454682478085,979.9620213406018,69.04335746838306,1183.7692815496498,187.6652355846302,40,benign
67.41799740497433,976.5954015004558,2670.0299117741765,7245.4186341366185,329.86555046680763,1181.4875913115848,793.2503343778415,80,65535,390.4449420610626,65535,1640.4392731257979,618.331933863455,1963.5777298583964,34.22270619813246,212.82827355333026,77.51108934648785,2817.822599079292,115.1563163926677,20,malicious
518.001933359509,950.430164339607,2567.983412621092,8476.241143218973,235.9366626729069,943.7442967097459,791.4602355224372,80,26883,136.12616091607453,65535,2118.4471634827,931.838772855351,7246.8174443885055,193.68464625525698,1075.5975165335324,66.35509682803297,1118.476751248138,191.60061686520862,40,malicious
20.337242349931984,191.29119824678642,574.935473288079,786.4160478143264,44.79196583980132,53.16002281814774,242.94707549976633,443,26883,107.79861961359704,0,4770.064325934584,515.8821181977326,2574.2716267882042,289.2705545844539,1418.3157344150964,65.73783303042534,799.3238557850798,137.2922238769839,32,benign
268.11459481927807,1138.5716153088308,6320.001007383831,19542.441369432097,113.7370275121642,1152.6687860975674,544.2118925818888,21,8192,195.09573630503405,65535,1955.754116205448,1075.0490642018376,6547.439766188675,314.43776644764574,738.8664252299553,6.0905973697483295,1984.6733642237878,178.5282108893932,40,malicious
53.70346373761063,851.2521467984787,7646.255338698996,118126.08027919735,330.3405599399364,784.7014162613701,338.0200138498066,8080,-1,260.54800279829306,-1,1037.4767888494173,418.0118777095584,5001.723478754348,324.3195469606325,639.9266383581994,60.47311698601493,435.7687241057836,90.06561863191857,60,malicious
0.11312815289667832,203.0232084285498,1240.3417852329599,300.3157208799694,15.07375736992097,38.107020867001324,87.56483519877571,443,26883,94.65026716706514,0,1839.2041125492105,115.98582238672348,528.3883106540715,109.30880741732031,811.3518390933467,40.37550406515851,939.0202937088777,139.8122402654015,60,benign
72.82013712193401,462.59180389287826,6609.787404312777,24247.92789876055,308.34317763566844,801.6413104717415,503.1446015221568,21,8192,489.862013279894,-1,1411.144764837955,449.242466038081,287.0364053673445,375.13664079691773,1020.0932492882677,69.32233150456504,466.40342985559886,54.7654414148097,40,malicious
185.15963829938735,882.5519084160617,4388.756964587289,70524.58211569462,325.80414257918653,1162.74635312645,563.8422420857031,22,65535,104.46495027794857,29200,702.913742059754,890.0410293827235,2508.817215846551,259.1357195568628,1247.3338452261087,48.34475660804676,1069.4543868575931,123.81156669492773,20,malicious
166.9845245401126,1027.299046645925,4215.540872483643,5355.062628287834,248.63771756120084,547.090188384695,478.42946425379364,8080,26883,232.85955993946502,14600,118.10957950206647,249.49416633781422,364.4243377407315,137.52876515437657,1370.5618998308805,85.67604097007174,4106.858642339964,24.002127453121197,40,malicious
212.164282110071,1027.6863678324753,7994.427477863865,19362.64799682717,134.99158529313212,921.0352251723058,424.33903858652934,80,8192,482.7982887278874,0,584.9309831737169,140.9093490065842,5415.684530348746,184.49416002804827,890.9311185664733,70.06403124376624,2941.3307846342323,182.79620634068533,60,malicious
364.4942346270974,1072.5064737166656,3521.478551111193,2519.317429056819,335.4516045843086,440.20006439507114,405.739292819621,8080,26883,436.4330936775891,0,5405.725412128843,476.32677951753845,546.9390707408336,239.64315586597888,1348.7141427637823,13.893685124267252,1827.7179109891147,123.28495732297928,40,malicious
17.8018359961782,272.1433893435759,1155.8196752991648,321.6565978420344,20.97408868481604,12.790183640323061,205.16868894040485,80,29200,125.71969408900294,-1,1146.9906118623967,222.94939920674125,3361.847972311706,100.21252995641868,981.5234276061751,8.296493428826167,904.2530789372584,68.42082823095326,40,benign
529.9105275289137,663.9286823013172,3932.9121432321904,5126.0968717340165,163.50974057065028,588.7105194713653,730.1366865367562,21,26883,526.4711935610123,14600,1676.8148118501601,1304.9093141823655,1904.3756584812993,384.47852649540414,1147.8616922951335,94.41618364931871,89.52106349289764,108.05693224617747,60,malicious
112.3182163010499,1167.2332785308472,4034.1163259632417,6185.157814078558,349.18402444643186,401.45464732471737,348.89582625125115,22,26883,139.42974999489317,29200,1366.6679881316143,1352.8506048821678,4244.067523947243,88.55357325574563,680.4270956516532,37.05643561833211,275.55130868197074,103.21639490585318,32,malicious
26.95147616030694,154.54730511372543,397.8044010209622,229.55608727656212,19.713515687557376,107.42676629233975,267.5046325511423,443,26883,35.0714159092402,14600,2203.0754174284807,679.7611370442783,571.2476942451799,159.78110039215755,793.1625116463881,77.24148665709657,950.3650079724456,40.58128107091548,32,benign
272.4227058426829,924.111055237406,6372.253433948653,23883.86012734912,256.66827589275647,752.2122583821254,425.59127289584814,80,8192,491.45303963657994,-1,1108.1947972870425,81.78126607180437,1145.094460878259,276.9908717305229,734.9637674504519,16.047682386535644,99.46929635426653,127.76973157868677,32,malicious
3.706141736985779,197.52448001123867,123.21936019983147,0.8032214691658583,41.549772237851755,34.86419769445822,293.68636637633074,53,65535,114.20477889353555,29200,1545.7152119830237,1186.5316708966016,13547.079692384943,234.64641385264488,1361.153704652345,96.75694541218863,252.6170192399896,182.62568712619571,40,benign
10.019860938875315,275.1132754911441,856.7150160466748,1657.7155676245584,30.95129184672669,12.11330714494373,151.1105004508354,22,29200,69.39600557792495,65535,1635.7407312253642,945.8616695101418,1347.2010356411142,129.97957777853432,1127.0770595524245,88.47009852915451,2509.9696256625675,94.09184865075026,20,benign
408.0564952984923,533.6798444443477,4812.780544735306,527.9297854536887,153.6528002104572,929.8885910617744,498.66196255288764,8080,29200,345.9463005409209,29200,382.8240882385256,330.08479634478346,5429.072394366735,261.99939901619143,982.2606412279686,16.616191967735094,6861.61823955765,144.89931349200012,20,malicious
219.97260129569077,601.990536299013,6487.645813544645,9349.314808115374,341.41651253455365,731.8006989175251,422.5336910601781,3389,-1,388.7642624036462,65535,1792.4731634180491,1388.72891427818,5459.677626028988,300.3122329411288,132.2013640425239,6.253009282876665,1365.0762033982483,179.59730552186178,60,malicious
63.4446672006375,1101.4269855952261,1578.221725108578,76090.03661431994,322.4731689810076,692.1114807371162,720.3206851793135,21,-1,439.97521621107546,-1,426.11935546073033,566.7281511363176,1817.5410557364876,24.696245797880778,141.0913376348752,75.02288874732787,378.4839566309177,82.81096205348402,32,malicious
486.4539499636215,847.0317489658474,4551.567846894084,26691.895619769446,200.6952983963367,933.5502741091767,479.61660045293837,8080,65535,135.44229218796963,-1,927.0017475377113,805.469604254603,16934.547616201206,20.97501768157833,541.1533939087412,75.90609646816986,5418.3957136889785,193.932496431149,60,malicious
1320.4863356029286,709.7642650835189,4592.154958570359,15195.109100502457,237.3464222839131,1180.0240093014697,676.9516859256637,22,26883,107.90597431527107,29200,912.4941252781899,145.34608005629116,5349.498319045842,118.89255097494419,1326.5543361484204,75.2459151999606,33.697254586996074,62.7865426853275,40,malicious
71.513483068769,1030.063407016257,6531.417188101322,7016.785732409999,373.2992763626722,978.0009733345534,556.2112794031838,8080,65535,155.19781067303643,14600,7802.422774826004,827.6964475254925,4672.837466380088,278.08482340039717,128.1265821990716,45.90552737351159,1908.8142888757009,85.71398950061428,40,malicious
98.19251833005143,195.7616416708326,212.4199841672767,327.75806154816365,42.06714666687852,61.74291167672159,204.37939733521662,443,29200,37.793130332084786,0,1940.2562772121416,896.6030733364188,14301.985125113808,245.66273267921144,120.81310784821619,0.04102195822867083,2232.1049257333334,34.456667718454824,40,benign
663.7281582787933,955.0169694418468,4874.821101519126,15079.26850491298,243.0734172436384,763.1452549354013,449.2860358867316,8080,65535,169.1827754228342,-1,31.866825026224234,446.3032683693043,3520.0535388408803,240.57019902961545,1080.6178986916625,84.3542488532657,4938.297940927943,65.88934005771178,40,malicious
7.169935123686111,178.5029443103415,367.308346194187,792.226425863742,40.506377581503074,75.8328287177773,91.08226706873167,22,8192,132.14579533865424,14600,5728.367759950372,1096.602984050421,680.5205095646897,111.0199732230174,1106.1617356834793,72.51778963411813,8419.159080388092,155.72314059793976,20,benign
5.301967148071601,228.13009980547233,1026.9436005852135,711.0391494253727,45.192060109252544,73.19503471786751,66.7452533211801,80,-1,105.56197115786298,29200,1228.8637627548849,999.4888268205477,4988.669831571483,297.4602614357235,1303.5828456492766,36.418157326359,823.8826982887181,115.628417448335,60,benign
193.755726352587,880.4313068336221,5329.2213352877225,14737.46814295286,102.40270409508064,638.6077297007948,412.78422160962816,22,-1,319.0156150342059,14600,99.19738009526843,602.3020869367977,214.67364287323284,387.400163191355,269.07694585815705,99.84292463795485,45.35085372400485,172.2158198010976,60,malicious
939.7604567092953,839.9813016904247,1630.127665223395,49230.83290014294,112.41056666561086,657.7127177041766,937.5487264287661,8080,29200,391.53931892609654,14600,679.2928539231583,683.1427683651049,12460.19103901168,183.68679811148561,175.04171391953935,68.25501106690486,476.19219993900344,71.47454390145911,40,malicious
276.51721259453313,466.49901931311643,5599.530114114619,7293.967947560558,172.5906816687775,410.60386323765977,485.9892520847848,80,29200,167.7742526789643,14600,1558.4481701371242,746.1707734587367,2078.5677935544322,207.50952767191657,296.6863212395368,10.820560444163707,1379.4495004015369,172.15087625339038,32,malicious
69.36284027514988,1067.3100707172734,2994.6732591221194,17995.342094054744,319.9383528951399,1043.4080032496674,704.7371355753221,3389,65535,245.9549779623882,65535,3019.8094596562473,219.6070212616074,8500.939078105179,314.49430732131924,1329.2592715405754,3.9097196094263764,2688.9324600730374,61.77489707942917,60,malicious
3.6910084160220547,266.9276820124672,551.8426944957389,451.61825182996546,28.29449344290725,99.89259511110717,199.50172992040163,53,65535,118.82842446677593,65535,1420.22943531417,1088.3357831373821,6145.770747957336,277.33126772098393,705.1014996909537,21.368895511749642,5098.248214516151,73.47422296375595,20,benign
1661.1241129577966,988.5160850053655,6197.20047750199,5164.165412635879,174.07983488215126,709.2383040628351,655.1443625205927,22,-1,270.13860303363504,14600,1884.2177704815776,133.5378514894017,7886.693512296558,279.67307680264065,1153.0875675415668,68.83185040023113,1256.0039618604262,109.87969213541655,32,malicious
144.44701905296677,771.8721072493278,5292.16274845581,4001.2990795923797,116.65083421023863,287.57473729210574,478.93278141292365,80,65535,232.96592661349004,-1,2239.4043640935683,593.141723364858,6728.697996570328,160.91244868187871,660.251723984996,34.02352105354996,6323.528155282818,150.9671094529945,60,malicious
23.42782481072736,263.87621818007665,513.0701557772996,650.2542788875554,48.17150347824696,63.21266843989561,278.57515694348854,53,29200,96.11708549110189,-1,812.9242175971588,650.5204567147275,9225.291768364821,226.25327290587092,1402.4749212134238,59.50601981674397,1678.0804659128219,196.23141442321966,40,benign
11.156418007446923,217.2539009005317,1056.9530040895893,765.9559684442908,48.546642635595944,85.85577810177651,272.0275228491077,53,65535,85.51031831310496,65535,687.1415927821984,481.4256508044504,13938.778893109558,214.45917566798892,573.732188671318,49.382288993583,3265.509992147231,157.83670340170463,32,benign
9.275995945095955,40.0,7269.979720517443,9358.99007747361,371.1742129558405,368.9383544944011,879.1147823594036,22,65535,438.94738628854344,-1,861.3972788785117,253.4730449671585,7266.322611798859,81.79056854952849,676.9210675952963,70.34458163674529,1245.3098191217805,145.80174797651614,32,malicious
275.10788417855025,663.2881642380001,6160.305873228151,3179.196114163826,265.5278674925171,823.389488456561,345.587871879395,21,65535,504.955847796388,29200,7398.801967430231,1183.6362139582911,8298.086752901463,182.00515119433246,1261.4763265753888,77.81917193753675,98.17227585461387,56.623457634050794,20,malicious
600.2649739144514,996.621610054874,5302.820850873275,25311.797075288177,300.5714324312845,564.8682433788757,868.5183852492015,21,26883,405.30396341511397,14600,1031.0862496858808,890.8292154955375,14184.941001844145,52.15323409035105,1492.1877961668215,94.91464864501891,774.6690392046888,27.69676879798751,40,malicious
22.854861616966282,179.72437948289368,651.3481242157226,824.6781574596469,41.86006518706622,35.68352126464191,87.99749641562829,443,-1,71.79622104281745,14600,87.55731142825397,168.0508441423932,389.47543364289044,111.22150947185365,1289.7015435481226,51.48195700199919,424.96238603982846,31.93430137679812,40,benign
200.18644656499873,948.3434136733522,3918.1975614442886,26998.291087427355,342.64441209932625,500.84387507349066,495.130889371493,80,65535,161.64103907169243,0,4300.356868642495,1459.9723598662206,11911.193107450119,143.3423670352901,1271.8033256008546,7.414096053801944,762.7270690898745,122.71054622409659,32,malicious
5.4723178612420735,196.15172378415906,1435.316990529785,1218.4491137366103,15.250904386948484,17.10633638880563,84.95725715923298,443,29200,75.31500562709184,65535,1307.97077350402,796.9789322991263,10350.45524934525,110.0969050533034,370.9441186148459,92.45618813574885,696.4919684770487,71.35549573749927,32,benign
9.355132050796163,252.06242043010718,1017.508787294941,64.63202661584224,31.312820760327146,70.46807104690807,254.14710744619467,53,8192,88.58086605500648,29200,387.46191239649784,1295.9244509438452,992.7447249668656,139.5732755296364,103.34884385392431,44.69108492125318,1058.3582305992195,198.65610073766285,40,benign
39.739663856121126,230.438635579697,1433.3461830392612,62.48788331784546,6.09640705151604,48.54478342800756,193.4402778758008,443,26883,74.86824635938535,65535,432.02810756574064,438.3377782040241,4160.085859267451,362.9837799020565,239.01063683940058,76.29031909823264,3469.566163778787,131.47206940352964,32,benign
145.16465513335908,929.3731229832111,3757.0591916035573,18532.385858207082,379.36855881700046,636.5615004220888,937.1978984999938,22,26883,532.6206987698619,-1,1288.7950932301028,1190.8559999313838,4814.789621206454,39.75038603580647,409.8461371039066,72.79037768233373,3425.5480976596145,103.15951260549838,60,malicious
286.5002290856962,1147.230837493168,4995.289619123681,26818.521132965885,133.9231010183947,396.29360033125033,888.1029549128643,3389,29200,535.9661610261728,29200,1742.3932540565495,1142.5338414240398,525.2197857395549,90.91086304760316,845.4293412235617,2.4066215148654146,1418.8514710681504,148.9518291423437,32,malicious
88.05356778753963,918.8760483331657,4717.750834956112,47707.86150894261,177.63022622968748,801.6578540784363,631.6325365665177,80,8192,358.5429843233219,-1,1302.4147487434825,356.22636844905173,6862.785734849148,195.5216454247904,475.6297936316535,11.852574986810982,610.1881763584609,113.75916134750543,20,malicious
10.209227120506437,230.39944825338756,334.29631587004513,371.9902588666349,43.472738137707424,67.62623582709514,287.91153513770416,22,65535,35.650848180702,65535,835.8775146786911,161.1169565020881,477.7662257152638,168.97733241522224,1364.897593873859,57.616596414907804,1291.4723135612583,168.22511520418084,32,benign
399.2549797300593,460.6551123899145,3748.696823978397,50286.911526715805,334.5791051797006,899.4947689155008,432.1600781336707,80,29200,227.9520008757272,-1,254.9535893236417,125.61560954955857,1419.9712265886644,344.1117290627586,363.5078183456479,54.63817117541079,2446.538626730564,43.98466207641942,60,malicious
890.6966416394552,1024.8327704615144,3463.6353060105507,21738.462109198168,301.3610355920274,845.1170009074846,598.3637861396196,3389,-1,494.8329189064993,-1,3768.5427239614805,908.8994530372181,6465.3469934984505,28.97305216440209,1241.1015653206457,90.18887912742774,3870.2040611087104,101.17363064696347,40,malicious
102.64356148489362,847.7415534592402,6791.7208106463695,73241.39445672589,254.47966753991966,1102.5697946309883,977.9878618667477,80,65535,319.9836761248474,65535,2921.3704190885774,85.28249052469991,18855.828075293542,110.42501689593259,860.1759635044647,30.45549677800431,833.8672723638557,134.3453056942362,40,malicious
178.04614728563774,985.5916787375189,2054.796051088497,54046.69385338332,332.49623044702525,1053.835703485414,470.33030912772676,80,29200,377.7973685256922,-1,1050.048664672888,797.5022085448323,472.7597138133901,276.68905740494654,359.5486729129674,71.70348996620348,2572.868824216198,186.01773080559073,40,malicious
251.9064595538705,614.8700849572205,2208.5324909805463,36772.06057961515,290.3764996686161,341.9822641278803,335.83182246639524,21,65535,364.75072396564417,29200,3211.994871544801,125.31561076080645,188.874508886654,102.42478673817854,849.756548458725,74.4851053760308,1055.420773304954,23.67508507623957,60,malicious
422.7819722441186,1174.3270028487404,6725.550227894379,1989.9601654122503,212.9554299765772,457.0103309657712,846.7635541161325,3389,-1,337.51626577567254,14600,1652.1163420263742,450.8037205327814,476.5659825771351,267.0154499470493,1162.214788954816,35.78132716650332,555.3827587595032,199.74359635358076,20,malicious
8.93947201663954,229.0621131486056,287.6416211420889,937.3863350924121,11.354247665884195,44.64645130223849,82.94409607938553,443,29200,59.038092101728,-1,769.2951945169589,1454.0717056962721,2664.7178601504047,300.6526519307982,1419.378285155017,67.81132328514578,848.4689481308968,41.909643415621204,60,benign
10.758185603795793,307.67067394178935,706.0990269958888,302.5915686403425,48.02490816342033,77.11977684924237,204.79558043399243,443,-1,49.546666795960846,29200,203.5495936337829,1030.4160052587586,11334.84392346068,331.8054605807297,916.436498737785,83.45562158743486,17.572924588419117,163.91490887260184,20,benign
1.236370318344234,256.3768153013827,143.37228426850155,1402.7859615244597,38.852176783188405,55.67680925886991,149.67831233541153,22,65535,46.57466294545526,0,68.87578818173779,749.7508155240529,5908.004673939113,127.72678860004496,119.14940941596832,65.82178115448536,1301.6620946921848,137.24925136202313,60,benign
736.8774047970959,827.0549090850735,3834.5713267795504,504.68659033266505,274.09820277022976,703.8072510334545,863.4331252273056,3389,65535,216.30227758525007,14600,710.4316424627604,79.77370685150177,3226.278831838241,131.61457968155628,483.25190682185183,19.341627438658946,365.754101119728,177.81628034372548,60,malicious
108.79699156287876,1054.9469616989234,2145.274601718514,9927.878683001909,110.68159270083228,805.7585301387378,489.0862900818816,80,26883,567.4006113270055,-1,2626.185823771493,575.0310165946395,3874.060942557458,160.10908567260407,1374.3191625165023,0.03618854732242438,336.0841913540993,164.27577296811498,32,malicious
60.30132171739076,162.0803007566988,786.8472158017161,1000.3202390746169,22.95812454796042,63.80074254113414,106.83416657825715,80,-1,76.567377727013,-1,2838.209203077955,178.06366782746667,2409.409516668206,268.41149646042913,822.6723315213617,55.98444697991929,1377.4647487114391,188.61064664516383,20,benign
851.1979505620161,656.003376472502,3840.7971561085246,14504.1133129719,303.6239200536306,1057.4060617224823,862.2845592536514,8080,29200,382.1168348324352,-1,1076.0586829768436,1151.4450914786999,4622.58562477652,231.39857712814873,1123.0362476987714,87.89505957640658,378.39914631426615,122.87615363550678,40,malicious
110.85801343120781,913.446986553318,7351.836759975145,42909.62749899648,264.11713035157186,205.1455750948467,399.7412733437897,8080,65535,551.4568676158592,65535,502.9291930711144,842.0840787455331,6074.003499675825,85.58158389435134,499.2607722998598,88.82002235920861,5239.607849814182,121.82655873017501,40,malicious
625.6188957846524,1022.1296280655656,4332.971448918788,21578.205256293615,356.9728797407254,491.6498572485543,834.5863484596072,8080,29200,122.78230472743986,29200,500.329570115841,742.2344949391581,359.8812318649156,133.95877842951117,1233.6232795780722,96.00026475595959,657.5398143551245,127.09641829493536,40,malicious
447.38555017591636,786.4065346605597,6977.158784355826,2748.2600630730553,95.19299568758164,809.5955705064647,416.50925013700936,8080,26883,428.8066449077164,65535,1824.8016746855162,1479.4334581955036,14268.039527902345,335.52120722341584,128.9063081578717,86.05270228930945,323.76037410154623,93.43690906847957,20,malicious
16.37144050402843,183.41722194682632,144.55268474806573,286.5629171703431,33.77790663386092,81.35652968550548,126.23309639534733,80,-1,77.78704714593584,65535,108.92416025083335,1093.9293969178102,880.2998180080575,102.27651558686782,341.551688448225,9.396257597106173,7513.400706586395,24.689354252376674,32,benign
64.9404749678421,218.9374739325179,233.0229345160571,242.80760710144574,35.34039323474579,26.845669568133832,178.70428794077085,80,8192,98.32555987291309,14600,7573.808475921683,1203.3515454325639,1908.2460839411642,53.89805750632567,915.5849788517869,79.6457320240748,458.73195022149395,36.52132413472803,40,benign
159.83027843690323,1118.784835841369,2625.1494191651354,3505.5582391972525,303.41555659202515,695.7961407996061,947.7905305474859,21,29200,270.41446575154305,0,948.1885254839907,1091.9451492120784,3057.4511788711316,308.5317188898398,235.35551588452563,78.39372039863396,3427.3429201716426,196.49026184728154,20,malicious
928.4255177882084,779.8988718154233,2482.7633750394234,34511.44316721903,358.1446328261851,510.4376948782366,341.62634003637544,21,65535,529.8458554450624,65535,1418.8992563307797,953.8320301259624,114.20305680771067,54.132808137038815,302.66680078997035,66.72678595848325,602.3558065509553,133.6269458583115,32,malicious
442.8091695562296,1102.2262579933881,4035.2737509726403,2617.352345722948,182.74103824369746,268.88030632979456,930.2829039286399,3389,26883,327.31363099385567,0,1975.99791827746,1082.72063174506,4324.223738183163,239.03494152792362,705.5267123750234,38.054545789927154,298.92943396979405,97.55263423432538,60,malicious
391.97071350615784,1059.7385084572552,6593.111070214141,47578.31022084172,207.4376686997583,545.2409331607714,314.34393528607205,80,-1,418.4786296395125,14600,518.7356682617302,59.67933755146224,2453.5927472209064,270.8874290895459,336.8788977613032,17.582053174271394,2143.339298557135,55.93910368251345,40,malicious
18.61969664469167,215.74298635212187,621.0485189668449,1463.2423991289531,42.553203704709446,99.7844636850282,98.01577726525929,80,65535,36.595284385887,14600,430.439395566769,1438.6412936019276,1586.0731837549488,385.1541385608427,1295.3211435026637,30.202801734444417,1307.9072396490917,188.76641596158964,20,benign
1385.6729848409566,685.2423409754782,3419.6095514659637,20334.559160184544,84.26135281372584,453.94093430974806,731.9833403347105,80,-1,423.36988298366094,65535,405.6256917555194,560.7414695272441,1866.7968686586287,340.01007727441527,132.00163707562223,35.96986979511322,1354.0418845390498,195.74384938420278,40,malicious
56.6560562729172,552.6898654936376,4611.959117952927,7996.054456498874,350.0919533432924,462.03837080909244,826.7455888540064,21,-1,382.5473389057483,65535,8051.397793271127,1384.3889005082267,11639.648393763273,55.02402126885054,1363.7081605767637,86.0433017781741,3305.802727404062,23.194618724980312,20,malicious
538.781241967047,395.03294731644525,3860.824074366109,11255.81697961938,358.7600210259642,294.4062962255007,579.2333028952492,8080,65535,387.5928569038474,14600,1464.4250841125838,371.3651889289069,3093.80035622411,124.8175168512773,1026.181353535011,76.26832887419907,1659.4229970332883,27.241965647824077,20,malicious
12.695825115633895,205.07889913326275,107.43516457709863,477.60252054820876,48.940297117724626,87.0825734022097,80.38918510331631,443,-1,33.63339663565548,0,3062.9730994743877,174.20005527508567,1312.7463194492916,338.9627289390881,186.36088074007216,23.011923162075966,1181.1573261858423,66.55246902986055,32,benign
5.1001593735855835,142.10742905650702,813.7604697029258,194.89740109933,15.213370409630754,33.84163553464594,145.73562794333725,443,65535,142.0625605109419,0,1025.130152929268,1360.4166401935036,3.573390708053596,259.2718182173678,72.46090663118241,88.50933938540432,111.54661794147947,158.9497840399706,20,benign
131.5587405937761,982.0689041089773,1833.7550280604678,32977.88031920411,257.48814147254575,800.929647357766,745.4432703661523,3389,-1,246.29946345676453,-1,228.05825284104316,1212.2854621200725,6716.517765851238,342.0025147089515,1059.637405672261,47.22455882555431,553.7290984862623,95.57540194839721,20,malicious
386.7227302154257,575.6935901011914,4220.296729322154,46103.069289436346,225.3071337465857,785.2425665292426,728.2284577271621,21,26883,140.70145551310023,65535,1695.384637627632,1083.3730578188345,3747.6994613850097,177.60377430231534,708.3566844333216,77.75478965102256,316.46467201652933,80.01943380240962,32,malicious
391.02794668959814,632.4916525998062,4386.97727419004,15489.405777609367,224.27017075302533,562.3131387371564,611.1008487683519,80,65535,274.29094923336476,0,13735.552113991047,698.183717366253,5031.8890659538465,289.9874039509586,748.7031472429816,59.167508196277495,60.8907876964377,24.290086955867075,20,malicious
1.1311890449496043,213.3737617008222,300.8240500256894,72.74893990857278,18.636908693398553,23.361597656879056,267.44367945339127,80,26883,121.24436732986656,-1,3728.7182905705918,558.6379630962042,7645.529394673055,70.83858985108083,1347.0314714593412,69.29652387094903,1141.9680092442006,191.948330069201,32,benign
5.444960686243599,243.37048919920497,816.9791899501819,954.087206158349,41.54586951917542,110.07483603464205,132.2345231928297,80,29200,74.52383680672342,29200,2214.8165888417034,1450.6250510163063,14.266458319393514,195.3686171380943,760.1846071804496,40.85962618113531,7223.132474008128,185.24882427581042,32,benign
103.86324346962247,241.07040817256612,1121.1997346582714,614.9465226928329,32.30301073526278,104.47557706121907,72.35943542400179,53,-1,97.44585982191069,0,631.6140173077303,293.6068517397483,6819.645292139062,55.79286389179365,945.9022600809697,23.881779738907717,1930.3903878461654,46.12474064722328,40,benign
36.10748358366414,197.900445440762,255.90106731082386,178.6402959417664,8.378123585350156,20.112291436768743,157.75759569279222,22,-1,111.33859996347292,14600,2610.435901969596,948.839035393899,673.1871470306573,166.2738353261833,1476.0564708205015,20.451280077095536,3162.429003525507,176.54219650614172,60,benign
87.23463059060278,216.34532315136374,1418.2485477025905,221.77320254460042,7.243045384042571,108.64314371089297,107.72556978721488,80,8192,121.03430371807946,0,1283.6158392702125,992.9488110321947,2250.6535851153185,349.91338526794266,713.6179183507129,17.887997733084326,1806.3425593043569,138.74376514442025,20,benign
264.2293366106255,1161.4979296885394,7408.609482588964,1373.5342673896268,262.49801813473545,719.348322629034,479.61048911311,80,26883,463.5844812295129,29200,1225.3206200372213,142.01785032828596,17874.57593014616,299.49518072761106,61.452251603251824,69.21394075590128,1143.4069620829146,51.81965120675214,20,malicious
2.1119472665260837,277.0560315731944,518.7075406141873,410.80488220770684,47.51479131635574,106.59780559923914,87.46671663969786,22,-1,57.93295186484032,0,6.161150854747255,435.5482798554323,2479.599036309659,52.362010046478346,1423.479651837794,91.5877747198308,308.5412048291817,183.50641257445048,32,benign
589.2418055413547,524.1094952576468,2745.913443589589,24517.076438979875,137.1000298796498,204.32251769324566,533.5417396272179,21,-1,139.72007620311217,0,99.7175345288646,286.5121803494502,1867.56171905031,207.7479309025485,750.8534119218132,27.842343658526215,586.101798457981,28.72395157170916,32,malicious
47.94537548050501,1093.9483720687845,7574.149169920265,27807.213044754808,321.4897794672464,1029.2534222006568,502.9444964651459,21,29200,406.3532829641902,65535,624.2241185691322,128.4512550690437,13198.86568151555,399.7156277337083,1444.4072927584268,4.392233026922787,1272.1447805858452,153.24238814160228,20,malicious
282.3216229957816,632.4778051729661,4756.777618412927,17145.676832153655,363.4238010441818,945.9730466743245,917.7395586989818,80,-1,486.44445541837007,0,1984.5996404083016,904.4621590412477,310.4133249845116,371.125245837712,1186.2027680276365,29.30153595690397,2759.193205518463,69.45651778779543,20,malicious
11.785778781464781,199.95068432907541,900.7213934852083,528.380618700107,43.272116306091526,117.53978621842056,200.02572384195452,22,8192,118.55103951002675,65535,1272.0464932333612,928.7132562703513,2238.2353213384963,41.55112814891281,231.24518097661274,43.2902615583091,3199.75139100015,174.81467790704644,60,benign
311.5287001178115,1073.2055726221058,6841.529407944492,14922.811544662345,381.168839815393,453.8151313764755,332.8165807246704,21,26883,325.6204672967158,29200,733.9316586985261,311.1508377966114,7119.614109251429,322.45322635183953,260.20708815908034,25.911732475461967,1979.6310933864913,63.34535630009096,40,malicious
35.828191147326606,308.36458338128733,1123.5241308742916,34.00955015644004,13.67971619829287,31.197696787154204,216.91641746076175,22,8192,60.994013906511036,29200,5234.7520003884765,1011.8384824566376,9516.78877409951,206.0564062752178,478.7957736751596,59.74097350173738,2153.570779361376,65.33461547098952,40,benign
8.052240350024203,230.7653174434184,875.1444586901508,540.718275850497,24.824883557546016,14.674596469017445,92.62977551044932,80,29200,52.70272230303998,14600,1354.9822560951154,455.15272228720704,10339.943806041765,71.40849089949813,155.9883268327976,69.46996711016894,88.67664347074975,182.016106190975,20,benign
10.318184048343017,255.1933379621383,314.55186922624523,1772.6823290755685,49.656213233535325,99.97471868805782,297.443687508732,53,8192,65.42060737997346,14600,38.48586280885286,1388.491648871741,3959.778420712236,32.39806472177914,621.824738123921,28.161053909356614,1441.4904167544614,157.18631766875046,60,benign
9.524649100780291,278.65774975664476,248.71582795014362,59.6685728097274,22.4973668477949,93.9278543024637,87.07376863067985,22,26883,123.04182987739526,0,2401.5263042556103,593.3670199549177,3414.5489638937865,305.20875736205545,278.3861585417925,59.630490987747976,5282.865936847138,149.47592251047678,60,benign
366.17465740254494,1144.7731032533475,3066.4001909743056,27157.807280504974,137.9823186209383,1117.9784115480036,653.6353458392701,22,8192,193.87481266912556,65535,2094.933436625375,248.81178644286175,3924.6772584629407,100.04226942367707,237.19053015236057,53.27145619159642,3050.6780252826406,50.007377725937246,60,malicious
34.447393913568725,984.4565193589128,2920.677554765365,26561.48334695031,152.38368568927837,463.79802770387084,772.3249397625012,8080,-1,128.9324951043714,-1,12804.89650857495,1192.7305112689344,2515.589092044144,124.90683595833598,519.227158865471,88.50786809298916,4417.294434962459,141.19706291089597,32,malicious
1326.2293263428307,961.5763410131782,4672.517584464142,13366.002486683088,252.0055046682411,1096.8459248574322,557.4609947845458,3389,-1,362.62038651602074,65535,4639.41538850815,838.3474451654901,3938.9377143987354,324.9988460088814,278.34100189809715,28.22958947236015,433.5553375811925,141.642840340641,32,malicious
36.26557130730571,278.2001604926221,338.4245000632799,416.79043953317966,41.543012820516,27.262744523480773,139.7594267026558,80,65535,36.15922665819646,65535,2861.552522030859,1324.960217538433,1778.574006490407,293.2693882044622,1304.0816702425122,45.12170005091348,3788.9751636397805,164.25762064256415,20,benign
65.81079328694278,271.82931543285605,102.01244122885652,957.5611558258524,40.18857207242897,58.17897504696251,105.60257246968419,53,8192,64.84813099171288,14600,648.8303041829876,987.5097521191411,1485.0069864840386,270.53065462064075,1054.7204512622816,1.6600555585774113,899.4567414801521,181.1799057446088,60,benign
12.5372612492589,217.09815649388963,703.9514291722998,72.94332750976086,13.163089760600222,81.58100665837509,187.0329600964044,53,65535,115.3164825977328,65535,1349.0734190971796,1397.7970992656003,13365.56166666297,59.84243592277453,687.9439053964962,2.144376142933768,1780.5900514343084,154.26338466822764,60,benign
164.32966508136298,776.3372233455802,4781.734047954662,22129.762635464263,336.7077243462465,1114.9529631381351,522.6945296470944,22,65535,146.61278432389855,-1,2070.5453883844,1003.6072984042896,1879.583196947298,39.832705355492834,287.38891878194886,85.75969330383333,2936.1838522049316,111.11580486625856,40,malicious
424.20194155463804,965.6653940681266,3119.7555861800606,21484.337703866862,376.82808046353983,418.1014770491547,440.57315370240514,80,8192,185.02492958415996,29200,1277.1665479739363,1489.5407010207932,7467.092266281324,119.3528054607701,344.3022391277251,46.286780607670444,1012.0475406628887,78.50018927766158,60,malicious
1011.5920589751262,1044.0501155147495,7307.3850379008045,10692.09866263897,341.38283376799006,694.09206116374,853.2371713331282,21,65535,379.16574288765855,-1,2447.581081756421,759.0568274713343,158.9264449360394,164.5364108673046,326.8174965694258,75.46209943488432,395.14433774046483,110.84024415149887,20,malicious
1029.9863061871656,946.6883954389334,7713.083360888193,15411.22035108323,289.805860036814,833.2242533214123,398.92839270819525,3389,26883,560.3076719780759,14600,300.0396026828849,1463.781474093094,1639.8169358124112,90.71842246062577,1153.112353149257,36.424697476652,12822.56712098803,87.48525836396651,32,malicious
317.8105650269302,950.893605494762,6681.059498006693,52900.22106778513,351.7992476759523,267.694808704021,559.8876961951394,8080,26883,394.67822222596243,29200,381.9347852236696,243.84331613832694,3543.6024235638374,383.6032128562465,1393.6546610718103,64.88591955257381,128.33547328532566,118.9026401946356,32,malicious
995.1560339875746,852.9441439726268,2991.3802437794716,21684.13336007612,341.82501634656825,514.1246747016517,946.9767299483017,8080,-1,112.45993538138696,65535,10656.763172544244,702.4361603745227,4824.943300127585,76.81241669926985,800.0549878270103,88.48751705913241,3292.5359064008862,149.19097865051955,32,malicious
429.7472310206209,693.7409740419474,4823.7081708264595,34475.066391049186,338.017813040941,202.29056930877368,864.0439905460275,22,-1,512.454261026892,65535,1970.2097726285647,184.33570567733486,10813.724230264485,335.99932944442884,849.2581322953139,54.906477104863605,5972.997963138239,175.1943179920805,40,malicious
265.1618607774918,1001.1760831744159,2019.8544619892755,163624.87679904807,386.7388111652433,991.8014172276341,385.86919330120764,22,-1,151.62188018169655,65535,292.03365741982896,370.897246419292,3810.366363530281,161.7432681859531,270.9390815838021,88.43619825937701,2604.2583750308136,134.35020384195812,20,malicious
4.16034945472924,209.83549872479776,696.0046810313124,246.08280251382786,36.86039287674305,40.36730320081308,224.71748849589054,80,65535,97.86630074606789,-1,1123.5184833225628,141.6675727117406,439.76049226228406,231.6784668828534,353.2817168714006,19.576444772684276,1509.874519374485,190.12743384794507,32,benign
244.3947404875478,962.5528284312261,7459.335359359406,61780.48498896217,154.44197096366855,402.66844571686363,610.7568166164028,8080,-1,544.065037302641,29200,11138.909734514375,1304.7061215364977,1138.1719634913304,206.58241219460749,82.6522569740228,89.92013384748617,903.1201382622562,142.6017003832771,60,malicious
1125.973943459753,1191.0627846181228,2004.3840793701756,29171.556717940854,261.5245939156307,652.9233865306796,793.0891742307035,8080,-1,330.9770161250325,65535,197.3661363211467,1475.064523077312,3655.479100001175,213.99901389230538,61.42955038457405,63.77384407720108,195.32179933025134,133.75479781895584,20,malicious
101.94184478582658,340.45098940422133,7470.74624951866,26188.95149762478,197.58080577233955,384.2978316015797,944.476968747739,22,65535,569.015222630723,65535,1913.0619229149427,1046.6155835332256,236.90064618090682,35.06083156122614,1405.984001479684,78.14272918974439,3067.12571712204,30.96204119066551,20,malicious
178.17103136939642,993.5363130509461,1502.1301435589098,51892.09421776384,269.10190826837135,1146.620022745915,875.3653636501581,3389,29200,309.1781617532722,29200,3020.3084658058197,422.0359486150068,9607.296676245916,85.33762069459901,1192.8453762719992,52.2077410504066,2702.8780526609667,65.24855496289516,60,malicious
509.1800880539823,699.6913713540421,6790.265090120813,18908.20255854763,350.061994272864,1195.7288517927543,621.417043625861,3389,8192,222.81223786214372,29200,7069.232552128394,996.5342323015815,8294.520622779442,250.23739267252452,467.14725592467835,87.31380419345712,390.2666365908469,115.45069924892802,32,malicious
0.24898786026302797,286.9420783124902,1360.2083538461338,581.5044269288692,34.91878630238115,86.32687773245593,62.87161797866709,80,65535,144.19066539857903,-1,857.1263957964217,1279.496135140332,757.2814119468547,70.19092191552195,618.880460470368,70.61982560088963,1137.9525062722355,84.17604457714532,32,benign
6.204462052043019,363.59117451574514,457.11272122812494,163.6056201217236,5.437105207388636,118.04112152595258,240.7056932240125,22,-1,23.425518103836353,65535,650.1815712824289,663.5217881450347,4215.693424800443,49.18474885843989,391.90284452210074,23.410389591123003,934.3115799850774,172.27766860537344,32,benign
140.45068159507443,803.4813911379719,6544.534266908748,9300.970260804066,299.860336710162,787.7150518198589,614.3304902206246,3389,8192,104.18903092301254,0,882.4271165738636,129.83333587417758,697.8118706215266,241.56928674069135,1168.5991596355689,10.680042489986008,1375.5937058278448,57.522743312533315,40,malicious
64.9891594955024,1150.4726392924617,7443.7053922733685,6753.7161525075,241.0940757831471,851.8583772476163,998.3239463274439,3389,8192,138.7831459947687,14600,1007.7117770256942,1300.3605962573524,19008.751888978804,163.60507507452962,1451.3909926202482,45.89265625434298,811.9924750405131,49.46628821795198,32,malicious
25.72453658593347,929.1083585898546,3633.973818582003,61610.13780140142,390.18881335963107,987.1365982961665,440.0352321994152,21,65535,513.9740738880711,0,1237.2884701007772,83.58191962736325,2743.311190202302,268.57258350643383,112.34028110507114,53.754782224274386,1372.939535849964,101.31333189552073,20,malicious
917.4177184584058,975.3910029818586,7926.449840399477,869.8105669125529,226.50174886212545,637.9018787594467,685.2569638572305,21,26883,273.44149722352194,29200,320.12461118315315,834.3134197994336,1.591838429353275,167.50247684686855,735.0836750931726,14.597743755118708,75.94581314617498,100.01569254962781,40,malicious
47.66242355889945,187.97709991991655,257.37152240409773,62.83620421436566,28.38794676823082,78.32598433351484,108.76468919080256,80,65535,57.8245381934701,29200,822.503124920003,879.7701209223516,18596.977110878826,345.45914321547235,779.3687239145835,47.78881430163844,1369.0539886357249,197.2404596637686,32,benign
278.0603730864323,330.12714484732544,5933.349416999022,1155.4717977834885,197.67433050568118,217.83854258103545,399.5571176423016,21,8192,480.3045226895148,29200,881.4802840124765,127.5233300706005,874.3736830591074,251.6902962953979,226.34806534904294,74.62230843859847,1626.3015243258221,127.70452810143925,40,malicious
481.19324958854423,971.8275963962747,2346.8872425918366,4320.1252432699885,108.19140101450077,918.8818725595634,764.3055205798919,21,26883,290.0792974062995,29200,7430.436025871367,692.6365805166392,3219.767303051812,32.637615736534954,211.6259712186382,77.90838403227804,13.098189544171529,64.480360427639,20,malicious
57.1063907931138,296.30673403013145,948.1021961290598,698.1690031573946,21.70129999701363,45.62777538797399,92.75384018557038,53,65535,102.17261182973404,29200,3223.480951639889,1271.3907848519245,4753.430834332809,104.90821132471841,262.95884643299297,48.139926279239674,1306.5190307568796,149.72435444911594,20,benign
47.1181024579915,213.12583806035045,545.8344267471573,222.40652849716045,41.84268649890706,90.82294066612947,272.8131973136101,80,8192,26.722127026071863,65535,1226.4044814885194,1292.9779435309867,2301.2521656409717,278.525477082059,146.52583414436862,2.843330876475192,1549.0093155094248,136.7525430462787,20,benign
277.1299183559293,674.1145952442852,5240.508033490136,3152.7686307273752,239.89335776021832,566.9296090542175,810.7396487021531,22,65535,589.4406803806696,-1,7751.924175381213,635.6904176774881,1647.3902851107391,70.67860846057172,1304.3448075548642,74.30048958030184,2958.0877828650773,82.52222550378002,20,malicious
14.983674254591797,226.7088953488727,470.04356652031885,1777.3588787025876,30.25071864283891,44.04123211425396,77.7825968160938,80,26883,127.72986732864445,14600,1502.175929233997,428.07288963656123,6751.566536530077,210.31505378644127,1480.0557047337852,56.086277392638436,5931.057166885276,31.814019294813463,60,benign
19.06644762778183,265.30537253254147,303.380726016823,195.03218077608508,27.31234444742058,81.4544391228913,55.26115131776833,443,8192,66.32061692384445,65535,898.1107681529237,527.4496136931666,4346.601511828798,235.91083325365307,880.4257345117683,72.82157988331983,722.2558022523134,190.54604937783307,32,benign
29.337824326928214,1068.4790911429764,6314.969020828524,863.80339400563,290.4046800417961,378.7010553745599,459.71744360274374,3389,8192,551.9662047628381,65535,106.468632668579,96.92747100724583,9533.858194252585,311.54226297148256,63.66261137437083,96.42553997359857,2502.535531279013,73.69574199071154,60,malicious
218.24448232804176,557.4224466788069,4668.222153285183,3855.0226999215515,146.11819587162697,1184.3633819302368,993.5049876263487,21,26883,116.94603273141493,14600,2756.3069983863925,202.78838125852505,4924.5902382905,396.0980594512555,901.4728657130793,82.8586682293605,510.35544011765046,181.70511552764697,20,malicious
505.81361016389945,814.9340184987474,2929.171542260549,66134.61243504111,162.61188213674535,1199.604197150994,749.4252985775881,8080,29200,133.50010848834623,0,3805.9320930674517,179.25734006440248,4789.533830719679,73.38740045812278,257.37273418585266,1.1032535059816495,284.33312055142153,138.77989067113452,20,malicious
20.637693363405504,277.36410600530286,728.1079443191405,514.041923069803,24.48997070615059,18.778325398537277,298.1784073730241,53,-1,148.2865191007823,29200,1193.3096114939929,503.0714374691135,891.6563279106178,199.48697767951546,1044.7536358727452,66.67125745639416,1315.2668213768216,127.95154023059645,32,benign
3.330504601166104,283.7890522029704,587.5098955353885,398.5145718864009,29.161114207765813,69.19077974921649,257.6079975383733,443,-1,60.648845342784014,-1,8563.389135808688,1035.2646637897874,4677.383751901369,209.78358707458537,1052.4811030222404,99.85137256526943,85.69689767330308,49.607369026576514,32,benign
811.7656453484985,838.4791361501142,5436.044338089852,6571.6116553794445,242.8883846726486,419.7916389326232,330.6930453695248,80,65535,167.5011231569983,29200,2225.0238484184238,1267.2773406154176,11192.967222709947,57.653875903209915,948.398823195267,82.95351053275002,8268.072558867862,156.27039860668535,40,malicious
11.970009575318743,284.31487230990433,1364.5218854384823,665.4123339631789,41.22666584320502,59.998353711934804,151.4859054991469,443,26883,48.29657682269661,-1,2156.10186192083,358.8782624022507,11161.149954727933,146.56073680535826,1188.917506199501,93.83413628629481,2410.37710372053,110.48688930285391,32,benign
99.4570495962285,293.3862286723993,1447.6844427507058,428.35264071602586,34.25405520577327,21.62337766236483,103.50944430400115,53,8192,127.67428727136799,-1,347.77565353418146,1138.7815953452962,12762.648733450886,382.81209935963415,254.82225648432137,30.73564818123836,531.4698887535093,82.65435571936719,40,benign
499.8832466271705,399.9342300419594,1445.916065307127,7260.643487774462,302.2756608847601,906.6912609274495,401.6215080170749,21,8192,183.39668956115463,29200,111.88695903140675,1126.1540670070267,9247.94249883059,363.39049726340613,1378.6850081380844,29.3695341755851,2221.239482299411,71.57727881571222,32,malicious
606.287936394914,1021.3807102511876,4807.549232844835,24113.22344531159,201.33888416357436,506.4042918703732,658.9076754591119,21,8192,294.6550157701432,0,915.9871902859097,982.02095863317,2999.062782738297,164.24352540589982,330.9067480418103,89.61296093597846,741.2010428276991,84.29993217442693,32,malicious
2.6005005615793158,320.82607753165803,458.5698822143269,419.5911615645914,14.270025051631533,75.44823416162097,202.7209273978997,22,26883,92.73596091305467,-1,2210.484489660965,353.4688519913476,4594.31137966623,370.7734985396761,140.56906886843143,68.89371462318402,328.8131977643319,153.6167851443342,32,benign
7.369040771849774,306.24670230493575,285.1417746297868,799.8146594432204,20.548083851749958,64.91879680052774,159.84964394739364,443,8192,106.79039221786405,14600,472.78344372557234,1451.1380343433161,9143.641702531064,155.55465023052548,1138.3816067755715,68.948423188495,6713.778685447249,100.9681488848345,60,benign
29.14510883928402,219.8877755265865,594.7675386753258,194.86803914557262,25.168316479413885,25.50143877387944,199.37423149483186,80,65535,89.32793488534968,65535,5604.062471634119,600.0603220770139,1530.683921365611,253.1159210928413,577.9614914339649,86.90110680695432,2040.913164721316,176.91576741168575,60,benign
28.68047421045176,254.4577921360737,754.0505506130626,195.98098672092894,29.081745926435236,21.350970358483302,98.96286607587783,443,8192,21.325042326239647,65535,24.75540653625986,429.7731791625392,15992.89228874337,345.85818117155304,241.01697147026786,24.94613543529194,1686.550474164259,125.59834972789884,40,benign
967.9733720910239,986.5473383259668,5354.409660239335,17271.53236588953,363.33015983903977,220.17694433816052,768.6226209189489,3389,29200,405.19016870058846,-1,990.3796861319107,870.1570007590904,7336.4759895271645,87.11876920245952,521.2322916917036,67.7229115802366,1973.7003153484407,87.62088987304053,32,malicious
99.75875062574285,992.1610533882426,4760.175987137349,60287.24129133999,213.99202177233303,661.1739150969818,438.04284379980373,3389,8192,312.8457435496108,29200,643.1427112311459,109.94413261817317,16528.378379382448,289.7717859180667,966.939431034531,53.61755918415908,801.1174204572237,139.20731770735523,60,malicious
445.91340391294636,1063.0382152249967,6818.151124537588,21490.273115499218,370.45524692491426,487.8223996878564,725.2234791915257,80,29200,270.3937818981228,65535,1829.6637273836193,92.70333056789967,11925.451729493521,293.71171528854404,688.1129377927432,84.145663795543,1687.5946817739887,47.77286501173441,60,malicious
19.349401381167013,302.8953586978016,375.61735189837844,681.3719069676414,10.361637452632248,109.86858310017425,218.8803322904004,22,26883,135.18403034594857,-1,5182.80446406931,159.1956129970439,8789.720434980172,103.0316962208759,1213.7042323969551,93.152890658524,3220.799836513666,49.86577563556193,20,benign
3.071178706054746,300.5955682410542,483.07703072615004,399.1382507156395,20.315413819768537,70.40217772361754,257.3442412291953,443,-1,96.6644390757454,-1,750.531727532685,720.1689636054462,2142.8602256712215,294.20474560621443,959.1896268549799,60.06676492303934,6642.658282958609,99.17525186471363,60,benign
10.223537398000236,183.11701768388724,1363.4671221879923,113.90752012744578,24.198689366358263,67.5489676555762,195.5021742890941,443,26883,118.49223490045195,14600,978.4996137061426,295.1296718036192,385.36917078946334,234.97984154008736,444.8405594478156,58.305920457761516,3470.499127182453,173.2029511704573,60,benign
126.32596791959006,1002.7999763947446,4984.584381896211,135148.82951375277,99.03557688616189,706.93515661171,627.4128108343753,22,29200,248.62246306807492,0,4510.1618920775045,1128.451912588553,2260.3320466000146,121.72633746519227,394.2979144264576,99.00117203057958,1343.2523124565053,105.36273307150952,20,malicious
681.1215631143339,834.9484513061209,7461.679330369596,8001.33595435864,335.0973581581734,528.6878445420555,926.809691380989,21,-1,440.203845926131,0,4012.1342414326123,1400.3531948274,2862.230161202257,239.63211726587613,496.36459159739354,21.553039902974614,1035.9732636849828,33.12814394933217,40,malicious
8.870574832018908,166.0280405518873,477.00295495116075,516.3149203241765,34.854498861101774,96.0857520773229,177.73179140003325,80,65535,42.414704441202815,0,266.0884552828945,1416.8881388589496,6348.85921804668,211.44647646949528,770.9796901143063,56.49274653253586,2652.4156002790014,154.6398690747715,40,benign
36.402612870701525,238.55979373616853,1407.543300793839,107.06204641771352,9.631010491420636,106.27412127418907,191.4757541890575,22,-1,116.45270666695103,-1,2509.722973205057,72.93558785322229,4411.691159930266,386.56218578249144,904.6787067672932,44.51326862858876,826.270679333972,188.47662030234184,20,benign
402.7583610324669,1105.8612055052404,6441.773383227553,12608.522525805722,397.31303580762653,945.9811948897101,436.82543548879295,8080,29200,560.1230470243481,0,1439.2995312447924,343.7069078876507,1082.2796382641225,371.6274858200304,483.8018397590165,12.578182323379018,479.18162706168044,69.1750041384874,32,malicious
33.415451278765865,241.8975731349273,487.5606411043197,172.43802482763033,20.845620884463724,56.862696570123795,175.37835463177936,80,65535,28.704764593002633,-1,5275.913249329809,572.0787169913187,5869.8308353732855,134.18202402294617,904.2336719744723,19.586549846498325,1311.422481163728,72.58083476162307,40,benign
4.059820499345534,200.86960909947487,1109.2715261495453,423.3917631664345,37.98631569642474,25.673446481239516,162.19275022959962,80,8192,57.218817532269796,65535,768.8497289046521,993.8189839920924,388.47168802657706,165.89635135891808,363.57512402862284,7.791078111468053,3127.3310067088214,168.56637700898327,32,benign
244.61486031472782,790.2012288047566,4654.686481182087,5837.481703889718,257.0485826711533,350.77220612702445,766.3151843586136,8080,29200,462.0018703831433,-1,2119.0199189379705,1318.6406637866953,9076.85438350299,222.5103576793764,1498.452428243646,86.6188755505906,391.20289276483464,93.52662652177568,40,malicious
8.788439171777245,328.4384014947706,588.6245483837865,225.69021946543046,8.823497789759353,43.079215043757976,195.3086403406127,22,26883,80.06294442512757,-1,5622.375422546432,1447.8157431257227,267.71681713015283,366.6464014247772,1326.3918201049034,24.0179638807282,1298.4860136504255,163.93566910637605,20,benign
49.265703656173585,233.3561126246244,1138.8875799372556,366.2341360075237,37.40161713304727,64.97394337313796,133.13411625973106,443,26883,129.1764981937803,65535,1199.8758827032782,240.4326024578555,8017.21860504005,113.99344754540688,1201.6116744207375,96.89116584913963,124.8162708612959,190.92247294414773,32,benign
13.072912089425506,291.5718798006028,671.4050093595233,9.987489142568815,44.6691504753101,15.688080814752393,153.3078703860185,80,65535,136.0242681023102,-1,2330.3078253611748,289.9607223240943,4218.950863043986,182.26833398324533,781.536115010306,26.294199834881415,5810.388515928213,50.46413533484723,60,benign
9.49536151818063,225.12526034508693,1297.9756492825595,1526.0173674460352,9.367436712441512,64.96195699402315,51.08339688337361,443,65535,126.05675045479035,14600,3399.97479781817,58.318718038192124,12855.194285101255,78.67704875141814,320.68644741587445,7.734549641781374,3034.0887238793803,95.36836409007819,32,benign
264.2065597776233,746.9750022871734,6853.437823739183,33218.91986046465,126.16636246209623,813.7954616006423,739.1001979037793,22,29200,234.53188578731636,65535,1624.386433617715,1246.468513312969,13609.601657970983,103.99051907627803,722.5100851492476,61.00489518053336,1322.0638206306603,137.71964299430974,40,malicious
26.254310853345658,217.170429283899,1460.913783136119,59.87022886139316,43.229239048085255,35.0569917357512,238.68967410713046,53,65535,108.07503807003853,-1,969.6660147830175,1284.0803966879714,661.076059191835,272.2190416563259,539.555697122411,58.439115712397005,2511.645869651313,127.01531668976635,60,benign
369.1247471155958,881.0545083999939,3759.1846977531245,18323.3628558265,310.08784642742387,328.56583941553083,372.1601993585654,3389,65535,582.5596987596413,0,1298.014757262164,1416.8801518642722,1947.7954526087171,315.83794162263604,1073.3647024283537,59.622194527732965,79.43995670473923,177.13579111772785,20,malicious
34.812738061218994,230.2267074714112,1102.3476372126684,564.3670119936637,26.32428506045072,14.375098093009477,173.74077796234502,22,29200,134.86597118637636,-1,1588.6858230359105,430.6792339600078,1341.769099671434,379.2967038562699,85.63024733811608,63.86748705201823,874.8665011672615,57.70753153850875,32,benign
6.280485775864686,918.5308561825437,4254.305702999817,25914.741476221432,177.65088508188538,613.710429102217,478.7428717751104,21,-1,197.9618548341885,29200,571.7015243560123,833.4746782822307,2379.384103588702,349.16707781296634,848.261459580952,34.01333828225746,29.873502146162604,77.56951724521844,20,malicious
83.62002759899411,652.8351149556435,6886.260093179677,12798.52288132884,364.72532498001453,673.4530690012272,814.9831870442722,80,8192,383.76995575786384,14600,604.2942525733813,881.7138798646139,1639.8000369267822,339.96093441447,1340.0189965351306,84.94665885337469,720.2276380982947,45.35676624279814,32,malicious
40.29629013286319,211.62104739884006,1200.7311359512548,84.10102275168838,18.553614174468652,43.19466897366704,152.4260019973877,22,65535,34.05718182073281,14600,6723.35217596668,1283.096650939542,6079.462980172586,276.3666859742436,771.2998868811571,55.8728968571389,4260.654639602167,104.90344427421732,40,benign
3.1816127273426376,259.59039798219385,934.8484720084191,1235.2189371496681,27.185781176915214,38.07294927108842,196.2574459822461,443,8192,57.04343493548234,65535,3488.8479254639356,788.9362300736813,1149.0220571942725,351.134741459383,606.11639717994,78.00440111251905,1386.442139864249,109.08896033911047,32,benign
371.15675568574943,505.5725494655567,3673.1671661742635,9068.995207785065,198.13509433757497,470.6902374560175,945.189011188208,3389,29200,500.63268360921535,-1,1319.8977120908128,671.2074788379801,1695.0943888070267,337.1299071765033,1435.2834553771747,19.90850861085557,1060.4937049563027,22.005302770787708,20,malicious
35.21088945636523,1149.4668200068236,4820.2514251533485,22828.154818989326,220.4732075355611,946.8180658243488,707.3012762357471,3389,26883,397.85052117939773,29200,2267.0363584329402,512.9908022452998,163.22025236003907,85.96471302022968,495.90270179370606,89.73959444048057,308.1833902656396,78.4522946438901,32,malicious
90.13251523128898,947.6363803107384,7180.989553212586,2752.5801256410186,241.01049973698636,739.9524224222417,951.7284087242697,21,29200,366.1100507070624,0,1828.9953113849506,1299.9079708905456,11956.902592933966,137.75806453038098,814.2218142231712,25.28508404174937,1494.374600753133,24.561531450972574,60,malicious
37.0371630423778,268.254954939262,750.3369283779077,293.9285017604036,14.346456618928519,118.39850319211068,130.6574383741652,53,-1,131.4009902527021,14600,1103.7344521468326,169.81028422075423,628.0612076544353,306.6947193200542,435.0535563902615,3.358166541061569,2195.878820738869,97.98508081096489,20,benign
7.269218483265716,240.69139271652202,1337.9764585873704,192.60596461700055,8.674728925576478,15.037036694419008,190.05457585208535,22,26883,92.05406562804656,14600,599.8394226658572,186.14056311793038,758.8117903964805,242.7196684789975,404.0502858292161,61.62281597116418,3967.207902084271,157.1278484237523,32,benign
10.917659448891577,272.48199797060613,1050.0336246870693,1076.8578771545806,22.017310397738523,77.15657146833063,249.50461621529055,53,26883,116.82427292492515,14600,1328.8744414086823,1176.770670685764,8384.673707296794,162.9886410710679,857.8404118301856,93.05225419650515,704.1508385290256,168.08754488091944,20,benign
223.59123264302247,947.8566701924271,2578.252924246408,13380.721903489119,176.53545688700785,228.25252530202994,352.79398482748417,3389,-1,191.43361193599543,14600,296.0461184559562,1427.073443128032,1286.3771022325661,31.257252996060892,246.23385269219818,84.94540605280648,1007.4470971726286,22.42876221210969,40,malicious
40.254641921676466,242.2092259716464,817.929982908209,687.8067036068019,39.08886541539278,85.22405261823053,195.26840115667105,22,-1,101.02524341868866,29200,2905.998755883709,1078.045790409854,5622.183279393912,361.10020704114146,556.9505221768652,95.0871263308966,1857.0161317829109,32.899827219269056,60,benign
15.431154060167405,293.1598672913093,163.72394359021644,69.94521635796413,43.14513942851512,26.543026801576058,230.7486929721481,22,8192,97.24858504286843,14600,1602.1342345303688,438.15585603841623,3971.700228446113,248.87604551194315,452.9910896176841,60.477882266372305,2822.5129460340213,103.02812570822616,20,benign
323.3888781719333,730.6007787562523,5700.789304903266,21750.141510313086,351.57241041424436,597.2963969565493,915.8301566902651,22,29200,120.06397404903959,29200,293.17223646846736,421.00020668082806,2266.5410725036068,295.5701855584164,784.6906480878032,6.781322708026439,5495.010934735035,167.4690315385345,32,malicious
43.96738949422838,744.8821720021642,6466.07646043454,26947.659085467578,175.62434762426898,1162.6608473920692,448.1827475457567,21,65535,130.84848482422615,29200,4984.004484591665,782.9661971491254,3059.2441473177923,311.03610832585446,969.5055900879951,19.40009975139404,5619.898550902816,177.66323945335614,32,malicious
2.3673524205432965,280.94365338299593,1377.2572890782392,408.1817752449734,11.03867285251212,59.57014957577217,106.8133851530439,443,8192,134.3847060333427,-1,957.7755792280443,898.1263095342015,1454.1527156978593,201.25650714945988,894.8826395523221,0.84821610654634,671.9072524771243,32.582072289769584,20,benign
20.79468354034233,278.5925060482227,848.0495229165897,756.8584842740565,41.22470803719962,86.929684054257,243.43648339904155,53,26883,134.67604247469578,0,1931.5849087139998,303.45661578046173,3135.8107707843956,347.89848598800603,265.85777425475385,21.67312385132467,787.161174706065,114.90601286100929,20,benign
28.322136750462974,325.3242302672936,1147.4046688671858,5.4713116361918,38.92821765914891,77.91390887372776,136.14755329194077,80,29200,24.16885643357857,29200,3042.97672549365,1133.8646712663117,1876.2471283667323,94.9882018995368,52.27893359082166,50.41992883879314,6250.641034171783,45.05891338650662,20,benign
4.129983579627007,288.2370038784808,866.5152666925501,1114.5645280333097,10.991218403485437,94.5014001826753,297.7747538047553,22,8192,59.57599203322281,0,1159.031903173016,292.8866691131515,11581.395767296293,293.4871885445677,953.364088857585,80.25108407035607,1005.2374511413096,162.1916728477265,32,benign
1.9088581362502377,223.3383225294534,883.1473983778484,1097.0302110235164,49.18547120704799,35.604120885689255,196.39331734211663,22,-1,118.52561797030691,-1,3527.259915627735,1122.527908173603,37157.78739149784,182.5668442309436,771.8134385202819,7.234181441409959,1294.8372274396313,188.05183345628274,32,benign
151.98049179212498,1256.642406188775,7088.234460295334,28812.66487570508,154.6861451822357,1019.4022244722235,556.2261856486203,8080,65535,592.623960097254,14600,14175.158048170553,1008.9749460085194,1078.128273874639,179.13662627659673,1343.474403328454,14.429944258833338,122.56556120050922,107.88596931646522,40,malicious
34.746828707985046,293.8074534165835,1028.9562476070525,135.71711742192025,34.66934008763532,31.6540950803159,106.91902685954707,80,26883,139.36478132357996,65535,3906.0206124387605,1068.5218131007305,709.6989317484562,261.2871540125012,743.8616809800114,38.33202267870492,2392.5569534576157,196.48813834196952,40,benign
13.015776162249129,299.7663681454927,220.90101226406537,967.3389916241974,32.315479599100954,70.33303031921795,106.01943939168017,443,29200,133.8576923805144,29200,7077.109522610512,1444.6820592769595,253.8323430280851,138.78221284810078,1042.3891080494323,30.91925977643708,3490.3164704683986,180.46226412476872,40,benign
332.33979922898976,987.3408681052013,6075.996674367415,44364.93935793793,391.21136360232947,669.6935079282018,430.94853082032716,21,-1,123.5485144584081,65535,655.5523969488394,1436.654486392133,7405.009990055216,132.94376126570197,1138.9381353859626,13.133998193556252,9277.006682963307,50.668397520731844,40,malicious
649.9294181158671,704.3805575123777,5039.116746741232,41168.387015363594,183.1288049350003,696.161333131731,439.6693689610128,80,29200,108.50327304954097,65535,1450.371802134588,1432.7310350609303,1485.6409950147977,262.2458402160524,539.3768223066468,87.68871366950454,2948.892536205376,72.51812051984206,60,malicious
39.97590816126962,737.9892933404839,4760.80400506451,24671.72700551708,88.60536618970215,727.3727211906711,737.6104264785804,8080,8192,347.9776656402872,-1,2426.3418013136506,803.4430981933616,6650.585059849412,205.57208008032865,888.0982219670842,92.93093254818359,90.22554734898594,83.79805830934984,40,malicious
1.5734604820189888,207.58332357499225,1115.5075727960593,280.76656127488303,18.277829017285697,108.1129355232131,93.01040979307496,22,8192,93.76726041589156,29200,9321.37030438864,305.3201609139486,5856.755294760182,293.482771904042,1214.0854366624847,53.132308156511556,2701.9403692069773,75.02212636916622,60,benign
6.348510732945605,269.818424541276,1323.2852445825863,50.14119927574505,21.508793197549515,66.70045405031694,80.07214754482094,443,29200,130.08343765099374,65535,1533.8282710904925,1483.8514088275758,1304.0132126184285,140.31564302249612,1442.2954626571782,33.06282064088742,71.58687814091901,114.91141350123202,40,benign
236.20897788147624,1041.496351225862,2414.7966197861538,7735.562069374183,376.8420816213345,281.1144314469616,640.3807056140355,3389,8192,178.53185346501027,14600,2742.4544099087525,366.91367318316367,5045.292745445707,92.91034349252702,635.5297801756228,40.39043857551323,2268.514213623677,173.04081320855192,60,malicious
197.0842436746674,788.6659411921049,7159.499735845685,31691.485652285923,97.22910126535908,1077.949326728112,972.5538573887004,22,-1,459.1208557022364,0,3202.5829147434038,138.35862161291647,5179.230126436113,271.2608539415256,291.5550627902911,68.48016455643382,783.3919696491649,177.42057676515202,40,malicious
389.6544022592695,881.2043425710847,4799.008693261374,100218.54128010175,317.4067063575075,713.1211844541261,850.0376181388315,8080,26883,467.30431944791263,14600,490.5014668455441,521.0439337641408,1572.923164215326,33.111011038952824,289.99622748807724,37.67056222090787,379.5025530566622,172.3453318810632,20,malicious
438.930107374372,1008.7836614496726,3157.1713962087447,27377.20556518367,124.19878422060367,930.5705589703224,878.6712539778158,80,65535,292.525880942322,0,103.11287941899153,716.1568076695515,7999.290100670458,187.0083198256249,192.35953485951964,39.004830479438404,795.3941526564528,65.68672386556479,20,malicious
21.525576340454876,198.73796886543155,228.40116614592517,104.0746066898537,46.94802057424633,57.49966266578765,266.86331549736457,80,29200,139.62577447077237,-1,1049.071606515176,979.6287620043855,2915.2754071621684,59.68263750065863,1094.5386839691837,26.107426940302304,1618.4100896721602,149.88890592004537,32,benign
3.0358517134211107,223.97570705870888,936.2543786100409,48.57588488379852,25.608123721645125,109.25675351889892,135.66028100926133,80,8192,124.4014300059158,0,1523.9122984087287,313.3822825062036,13072.69650338416,325.0246928817194,329.2873658676313,80.12860652678964,1656.2976469517455,21.692274097920915,60,benign
0.21803662162361712,217.8851403967491,1283.5768161191686,268.54249646660315,19.340741507535167,44.4110835865606,257.76016670004435,53,65535,28.194407461981545,-1,194.63609483572748,334.1661478057444,2473.7425028043613,219.12579525814408,1229.6401448842264,58.36533983812189,4627.110279226604,198.63566129724327,20,benign
30.674401242052834,229.25850308237946,336.23776227481403,1086.1953118979281,37.776798017890854,14.192173882069167,284.6865563868495,443,29200,40.259416177066335,65535,134.67753828506778,1074.4612739583952,10621.52551889713,364.11321559409777,758.6534170535332,11.56537738301524,773.6620169790156,115.22033646833418,32,benign
1288.7499144589515,881.9545904639666,4422.246038555575,6915.33209299914,139.6569172874669,588.8675287227727,654.1387594922545,3389,65535,371.66385833199166,0,5839.666465788427,332.72991711731885,9033.895775688763,41.45978640126184,988.9231705778711,88.2418211287504,751.865041849133,75.6246034024125,60,malicious
11.151526569299177,364.3462381590261,1290.2178747760095,87.16707542418783,8.042687721245821,31.44436980330569,63.35144803724497,53,-1,134.17532829222557,65535,1601.6466698580298,765.959731142928,4613.794604938878,187.49017986871394,286.5574544692007,4.585341188748604,1536.866116210154,174.89801020875112,60,benign
263.275063739535,819.8978325638947,2884.5925817969173,28571.025866953376,277.4754345011952,330.228270794722,962.9608126287792,22,65535,484.6581436122354,65535,219.90016411011973,1138.1952402841403,367.12795657148314,332.24159142371576,1453.6895271752207,18.21892110580241,10764.9872485779,25.891776853779888,60,malicious
410.24494008919623,556.4357885906192,6595.107463957129,15854.742086279932,235.03132475303732,1170.7032203167646,853.4100950634556,8080,26883,284.9325906606517,29200,1020.6073139020058,785.262577129884,524.6301767336237,242.87964613144993,141.9464910246631,35.88850078724116,379.9877035872145,23.459481822450417,60,malicious
38.47766241808357,218.15311619172658,1280.3043099089173,51.07406838737749,31.458377164114466,107.06956281363443,189.34783614113343,443,29200,114.01974723546724,14600,979.0307389834726,486.18153362266,2168.7063211236245,348.2883019271688,1396.9085770309443,98.22338172125983,4188.480521531564,140.89908009309858,20,benign
329.480070631827,695.9736758826563,5817.854517408782,23330.383291908,226.65059208231207,688.9410701605265,607.5242182468992,3389,-1,174.11732643767897,29200,725.0281312006872,609.1003272644167,5733.163273554169,55.01621821529047,1234.3091124955627,42.41529012384164,1383.6987507643391,59.60089716796357,32,malicious
904.0323631179206,763.6003680044798,6305.128220468015,5926.140424020095,135.1195031403036,842.0114239993859,566.4352555481017,21,29200,447.5264746770053,0,2358.8893721371355,724.7579364077221,3665.3320822499027,231.52546764833704,121.95574602502873,41.96390277762255,3824.696795356751,172.3563895717583,60,malicious
196.39820677015288,871.7920555283794,2577.4121671328576,39935.622729970484,280.9504057354051,1023.587104222351,699.5129523789013,21,8192,237.0526983920687,29200,690.4457412384261,986.643184137857,4755.32724792664,374.3438334329202,650.0541058054329,89.93534104332272,3210.813230320234,102.16637966066149,60,malicious
16.489697233065456,266.6032397534783,256.30732511031334,188.1117865174932,24.959824733706455,94.3092037187741,287.87086035410834,53,8192,132.150156662855,14600,3885.0136132089947,719.0073236532045,4083.386059151403,26.433056736421943,238.95540212065106,65.45316493193646,2375.346161719936,24.635283187864527,20,benign
21.587147034874878,504.97821023377526,2488.9962119584575,7757.6716970645,230.43976984451967,910.5381287365634,901.9048794542061,8080,65535,499.4100546503075,29200,4897.639972018602,624.661287222542,470.0125867652276,304.1097612430745,1403.671127501835,99.24606834001024,19.596589463848463,135.72723389184586,40,malicious
4.697386298157351,209.99767924158638,848.7968298961795,187.18793528171548,9.742674620261175,71.14948396846773,187.93749240304635,80,29200,74.95380693890618,-1,3870.4020184701026,1189.95435584031,1017.7147262005658,319.7652242914981,962.8845857987778,57.01091995131266,1426.3086064187862,156.69121037311783,20,benign
0.8780812501872937,258.5170132447171,1300.4858797769343,290.16684112222146,27.152592564483456,57.38296910568904,206.86351911033793,443,26883,147.9054138503463,14600,1931.3123699156122,474.1778065245999,4720.696940724595,177.2521362543321,741.2675977697363,35.55979620952061,1468.7027049056428,22.562246302047313,32,benign
1459.2607427261853,865.8157352716706,4409.881129302683,10060.821055397217,100.55087689260037,538.6136668295812,790.0085928325391,21,26883,150.5726008582278,29200,2461.5438946697527,100.87302151843564,2118.554232339691,120.65163436673409,564.7427835453146,80.75652977660584,1588.3426765345016,116.46638313583111,40,malicious
527.9847327370803,783.7599111441904,3997.6156212902224,46851.25233081399,333.719857362623,788.6766388782181,603.7419877735322,8080,26883,232.37096228407546,14600,2179.0620008956207,1403.8584280719779,2007.2236645495645,87.29848962306339,801.1249820820291,39.498273232797196,3419.593572820015,91.96883140704577,40,malicious
58.801578892864335,218.55136474830962,915.6303054741271,53.24883353371748,44.73488707096712,42.364136328716,290.54595421457043,53,-1,60.19922799785691,29200,289.30084333851266,1150.2956394082712,544.9337015419842,313.6687356471537,661.9307290170974,93.5941561613896,380.85347997934565,79.42059434910158,20,benign
3.9411536693353106,259.42728227121813,321.35320695912037,4.568916667058311,5.981794462675309,109.06973920670202,242.98093412669925,22,8192,41.492367924211706,29200,88.39425686515663,1354.3223996762101,8351.487026164488,172.07894011087555,1236.80282419607,97.316718025338,6847.595348661145,126.88943750170492,32,benign
3.7614911643659226,211.57371404272476,1440.9967736498618,466.6509623838067,45.17046267315727,72.55637050153038,273.786629461463,443,29200,68.64192929141076,65535,7500.450481809802,1058.6310416173678,1875.9104990005942,270.1355842772932,442.1274155461383,68.63510351958983,1626.085666010089,170.76405219822186,20,benign
25.22121801921189,272.5795903806469,865.7043328381645,690.8255386025197,27.846236134421876,56.55716061199343,184.51718379243545,443,8192,36.12343384174224,0,2525.543489488852,295.0874714544316,1906.3908003409988,27.133430117369592,177.86179355038354,19.399660431294265,930.3090720029735,149.88536847042036,60,benign
8.781095524919717,251.9358700739154,360.37206020669976,1031.035643265073,32.620949846787916,79.48685139548637,151.1737194066005,22,26883,83.39309327817008,0,112.42252973893648,824.6904397837072,21490.302518052576,45.931039605761995,554.510291996301,33.000062803427056,1474.7907565868654,25.780582316498617,32,benign
21.40105685542553,257.0871413129207,180.8645852746239,432.4213186168049,39.38090946605639,65.80705891574273,191.04647476408638,53,65535,126.74237324271805,29200,2734.2960598410496,178.26546536378802,954.5308264565662,278.7525967471901,1239.5924188545068,9.678375733660483,5929.256292297802,121.48357487302377,40,benign
27.771240051177855,306.04394271193456,879.2736348181932,1014.6420313512572,11.009102273511438,112.93387379113638,117.88410852104629,53,26883,42.57793453570919,14600,1363.3385416177557,1306.5654147460007,8919.243063301648,108.82107200364543,570.5209812812483,12.881698104297234,367.61691236213386,41.80786121895575,32,benign
427.0120400484346,892.9399761127534,6789.678449559157,7794.3902192831165,225.63665105323628,728.6199442070007,530.4842809722848,80,26883,515.1349522243797,65535,2710.909728778787,907.2108624064621,4681.266695147487,70.99282948971944,1217.4938672247224,69.83917828873601,1508.8966337501497,159.29897513116916,60,malicious
27.555055470948766,190.5386073749869,870.2472099017979,303.1924049775934,25.414764143637036,18.497861682055074,172.12521969205514,80,26883,81.36577751989861,0,279.839374572524,1485.735663551668,1375.0629409245253,148.81486164582378,1042.4906196132479,43.09288160935838,540.7678435274819,93.77590218615491,60,benign
21.313847055116014,201.30023453722995,1404.049816633585,839.876415018898,15.976934727259833,16.95441042447306,104.85653033825673,80,29200,79.1084966329472,65535,136.01105778991888,797.961826828835,2005.1735535336954,373.5551877500751,899.3451061910306,69.03504270962158,405.6341438688597,109.32185550441022,32,benign
2479.8097795542885,866.4764129160329,5061.518683810615,64881.8783480535,397.21107243321444,800.185425919184,933.368351578585,22,-1,104.93014333768028,29200,3407.1470369703948,492.5245766920453,10687.34021343737,173.00814040430942,313.58008182525253,10.407413278897682,3218.8350084210815,62.77033328850993,60,malicious
45.80127623930111,210.04106309382536,118.37281409092328,47.50956264272813,17.52162256261005,119.95837566830897,188.31648133935727,80,26883,78.05336921171514,14600,1586.2222691233346,1132.4654489234701,6505.552015086638,239.23022441303135,827.5550593708984,50.25191408060648,390.00297185133644,84.23967094750984,20,benign
8.744682009923208,283.17154108880163,1298.6097887009996,795.7225555252348,27.46512707886681,93.29646711855764,236.8042709581457,53,29200,112.01921713418486,0,67.04009743757558,1125.9121944969254,5126.5893560240265,274.0662447142345,1108.2719097601025,88.39020632804858,5382.286707911542,138.8944796285371,32,benign
14.2179239694412,219.75322996132843,1142.773665033799,104.85304715629553,14.259762618429058,68.39042460555653,135.43411564875944,22,29200,103.15478885692775,-1,698.8160932820662,411.4235817012527,1852.9245173783795,220.08618467379225,67.63262465622618,46.599096825108134,574.9460535106953,195.84410558030447,32,benign
37.68805706019989,505.8156816094537,1985.2232192347806,65569.24922697632,201.45849431095175,1190.745590084272,901.5710886368717,21,26883,522.8792336618162,29200,3464.2860150459283,1301.5672297500207,11238.439585478607,327.918551633937,1349.584149834598,47.33044906198578,860.7873410151595,199.68331430834758,40,malicious
452.78683539979454,1130.2144474261863,5089.061331083583,31619.979468906644,99.38610155806668,701.2153478887421,979.0025219850538,22,-1,179.13945460076494,0,4501.218305067865,722.0012455812664,9955.027764267294,342.1732104161235,1195.9341559980974,71.98200871098635,1536.9647893286387,88.51590039708137,20,malicious
104.55368553718228,911.6943476744459,4938.2670312733635,2289.3434634509126,382.5253984762105,218.7920967419072,824.4384214556289,21,26883,203.06233477291772,65535,3917.9747519522284,657.3385038361239,761.8962053218003,258.11755709962813,1142.4306758653145,87.5669391288616,922.4386482360114,84.30139380985172,20,malicious
13.693309934567296,236.3918070029695,791.7357095894946,67.88390940854956,22.774167221905852,41.92620857842135,137.3409465834224,53,-1,126.0725097622103,29200,2147.662045988467,124.71537969596349,7648.1051653526465,310.44948692232356,615.3926385970908,74.7526371579434,109.12401867204423,166.09127926825988,40,benign
33.133753216079114,214.11123305973445,541.5504125296561,837.815948468523,17.048157303356707,74.98284811613195,288.2770849077402,80,-1,128.53715473878208,29200,5358.125587170798,240.31035529281067,7848.700455277547,287.8427261351025,1386.8036758110861,5.4117962588253405,5877.954637980313,137.53862820745832,20,benign
181.45830001931589,746.412338555402,1464.8023728843073,20112.860954903637,185.13043084243847,544.1114919723847,657.1565465080357,3389,26883,394.36074990508513,29200,7601.396568384689,1282.3947091694502,15222.409356836699,74.23857882751919,261.581600288091,56.58367661134371,6239.625832933299,56.82001391767564,60,malicious
116.42752554376821,177.15965335669188,519.0067951916687,496.9770784366224,49.62723746214115,90.81946793760468,52.40717749277925,443,29200,80.26308655020631,-1,1778.8276352304613,499.12432998590924,813.5303137044958,210.61496664594347,1068.1252961996784,54.598000839434235,1193.7944496144212,42.584870574027235,32,benign
696.7129604688027,1118.7614649072686,7042.413711901783,37094.835280041116,82.52904718263576,786.6558243500027,874.7457432579131,3389,8192,302.82097910748377,0,990.173223618244,274.85592214989873,680.1785532831636,197.56117678405195,848.6371111269298,41.12145801029911,1001.7035700339513,22.64811813076561,40,malicious
31.95348604799677,287.011121304214,724.9794386911091,332.90057262547765,18.053261216240017,64.79703850042401,132.6413331608744,22,8192,21.85771519881363,0,1839.52367786731,361.05030610839594,12891.517716785665,75.50914302358527,1230.47328906699,5.102193052972337,2321.253361788274,93.27277916730355,20,benign
25.456737691023555,357.23470324687094,152.59605377663058,490.5686830639297,14.182958669776928,82.79467657417382,160.54404615281635,80,29200,134.32904487594624,29200,1894.0216851618857,382.0139202621771,727.3385190752018,61.20768583693446,65.05167620450783,33.21583619642098,202.26563117678685,33.97604905638199,20,benign
34.53190860472883,978.4173341129701,3326.451332673937,1183.7538910320195,212.85231092134964,361.0356598962625,325.28880072600293,22,65535,202.05463715099594,0,1945.1866553341326,1250.989739013359,9572.039155380424,40.16877488463469,259.83752777956505,41.75596412033329,4119.305883195219,188.88918943452967,60,malicious
138.90316373700514,1008.7806255019822,6956.830714159034,12725.729482484061,278.83133427905375,206.89742651785187,561.6121183483447,21,-1,241.42903471709644,-1,495.23927716197386,406.5490623313058,7000.286616439134,46.21571171479091,1021.2982131770908,72.9534103385498,226.6949398703824,83.37837914796675,32,malicious
879.3244239143986,899.4002321594473,3345.3665492286545,20351.08639909188,221.2926705102366,278.6965271655748,416.69844922903,3389,29200,388.25916194044436,65535,178.89518109456355,707.648083547418,2174.9744695601953,52.89526786448095,624.3317549707508,55.13686800710638,976.3798464240606,29.935787642139147,60,malicious
44.58067004459296,1025.7086005379729,3869.5438579037814,7025.7763266476495,103.0589940358293,750.6062912740539,675.0664452997983,21,65535,242.75922113616403,0,403.5215091311941,1206.1635312228539,2097.7197589905504,195.05528803478313,278.15591637994794,86.66164645147896,1238.1468396883618,61.165529631482784,60,malicious
23.4402470438209,320.18778773502424,532.4663836463019,805.8889717242329,49.13374499674795,31.56835278566643,57.96874321167501,22,29200,110.92401973792471,65535,556.0327719117926,1422.5079019227237,634.114331856558,95.73123690798641,1358.6189574529767,42.12999083372999,612.058447211833,124.54370765717184,60,benign
11.398817275129435,274.666672588622,519.2190238734478,843.5258720412263,5.601451537729482,10.721505033946334,120.85168382406945,22,29200,87.04701735129046,14600,1862.6906089629604,750.5077369914143,949.7722869965393,309.5015617334117,783.1787863017196,25.69002260689306,769.7377159157481,59.976301273902784,60,benign
5.675746224107315,196.99911147482604,819.0353646670878,969.5618316679193,37.6688489972144,12.175316551581375,164.64937515902417,22,65535,46.97152607271895,14600,1574.1555967801494,167.6445337667552,2890.0590006839207,66.04372503947356,999.7046483500873,34.219235810508465,2398.109317302886,37.914701953691626,20,benign
46.28410822228272,986.6264530097728,5527.658221128561,145225.59274459322,344.50658779816627,672.5054886203015,539.3849376824944,22,29200,502.91696716230064,14600,4369.114391513512,106.23375799179837,6468.267319524186,200.02465304579306,887.3809780924394,85.6646869865965,327.3841648041856,153.11208195646444,32,malicious
5.2047237688800365,278.9221774537281,1374.884200468744,40.62196970519889,33.72984670620228,69.3422681227782,232.50540081062815,80,8192,114.65652424618489,0,37.0011272067036,1468.623624641206,4288.593676955314,251.7455122722679,402.3258137229185,13.113768146510363,192.6569278269478,137.7403521952395,60,benign
1.3893160334805743,287.3734849512215,1369.8218929198142,1340.9102671995406,15.021932229080747,35.44031312088907,173.67165061147162,53,8192,108.01293868900008,-1,128.8548390815739,678.4062785763454,3726.050860588129,75.0216387575704,666.1845099999925,60.43417345534861,149.298926140166,165.9874375978025,60,benign
6.398468885995814,205.4396477868238,750.4837016115639,1877.2602151035424,13.001896481726666,65.54515023477475,299.4093983692436,443,26883,92.23943891313974,-1,1303.6462382515356,1227.4806784477319,2696.458873005323,87.2746598924571,642.1869240670192,95.38724891668961,3706.1303473121034,139.26158739980974,40,benign
41.196835390889476,242.49609393763168,1100.667347400347,38.34618350157529,11.835310404937566,44.775075152485094,167.32730591937388,443,65535,148.06576885215023,-1,932.1574821603592,167.30855703463385,2638.9821726477708,110.06435028619721,895.0113708152271,2.7543620341182073,366.60375514499145,146.37725823220194,32,benign
158.82464195454205,919.514513969077,6372.267396794804,35440.312772255325,205.38959540827045,457.9136613944826,941.9600322451356,21,29200,116.62316959175797,-1,1533.5225019095576,440.31762353293317,4759.320788501686,207.0904146209018,1327.3028015333614,55.036977113563815,1663.483803217943,67.87383113543908,60,malicious
694.4774779106091,440.8329121086428,6405.670300035222,23629.89440534082,137.21296921082552,238.05360414305426,742.2028205163309,8080,26883,192.9002084586279,0,3120.885631254593,246.53143619223303,785.3639809588614,119.89582662512991,1003.7569494551107,63.10735013359066,2083.5398090739213,134.21312970531437,20,malicious
34.96369926161731,252.72759336682523,1245.2285405496395,62.01976843248621,24.917033140125405,29.423056794371803,60.62183660124061,80,-1,48.730617581738656,65535,1224.5227321937537,1260.6527840294439,8063.402159503848,393.8259685938967,722.7378550562274,18.661729576374142,213.7740981237899,23.26101367949104,32,benign
8.295322803554715,292.35917230358393,1193.7425722178896,1192.1953931347152,8.167053216239784,111.54657153741658,185.72366413559442,53,8192,78.55236107484325,14600,1844.3909435514734,1169.9809615883867,839.3641968913919,261.9004876214401,1247.7711547590382,51.624760729309116,1788.8154992502568,63.001320484618894,60,benign
19.02436878458395,184.38652047149725,310.02944459590765,293.4737340065225,35.86385658964356,94.14244599485315,53.75438052377044,80,65535,32.2529805348812,14600,957.9467454956246,564.1235761010824,2045.502516027747,208.78914417865602,67.5110117244179,6.504547161058993,1933.0279060613361,139.00981178700755,60,benign
346.83729036021316,1062.860858653766,7194.817249260287,16181.837113799489,357.8977405543699,843.2017256053846,594.7326370518066,80,8192,207.5426544648621,29200,2101.3424793423364,1376.0481498547597,5079.036714114609,36.13775627482188,1173.5787740700948,19.555952186270375,570.5067147696391,138.3189216068366,60,malicious
10.588381359636674,287.86075139303966,393.64032414977845,98.29634358255706,5.5865194710701465,109.4870255068488,220.1414006222697,80,8192,42.417379345033936,0,174.42443260716044,191.1521641210788,6353.773428811912,398.1706557894306,1445.5095607256915,57.37585783451088,11955.476529373676,52.25884205681329,60,benign
7.165790772343189,243.89386611581733,821.6925705148851,147.2640954768023,34.61928327378877,102.91389776240423,183.21351892832433,53,65535,129.19851580182225,14600,253.35271526070963,1487.6738561757122,1471.2604587617257,212.74817307404078,820.5564578197044,67.26329004647282,6735.342800485415,37.992193927056874,60,benign
996.0774239734661,728.7915606369961,1899.131376927851,53269.47616637673,159.7417009186428,761.597556873063,916.4927884813821,80,8192,167.17534986248697,65535,1985.2152428425502,800.222713344764,1607.1187309912666,276.28203397548805,86.95286949239897,87.74757840157741,4560.6924275929905,86.98413342609953,60,malicious
17.95035534060705,251.74623474650713,218.56415684672086,239.32495093356982,18.695688355672416,110.17743134730459,123.46288698119369,80,65535,99.37217441869086,0,1948.0578643657177,1286.890120951204,3976.121043265002,203.73656657145477,763.0223619790777,58.696879157329654,170.6407860231382,83.06918207101882,60,benign
40.024542399610326,1279.6875082405431,3591.786195671456,19718.62678201749,191.52105005194898,387.0543257462297,332.78109954871763,8080,65535,166.73535978553974,14600,2099.6050108526,783.4782213014629,2215.6753638736927,355.42071160780364,1081.6926269640587,60.98521234243217,1335.8427568030845,173.23267363556405,32,malicious
18.748799396488145,284.7848978491524,855.7712163775516,253.5104669580145,5.026636051418335,58.894621766774854,214.3361448907529,80,29200,51.8458217720768,14600,93.95682566865425,1109.5270134947996,8226.342360286528,367.5322398755609,1332.4320467865186,43.48857949214791,547.777771796455,76.54458695436941,60,benign
621.9594505153087,753.0987836689388,3741.274112541746,29835.3879640967,200.28963009278772,589.7579086641327,865.2767067254591,80,26883,199.40027038187844,-1,1996.9718711123176,321.9399050449418,7695.169029686177,226.159412755516,1323.9177357087017,54.289707948154366,1446.2011978525768,24.807158303260277,20,malicious
320.64787488660187,1065.731300795615,3680.470713489598,10102.462627055931,374.34134676834975,697.2946162804201,806.7697281461435,8080,-1,104.53980077217558,29200,7298.410542203036,1153.5992928499074,4888.241287719044,311.9645961735646,1466.7684563488017,60.38815393650856,829.3748449892037,168.57226553900705,60,malicious
9.574060513120719,317.72336605699496,438.2633289769669,928.2137937573248,38.96942950395117,100.37022503865853,86.75566992697472,80,-1,140.4326570946884,29200,820.5993902251244,960.2457500138507,1801.7979400787613,203.57425565066225,202.65140730932973,42.9629013609813,4943.294792032237,141.31243159562314,20,benign
2054.4577468920047,1099.9704756987924,4074.4788829832546,56001.70174823922,233.99516218824994,328.3520456269266,316.1888884192331,21,-1,495.3765481095032,29200,30.076468399776733,500.53041955392143,1269.1111262785205,182.23478325251247,237.92316898704505,28.528529440025597,1819.752728717066,114.65497188541578,20,malicious
330.1478085213102,658.2055823287988,5527.099651305447,92750.43893213605,171.3654597370656,603.6013304501696,489.6463417385056,3389,-1,458.90929211033784,14600,546.2362173960113,1356.727750651206,2809.275879327063,145.97596964285583,72.0559489615689,88.1469995172367,2782.743915155769,30.943891534884944,20,malicious
112.99016062337026,302.75941406372857,1415.9112536813002,252.89233440063603,10.837715886477902,67.26267466989856,253.88406695061434,80,8192,71.09605081477046,29200,2129.4725710656253,891.0662755026785,4559.966306669925,103.18751239524543,432.0986467559961,47.28244764999526,4703.233692535933,85.46477553803328,40,benign
148.10135500008332,662.7121503547295,6158.35090747172,7130.20822333192,122.2413703492629,884.2118341068779,978.2954856249355,21,65535,547.8181378680889,14600,1216.5694929794774,1025.0207061418596,796.5702341531565,250.75004219207028,1459.841454878514,53.28564982124079,1293.5391863288817,130.66516729784675,60,malicious
1094.548841659598,1112.659946841753,4721.161446357733,654.6488832591644,94.70430532461353,465.277215105464,909.5453349229925,3389,-1,175.50159482204407,29200,3727.655566794862,934.285395870166,1678.1302505596038,205.09575736844062,1296.3686987854194,27.113342282967988,985.0075370832025,186.5274432560199,40,malicious
203.41198860111493,658.0472225566374,3113.9051464892123,8737.071710322763,184.07849676255776,342.9717387746432,527.7655343359891,3389,8192,134.47674123812155,14600,4541.982070294716,1049.9719598164465,6327.3915245814715,62.41959229925153,622.9734453422136,8.984801220591542,1050.037598738,122.87748764845307,60,malicious
212.5290355152958,943.7010438020432,5209.170908385173,13217.075396844233,232.4392620310112,208.03763007149016,693.5479270948331,22,-1,491.48670750168736,-1,928.0434115627164,1304.1018585812785,592.3967780599666,191.45084897093312,1337.4221490346715,98.80085647110081,941.4835968010851,161.2372373953392,32,malicious
491.9222178704484,856.8105141552717,2832.4676876379144,64748.51885036438,383.1180399075519,966.9196105650951,594.5648527764297,8080,8192,110.2689222224236,0,9803.3981404168,373.5854034078128,12357.335627669916,183.29090792794614,71.25129602138438,0.5861481097318655,3998.6831937427173,87.67309565985165,60,malicious
17.528446100979135,168.972143084931,704.6630483848306,25.357727884406323,30.814831495423338,60.77384601379125,279.4495734969571,80,-1,112.97554096986816,0,4260.024785985018,349.7803521389187,2943.47797360499,220.40490211272697,867.6569433186106,93.43105105178367,2927.6928661648158,169.44656310363322,32,benign
3.7249563693990195,259.89026314513393,1336.1592827738546,454.3477003102398,41.51266894275214,97.0408293380052,138.372831335127,22,26883,81.59295408388562,29200,85.33927621788852,290.75671303383683,1933.9501279101976,95.33771400383766,377.2324938463091,30.25527563492416,644.624954411758,105.83553465380612,40,benign
9.455815377491442,254.777193000624,306.3103451147148,1421.283427872851,44.982154184602784,44.908440284357575,92.71877168021047,22,29200,33.78205577720107,-1,172.6785076203306,551.6677772772696,555.0358233897139,237.66655805093637,939.7612535045743,69.57883891286681,310.2652454649699,51.02699500017677,32,benign
11.53280581919242,248.139347330357,1012.1925866396105,378.9232698255926,9.179497367998131,18.997335181030802,279.7052016895515,53,8192,77.04440504355529,-1,3609.3923046295085,550.4883769757125,4640.137426711899,38.74582913381629,1374.5879042890515,86.62953420704498,73.90213723987183,31.97979440398987,40,benign
9.579465803545165,205.53792994814617,817.6911435999566,1251.8958562028135,36.468091906354545,69.58285080867455,195.90334847100726,53,-1,112.54287056176189,14600,2666.1354756937226,1086.1783622653493,3655.7302457565106,345.9419598434084,500.705908405599,46.88102018651301,955.6696193023635,65.70064586277401,40,benign
831.2663336571085,946.8662475747138,7672.552027601056,49300.64120119455,156.1286872189191,501.3227763203464,984.7468550353677,80,65535,487.3294688407035,-1,5839.998853438065,956.5890343309476,3186.522790634316,179.60682263712692,1164.8433140685013,51.04669046868704,2482.0087626567224,31.62910089644996,32,malicious
21.570314276122623,265.3126677248761,310.3937272297256,440.2355005091101,34.94164189347301,76.50927551585552,233.71573733391665,22,65535,81.2117976562313,29200,4742.978310220295,1296.4592090726467,5731.2038100118025,258.0284121074112,683.9219871416713,98.54384574803547,4217.77891149284,39.29684583714975,60,benign
32.66031396038083,269.65160438131096,1086.7840555175476,1368.5376140997773,22.470005187889374,59.66662479855815,158.35004736852636,80,65535,63.32582658618342,0,298.8264770257151,818.3906089337993,4821.444829658483,90.13385635690597,1012.504900675164,89.47705640527259,1004.8873688848887,118.29602148472037,20,benign
23.85509303751059,170.34579258793855,219.76669348828744,971.5574211354817,20.710843721082554,54.733343642009864,185.2179297029837,80,-1,103.96125358707806,0,4634.451851587235,389.7175484716696,8370.903576225219,222.42204422968936,915.6273093553824,91.23990063459588,301.7979626941112,188.46905269819342,60,benign
474.63856635176523,787.1052521361926,7191.470235790591,13364.199946089448,247.0534352226986,373.1314915421158,499.7236908740896,8080,-1,303.5111976457089,-1,404.5783327806655,333.90986493671073,7193.132430623813,39.037844141757574,1349.2948903885151,85.31401497582637,683.3845649203939,150.8037022318462,20,malicious
33.92450795935346,226.94055115877862,304.5008779054125,2809.0465358639735,29.50753888327702,77.63003146226038,223.63973559508722,22,8192,79.32615301848122,-1,1368.5013033926816,708.6231904309346,562.0109537275648,191.52779045498517,883.3954879577997,92.47976499447317,1066.008018119294,122.76396418298239,40,benign
81.67379535331592,192.8029493705466,178.8644614448084,75.12504560598896,23.436786200595076,92.00778584966811,200.23162496196878,53,8192,50.158087500973664,14600,4359.234074937887,1209.154009546961,350.64636317338847,184.20760189789675,1326.8657263741088,61.06797901480307,580.6768834015618,199.7045907648976,20,benign
31.33987509447239,374.38583732443317,1076.9918453151668,133.59132221884212,16.033843490028943,21.264394122220104,121.86124414581727,53,29200,50.68836068351307,65535,1505.9765917105362,940.7826203141149,180.98396213673456,332.9799459023881,702.9746125324081,7.164160758622717,424.5961739083042,139.49726582944567,20,benign
10.668275328089852,264.00075825652,385.95447416932114,51.73778222387521,40.006188243681066,103.1123658484827,57.31266476697129,53,26883,76.81070141600745,65535,748.4043717685519,893.0869217462489,324.1903262673902,399.53143596120435,402.1237427750576,62.70120133623232,58.15558972634462,86.94862457284859,40,benign
70.53580253877573,749.7058240611975,1818.771606157683,13673.151347218329,304.0486371546018,842.0573539627323,681.1338088767184,22,-1,509.19830179254984,0,733.4910073946412,323.0098601638858,3751.831342087613,381.67600791943744,1131.3589935953673,63.69546390346107,676.6090765543909,66.84069909178515,20,malicious
458.6662375308652,707.1187730381519,4189.9761514569245,18380.594331844048,227.34929285714824,583.775592376415,472.3972824059705,8080,65535,433.57163133118536,29200,648.2142009670326,1250.7464802821319,44.72853437688604,189.704004116107,566.9278516431224,76.61557103472612,1439.6343433628695,163.20286050800786,40,malicious
751.8285306850156,633.2489156709846,3131.555883789496,36363.95415387387,279.8573984093644,1019.5299155113795,940.9872557817519,21,29200,466.8490392828593,29200,15.069738327524163,1184.0639065905823,6727.5225296094495,199.10360919004648,1082.431179647983,23.066470010541995,2713.4901606307367,55.903792521693546,32,malicious
13.321790541869747,218.2054357862039,647.0730106351986,1018.1479809283795,24.955017113497394,16.060043996324357,207.49557754107414,53,65535,126.79807493939177,65535,1646.7192399835944,1410.6516257979417,5186.640219994985,176.4234722500727,359.45315847259724,12.233586937779517,516.4748016353693,192.70635965409397,60,benign
106.33040720793632,673.2037869876119,1456.8881132661863,28611.71643239115,89.22438865726636,1133.5145171357435,877.8842767632632,21,26883,137.42990835744564,0,692.785865806557,195.1946145902838,2745.2413716109763,399.96298955965773,203.40174608799342,19.198418019634655,3124.054188354913,179.60772410500044,60,malicious
14.155919125115812,246.66641411263242,204.57501946525983,297.0481184755242,25.41665986740959,85.23518734641222,241.181860192715,53,26883,125.6482040887122,14600,1845.7158890956266,1184.5982368430377,156.2288923977066,365.4832099273474,616.3680717880454,62.954371727608525,933.2199975688734,66.634020403653,40,benign
31.086743554247363,286.2706350808325,1318.4980959627806,491.20640606447097,44.69419870115813,14.322345723639728,197.61648374647118,22,8192,107.35428495146478,-1,1530.7386617076984,1017.8213782204857,3693.7814018096515,341.20787478897046,937.4406737483926,25.089818027636714,2670.815137613518,108.05836737463873,32,benign
1083.8800368147022,813.5668455558324,3456.1957152675973,31996.518212894993,98.18844741882262,665.209976343899,793.6075302190219,8080,8192,372.15223902017385,-1,1957.3066816692512,1050.7658749263587,2334.4478454069344,362.22904544806806,1278.28050624523,82.81762087681156,6619.2020916501615,165.61786275201888,20,malicious
1636.1044088152855,1085.8642390104974,7811.476929669855,194.0335498609051,169.54477552914838,604.0554068714816,717.6669604165529,21,65535,387.52684932453616,14600,2011.6864298678495,1112.2416915467647,5318.034461047184,199.64104694491306,281.15684695855606,34.306579429603076,1863.54129018664,112.38378069661911,32,malicious
78.82401967397895,147.27360911963976,1254.7179295182355,624.1466315221339,28.533018388877423,55.36796260560129,84.95158807551942,53,-1,117.2511707789984,14600,1675.1358951184857,1222.1121655803754,2489.695041500671,68.64917526764317,700.8051813536413,43.89683047825375,1392.2638135599987,191.12857406447796,60,benign
140.82035581420115,803.0420362158002,7077.55433116175,26061.027638768664,214.85717507529696,1181.2966844886105,952.1023035967224,8080,-1,578.3146582548128,-1,3326.161152221638,947.0939947746049,688.5566425487709,224.5193869448321,969.7560523311307,10.542370122784284,2479.8394345843826,105.52795311085544,60,malicious
153.9258874450991,949.8971409911198,7755.098060193127,14008.799747767758,318.65014052427796,1069.7382786579221,438.94983727974477,3389,65535,530.4874456857558,14600,5438.439242320369,724.6113228830907,5325.544057696751,338.9537851718515,676.9326646804325,45.741394182494375,1051.781933450391,151.77853930809732,40,malicious
217.66363867682088,846.8821746508478,7960.255105551943,13122.726580125229,353.46143928217873,419.62441313868374,832.406681212116,21,29200,219.05834864112512,65535,693.9254874709702,991.602241546361,2001.4693848888878,20.689590689802483,572.2007214911014,46.23519739531713,3737.339700984604,150.1258358578892,20,malicious
788.1654595597964,969.8363410927107,6855.196525702719,71252.56436929392,166.41197273106368,236.2263642799756,318.4139847709254,8080,26883,375.28348807607995,65535,4885.256428331326,1431.6860760603156,4040.5025737542214,100.88288878765796,932.7957547092706,1.7706579954105517,3.9289954551264437,68.28469606861623,32,malicious
38.55596758603701,259.2911436506446,1016.4738107686483,268.4436033649324,15.198148123495372,96.24618547176061,159.89332917708958,53,-1,120.99094955274933,14600,334.1722388639805,681.6677047217786,33.513817917170506,61.09572897382147,130.89752002653165,72.56948961923253,660.7389785822152,117.39299338292338,60,benign
919.9483207624853,612.8246967477534,2141.840333306256,1134.0620560925963,163.61928381800058,637.4512007245572,811.5502273001835,3389,26883,291.35382622245754,0,6483.6905815275295,1369.9688187344161,25731.352229869393,159.61298276990942,1178.7746701193253,5.048594803351447,9205.968287401301,30.74090698584147,32,malicious
48.48926936154713,309.9189350422202,308.1282729563743,967.4337648247914,15.010097217740883,113.4393510482328,252.22684616792108,22,-1,54.4281542366368,29200,1359.2645596483746,1480.6678131225478,7160.794045331723,263.93875264036785,336.43925180969694,40.63008256378065,96.97509850414595,102.13009048924062,20,benign
160.54623451536983,1260.7916890997537,2006.816792542131,2061.2474817772195,127.56600757276271,990.1498247575267,699.0029259910516,80,29200,360.0123779759733,0,194.60877645530215,595.6264806100661,2787.859006436808,212.22421028640034,1129.8948296240421,43.88615944034093,2208.4369771576094,198.9114302721249,32,malicious
502.2708520307436,667.6288668252694,5681.724219162648,23656.353982454242,363.10360438920577,413.92450712202947,725.1939325755475,22,65535,384.04445784395557,14600,6138.4287423041515,322.7004698381378,6325.489035720058,148.79097735627127,1298.2405046157276,36.63438306726772,8783.220816973366,185.1909716446624,32,malicious
68.70484560776148,203.9287700241085,1086.8913705279099,1759.1975340855704,5.68702029828747,115.58429170878844,231.18369651222133,53,8192,149.04393390655753,14600,164.36069865380156,1030.8868762489356,750.9242181164491,372.51280526620627,974.1041509081639,39.690943556873734,19127.445574580976,169.06852715599166,40,benign
6.79653728990024,236.692226366921,876.6613162986541,497.1554408741545,28.38408617503487,98.06986737496831,232.26366835439194,443,26883,122.63968310733816,14600,3074.1152718316866,400.8224651000643,79.7216856255188,245.88681246019976,625.6559559986885,88.8396385449167,307.9246174768993,196.19064620972102,40,benign
328.30796547689863,1052.4999221404387,5133.203270179962,34717.554457020524,296.5327821758425,273.5290727899617,416.0400521229103,80,65535,293.4609885530364,65535,4948.953810656135,483.9271367833224,2412.419738145932,173.12359458757356,240.4373625390436,80.50371216713421,2377.877274277325,72.12762382800946,40,malicious
152.73470087097706,802.9199935867348,5132.583064230534,66461.08772110006,150.9382319673079,402.7709974272766,742.1178882238929,8080,65535,263.8478542776926,65535,414.8979650728159,852.1323499853615,6101.467287119351,85.46278440530112,1412.488665954884,74.77558319739566,3977.7103586949556,47.337526860882754,32,malicious
17.191419227687746,303.27995345024607,140.40800241183928,374.43455376658295,24.12119591426194,99.31148633311673,262.2963840039558,80,29200,94.0383415210194,-1,212.66908866176001,793.6808632395433,3136.7825793825673,388.7624608984327,143.90896708663743,59.67337160738848,3208.600084798242,66.41113279085667,40,benign
16.457988663991557,209.19256094109517,1124.3259470117212,102.92877143161728,34.80318174395589,54.38069743856206,167.17213068055395,53,-1,129.40447668118236,0,611.9214649216703,1057.4932173020866,1816.2939702504798,28.78680927641301,1411.5622259052977,97.32204022292812,2045.9817979195743,174.29677001786553,40,benign
202.71911669583903,592.3732226635261,6708.878032597155,16747.093166186598,205.0150912010548,700.5771130351253,357.1563311160757,21,-1,573.7684069449983,14600,7760.491080033089,1277.8074214352057,259.32128311464976,343.03220148288716,861.5158430313074,42.72751607386657,2220.0154061847297,193.22760320333524,60,malicious
831.6886879179517,560.351778018139,3520.614328772334,19234.880079821618,240.14701367569734,412.4785495926229,329.41354595881864,3389,26883,191.96537278542803,29200,2673.516780932769,1403.764075334072,1145.5098317132195,286.43229962914904,585.6415192133059,16.741014842485804,1263.534755963001,44.83186997293765,20,malicious
5.539182513722602,255.91019582673096,1491.6638497514105,1277.5589402867602,27.672259988773163,36.35306986006937,158.79246761853466,53,-1,26.597377629052268,0,3891.7170373882877,56.84875509823199,5063.711985863984,352.8058439902321,480.75347108999665,81.76252766668556,2811.3812490876508,73.1081755919752,40,benign
1201.010032408033,467.8836448075818,5712.1035900706,2879.343121792556,269.2992260242391,440.3262818008689,592.5894243116368,21,29200,398.64419535007397,0,675.703912318333,592.772999826417,4638.254184021305,275.427770598344,509.70706718276045,48.83263617687239,628.4921719291909,22.052428343788634,20,malicious
1.8613831978000843,168.78946730132907,545.7451633031293,599.616886274752,26.34646218274787,75.02176901767173,161.76257726599727,53,8192,30.19796372720348,-1,131.30255376510982,976.6530507362583,122.22527935121605,244.61395774073188,998.7601529688044,75.61867973943698,2979.5117373037588,36.8109484780192,60,benign
802.5522273449462,936.4558997718448,6626.453972167954,23554.15119765752,317.4858202547098,1138.3864710557523,949.9307041810473,22,26883,205.1899373921902,14600,1861.690948983171,1427.7355711069042,7880.910551746345,298.1106835434084,582.1826281031338,16.769878449131003,3969.428500762478,170.2796614855673,32,malicious
13.151733051670341,228.19355847769594,1117.9840039910941,134.9837347542075,41.83866780759124,67.46925339666775,91.35626674807034,80,-1,43.50552717483849,-1,0.5542726305127645,610.3213216208808,3739.3695581087145,90.76384156635558,761.3253242656028,99.48552194947872,1430.2908620931867,192.40297543830272,32,benign
91.81272964007951,267.94456259991034,251.81092893313476,425.600716355492,21.111700808069365,61.79803786335303,99.99537223541614,53,65535,34.174513163964306,29200,5881.389977130643,519.317201706404,75.65856458240908,164.16592539461107,474.1374797951636,62.451059748772565,4042.26925458798,199.37776805578454,60,benign
363.2306805673384,693.0827732873013,4256.8352413379325,3793.1119139841,316.5303037640138,1141.6369707123138,769.672325556988,3389,-1,382.3576173107198,-1,2777.00727009118,1166.6580544127967,4433.066290324129,334.43248679351285,1247.6483383471236,26.911134186380192,877.5591255000205,62.58159869082893,20,malicious
18.560060790639536,971.5910925223561,7535.144253722507,739.1762653716848,300.70668035682036,517.0598465222615,652.5188622017176,21,29200,174.4267927686438,-1,4122.713639599932,1031.320401608605,7256.750918287484,97.33697750936297,504.743953609983,87.2449226900309,102.95012038700943,27.998845918076007,40,malicious
28.885014691534888,275.89393697458235,598.0178132062598,126.3874101576582,15.938639787144902,108.47821576789278,196.49841553287004,443,26883,101.28714535812601,14600,6048.946513116695,121.55433970735066,14814.154746057182,306.48252732713087,1434.9846531764447,41.999082934535714,3270.127243734585,158.48393596308287,20,benign
3.601944464996562,228.549253441138,391.53956597735123,53.47582616899151,10.416664588107995,95.42452653543901,101.67461515036953,53,26883,58.298230818220155,0,951.8418979603804,815.4598950537202,6717.599210315551,394.5208341752247,331.57817877304177,17.24009676345153,7.982593703100834,75.87344689150848,60,benign
297.90222959373364,635.1199877572992,7172.255694451163,4287.321892488184,337.6081118318776,1076.1254295223173,810.1657733627931,3389,65535,432.52003130107363,29200,2933.8871272810006,1036.3670960720547,741.6120461833312,179.4451049770825,1402.7555648080565,58.23360610762348,2016.1829575604572,147.3215277202376,40,malicious
7.454154668025881,317.7723531444681,617.1299946706364,569.5912435404748,8.277710306377061,64.4265388643372,104.46535336293493,53,8192,122.26581341745836,65535,2179.1955645306984,290.0250623870002,1126.9291032574854,89.4945097342061,1093.6235264945071,96.95724231228363,27.601456896633117,75.96093967358237,32,benign
1121.431985969887,922.0850335888222,1973.949461455697,39590.3349560218,281.4195688882235,887.054441952646,390.9258878366815,22,65535,426.65113457621527,29200,2503.2084579031894,889.9447835893682,12714.66047450072,144.16673058502204,1489.2174481582522,68.11096817217539,990.1092445813246,167.09176963635053,40,malicious
42.62690495477383,1328.5244331246345,3415.9001681605946,2470.7050543432465,362.96836678736594,362.96928996954273,559.3658452907381,22,-1,264.9825363961253,0,2527.564173623621,129.61901627041232,2714.162188680845,42.891844230040945,776.7217466777671,72.94616058281936,81.11578670882285,164.62759355853865,40,malicious
7.919271126146834,240.9762466889636,545.7485033510538,368.07334865988946,47.402790021110654,103.83321026840045,95.34122629360074,53,65535,88.59156610544164,14600,986.5969725848104,540.2696262137463,814.9702729197691,94.13331449894166,498.48947498846167,94.70253925733648,1961.9254090661366,46.94764734631535,20,benign
23.147626620619228,243.4294686264015,559.4883579611735,66.87309968730905,24.647086611514883,58.017876949861524,99.32200711712207,80,-1,98.04150798736981,-1,1414.8448742277885,50.56427703812058,203.3588305889265,31.24220778769796,246.4196847474284,3.4494774429627006,371.76135258829925,84.05083988141457,32,benign
12.45657843947744,275.33749680207467,586.1608172743063,730.9790570191996,6.980946631727402,113.386358955796,172.1126196185889,53,8192,50.19145339839929,-1,3481.4637891602906,938.2559524989045,85.75160656679171,144.1710337592953,677.0395232703695,92.91798897794918,1243.1339964646766,182.0140390289488,20,benign
559.8046237312809,966.5087089294857,4296.357006498492,41908.34729477575,365.2510335665859,968.4140018136911,725.8044003329587,21,-1,360.6796231647959,-1,3482.51524955837,416.92172478242287,5282.329503760812,21.422583645824574,956.5315464439215,87.4393481800009,3463.8944028418323,134.8644490666724,60,malicious
153.68018930301358,1085.6258793760558,7147.107981771142,2566.3764190682546,156.51724828551636,753.548313296758,534.5622910403163,8080,26883,189.81997317867956,-1,80.49138770964578,1400.9652919662656,910.2907950469609,137.20954069276172,227.08419304388073,10.132412481305108,1944.5229289673662,111.67211095125806,40,malicious
172.88536698143636,377.12162558254147,2051.2390784368354,2461.2886041333322,163.47108634128284,786.4641216210787,825.2352809909416,8080,-1,442.3907119657451,29200,1151.2058193249782,58.004842259212865,11685.32385324416,336.02043022261006,515.2258050028047,96.99181377515687,7899.825334090072,164.6370017493913,20,malicious
1281.5398942831384,451.06613835695686,7299.346917006121,14817.908909470942,125.22460716684125,549.2193083186344,784.6655460714102,21,29200,547.9417707381972,-1,1781.900310747139,1337.4592199792178,2976.5655204573395,185.7738432430444,113.42540324020953,0.4718910602795723,2812.471974072568,120.94561386026598,20,malicious
94.50412496006176,1110.707100530531,4901.050573480217,15388.567241790863,295.0615889131757,715.4586912812312,477.38509991331273,22,8192,360.8599670325303,65535,226.26479298046246,1415.747598926572,5603.541107331466,318.282331809737,334.690235738007,61.635951403912635,1862.417142563596,89.80025565554934,40,malicious
558.7286536150851,1009.1772439189317,4864.45398599707,48972.58438249671,178.53410120311963,410.46557518574105,843.1713857555559,3389,29200,363.19521318657013,0,2071.585844114873,83.52724368210896,850.2705815666841,243.4664123343091,488.38835071089915,11.296798915303475,1023.1492442350767,93.73233804964707,60,malicious
15.34848349242048,244.18078929216722,1355.5793395557155,284.45766861777844,48.92165859644422,31.907221823876156,60.483028276695336,22,8192,53.229997755474656,14600,3710.188877727445,668.4375206829345,521.5750426337856,214.65261719055718,1298.148399286052,45.32257779511721,666.2664164572851,22.56319652811944,32,benign
215.08764469899938,504.21776957608586,7273.664333718092,19834.938927462295,286.69432523125056,926.3576284808472,486.10576555510187,21,26883,559.6705777383577,0,83.22028299110538,1360.002674203758,80.48757411404567,140.34826729785664,655.8228372384053,22.641022125227938,4162.4356551475585,59.44022124408242,20,malicious
3.2904554841887923,209.49735688362512,870.6767128369777,433.0155989585488,43.63097882245378,33.86056289254531,232.273224277301,443,-1,109.31354716556926,14600,6006.771039972768,1186.0260964081501,4487.90329486722,391.03466995615616,129.04788933444252,18.371283463366627,2727.114073824238,182.8912474174769,60,benign
3.634217740573364,286.7651768038903,314.21881771782813,340.31426479009593,16.42650712360369,55.00512581217988,256.65969669547303,53,8192,66.61733393074195,-1,7145.358795484288,146.94921142167283,638.5437382895643,109.62414183816387,443.4493200103724,93.95909964351655,903.9145522155617,141.27520898651164,60,benign
622.9534526153134,685.7430388678038,7297.661054290312,34730.51371573411,337.79800071714743,318.3520066893208,671.0165618102029,22,65535,155.3939175165699,65535,1859.0972499356935,1394.075062042156,74.36237193732933,83.59870887433144,109.19608614065623,93.13137231651237,2502.3216267242556,123.30636544445697,32,malicious
48.775859198410885,773.7572834584697,7894.929542379497,24236.21468087249,301.38799788486244,635.1868911629198,674.2134464351873,80,8192,576.3685338352506,65535,458.84159712098335,250.53831691569272,16644.25028307753,139.11096335111358,1031.6204261749228,51.44537584237909,1129.1314147797011,90.18322585347705,60,malicious
25.198562125971307,295.70791574262995,168.02784924585148,378.8787007207574,13.12265749850871,56.154451094731236,136.11577007336666,443,8192,98.12894649618492,65535,1030.9046944643374,1418.8942450237848,16536.553216648525,251.8549019938767,1186.7349492900819,14.547334399105127,3440.809166714509,72.03073019921837,32,benign
260.38226906528996,769.840676846592,5787.953366337936,18019.51247519829,152.18328233640605,1014.9143079630802,553.4754201941284,22,65535,224.58135153736927,0,493.5086202685632,1034.5096463111743,3752.0367919538016,105.951723721348,1309.7793083718552,58.46122695667514,160.07679662906813,159.94465532237817,40,malicious
93.49562049261885,1168.3830906902576,3559.362758562412,16450.364317729152,106.09566897803191,415.5986344969714,520.4791710886881,80,8192,362.10005364587084,0,4790.218122611483,244.4672019137545,183.06475211342345,212.7734623166067,343.115257300423,89.60126131449944,2325.075875422038,55.551409123509536,40,malicious
522.8142902147181,904.904854221747,3235.8893184681856,33776.674832582146,355.7430916002572,295.8164947010316,965.5527771922219,3389,-1,263.281981899284,65535,908.0473551688847,1048.2180329076684,5811.31025229117,71.52923722595534,380.1471502846296,77.42770505220379,5238.489523354592,67.28216051921824,60,malicious
1008.9412083194329,769.0996120754712,4433.98125065621,7539.175222930491,123.42172859128613,635.725751770545,548.1061119409169,8080,65535,483.0125697801707,-1,360.8134647728913,1400.6362600330262,1427.4182685422722,342.34227559556894,420.5626271692221,42.68726237410362,165.23577643553216,164.2122726396137,32,malicious
507.8168632138997,932.6095556458432,5741.1486615646645,31274.95559156402,253.80089294703123,831.222368473924,467.64732332794915,8080,29200,363.5473800547893,-1,168.15666592518087,947.6516874368966,466.7914710537734,334.07548048376174,593.2446418952155,3.319421773354314,1911.102799449525,73.00337064943031,60,malicious
3.471257751107369,264.7141384949471,337.89716487946475,593.5511372720889,36.85873411630114,85.97753678447769,146.02819116352902,80,29200,68.07966484246677,0,967.7239367166353,159.44431463925952,2635.5833065497754,336.05299909742047,551.439122900701,15.192573223213646,3261.2071720594095,54.4635457864097,60,benign
239.86770352638746,859.3063815340633,3677.079656316951,11233.234389521682,169.4970670812461,300.79744996836394,671.5479787017438,80,29200,444.987429676541,65535,928.8102967369856,362.4506207928936,6814.113861772804,176.6677085872125,1346.9791681414997,44.11561237969709,1423.281204495145,121.95051929323284,20,malicious
744.1495455456612,764.657909370574,4707.7174713679215,48859.13435358655,396.01071899338797,328.63211900322256,385.27925163310783,80,65535,405.6632170455054,-1,2065.9091469047407,752.4813448783923,2327.07933345026,233.36715205482147,709.2837621194036,96.63622471246389,2309.381215046701,170.59880610482173,32,malicious
15.785783574689123,238.81575278397685,1463.25097650488,188.9231952012576,43.5786006012204,15.327280631095517,232.46766921632639,53,-1,139.2786435999389,-1,2277.833345598928,641.8887042166504,1150.3728502014042,263.41050175965904,1023.520675311795,48.777857836209925,705.664063659333,96.5898982344807,60,benign
19.257094203088887,157.52873719879088,564.6436167475715,42.9929340823789,45.82880509026857,14.711568338181877,192.35901366917238,443,-1,52.03782133413773,29200,1418.5318344976206,762.8276653977717,21946.907234692117,274.5558554385611,594.8281983730917,97.35485136233109,405.5427470180708,165.21694512643327,32,benign
45.06634434191667,252.51033650085557,438.93520591056824,130.52707796262948,23.491824330689987,63.34248764582241,249.2891843873873,443,26883,21.489850273902146,14600,497.0749819519653,763.0769788521733,2025.8769728705693,94.37735953535567,1320.6560240007502,35.16945295720579,2684.9657786362905,83.18786860685532,60,benign
370.69654620669223,999.8547360089929,1974.0270369746636,18748.949815060296,142.1684321644622,600.2231482574939,569.134442900064,80,65535,444.6331049960218,29200,4396.600686076402,905.1220119984432,4793.869329455823,25.46586631536944,107.8875319955518,32.36720704132118,219.77967739594362,121.97512015373984,60,malicious
2.8640097100145856,262.97382390256394,935.0715660905237,291.5194745588054,28.312566573937524,71.92828410987204,297.3264710581856,80,26883,131.219656315406,14600,295.776078202245,1332.8439464485396,1996.037352411323,258.2308039569548,62.911232616737735,73.94936953044979,252.69890643758757,179.23497735167444,40,benign
7.3781359750238105,176.288409603879,1361.50166712053,3.6721204013844546,19.065077027803156,49.98740166342426,129.82801227951225,53,65535,66.50643077322806,29200,1629.5422820279016,1278.987401475356,8031.625305623246,341.37387235044804,67.73791383483967,7.058504415183631,2317.449717246213,184.3064510828105,20,benign
1.248310673861136,420.4132816567007,877.8784046703863,155.89301066658427,7.336193138903276,61.44053891020415,164.74616802712262,22,-1,146.21422162221208,29200,2157.3919960673707,977.7514757667008,819.7797596848211,183.69601017456438,772.4035961236214,20.344394765625097,4884.450261521954,106.67435543091871,40,benign
115.63739359680127,327.67796054255683,1267.9492571767817,250.0786266056389,39.72216712299091,36.93668942819298,105.48837443632074,80,26883,26.122189058641435,14600,895.9747258955705,1212.0515149169903,14677.482147654462,256.4223022923185,1239.0991071169872,72.81640476742349,2718.5361910409183,136.60204923501567,32,benign
229.48643129917662,1063.4908196820768,6398.556128898747,3678.3349071871007,220.19542502293663,817.6918241125146,706.5554428930923,80,29200,521.9585113311831,0,5437.369773151929,305.08040383356865,4871.966402738516,204.39956646950992,625.113121640828,12.323987591744745,1389.2142453871893,74.92025021484682,40,malicious
34.257796944518034,280.48728903461136,236.4020739922624,2331.974488815295,8.61988046596289,95.42493359761936,292.38761680654056,80,29200,149.49166128064903,-1,3634.710881588785,211.3869487464227,2918.3843602669795,339.10168549052287,1479.0637141862921,12.648197853523547,3574.9052297974176,126.18723834093956,32,benign
1076.2277252035278,1020.4771217048362,7495.914386430605,600.0325632354962,119.36738769195404,731.2455686115005,442.2716390152675,3389,29200,112.8363895716032,0,5808.994528295196,808.7072724029425,1030.2382980407517,213.02774569583488,564.9800754232317,21.23215721460674,4058.326959690919,30.23180664418023,40,malicious
28.64806852959958,214.394696001993,234.90010807237752,264.67823499231145,32.215683537977,96.20208532269082,65.17519174782433,443,-1,148.25879774682593,14600,2752.2999348513627,994.7386292173595,8222.86084086206,118.82008483965406,149.95881150407962,7.901210043226414,2360.634488540187,167.6470071961347,60,benign
188.28988480695583,1015.4274717997537,2860.842442060907,57229.131366176145,166.95023613600696,224.82551114367203,312.791303319241,22,65535,324.85491631334844,14600,4280.190318289637,491.93933671197516,6381.554994400904,185.5595581726371,1016.0258346302189,76.24352052775838,1684.8201714438483,194.71537593571185,32,malicious
0.6445652129580114,324.4780559571691,349.24788279619656,298.14851756163733,40.87665160400557,52.02721743405162,266.36084836694255,80,-1,66.08976726976488,14600,4115.655361830258,1390.8220505351283,5595.479529028695,289.4698584326303,682.3445590904877,54.0828418138351,190.92105003448552,25.98087189392141,20,benign
829.5137421505027,606.0661966287774,1663.0113737999452,39788.48019766229,154.46558792767593,803.1168392811607,332.1810729922623,8080,26883,236.34521035674786,65535,571.4691053240882,205.5352675035658,4041.113027533084,30.536556691439326,466.7891994369062,80.35041480839358,2247.48235200582,56.18498278195359,40,malicious
0.47635520999643977,153.00864533600213,836.896977857172,149.51047321417568,31.206748718113257,24.645128246811975,172.0840616646235,80,26883,83.11034952164752,65535,5274.654737455444,433.7011842851908,8011.03635171957,287.03801304410285,510.2815230513745,19.332140013728605,2343.9471310213025,182.72962176368145,20,benign
139.51609567124012,699.567287217687,4196.409124561509,63030.19510690665,349.2079694404,399.15686797355215,519.6370337205778,21,26883,508.4200265718299,29200,646.7802838981353,1446.9106898074417,8814.385044182558,79.20510330908334,1314.858317064809,65.05415463470496,461.0689966129616,76.75491517683786,32,malicious
81.5006567562026,711.0540748249282,7574.699851776451,4685.309959944529,289.74210276976385,1054.3718997469314,752.2200223607578,22,8192,589.2693564360586,65535,612.9868280316275,1169.187229346748,4889.093230762334,187.58195049565828,1084.871006046248,71.48040320579221,234.98855259852687,168.42308149889067,40,malicious
127.3906393878474,201.923113497752,396.6677404037336,343.38676992023585,33.3610648103839,104.75866860132888,60.84460769938092,53,-1,47.68598944125411,0,99.05504779419923,340.78158775186427,7306.570204161799,304.9232531157185,238.78810568598607,30.024153734106385,1301.7165897089856,34.5873227376707,40,benign
9.827102805759765,211.18431912283341,1462.8208732490107,51.54924725990406,39.3051405644943,99.85832218743234,148.56883663214182,53,26883,69.92326912491771,0,2946.3542556746875,584.9579052123485,2859.8454817943466,255.0474465574594,828.8841877500164,16.464661474247144,1687.3498368227288,80.28425855443916,60,benign
10.35704236329887,223.21569563271117,112.41159856965272,56.717414418638604,19.008346243204343,91.4843341050968,277.53213457182994,443,26883,79.75773372680041,14600,2326.605238326217,1103.160646783724,9518.241578908108,115.13069700182349,745.9589393307539,94.7016512369708,524.3964281422733,74.25871728070337,32,benign
4.810728801909423,174.38123349124479,206.53129672479832,1059.7658604510673,46.92491454221328,44.57848850554544,77.22648521220827,80,-1,124.03634689430068,14600,4533.188159098278,1381.0829898888906,4349.714603963104,233.94998227855965,899.3529413759163,22.211926155499494,0.004596370517849435,161.10331465326755,32,benign
7.930349434607904,240.27402527002778,1308.0312719836886,58.98354920655598,35.56855944864799,92.46488541760652,204.25850957006435,22,-1,114.59225273606988,-1,4251.907719624468,417.13017050633186,1738.700763183033,180.41449058572775,1020.7423719998417,10.227717115772883,905.989727684636,168.64246019845515,32,benign
111.85924218141518,623.9420640269789,4814.616057247229,4728.324241104026,221.72500163463852,841.6557145552013,323.27919373583023,22,-1,115.64461233291308,0,854.4214717095471,1426.5791008252215,502.48423446812455,320.84881711530255,381.0350129439946,79.90203550466684,2339.206212431275,148.9588022455775,20,malicious
232.6749425253612,1046.5199279715132,5843.641697201356,129877.3237114892,345.16348335954996,233.7011805514553,680.1742276880757,22,29200,434.9190668233079,29200,3632.476979900725,950.2137893367104,14723.318505013196,132.15493973291711,920.1108302773602,82.06983547713175,828.3987747949996,192.8407266436858,20,malicious
536.8164107655447,869.8917835449023,7247.086242100795,263.17732350984426,333.2614751317766,973.1677667409782,444.750892764363,22,29200,293.2190976416615,29200,842.5230237427392,627.5169463975299,13124.491234800564,56.45366285309214,805.3781270552362,25.198829493337595,291.15012132009093,56.555125330209684,32,malicious
57.22867894608665,219.27760477893725,1308.0147337488488,390.45032088580336,10.148007943471148,81.68764262735522,291.741446016897,22,26883,76.68879024706548,65535,1280.4692505172757,1428.115656706257,2529.3167596252224,150.6183864039383,462.24050237241147,91.62285575423172,1226.8639301454698,39.10758631166739,20,benign
287.85051284804297,972.1663638865313,4745.91147816683,9400.011953209487,192.65836310770482,596.1885411696397,622.5615876799864,80,29200,173.73852259784303,65535,2572.984967918089,1394.607473214802,5293.011715600062,378.648671705952,739.350252901836,85.36489122303219,2321.8071547517957,101.76035065112194,32,malicious
19.682753866745017,269.4106286836036,449.841505303578,1525.8910024281106,47.77894648283257,50.34936384378081,145.16986592690782,80,26883,119.8522033023101,-1,1376.8817816498815,639.4882025657984,849.3865716737477,344.6482540645994,1232.4434198987249,48.17461521851028,1085.4410533347286,132.10802692709285,40,benign
389.1448932575045,1045.8041497963034,7564.543648749846,37942.66890574196,134.13942475909283,1069.6041689498807,337.443241286005,8080,26883,180.70755669231644,29200,759.5214137774831,573.5983150892772,71.40931189515766,354.2503858181792,1078.8082981427212,42.175910570965456,470.8459823478855,116.4953723462696,32,malicious
53.128765312948275,947.3838568478999,4768.256030896375,43733.715499097205,127.94568032915979,1073.6034265812837,467.5235845248452,3389,65535,387.741486134752,65535,1794.831049523518,1472.095110852889,24217.777397144335,158.04565525915075,101.84444262635134,5.3212518517531056,1235.5182647527402,153.0071495545249,40,malicious
10.253356569763714,287.7255733305878,1340.9714640700913,792.9131921484066,23.940021738476897,26.49115688925703,57.837591014488275,443,29200,70.9158211620514,-1,3487.2278784890063,1252.187982963454,16642.76739878525,376.97904603029497,512.8131989587416,44.17827699648935,1201.4015334003934,118.35223545640993,60,benign
5.183850988190515,248.04120622995367,114.0839655284329,316.7346442698859,41.27160547267003,19.22508079394335,68.24748421860855,80,-1,69.73288611209787,-1,1745.9532147572202,715.2566680508743,2361.875610045449,31.45832109831471,199.2434463851563,57.14439034254188,3671.0630151992177,103.1627871716562,20,benign
9.240166755175872,189.93709784411004,673.2999252249706,336.06553226628085,43.388880592954,112.00187775383137,270.85711632597526,443,65535,134.08349135693464,-1,2435.02041879737,999.5825481160708,3940.373359447906,255.41775157057367,1223.4336462724807,0.5253977526538223,205.95025694266366,23.44413368432491,32,benign
847.07492652777,981.9334090893143,2885.2167826926316,75116.92515738898,273.0531491449432,241.32605453515413,523.5107335502597,8080,8192,325.99768729919793,0,2706.615206816711,502.9291526638505,613.583529518224,333.49946400558935,459.58625736850047,40.86358865996927,2820.275996133008,54.789898675680945,20,malicious
36.373199844585116,247.38874289110672,940.4937851667815,4.833221073149563,41.29123088118482,72.21499346826002,81.16113287019695,80,26883,113.77742359728923,65535,569.3704543477879,1442.120058371656,2345.872303844121,330.22929010582163,976.4430391366559,60.53334537723961,7438.117461149656,148.70243823879912,60,benign
7.847861153861418,258.4641340230359,756.7076240940431,281.14997657602265,41.73646692022596,102.0901550067226,264.44060455757085,53,8192,65.79678105452516,29200,2486.996081160644,578.0929941113827,6219.384777551527,285.0358842857401,270.4858064745921,19.14232462365305,346.5293107113368,93.63489850635756,20,benign
9.92473429976595,287.1443093767067,327.4733128112333,902.41755457091,10.12978771527683,75.78915934644277,163.53018869148286,22,26883,77.37001695768569,-1,2368.7412923901525,254.69052527947971,656.3125064065694,219.77507365823212,894.5720547503132,55.650631293644004,452.7595113900436,184.05523213700548,20,benign
3.0223278858138873,313.33946788567835,1201.9258643774976,63.38064172735616,38.31959667321948,33.919725093270166,269.3186834625974,443,65535,79.1368017898542,14600,1498.2776082413216,1314.4421714057955,3925.030875390855,170.32776979435315,770.7283394394849,52.05735477146213,993.7710494276133,79.47771355814827,60,benign
26.83499743878666,718.6091784192344,1767.7532371281832,20765.943998782786,222.69311857676195,249.50787217707898,958.1537440010984,8080,29200,534.9267063709372,14600,3463.2600198055598,901.2170530959768,11950.699735316333,177.36530949583414,126.1808354051877,6.378902877899984,5394.965086394445,41.43514616815238,32,malicious
0.2068929087771411,318.216755347012,326.7044037521416,142.44824743704035,5.355663251436081,103.91731114619054,136.65664786135812,80,29200,140.71464288497896,14600,661.8233325268177,1099.2432297869755,7719.392519267114,62.14444098940615,158.0129872869282,81.26778945766355,1062.1701728552846,150.05046321668416,20,benign
115.76807634780408,1074.9447044334174,1856.2516151881032,418.6229680892442,143.20265606990202,991.8837574639615,344.35546898110755,3389,-1,362.0613555672623,-1,37.205333365199984,1340.171413139403,1070.8817296762543,168.60231987222537,741.889162419094,51.37221704981566,519.919105003892,141.237093961387,20,malicious
16.364813267091723,238.1834190781211,1238.881802926555,1156.4567346462259,15.538511131811603,102.58483075208277,156.57731601895313,53,8192,28.97107301151367,-1,2670.029077885634,1153.2493351692399,1933.8422900392582,93.06648510389526,160.63697044141873,38.544648690856235,9187.361792140873,168.4386889142573,40,benign
252.45449592776404,621.536068311164,7540.518240319008,18100.193856215836,262.66768526225604,212.93829387235257,441.3170437846288,22,-1,393.2861327491293,65535,756.1388853909374,975.2069129117187,6273.432855147327,41.91513741244928,598.0976127568207,11.806298874226307,695.5893510401519,149.35239614421198,40,malicious
3.267522556162354,216.07386522204425,1090.7122444151732,539.3433529749502,8.138350787406502,62.658675526413994,193.11709864606397,443,65535,134.74886189571492,0,1550.7036821642037,688.0865624091457,1883.3281587997471,385.0378694081803,938.9954508273579,62.35581073812844,742.798282741688,68.99864771502848,20,benign
634.4653642602482,828.2945382095004,1899.9918884748538,10340.183974701456,359.218836480448,518.9933525514253,318.22440615533236,22,65535,559.7440141632624,65535,3334.335219696518,1234.2263990504955,3201.459481005291,392.2977922512035,595.6927306645396,58.68476660887564,4708.684671610892,194.8723242540284,60,malicious
13.526650348610012,159.65932837722065,904.7676555366363,1009.1852073097926,29.974126470861854,27.206345482395697,143.37156855297866,53,65535,76.46037692294078,29200,295.3144816077427,292.0153026488043,2190.613133409329,237.31934497787495,1042.9208765716842,70.05581364732153,534.7948440633394,129.5075735226356,40,benign
15.137159819338383,268.7013580254778,758.355059382047,549.0021767409418,25.79501565073606,21.3620956684463,116.18957199559983,53,65535,20.628957037654587,-1,3066.412775933158,1400.0604465216397,3447.55199285035,174.46707847863587,1100.5299992956877,10.994663697137474,2625.947376248863,169.09367693289374,32,benign
378.70686057078063,1256.4564577244946,7996.207872897167,11198.193112828367,92.0191316140446,1063.0109781139117,782.2985094695049,3389,29200,293.1983422833133,0,1432.3855408640068,1033.2930706896818,1268.35850052899,391.0130005108016,490.0122098371443,30.477769240519358,6745.553606511551,132.95040531095597,40,malicious
22.39424804604603,289.9277269204792,637.8726901718106,489.7768776617478,16.747733503903195,30.78434479444465,66.54686898924798,53,8192,96.53070959172898,65535,158.01733926823553,566.6051914599958,9677.208682123575,361.95281479766646,1265.9942685955757,57.296058896973854,352.86523191084825,62.870774835205395,20,benign
33.38655006856271,230.3425808588255,1374.5997204947269,331.84775669414074,44.655126123536824,108.27936903406119,215.5084502532236,80,65535,144.86980612456665,14600,3540.3918614246145,1389.3786721335239,9432.309672356489,289.9452673838839,331.7705139934732,98.85212103346367,1462.924785797144,172.65600097023307,60,benign
18.030389241714907,297.30609959798875,1197.9552729963052,472.22557115219024,13.728406855928911,91.15807871668028,99.62960709883929,443,29200,72.73890562008651,14600,3410.431583957115,1038.8515754902767,2124.5874736233204,79.66397981944762,1178.3131161316855,82.98349897339207,210.38859100371369,28.160342023357977,32,benign
423.6593384457971,791.3295057565241,1671.5320710025403,23610.157935539704,242.89244358628522,609.3143138393161,585.18611120111,80,-1,310.3089563873044,0,772.198545913957,445.90164560419015,613.5720028150732,335.67320348502716,810.1412419208958,19.93087706833574,912.2042325349779,92.30570326478816,60,malicious
57.964221957449894,189.1150987283869,490.0400420523368,903.5916021907851,48.91416262309229,63.49282819004128,233.49402328481546,80,65535,70.07638745587937,29200,1127.0484749209168,810.1725604768002,4148.028743147532,211.4083739566649,731.750176494139,35.58940760476922,994.4012263238957,100.79908914754861,32,benign
349.55098727822593,979.393598212303,3471.1181450941226,1300.4215136755427,161.44729670782854,1101.6220734606704,994.8196393298011,21,26883,161.5923460263822,14600,6120.724755061806,538.8040682913785,5246.197233602999,23.560743438265497,386.9202804941,16.18249309510007,2117.983007793569,180.20529137089235,20,malicious
9.573210137639109,245.64920180553696,386.6562415934948,432.7708668583692,23.977167613357274,105.55244648678233,238.0090631685701,53,8192,43.78382609366632,29200,4807.972533355763,722.5701661760094,464.56621977021206,198.58848220382683,1359.9916792759648,51.27908325749235,594.0703284099479,144.98657667373703,20,benign
1302.3129301615138,1068.6257877482044,5918.160409263999,17997.291080880736,292.5920304969259,839.863429243799,355.1287336140327,3389,26883,551.3615750282663,29200,1532.9916055817225,671.867775952529,1381.464593843153,230.49780986763705,534.907310307219,20.034117297702924,5949.6567288278175,28.895165512436037,32,malicious
41.08448594750884,164.1164640067502,999.2545513533369,1267.946803584257,31.01134629194023,71.19843719605419,220.22812803088172,53,8192,122.96824292395242,14600,266.6326052845681,734.0159647107621,10802.35708156477,236.90217232603854,510.13774588906426,24.12113945196168,1436.226683200184,176.73965952427736,32,benign
22.36136307411712,320.96066784311944,109.41716607859769,176.69721103071743,9.443511885454624,32.77902161086331,55.61461632696111,53,26883,113.0082932592548,14600,669.577664043037,830.7424721194328,10166.105248359736,395.44163450455045,1352.2146942714676,58.23843617669213,150.93162510182276,154.24865837102806,60,benign
13.650985268344293,226.27156293508727,901.9066869274044,40.835374550816454,9.639272170068452,22.501772532950973,86.1194219073308,443,29200,71.86728791694514,-1,152.89861647990375,132.2689655739612,1055.5978813334018,117.23079540064236,124.99591948624182,17.271371955161353,534.1369097642008,101.23655961110848,60,benign
479.5777470700582,842.716390050814,6245.09292319139,27967.848792688015,89.36493812272388,468.8739101972867,659.4577392570484,22,-1,247.5609077362704,29200,2078.6653992602955,834.2409796136257,121.38719939971449,198.2943970090832,447.79980347497076,53.16390559139654,1782.563944637952,139.66868405530494,40,malicious
13.682228744095955,147.26619775878277,616.9617180556187,147.5609891925548,40.02759488165364,76.28369727487086,183.28175693947614,53,8192,32.127609140952885,14600,4711.712590094499,657.5783509095332,136.6969200842705,268.11768966241925,1138.9549959457388,1.183664332111889,897.8618059145133,64.87870807012142,60,benign
701.1042525253182,760.7424462173533,7053.544843230346,3541.285839190239,85.08742185900971,899.2772733108366,537.2628232529541,80,65535,387.42274935896955,-1,1066.3992337701861,1301.1449434629656,20557.736573554015,239.46898867830083,923.8020791021706,55.13545231037574,470.33108730782266,32.029380503822736,32,malicious
15.076898469898426,245.8113623073914,242.2845174062869,151.12627384624201,47.60621225323752,24.988990795926114,278.47153403439074,22,8192,130.36502770093924,65535,9102.961171073566,697.8455951165924,6462.280041925552,133.28301553012315,1487.9059393151733,66.59104448729244,10574.909273505129,145.72727695317795,60,benign
15.934706150328166,251.3680585847444,228.7281049830203,786.9711677591156,27.86042497110762,63.336034926197094,236.74391016970483,443,26883,44.0478210637937,-1,647.6906003869655,938.4162548833026,786.9449885342608,301.5305029543508,1403.081008376428,3.7764449022951174,580.0751980294889,186.59437501450637,60,benign
22.369433073008974,294.1079835194588,1250.1571473335148,77.23210184301165,27.755351146512744,95.62599354588252,57.37374206691202,22,-1,140.77241761250764,14600,863.3113499934175,1456.550950550039,13.275649027225345,298.24845582219854,1322.7216341827695,14.867322275510075,1729.234824130205,36.188976228394054,32,benign
15.836766805804473,256.9947538491473,476.99066968491167,54.91373357315142,21.584214617487813,20.178606411424813,160.80209867498115,53,65535,122.94573773242865,29200,7391.619171068323,304.0669747579243,5264.435168444696,121.47688488143105,333.6126898036671,54.69279952489359,95.91170357823164,123.77071988668156,60,benign
369.3248050370568,798.5269809144575,7556.737802763397,56108.26816068656,228.06419414874227,546.233831805195,837.3250858220529,8080,29200,201.28014631450958,0,3336.787141024774,714.7969381162861,10915.090077458715,76.28560726852774,1346.7897489287845,9.456533113838983,612.7993186918782,191.837566530788,40,malicious
7.701433432240749,217.54401653726927,966.4761925849763,1516.2243979197015,22.251681773997042,17.321660638992853,265.57559577628797,80,26883,143.90662332164726,-1,3621.401472030414,313.58585458811285,373.10710408512796,202.35437573703047,1260.6886315767433,17.445237224056022,2759.8585071428106,143.33129481786932,32,benign
462.3360642529904,818.9868179153212,5307.589538207092,13711.591439199363,249.25850448995277,933.3406239167938,323.5570770633888,22,-1,194.21080326963744,14600,907.7446535450832,618.6828948244369,7687.533339861221,156.98271090744367,1463.8861731766567,89.95800093919128,2079.9763096588626,178.90987677628166,20,malicious
177.19926392736457,750.3381734927232,6796.849919106478,19129.099831896252,182.5643645385242,967.3327045966228,872.9760926568579,3389,26883,177.54869537269286,14600,2896.5192588349655,438.86818220953813,2008.7225121004622,320.9784242067645,245.369820651692,27.76484387597924,7194.0832749871815,116.49763103132007,60,malicious
779.2403671087388,954.3072487677516,1536.332876258556,64559.47461082309,392.5477616514146,378.492577292625,788.2648076630444,3389,29200,391.2523721276468,0,7280.647753344863,1157.1381497908214,1723.8924106902962,299.7478782634373,79.95237412441158,46.06353027046196,2694.468218518302,192.33777365903927,40,malicious
18.353617165085453,241.2839703347677,1297.2985964346706,165.32430720431898,24.341015346006323,28.737067345425437,120.91270224991453,22,65535,20.748007283733205,-1,1823.116539706336,635.743747713383,311.91732308061694,223.99335889607403,161.63229229263297,85.13635586641892,2060.6292842390635,195.37130014322955,32,benign
17.20913373742105,261.47498300123664,944.560698594367,161.27248657279767,30.478229725299425,101.93256084033892,84.32251316658801,53,-1,88.1228151726772,14600,3106.255419990149,92.7541664558153,2046.625386951001,164.52656754768265,1245.604379095511,68.0044645433869,506.9202759203089,63.9127851838053,32,benign
5.077876889501535,239.85078932239773,1083.1948141551306,957.5001161131853,25.989881667846433,75.94408737384458,123.41633503190926,443,-1,72.57014505259761,29200,741.0156248404826,1450.4146210269632,19705.309206981874,205.6504526493984,1028.3636561393753,3.4040961638782674,1480.9339762272155,52.62153809036438,32,benign
466.20083018968535,991.5285240695417,1479.1049787327036,41144.76035535129,153.11855224484023,464.52645857087373,697.4478322573977,21,-1,550.1207011893998,29200,1204.5357869654656,925.4459574584289,16940.85159756023,184.8864193716717,756.6927561499311,8.847058369840678,709.6444229892728,58.52115400787242,60,malicious
0.3343961545427603,284.3846103925312,394.57369667775845,676.5645917783129,16.100308531851084,56.618278597835555,112.78028625586725,443,8192,25.087773859366955,0,1471.4985643436514,63.116252943453674,3049.149623624445,154.8385161785175,1109.7585473450843,30.175012885451046,52.312059551793865,59.479246391502386,20,benign
115.64152290722038,790.3258383070443,2699.400760100346,4724.446299976791,150.09525345709073,221.84131956010228,784.0410481050416,8080,8192,573.908275097645,0,388.6989468360198,1058.2685025128005,6752.3273622416855,137.39667931469972,886.9420272910988,51.78104542216323,27.231694032937952,144.55404793632349,32,malicious
38.8421570286014,293.6431794779896,283.3854884967884,352.76011028803407,16.468024020804556,52.3269068554008,141.97196515750633,80,65535,69.61777885602632,-1,4662.580261367455,538.3719062694134,15345.72151812363,64.23653251471188,1450.5412681014025,72.78575930671633,524.3512220753041,127.2905043639055,40,benign
561.6304402944728,1054.3833782539248,3115.9037133858756,45853.64639688521,112.72795672395088,989.0494091258616,648.2200482668128,3389,-1,445.60615291278197,29200,1259.7796330487886,204.82861583901445,7391.037039657691,361.6338477271492,935.4569136755008,50.899659248368856,618.6020931920007,146.51267332289967,60,malicious
68.201991210589,272.7301466431998,607.0117260563766,9.88843483681119,11.59144240724037,30.882055634050914,209.95242709633993,443,26883,43.36158672009209,-1,5188.244561613945,206.33870138271203,4370.521322101684,26.462718856919892,386.08248439696223,58.67281765763249,1451.2520905542349,191.45238961447052,40,benign
51.22044007622441,249.50345611623442,565.9190673032044,313.10560704698094,17.79516671372661,20.395022521182753,69.02649228283296,53,65535,131.45075360267535,14600,2044.6915082922783,319.8635048522986,2978.4138477321753,394.7158221159753,135.67300700647752,97.64946029192183,2814.52210174623,26.658030488592765,60,benign
109.9093421629932,1119.914779253439,5404.990012433695,4416.533779902697,181.88900478477746,431.6392963163936,426.0179015045266,8080,29200,112.18425396970846,14600,1246.128527078354,1079.5982938441718,2055.313588498407,78.5096887124598,1278.7688301255182,17.23009047077636,689.347759707278,169.52619830684026,60,malicious
164.5899964756551,1088.6784563788556,5297.199682203384,68993.76220112968,281.8202829336666,350.12172329083086,346.3849761760859,3389,65535,354.33125531910616,-1,3716.987566636852,180.47512757279384,1156.2963522220664,284.8535300406685,580.358676572244,85.58865608185748,397.73706664042965,147.0523792631008,32,malicious
299.1894443738821,824.9259939199428,3848.178474302829,19609.24090964173,173.9900682310956,408.0028403692422,914.7868385533995,3389,65535,528.4508389048262,65535,4468.341164739709,427.7348479719601,15118.13550875788,221.463119278456,319.20657276921884,83.44819191627884,833.4615672368616,199.3479506592634,32,malicious
37.89481555498309,566.6609774400043,3672.02622366169,62878.60953676914,119.60567641212111,312.2259081301844,562.2845870626634,22,-1,200.61388607118337,65535,53.587811288835226,151.70285690078387,2822.0555540938653,378.0853552141695,610.8522734012586,36.61443976883943,6617.378949948764,128.41485312103262,40,malicious
1.23772170038722,195.0546251766986,806.9851763884483,212.27642815729305,41.98141020558367,16.957440941670367,172.79622485113896,22,65535,123.91518603694529,29200,3894.686810229602,1374.815446012224,20728.797060104134,244.5666019818356,291.1205870177087,86.7399387208316,746.8219994721238,75.90037330263513,60,benign
25.410386674567995,156.37815263953777,899.1087166098093,186.60015880198378,34.66525430656667,21.207506128304182,91.44315409478844,443,65535,75.74204650861351,29200,1027.2469901996503,255.4798281507221,7555.142843989053,85.43077620122197,784.6719824297844,60.194556420977996,92.50919510406933,164.4662968090531,40,benign
101.68475427696202,633.0228365546379,2489.460991907341,19803.724750691497,395.75471764010285,341.3750759383802,542.797527174599,22,-1,211.60173439622784,-1,738.4214397529637,879.6115425464211,8786.614594881927,247.74449308587396,625.4180994233622,55.80139745437498,2247.1077495594836,65.16247054193576,20,malicious
976.2404175321171,828.8892304234964,7980.124608651883,4923.696694588811,327.8506167626935,654.4339817282462,384.11610425875676,22,65535,270.9281676528807,29200,4636.56789547005,1319.9486883888326,11825.889820172526,103.03598149292878,565.5206552109746,19.117588226580974,2644.3338586386017,185.96875114796063,60,malicious
300.1920906617519,729.3220633801774,3495.4837534371513,15753.351392069411,274.00227744895665,663.9231867404443,348.54372903623204,22,8192,116.73543325496391,29200,832.0681727929702,592.0461103173045,11334.702546093835,204.53405056555513,373.1620413018129,19.08897230279888,6180.338197526958,169.77802429320724,20,malicious
2.4603759086916415,197.32077879140064,226.94438588698176,145.10008760259086,34.15343157428312,42.64228035066863,143.5874891720793,443,26883,37.518126067170144,65535,585.0150125180869,1125.8675081058886,12728.306567694319,316.9781719834789,682.8754977242286,37.05723105624974,782.845454721523,174.4680268426798,20,benign
8.52107746437638,229.23571093363554,417.05259435303924,2268.3178913300144,31.176526881078647,33.804459597521,159.60392178336394,443,8192,57.545383342564456,0,4670.013452778501,1471.9417117440564,6846.834376700318,44.39704987090872,128.61434279337078,32.52714377102524,307.78610179458883,154.97305606959696,60,benign
36.71829481820939,271.3697418921946,247.52238674757137,306.6238232848254,12.947663441826675,10.271271363617116,72.21411561321776,53,-1,136.69347381798138,0,2526.0887144947183,684.9690013644226,10090.877672589857,201.72356046193093,62.273437819179996,89.70876926562474,661.9298935626248,71.11248818226728,20,benign
264.3942744521837,629.910961597035,3774.705339282506,2063.99908786692,262.8049998688179,435.0709092095619,433.59763318335933,22,-1,110.13994128053591,0,2045.666734674493,117.25007824316519,6990.269335694295,23.252825970043897,1427.666684424921,4.884203750660376,491.4602407903476,58.03717366173594,60,malicious
17.191248156434792,243.6685566264449,1125.0757995633878,722.7468200467265,45.202223078418754,11.055515294759038,115.92696098880695,443,8192,64.33733387384984,65535,646.9504118305063,901.2153027232873,945.3313028684602,374.86800615441564,1333.1979809452705,31.3523363094832,215.96321758785902,30.856540251463922,60,benign
86.84059295297567,1098.1506713448164,1476.3443031020013,8444.070526299018,164.52511224754915,347.5908522252469,692.3480352582197,3389,-1,220.181998450009,0,460.6912029031376,1224.6498318377141,7340.1779575584305,205.2341601646557,1366.3004384086503,35.1957396001888,629.1452869246511,159.57188105909492,32,malicious
9.80451814362017,302.79282998050206,827.9942538461148,314.8768041487044,46.52084083106843,95.08623862803462,111.85624914844895,22,26883,139.18116357759354,14600,1000.7143066549107,232.74921335340647,12061.440666463737,363.8564925081805,948.5285933017815,27.68456656218635,194.55213934215112,73.80386833685468,40,benign
683.9384679050254,948.9900155865039,3572.4524459976083,10474.51421387444,240.03177241319617,881.6352320973756,873.8774875113548,21,8192,367.20793251750257,0,2556.5955184192653,797.6690809152982,39.87334613439454,32.00872971236704,1224.393539730856,1.3184561551048635,3581.8010416299408,121.31400913033261,60,malicious
1.6811772526278466,213.39840119526542,1313.453982728857,10.215317805012507,16.296257025922905,57.562989994828804,68.76550997952708,22,8192,61.80574277485611,14600,507.2583800130354,1154.1792645757082,748.1700263731828,175.90668917246785,1030.8917762324372,48.60822468435138,572.2352779845218,32.13397331627361,20,benign
955.8344946738911,491.49620281974916,5267.1300720127365,17539.2136109127,183.85623210930487,857.0406679241975,871.6670875623482,80,8192,368.1517395821905,0,1747.0488732161004,1160.5168804848513,6669.317817377477,267.9488610859605,97.36770716431305,30.696068109450014,35.40358842989582,96.0879386189346,20,malicious
208.89874330984378,995.1661809310621,6631.711715336913,12289.598887579963,386.84541336910394,849.2568541952978,484.83870510391966,21,8192,555.8618069676921,0,1928.2936220240472,1122.0023546239065,887.4927411408323,112.49893082375728,256.00761487838724,53.54331335285455,41.97310255855174,71.45623887003892,40,malicious
66.88423361882838,301.31604086343884,1231.3531229300652,770.8398347929667,8.729285004922302,91.80262495124732,297.97785707754906,53,26883,62.9815345960114,0,2850.6867142935484,1154.4990345037625,321.1073799567386,112.81250249802771,556.5089708933648,55.86396704921487,2270.2438211791673,163.81847201248866,40,benign
323.56840501616466,672.6368382837393,4666.845705381664,1864.269060996861,224.7075887411478,900.7818490507391,559.6777468554195,8080,65535,576.2547086335189,29200,1997.7981476481873,803.5810921504129,462.2924389281835,379.0625320488934,213.54620127065178,79.92949990936322,1869.252702254985,65.84447659927204,32,malicious
50.10194962423887,768.6451972513979,4611.030782608055,36487.53166366729,397.90446137578033,531.8611352535863,653.3664616665461,21,8192,281.9113493177152,0,187.61237958448075,1238.020864089152,5154.273203765213,252.47041335509994,73.83875124945023,19.742997747946877,1540.0585690159353,47.76373824995709,60,malicious
286.75499063767205,1192.689461586951,4961.884225820433,130523.47794236199,278.9791585230575,840.3645980026216,461.11818152005674,22,8192,417.03324614166536,65535,7835.929461315038,916.7323113103823,4548.02614024889,177.5349535642234,1451.2491318295151,74.79937428359335,520.1134036191551,168.27325344445964,60,malicious
2.0875555532149894,230.91777924703644,1242.943779362816,928.611560756367,48.550378837381,34.28128143019034,70.77065299052248,80,65535,121.42799765913176,29200,3860.577629843728,1432.2553694431142,9268.555609561186,267.3625136169361,505.2942657529248,19.474627969796188,3436.039236679589,180.47200906790437,60,benign
49.12287358769612,740.3335476648023,7239.6202676029525,2422.546846603743,305.1293878878377,654.2448177953598,686.5828449078107,80,26883,279.3703803496078,14600,851.176810956379,474.87159684758984,1858.1540567743318,137.13435094364476,287.6724120677428,57.219501482345045,3198.729862973477,131.66502426311217,40,malicious
539.7239928702725,983.2929334749506,3924.705171014773,42656.064052694615,140.1868826081213,820.5251487410419,650.8698677913211,21,8192,452.8343382869782,-1,535.2263820540503,1263.800518644519,6858.095389328328,391.85587476335866,223.29510469543771,21.91511426764835,2181.177034439268,61.35025387506384,40,malicious
978.1936625165472,770.6704361389689,5617.33902570985,9492.550729380097,306.8214654372367,1118.4556726843882,304.0874086811184,80,-1,595.9476154275783,29200,1080.2856383620588,937.7092166419228,1139.4216659040214,163.6864995518181,97.38664188380376,36.17588632680668,783.4320908399122,197.81642198644354,40,malicious
140.21267731334817,962.7025872319101,5819.9103665086905,11093.466772215754,158.42167307758433,586.8431080764844,594.5547502725924,22,29200,244.79764370508076,65535,776.3901006881418,1154.3145349724587,3189.13031866341,85.49450643443528,378.2709220245948,90.23492182411614,2711.7346557968303,104.23796835480518,32,malicious
1.536953437576039,277.4169319184279,421.16569559605045,551.2756539798042,20.700678438827673,29.433392620343362,162.4789683973667,443,8192,52.6635242272567,14600,2771.007593124376,674.548101296594,4312.246685254138,219.070425824497,1148.6014600885344,23.25919657703257,282.03330086941753,174.00841410567966,40,benign
27.840330753149026,279.4408974509001,187.21227139304392,1064.7108446753357,22.667469925185284,61.132829962756894,207.96238354563584,22,8192,69.19765110609094,0,3550.5258353724134,1080.8253401106397,718.5191400084094,353.78806950960205,1110.660755785422,83.33596340883302,470.7198358316077,114.99889252410465,60,benign
8.237999260403054,280.34292194346864,1143.7580077125729,31.50196151031339,10.24300556555767,65.32773049582384,208.65176040431166,443,65535,140.08946130587594,14600,457.4272382171432,1167.9370956080918,8343.533445547757,149.69563277304533,685.6812667688573,20.993466027526296,283.8615106343787,68.16637612968837,32,benign
4.9429243673995185,292.57564568563726,756.2184715187899,6.6951354781373364,6.699804462209826,119.76631316694356,165.3259038930881,53,65535,74.92337522969248,0,3999.0848538805535,1021.8409767797692,22929.536951692648,295.66331560731743,1062.7218181307016,29.24914692335806,110.42163463357313,162.02646289240178,40,benign
17.11555337750771,241.41058752639148,491.3832519161327,699.8887144767365,41.392204320922026,118.35956023978339,101.05975533769688,443,29200,52.92093912974248,14600,647.0824368411751,966.5791912462504,11689.901342251658,69.59115657112561,280.7242596348051,89.7441381017103,9269.907334490279,162.25228230174332,40,benign
28.813139913645145,251.27542815246642,387.1736633370733,189.43348340116174,15.68720540382872,100.8615035080681,272.25095421312506,80,29200,30.90989852067308,0,1722.7965480818696,1280.8138209903743,6309.061091613145,190.58259685145768,691.7891084445451,78.07326680399875,3512.0665997978917,158.27243077898177,40,benign
3.1298889521027218,218.79645139859625,796.1311171092019,153.36274896706112,11.324278983452388,113.10950412513907,74.35751805545333,53,-1,85.85701976369323,14600,673.0865264866445,1411.676073471877,704.2882226220885,67.43836964765343,1049.916125556505,9.498401954321011,938.8414513557908,191.63803647693612,20,benign
76.53429157629463,949.1029671492154,3879.3273275377587,22998.745032071703,257.93243439133994,491.01410376721424,976.2595462509355,21,26883,125.9867191256778,14600,443.0365374604416,1350.9684561942797,12362.656519727807,129.65054712394482,497.77974591616214,25.209590389242386,2432.1628907131817,67.68705339625123,60,malicious
25.34190583107371,209.02853725242124,472.9073906163806,432.7865247996819,24.615653303702455,61.992485301302295,247.43307667037567,443,-1,116.0633955069775,-1,2176.546525683871,170.06603298989282,202.31756356065645,253.3543738727711,1106.6075058651597,74.51704497608362,1554.382573748549,22.26560886457113,60,benign
189.13312133680162,977.6676925410201,4671.3143933737065,22922.69225517296,102.49752570240062,659.5091294527626,899.6234629151937,80,65535,234.9167721578129,14600,388.6416799795764,875.0339922336414,2909.7569976311383,96.92668656785997,1257.5106110525428,38.86166918960047,496.05172259264936,194.33805177609827,20,malicious
3.231979111082035,226.54979389211388,439.89039077282223,537.7150432507271,6.219103639776224,99.56018518291563,120.25784647135761,22,29200,97.14078594243122,29200,5888.008542520253,206.61248754039642,1193.4821671109362,198.26760817263482,991.6249043262255,81.74184883270922,1780.917610428257,56.82437553110992,40,benign
761.8779342132432,852.3642717720314,6172.230523733655,1158.7794479589743,200.13252212227343,997.3577863113499,921.3905861084345,80,-1,113.87135065540451,-1,611.8412914503755,993.0789140431083,16221.12927287202,290.3738764571355,996.2958253968714,15.325885556719465,1998.1983438186958,167.11535225988902,20,malicious
83.82186348079706,240.6397035218468,190.51925966673906,312.7163437889157,45.21913798546039,55.43548586999171,248.58505280778556,443,8192,80.38175404154421,29200,4888.399556920277,304.2665202693727,3521.0005854814267,66.93114858950398,1154.2691630051936,55.10467635196866,1217.1897125213943,32.2553702441101,20,benign
456.397358948027,751.8809526742496,4262.019092592418,37342.14203086902,292.3734661051848,273.3605651632067,839.5969490085807,80,29200,129.21422399474505,29200,206.94585587272874,997.3193862118651,1623.454517413904,44.2259780510653,1467.8398277747337,39.97214802140535,2983.4490866923993,177.53642926032202,20,malicious
4.436467241617362,203.72642673075353,1418.2624909162664,874.7161120549391,38.25851447119486,110.58896759058945,125.09820326615998,443,8192,79.91309710248159,65535,1056.8544049664872,1357.5938018743936,528.7593813385248,176.04116949056882,219.22073639717286,25.167590031220467,365.4507060779838,198.9676142109613,20,benign
6.527957227851799,187.13802581766973,1352.215958703515,511.42209833381634,38.14011873992467,46.766455817028614,257.67709799906504,22,65535,147.74052541902972,29200,1219.871401165426,715.4445050235284,2459.553554043941,140.47376471392874,457.13731829636026,2.04042727737368,2788.5877122784914,101.33429121891066,32,benign
25.3926015418454,125.86943614574184,849.0837601526653,1018.7996889099043,20.338489179915186,109.96189960108872,89.5924132201441,53,29200,73.02882149133487,65535,2098.0983737265624,1439.2939695116545,5276.81223465501,346.21879532012593,1415.6450871792495,5.460283380515307,22.148044936943965,167.49834962498198,60,benign
11.495101777530177,234.8913013591769,419.4996956782934,516.9231117939631,38.37087737568481,106.74001891822097,277.1322354444518,53,8192,34.485317950765705,65535,5200.047180935074,836.0218231691715,6939.742837251373,358.80497042606646,231.47540157268546,16.272138734116336,1474.1799753458633,50.0402952648887,20,benign
27.52134012146925,223.59735483830596,960.727008538735,51.76541576491508,13.221298078228365,97.42728680126768,220.0127559401047,53,65535,46.451737941371746,29200,3622.855389461914,1033.758531540412,11680.338376974627,43.90631621533088,229.14356453351076,88.08431640616034,2400.551156819427,187.08237431703338,40,benign
40.89162596219942,165.6410022560667,1393.1062635503588,62.23097014262846,25.56375372847772,101.35150487176406,62.279146735770546,443,29200,103.82429247268104,14600,500.7861155889277,1385.0168872806962,16194.222892205558,125.85794457957718,1125.093050141112,33.10031834324847,2797.3981884490236,120.86101222863498,20,benign
2.291580974315722,157.7926564351057,1303.7865469192182,101.1651392124641,11.284252502800774,50.80102065088815,289.5054281006418,443,-1,21.660000366424626,0,4339.459010583566,1042.7070568947847,879.3869922231795,131.12125456689847,1329.6581547540509,24.01063956208881,44.43856027390847,198.03449476651588,60,benign
79.12503501779867,986.0423206657126,5754.995755429832,28744.270686528365,150.1051255323513,846.0674217084036,716.4882114244798,3389,-1,128.57743698969355,-1,1309.8300412528422,298.59956545252777,1138.6086779380166,258.61548983439593,273.37921935304735,97.43477859539132,4807.043059741549,116.80279062437684,40,malicious
19.50796458144264,233.95007269080733,400.9993599516791,195.291521891172,16.214548759160664,113.79005571638132,226.19113263991315,443,65535,26.577763226970326,29200,84.11838928727325,159.73553133809125,10874.566530458944,69.27630329676309,464.0805736099081,63.07060297037128,769.3795652207525,115.71268283462112,32,benign
653.6648589850734,1170.7824461549635,4127.359255759022,16138.194680150045,138.27834462972166,1088.3299740970467,567.0181363555153,80,65535,227.79464971242453,-1,3468.957233531762,550.8325218873786,4735.764589129352,235.52418400069007,553.0904493391865,89.47122748322832,243.82518933842692,113.77254563338097,60,malicious
220.26709484481034,957.4009730413602,7723.103462750382,1915.6442654702535,154.5526904902937,1036.1452942144342,447.5403579277914,3389,8192,116.95910943523671,-1,87.67003531696112,714.8006693065748,2206.6740016711465,105.43820073988755,368.09841927025275,82.20618877091407,5652.507863181855,147.70377207615175,20,malicious
464.59721258547455,432.5735838633359,7387.517310802707,19920.48789972882,202.19419417422955,407.12719599496165,438.7228690688565,3389,8192,242.49199702186516,65535,1144.6451363860867,344.82938288102906,1620.6470654346072,119.80396792504213,1148.4272066603219,52.17492577056589,42.16105207860003,34.63933246260623,60,malicious
623.068816708257,870.8523851249569,3254.596999120956,20751.52343058644,302.4310990172121,801.5085028604149,694.4450607231391,80,65535,421.1932852741619,0,553.5367174819744,334.6655875771276,1086.682892098572,333.29557835383685,660.5681773431963,61.06497826597783,1777.3745225662713,179.45032645200178,20,malicious
6.65689606440092,225.08834067591243,863.1219165101502,1051.2650127966108,42.34689280080417,106.96672179939308,87.54388915671939,22,26883,143.67175276201618,29200,3020.4222107904197,587.8398663015998,5624.414930633462,153.37600489511794,1454.0445156049832,43.19720833605323,898.4713880079958,85.83183699917305,40,benign
5.382231928277335,317.18839247925064,1200.919111945178,664.0818917942754,15.111044123889824,111.89410781983712,126.77435229606131,22,65535,64.55964489234492,14600,612.8383053014268,1386.557215940872,1358.881565737593,257.55673046119233,822.369142715683,83.29046018718896,1493.872131780521,46.06351845770557,40,benign
7.046223364029749,248.89092970280714,463.7721520737084,774.8681695177628,21.55956342502966,88.64650339731168,70.56901468039693,80,8192,83.99511185860095,65535,964.0459248533662,845.3974658499335,6781.132715613087,395.8288193402508,1033.790280143402,50.097980992827786,5384.800331622574,86.71871603889254,40,benign
9.310942813842106,317.6454312939406,1272.931176860002,110.22758813894889,44.730389058064375,45.31617448497574,84.38255606707635,53,-1,30.8324380983883,0,4264.017781913226,414.57996708410735,2519.2392291853384,370.81862190882646,698.0275242448813,94.48885560295808,521.9389083548847,30.376656704079206,20,benign
454.2925797233142,904.2268490368075,1839.0411902271617,77395.30146055578,140.19363904108678,1139.8344964900234,454.42587890170796,22,65535,450.59635749899377,-1,71.59148993523362,1014.9202011695197,16300.869369657672,191.9758400965339,303.27531856851846,65.06244434921136,2217.2457356823916,121.21296422776233,40,malicious
73.82785776401408,232.43452148772732,313.00165737811267,580.5822525727492,32.92173143525495,70.05938316885238,137.6217732870856,22,29200,79.49504318666126,29200,707.3187243299328,440.5529994014228,3133.82500396989,120.98578741880101,1069.7019636967698,96.2286279730313,607.9902416689549,137.56013333425062,20,benign
64.60940684772747,943.0951709939702,3349.893660423182,10019.012858008617,297.85143419363914,757.002818381914,302.8644416709818,8080,-1,344.2526406079014,0,921.4541889755719,276.884378931946,14213.713334952112,106.36373636620117,70.01156250436449,97.93000985926186,66.99986979803809,181.13317091350248,32,malicious
176.55895994819545,752.668728995841,2502.2976561662304,44617.73784887102,108.80109246931877,924.8334448226824,825.0145960620902,3389,65535,338.77884354495575,65535,793.2182295065993,173.64501357836076,1858.7469946718984,262.4273157694564,257.6984599050246,25.877693410450618,1692.6667470060133,119.01421525466027,20,malicious
1.682496588298625,260.9120055254438,598.1077331729814,1071.3923353304376,23.20553977280836,62.46097870205495,269.49351170428054,80,65535,69.75556968242084,29200,4429.380034778928,1016.2646772533373,1270.236893185307,178.9101249787694,1158.8570339721934,21.403743440211052,559.7969206638761,148.10733946473377,20,benign
661.3853777179513,598.1086630524053,5754.27633523068,19158.29807879079,240.01952253403059,698.8643942575343,452.10772584584777,21,29200,258.01709445434017,-1,5907.525748419888,987.4852895893164,9822.895943246598,203.8636393040967,412.3282112217415,0.7088933822224641,572.7433389299423,90.47053293932704,40,malicious
248.31629695091402,868.686855932679,3612.7088684828877,8485.61626182608,162.17718531732106,647.1783889466723,381.6605512390191,80,29200,255.56955751445906,29200,1580.01952435573,1130.8318721054095,1355.5628336725858,318.61377237247734,1322.0927357379917,81.19104819128897,2138.7793103747304,105.14082636190336,40,malicious
30.384964080032923,261.631156950306,183.98975568021007,203.548575551984,40.14935209674351,62.2314858977793,256.1960930515804,22,-1,104.4841696107362,0,2092.653484102002,140.22637542663915,993.7401863619931,324.07907536068615,1415.8085352384844,57.1706712883007,642.9617685043485,88.90029440752734,32,benign
1362.0204594721856,1232.4563778320187,7582.009196353859,12535.798009974447,289.1114356610751,1155.9793437795247,347.0412052028906,8080,65535,159.6494468506713,-1,7565.374464467299,777.40479883465,2315.294253759454,269.55381664405206,926.344418676022,50.21360617268399,239.25153333463868,76.98224394614223,20,malicious
536.3895380532626,838.9213870829442,5260.735748947744,34784.59371260075,161.6333596825745,1106.5630508962854,781.9196172318186,8080,65535,433.6907713982198,0,4652.957224430416,130.16328305666804,1927.4959634370136,183.0759617794763,233.25800782037817,53.01453503272238,23.54764255810925,85.16741335862723,32,malicious
20.918550418561004,220.18337056892958,326.69917074185605,947.3712238868621,31.535320802533324,40.655019441610605,97.50884067218325,443,8192,116.88832840302723,65535,3133.762611249237,297.924533398154,3890.948622285104,232.93536888350798,921.9910272768487,8.803641092615443,1859.2498109155808,127.99642515310772,32,benign
4.760457561568408,192.204254419501,982.071551099797,107.4977953715197,46.14530039504911,43.66685455871338,107.21605805297203,80,8192,94.53839253877806,14600,1128.5505105560453,885.4438245203584,2334.340875230371,220.32688382144352,870.493370245403,55.646741825763534,1489.7837215734965,123.76782874422375,20,benign
12.340569091658926,290.5348279338156,170.99964230556157,405.1832815204612,36.004840487828574,28.426288576111343,240.68070727414684,22,65535,82.18226035143186,65535,1043.801947588217,1357.1879199553848,5159.359541065456,314.1528068171304,714.089304716448,80.54560747526195,436.4922108793966,72.6021123151418,60,benign
15.67735230273045,221.33783674297814,914.6182143698558,586.6770278188054,49.90940077927023,59.935582856281506,157.83225240554174,443,-1,135.06168334940176,65535,4497.1179460810845,346.9026082066208,10762.150358390103,73.08531416641162,908.3762308135366,57.763457651969944,3196.571758298555,81.96127197691249,32,benign
0.7522592966212329,253.00278351871378,167.9623132176182,2068.367498949628,28.410641262363807,117.71560446276347,75.09896531015032,443,26883,54.88614069299936,-1,748.3277702939625,1484.3374726193456,2059.3831838621586,160.45719907112803,493.48397558174815,9.695809175619008,850.9133739359967,103.32169897529693,20,benign
461.65831941122156,592.3241364023663,3507.8092320299224,4971.715171570372,397.9534860252191,356.1931597206655,461.0575622765499,21,-1,506.0713869467241,14600,2293.448267628288,1047.7458340851533,614.2559122624394,315.00840526560575,155.9323341913941,2.5577595997188785,404.01801325873095,39.5633135340634,32,malicious
1256.18672079938,1137.6814286625388,1692.1972843770766,3459.558116447506,190.14907445610004,410.84506363862295,745.4628518930709,80,-1,556.1041045646925,65535,5293.30158389029,1314.9823153099276,860.9380639219913,231.34164403430037,852.6331443040311,4.638515118853171,7255.280067159809,100.79274252974346,40,malicious
3.568208378508194,959.2766135972986,4887.769869207346,35669.64570595374,213.1198775090979,452.05429953040493,561.9896294497728,8080,65535,258.495507563009,65535,1696.8554189986692,1039.8191543228659,48.1089194106979,74.00467639617365,1019.5563024380432,16.40709751320516,809.1177297438996,184.8639941659799,60,malicious
12.0043886946567,1057.7661838642043,1668.2585321078477,49410.75291700749,83.76045165702902,1135.2564605396087,315.82798918442677,21,29200,457.5194086205947,-1,1577.7835153001429,1223.4907944205686,547.0627621204876,44.24695550475503,764.5157932950814,94.44804308551419,1992.1260894749337,105.75628925280436,40,malicious
12.834135245210716,210.57499985593225,101.21941658523438,570.9390500228126,14.447244291968287,39.60557254428356,184.33989387681362,22,65535,115.531352315243,14600,1937.1014493425967,224.09162932216904,7570.883269772348,277.60675803132335,583.5410381779817,72.562829223842,1859.6339111760442,179.44296750749342,40,benign
18.3877770429897,265.99955467028514,554.8435651247848,430.6044770532557,7.882972451343291,72.33251045830357,202.6003842575486,80,65535,20.231843716319975,29200,1330.4358612250508,941.5744865724289,10743.157583360364,76.92911149806255,1023.7606704655022,9.769990110488013,2933.067353193118,116.57268269082142,32,benign
633.330156111976,711.6133295828919,7221.9366512349125,16134.012248500128,113.63363016720083,613.0596071112992,898.0634084869142,8080,8192,238.60209585201068,14600,2123.1237750610344,552.3309527658269,4818.101439554623,314.79369349749635,815.2068879798503,4.091113680696279,2174.934780435382,29.71419552237304,60,malicious
7.092334330093334,283.03006051624317,773.784890916485,622.1836805748363,6.412634275597137,23.767826277954427,51.544577918382664,443,-1,134.9422229997661,-1,1385.3553219605408,734.8977004972916,5767.678960299329,234.50198876505883,1445.3183536044173,78.15485116528824,7.6864293170160645,114.60363802838773,32,benign
605.9102129926456,703.2540857009828,6152.364928307568,46889.075176475446,361.2844080013904,1038.8551202094536,803.9245198978343,22,29200,458.9421848987262,29200,474.47024327181487,1356.7738758473063,3986.800692805144,56.69888180853824,288.7831415390478,36.3029828320633,915.8349906347227,112.32445570125506,40,malicious
14.691801754350235,274.3380348282472,1301.8351971931831,1317.3626350412947,40.557948676116844,92.26692093090848,194.96961970935925,53,-1,38.625003176849866,29200,769.4892977028447,672.8522223255192,11660.308712673093,314.08024781601546,698.0490495755026,98.15116199602548,1943.271319055576,38.203739681351955,20,benign
11.18822155669841,243.42513460892954,746.6826290644054,1129.6011039246046,5.9397433220968505,93.85754348802693,65.1545823237054,443,26883,81.3102664305755,29200,1698.2869610380844,918.3866168317542,3122.873412329942,96.14586004528253,849.4621873762617,77.11386993735658,5117.356419551379,129.7465730693632,20,benign
174.50221524089622,859.1449436029167,5663.405323574871,3458.7436808907814,292.4305975948149,320.0943380704617,994.6064813090376,21,26883,265.59907252319874,29200,376.63867770020795,1285.8305168946174,1966.5600798641271,124.22217444177986,860.4473596276327,43.11948160697524,1044.1141193173612,44.39505136440346,40,malicious
54.97952650857367,243.94065741898214,402.8446189150284,275.31373803316995,31.467596286634542,53.186687948201765,147.31715019309053,80,26883,33.7831323278554,65535,2610.8818101150596,363.26332473801534,384.28892657697463,375.7058698614864,1096.6010783903223,2.374654272211818,1195.7063326306932,153.20825962824483,40,benign
64.51713215720181,262.58744979224593,484.0867545593084,62.09384026873917,15.74956106477931,117.6792623728562,190.50384320802826,80,29200,130.3959673862424,65535,144.4667927055029,1025.2453269731145,5751.197122588767,66.60233364608428,575.2334820356708,16.85965084638611,6856.740262452735,87.86373430980436,60,benign
104.51938935327144,1062.5156317491947,2500.120502868,21103.475991666735,393.6342277139346,561.2397888030954,734.538029694234,3389,29200,534.8978843256161,65535,270.4858747300728,522.9197603707171,10016.242818822033,181.5376655151898,697.5581027635324,77.31875672935419,3555.608998775511,67.63601899496811,60,malicious
161.73873780319246,1213.3170408669232,1922.8763935920342,26586.06358336792,258.73469582582334,602.8071393885675,516.5930184702911,8080,26883,301.5131542567828,65535,916.2280667078531,576.5127974078363,3501.343611498548,174.24818885282102,1327.5932950819324,74.09296567683754,2599.3260002032575,141.87709562990887,32,malicious
41.424031033361246,195.6323683235114,987.0311086395851,1364.8673593673302,18.306272458181006,93.30917439425122,93.85605337310783,22,8192,69.9896638800931,0,143.4691650687322,118.94170928021082,14989.331000196631,201.70937372433406,702.9822819778934,22.904587670708487,5263.578955393832,145.2460425197221,32,benign
51.123962931015356,1001.5596456952549,6592.455164077845,44326.008476269824,175.4470463467644,1190.6417414725936,922.4651621398083,22,8192,493.5913174285653,-1,1213.5728455924957,635.4630951476529,2700.1782328535633,100.58064854364765,1255.2190464309335,38.90602076037699,1887.9655509467937,25.21067600504456,40,malicious
31.54210011298747,224.84289812192011,762.4244118180777,32.112366664592926,30.376476807652438,98.32469927443715,275.32261488319625,22,65535,144.76089138822465,-1,1554.3171145162241,1285.2814476283982,2524.1660826782695,112.7103515074538,350.14745286041114,45.37676689652588,3610.4103518024244,88.19777824258573,60,benign
10.88477597277999,235.7458017414714,1047.3386587728585,149.38069933688857,37.77439379795118,74.74214040039325,275.7967280784287,22,29200,99.87779702972652,65535,1896.5236952530788,534.8695520369836,344.3900971913446,366.47617259156476,862.2436810279357,39.650110120178525,878.4743515858012,56.059477767377416,40,benign
16.66567483870117,257.58833546575016,227.87378104213997,287.8996889090286,22.66164312134731,43.2360359151434,258.13928284996723,80,8192,52.960691767412214,-1,1166.095133845658,1460.4364681231634,3099.976406563185,155.51277143340505,1006.8966074418519,22.058044153535207,293.32409621189976,106.42512727810566,20,benign
95.97990110383591,861.291746543867,3292.229264544454,8484.10557271145,199.1925233698039,267.5488954804393,696.2188712977206,3389,65535,301.1047611465913,0,4446.733632229566,633.6748076465719,1880.681036026703,194.17774496511674,377.1477025276745,7.784419001278198,2154.4249831496613,148.80568453138832,32,malicious
62.24699313442114,985.0845393803743,5776.480078614273,3951.7110210394853,108.09120590538075,887.1419319501392,889.8121978545622,21,65535,247.87517619359681,14600,2401.9899154876716,408.6411552741943,2630.0924696442767,25.52266917994468,503.6060111647878,99.46519448785305,1303.8964027450336,112.0561207430738,32,malicious
101.21356506173878,695.3706411099707,1813.1514987314902,30413.78671241895,95.7293577710185,886.6303714045204,531.8159398927987,3389,-1,227.64652080054861,29200,858.9052942965623,1492.0235874982775,369.46118539144817,88.74666192472371,1272.4019277656992,36.98325202771249,3126.0946395473734,26.83050186412362,40,malicious
31.409409978149256,168.4784144013434,931.4052482671962,278.73952024949506,47.41586973027976,84.67717081810204,101.02743540622662,443,-1,40.44727587111019,14600,6039.587839510914,1205.5395215778133,3249.406316194666,341.71418843044927,569.9892112965108,36.930532701839184,2575.3330401582944,155.25640292981632,32,benign
662.5059404424688,1194.2760931206644,5477.6633510437005,14094.148713596453,162.00966686875802,1138.0944528352038,620.015465964786,3389,-1,215.77370008563855,29200,98.29095802614026,122.06795022086413,11485.673550491882,362.46274250628215,921.2617672441277,95.1167605087287,3878.97285128187,34.655647629948135,20,malicious
39.54524650283667,522.31643301423,1500.255071736389,57475.36460493615,386.5064163363251,1161.7434910811803,823.3589130217018,80,8192,394.6886840482253,14600,1680.6048574717543,1272.961960683406,1782.6516328485386,371.1126627904831,1072.079417498234,42.545415546505396,8116.276657710126,76.7947076152247,32,malicious
738.7768113401439,720.5135957259577,4532.910283679291,10157.533139302535,390.7371661141689,494.90446549988394,673.1353314163644,21,-1,534.6750698496421,0,109.21877472345005,556.3783565741994,6045.659383631364,265.23733822376835,563.7554263239316,3.707344442734184,1884.504839180756,135.27332447356565,20,malicious
133.60046427141,1063.6646774371638,4126.248467478618,2946.0803520103345,283.1132216266709,313.00245768076644,634.7327748887504,3389,26883,463.354077312915,29200,1656.2256451025048,503.048252618609,3682.3406080828577,297.17882405384154,301.5796127475544,73.5097279801953,4873.4093138022345,136.8723058688982,20,malicious
535.7847712950942,822.8835189440282,2858.0877417510846,13280.62979050461,265.8954513352435,277.98641491611284,333.39249252497336,3389,65535,554.5067172473612,-1,4478.270601006001,649.1257449318346,39.71639363455667,82.4646028741269,1470.6291481732758,42.70205168366827,1116.0218123129225,93.30563850831876,40,malicious
5.962851686549041,260.83380593199234,586.8419918735026,17.59733208450509,8.091042529592919,85.88419459039258,161.3930658737703,80,26883,62.44979513141108,65535,929.393191572332,138.64720134090925,935.2812256407371,308.2404838060239,357.3720683361042,11.098534361557977,1544.729054658697,154.5097532770557,40,benign
31.34050647868653,968.8270523872336,5907.605692332219,30564.368449449965,344.0037147494522,694.7305017535873,889.1394503154216,3389,26883,136.25491450811558,29200,1025.0388494182434,576.6180568435562,304.982009282628,376.92144954514583,1267.957366392493,73.57651835342985,1198.2617409340407,176.86446719065563,60,malicious
6.346804059165753,266.2944491059834,890.8195878444989,337.849704068674,26.117256478054475,28.52899433256111,124.51517958193702,53,-1,23.320445690560156,14600,1674.9671386631892,1050.4600633612217,287.06797019939916,89.95407026270793,1315.9568731457407,8.528540059293121,468.74825751510286,148.7789662675557,40,benign
527.7000184694093,570.4109321726933,6010.486829073996,19566.745118238672,96.64813159451325,454.171469069862,464.4743701094044,8080,29200,560.7692606997142,14600,14.233967292981687,356.6251077617553,439.23082882604837,102.10545030929887,1059.3160110814047,16.811369767581475,4231.62454656481,190.87829125417068,32,malicious
14.953153325944607,1025.9799158214107,1739.8487113377792,164849.34452433986,199.05520641071288,1015.9257188852708,761.4546530263872,22,8192,445.52205754784757,-1,3565.7936508490584,1207.0743282849533,623.1895652416736,374.22665001185646,602.5859840616918,68.01131322859132,3451.474484394964,29.992349075226596,32,malicious
54.58467507067928,252.27523248980074,762.4853228455868,566.5124758214604,10.19815530994012,60.34914648034315,88.04572388762345,53,-1,36.7657225471539,65535,1939.9683625125838,1248.267245286404,869.0488305122718,42.556414419104954,1001.0812961604814,38.73708037106896,492.67515015802,79.29902830590315,60,benign
93.72349969535709,1012.2201711057071,3331.8890559051215,23737.361527066623,386.9991305707112,856.1517934784674,581.96307599677,80,-1,500.30828920108763,0,6822.770490555184,425.0095639954282,3476.844956121085,187.90304009590852,993.5228686199454,34.51161696286438,8625.53271698715,181.6032284787264,60,malicious
164.11823471296807,814.0217755418828,3772.086359943217,106846.07738421911,156.18760129696196,607.4782454981548,304.29977604285705,80,-1,529.0686934628707,-1,2980.836799140947,739.469875667371,6016.59642081313,195.62868716345344,1322.3687865221596,67.03907419280966,2832.927087274774,134.4280549694326,40,malicious
180.57141254223708,765.1868804238668,5849.95413242658,3551.7688845525445,98.56421355735134,788.8523272312539,517.7752348939059,22,8192,135.81845010872524,-1,1670.0134557351012,637.9410184175185,1368.2563680371782,139.6087095541255,523.4718058707856,62.246082600220085,2.0841338128165394,196.93326518564425,32,malicious
15.177120537507347,209.89992382641688,1252.2476136383195,42.637216186260794,19.139625178041584,73.54127620626971,130.62542256691597,80,8192,78.08652386818171,0,773.1689154692588,1412.7091895862504,2650.4501804318925,127.62233669672179,1138.2218878850372,56.529151948561875,150.8047700256334,100.03503099290477,60,benign
2.3855127458328083,228.28203356538594,596.3344761926538,1101.1832754744762,5.522088758897993,79.01252162768277,52.305770465035025,443,8192,102.33069480494613,0,4333.285624175783,1255.6984927212422,9903.90563626536,294.4565382353428,1482.1676951457305,23.308162501736895,1901.7671500496144,33.734060578445145,32,benign
0.16331523033888462,944.6121934950727,3058.1313435281663,22743.86080766821,120.94455027021134,703.5219672187962,956.5855244848905,21,8192,288.78513469945676,65535,670.5863183908867,1143.4161179954017,3755.8360073079925,352.0420453452832,737.9014138827498,6.407942160313985,1779.9598219120753,127.7972684297462,20,malicious
468.4347045082878,1082.6403941286962,7378.472831973262,27823.546213577534,142.78806301993623,698.174468897906,733.5432051934931,21,8192,362.2371025421733,65535,169.46823445810583,1078.416356350064,14810.637358732289,121.88786574284461,644.6451341117323,4.731920024243408,1832.6091045148246,182.07992729984161,40,malicious
497.6846378087725,739.5885118664859,4406.054224559903,59321.07053365977,276.05637335875554,383.9683766115138,800.1287985046911,80,26883,131.93217908070562,65535,879.4015806288446,67.06827475064631,19.62483835896859,238.20835100764697,368.19601723915235,63.50610141854879,1161.5112766608654,74.14731483491113,32,malicious
45.33628077662067,194.6508862266346,279.87886996858805,50.255320386507954,22.72315690353094,109.33083361878565,185.21671203102915,22,29200,106.21759456098228,65535,334.07089976912147,655.7366250498912,783.524897735319,81.23341723068671,304.37316698776556,36.070982610492365,603.9027629151249,25.906850654250064,60,benign
25.672849565168253,189.31155298779643,1278.8076650489986,307.81034532171003,18.310781796443642,80.12016987413583,108.90315542944747,80,29200,119.59823312106987,-1,1606.624330087253,1446.417855547017,5109.440835815685,31.322397345069025,1430.0160775418874,76.49309424638481,2436.84713524603,113.72612019427613,20,benign
16.466843737731338,632.4245352713524,6565.459815928219,26616.725640832705,375.19386175529485,421.6173777297648,648.473023928507,80,29200,208.49008951922818,-1,1224.2128445460924,383.97282797108505,2465.9250115471714,41.17049948547826,599.9536253784058,45.73538627615788,3565.5702724764474,119.75405807710726,60,malicious
4.185359348313719,210.9679938214282,714.2922793846918,230.26600706051275,44.5609055702913,49.08267828366628,186.61545811750287,443,26883,141.97807931893743,65535,2644.1785314863014,268.4434168402346,814.4680223683266,213.0783190748456,1223.5375621065205,39.5407734887045,494.90909365032337,138.44742623941096,20,benign
257.0968824188381,1031.9287517450816,4042.189110852166,33579.370071435485,300.18996611514433,286.8283146780401,553.5285394782524,21,8192,591.633906926377,65535,2678.538922574393,1421.5152161682151,2323.895692809988,150.27943901648396,439.8795966583571,87.89006797967127,530.6309517852229,87.32823310981874,20,malicious
32.49102067152532,190.770100834774,130.80794027634525,30.885736765787335,25.787037815969935,19.035815837981033,231.07050739514963,443,-1,116.89500315318134,-1,1120.811566609206,617.6590439332208,1230.0639911231444,346.8460038635299,818.0289998753062,34.35805755636998,2526.3292993258137,55.98525531824554,60,benign
39.996867250153485,221.16753638101616,1196.8699693731874,11.548964341270963,15.68211372268458,92.44606012590613,53.83233252614329,443,8192,96.88671406350713,-1,82.29871737322344,549.4691403599458,481.6014228181669,166.08041966183538,583.0589338224047,85.48872945189925,1652.2352545722588,24.48463935656729,40,benign
114.95243447000819,646.5476230025035,6606.844347571952,81399.81789967099,170.16668058000687,581.2561132396148,410.185176650979,8080,29200,466.287369202888,0,2583.1373096050124,1052.6039612116595,357.8833199313492,246.44904576066585,855.0002659303583,85.23946144841304,1485.7695956776024,99.14014706376577,60,malicious
386.8935880598964,708.6704674826043,6235.325726152793,1811.583022791518,254.55832084947232,674.222306380887,622.1046478085259,80,-1,248.26355802122131,29200,229.7890288675149,962.4453413858689,99.89785665622018,82.64175650784692,1248.5150612128884,20.497185143325847,290.1065415585826,120.83314064894046,32,malicious
38.39270102993594,870.5779010456126,6711.015606467981,414.50025435516034,105.45898806483078,503.8730229231644,871.2912024463592,8080,8192,168.27964439020138,14600,1588.4610514793737,110.47330594499988,9246.34964933136,141.2627264672671,405.42613918266085,40.040299221784494,1910.0434213415954,120.79379740784816,60,malicious
74.19391314286521,972.8615682086878,2886.149049454464,20333.14603076902,272.7936378349589,744.7418385896663,898.7218283408282,3389,65535,549.9267091166089,29200,1358.1670202285152,584.4739435982696,7260.267918692487,170.07307377294003,564.6107303749675,48.07389443385072,314.71438706733755,161.5139448267413,20,malicious
216.37651308426925,1227.998350467565,7774.548808864508,1619.8875727964353,387.6371245006804,390.4501723674136,646.774963161994,80,-1,442.9142267835606,65535,3928.542409638558,442.9117893643544,13008.347694286967,237.9782543367478,1014.1140287160446,82.2400200826985,3519.094351099809,49.53290253491943,20,malicious
5.659466097066198,225.70870835066796,1095.709196941023,1917.678933648478,43.46391219249276,14.92167156612977,77.6385444262073,80,26883,75.26745050358437,29200,2889.007931710393,1362.170497491963,4148.056153833655,200.3522354041826,1220.088047525972,10.264116027578996,909.530836016351,158.93017301854402,32,benign
51.33783910552384,230.11215337002596,332.2780138481196,200.44472498632732,35.79601787699579,18.567662077738923,206.24468560629072,443,8192,130.41229324925706,-1,26.508369293156633,96.59417765110679,20922.987140282796,111.50194577048565,351.2748551512719,33.29785169677479,1099.0890560618868,70.7443577660386,20,benign
113.00084611762833,883.1923601092396,1616.972142153385,23173.77692590924,231.0662760225853,322.7786972152308,970.6223255468535,3389,65535,343.13695792715714,-1,238.6131919796181,1027.1201460165764,1483.2398203065425,54.677074699069834,244.43491602540936,19.878394577476477,742.499263386444,156.45425534113812,60,malicious
103.53411420910649,696.9014302458363,2618.385394618792,16620.33990995474,390.1118498756705,290.84471671648373,649.8989336275849,3389,65535,144.68779436101045,29200,1113.6616341951653,1105.5300742176262,1046.066591336474,262.7868123627063,179.40828962508792,67.17149229059804,1106.240912794744,33.03411633734673,20,malicious
250.5828376150638,560.0909079297135,5365.781226192121,14218.859758554614,196.74125249626218,1157.1488084588136,546.4218020200396,21,26883,495.0857456728282,14600,1305.2748596856031,217.53204536814775,303.2446849438454,350.9574640233445,827.775428058973,26.864997120651324,306.5491579902601,52.502055089778196,40,malicious
28.414884572375087,279.82601066117905,1416.2709073339884,1453.6433740998104,37.129743681941854,72.31680642627747,175.47898205680815,22,65535,66.89384318024399,65535,9502.41258150454,686.6814531631373,1129.4115669236467,117.29951112160819,540.6999237187306,2.8116873582783253,74.20074098787642,38.87097340435416,20,benign
109.93007135922397,847.585515224385,6042.4398639835445,1384.657596637475,394.1003105218623,1136.51980817626,505.7257316898422,22,29200,179.05179493847302,-1,467.7172921993531,115.71188914137997,884.387811879938,29.17508739595052,61.474954451158766,11.355582529827501,45.453545892691686,189.68157039466203,60,malicious
20.712685362783787,219.21119606813602,284.66621294280264,994.810189508021,46.72936560259233,36.95196132046476,168.5694633625532,22,65535,107.67246193489302,0,3106.2676419815048,782.1664415052085,2002.3404991841749,201.85598285750933,1468.9440106645975,91.8517709801416,18.307663591316366,186.74733854518558,40,benign
189.61840958601852,630.7136523932122,2778.618795275932,19554.144866121445,117.83662543963523,1046.3013080589676,714.3404543446987,22,26883,412.6399167224304,14600,1025.259047800786,447.17346930766143,1989.8551045235336,112.38599919342963,1007.7224370961555,98.25131738397701,3580.060972697755,89.96854477064358,20,malicious
14.188008050508131,143.7899183863339,160.29420904546356,122.5458341950223,16.437637774091463,28.434098386880898,292.6752662210755,53,-1,48.633286090551756,65535,3727.940831924658,1486.6932227822501,3096.30722202898,222.67145564574304,284.48726955893915,2.2271953830836577,1520.2573223633567,127.09215258474644,32,benign
163.64588756832185,660.9870943535387,7477.6970596081355,70098.87337917133,351.0056081901141,741.4127696906874,753.4917337521404,8080,29200,171.45495889808828,14600,1221.6228272863382,1152.7155239940382,2789.9281155611943,99.84482894981902,219.2509703049622,22.127735782249815,2454.927854947843,125.46869798216288,32,malicious
12.786203628828742,216.07028161651675,1438.9225152651707,691.4134980594264,42.05438907065742,118.83826763345976,224.83704941278302,443,65535,128.15140881378412,14600,2375.818778791109,965.8732702489303,9899.248931949509,267.01271319247667,1443.745004557132,36.768643240266066,1775.1915903108843,139.79867841579426,60,benign
43.13409295596675,316.44552420650166,693.0657484700403,512.3843466836347,15.574752944934355,46.763320930806366,103.19737618414851,53,8192,112.64972477552742,29200,1838.229277194247,1451.4831564546855,6290.6089362093,390.4372674281505,1090.1067074492003,25.586283928534293,2580.898847600426,144.83823411175786,20,benign
3.3259006572363825,1158.1184982162445,7315.90393698945,20822.85197679596,361.9540133070024,811.1403713058098,534.9216041079272,80,26883,284.34088828085885,65535,44.487140806425906,925.6639898298436,4837.841867784999,269.5367040419427,1049.6192007393438,10.183445217647124,1002.0293547914949,114.95948601465898,40,malicious
242.18719894825384,1289.385658324114,1703.0345884779713,9523.456756669737,126.56096488626585,1062.122346303275,979.5439125071762,22,8192,446.81659114887566,-1,1510.180433551925,1475.8295022988457,11527.41629252574,136.89306433969722,829.4232693580169,31.858553490494057,125.77914245842864,120.20532155419735,40,malicious
92.64768960198228,848.7115406727854,6202.963948184726,71864.39469692689,80.09205124920743,1178.5962448316996,620.6151561270597,80,8192,106.26518039186608,14600,1493.0812981304184,859.1097095278479,4844.713190525258,354.925702311356,1465.9955213943329,57.6301901553254,375.76318815256474,157.19556140199285,40,malicious
38.61387260750223,270.2766547517767,151.33379685984755,66.55470062803812,38.82720945553097,76.68959483837433,164.20583405500093,53,8192,105.98393256625641,-1,580.1345001065802,1388.5440799932096,3457.162190242154,339.49418098128524,294.6323187246461,23.62204635726155,1961.8809958659265,71.0646584653596,60,benign
1.4002872349293403,192.0975754332581,1483.4497139910313,194.06887396455198,32.00989510022117,91.3832929219507,281.4239031098105,53,29200,99.90481502512918,-1,4479.972991069152,707.2031290112153,5578.781084748625,180.83051662649703,1397.0900541770495,24.077630761631774,277.9663167601049,69.72605861480939,40,benign
1.4567398570715429,310.80362394074723,204.3270619048397,96.12683310321606,32.55306006226574,93.822036117301,52.198965260417296,443,-1,130.25161975714326,65535,1509.4551024998368,674.7386339856175,7451.5837389808,344.65131271837424,407.69503954315934,7.190901461658116,996.4786683166989,129.23919024963834,32,benign
38.15786176053279,258.28158959146776,1453.3170556438133,536.1342377293404,35.86522554498053,61.85307169495428,114.6526681180039,53,-1,127.73663509787515,14600,454.99692227906155,542.5904466752544,7851.359236643844,237.781295099127,1130.8773144646068,77.8706550621469,560.5305530053564,79.42031476741916,60,benign
10.028953401474999,168.14682797964213,372.6722372659462,214.98632645732997,15.988350550579181,115.27003517392892,105.32788717183436,22,65535,98.2768019176451,14600,2001.3332930241354,926.1527178069132,19945.77786662525,244.99466251227955,1184.6413019168913,42.98362853552477,597.807553273418,186.9446859102095,20,benign
3.918224512400929,234.44286200982265,1093.1493592048091,1126.5074118123805,30.71127027046587,16.20431845048456,79.09019995662548,443,8192,58.65152367237164,29200,3674.207354937662,857.5689686232981,1962.6423417441422,187.55755530405244,333.487482738107,81.11873463416187,4378.87634175266,64.11488569400994,20,benign
9.197630572070857,245.8086506458014,767.6126817005432,1395.658431708687,5.998786868977405,10.89635321758202,258.7695255802604,53,-1,92.58052079908154,14600,1040.6799632307104,94.21881992901912,5969.016246168712,344.867002542393,1018.4533001956598,63.31942399988941,8528.594122309327,70.69038505765144,32,benign
1.4865968481912353,269.3238699888275,363.8308512794829,1950.29917562602,18.998804323623826,98.81309618121658,117.18459070302005,22,-1,87.57677270322326,29200,458.1561107720267,447.33311991509674,1691.6037781825348,247.08124222213615,784.3479706494826,83.2160645506475,481.29177638291054,39.436094163927606,32,benign
51.828354125191154,174.42960625388378,1381.4486112970546,192.17547336321576,14.454890347264454,35.3141922806883,292.5507947679813,53,8192,37.73542487916434,-1,1515.777055512866,511.5619880179257,3714.8242949279092,49.400934261262115,446.71448593864335,27.625411500744733,743.8185020737724,142.02986947688174,32,benign
5.8201502978612005,168.0528741255401,1297.3460141386347,768.7355496401533,10.924323869939638,108.91323660433183,177.5152073728805,80,29200,97.58410178856936,0,3038.9160254801063,145.69104410587164,3200.531279790195,208.05882418883596,1065.954731199725,48.92650901619867,1087.0114045336088,37.09080966743047,60,benign
2.550255853650263,224.6520724452774,240.41849426135016,79.49393447334975,14.195620604894016,110.2802485119193,224.17445960564768,53,29200,79.19680616771925,65535,1457.0031492627954,292.0699175776838,5891.122443049218,190.5819531041228,637.7756100137033,71.03303933346547,643.5567458617094,49.46880477394561,40,benign
85.50999888951203,961.2119790518939,3207.9841876428573,16868.73918716127,98.98114356320906,450.7458192870994,759.7350897730297,80,65535,390.29171972315584,29200,3680.580157290642,1244.1499676447206,1863.3529220872754,312.14796104269243,188.40890290647596,28.021304317442976,1886.3237226712827,66.1393921622078,32,malicious
293.5627533905064,860.4748414979478,1546.230216586071,3309.444614288688,221.48413026482646,961.7476495303838,808.3011244830641,80,8192,555.3782187823817,65535,410.1502854761682,637.4197579944255,439.74239358088494,394.04560126490674,819.5383518724321,21.67130261686466,1923.2323671990941,46.57297656965632,60,malicious
27.29174380829832,250.22624526161675,720.1630602211183,316.0113636366526,16.364375104214727,89.2813653703012,108.74109228903839,443,26883,55.44995118571535,29200,948.1256245044008,767.6377714227706,2007.2290883720796,177.32146100489393,1140.2049234662434,89.62047545768206,2567.4656146002276,164.3059376103601,32,benign
18.602664625342427,288.52163477520196,310.19469024896,286.25207437238254,12.119911621810575,76.91921276841036,241.38741919855715,443,65535,42.85182378126259,0,3673.812951118803,1213.749459255454,5826.185233839687,248.59800335277998,1060.3054059193646,39.83036258084799,14.831719865219892,170.77223707522108,20,benign
1.0816597472112894,243.391446000475,343.378415935249,592.4788692646069,45.349913670700985,52.547203940528036,286.6176383559396,22,-1,23.663954324978622,-1,1780.0874761620248,1475.7176397895637,1078.8118592249573,318.04302793319465,318.193478142771,43.88831826179553,868.3530557732589,76.31404445568654,60,benign
275.1300740435735,683.0048955770089,6186.45639663453,11824.391350266033,361.3684826870637,750.700037487233,590.8188783584815,22,29200,198.16811039241725,65535,3362.2561658722702,969.1965836860595,2550.2325175730266,330.7277228230281,1061.7974160485633,35.46084635230907,53.57931247274404,141.22609672012004,32,malicious
36.322489323464545,279.6567594541281,746.9586651146939,360.4541215342923,44.56760088176193,77.54320699775356,185.8220654078417,443,26883,44.497899754155306,65535,2504.885852783843,432.9434799777369,7763.471430071493,211.35148586998992,800.5402067628904,74.02871733055375,1645.3803301073285,139.67593403963826,32,benign
202.8405929757073,937.8702565522148,5110.219859535749,45618.50347291171,286.7064069890174,1029.092405907224,635.3653204185941,21,65535,246.83179580928896,29200,1195.50591048879,346.77849793794456,11861.02191213283,224.1291588011852,432.27769389181884,19.63248720794133,441.0316308638353,172.0965716473968,20,malicious
139.59361732306422,1022.1479598605035,6712.536580871887,806.2585897443827,190.63121965050152,240.54843214167136,590.563633481773,22,65535,222.6239558936639,29200,292.2483981291097,149.0634816042471,4772.540894790248,110.93578187723509,226.12156613733757,33.80874537897035,3169.4948222182966,120.77373594479448,32,malicious
159.051875718685,808.3446345137993,3599.626293835547,23457.102708773855,176.89133384724502,326.6608392516315,498.7017427976617,8080,8192,188.67751087040287,29200,1323.2686918498416,721.6509688150403,14249.634225559432,395.46783196557186,1187.3103610386522,95.35042935342665,1198.1463244471504,142.92285070182038,20,malicious
4.127000232103486,199.94093890097483,691.0319513451273,99.2067154229083,17.38768652081697,15.289929348035617,161.9169549255845,80,-1,95.81187189050927,29200,2492.95138827954,1418.3575114121063,988.5867781331499,105.40899885408656,100.01574114219915,96.1501107140456,468.7327342429882,146.13948248406837,40,benign
1.5569485702493653,314.7551980986161,1031.0178069849994,710.1649637321513,26.633672472365582,94.48625983732546,299.9228270842144,80,65535,24.438700010680762,14600,666.050022199576,994.4052688818396,18346.311601018813,133.35178007065548,688.6880325594113,52.49819677927999,118.42315107307289,181.00512640404338,60,benign
468.97561285127665,888.1707534299644,2836.4535070493484,5131.521540584917,161.09711076750983,228.50790660092196,446.747872407193,3389,65535,378.0932147658086,0,1074.5074691896275,360.05463144383054,6607.847637027287,170.2811480887425,650.5219166738925,12.771713378975969,977.6954130454197,56.6885062989284,40,malicious
828.1053898164364,873.5972137641888,6738.902232489559,22132.45780571251,169.52137549606394,1197.338883695153,468.4552420243391,80,-1,100.81931935851487,-1,2926.4187221429706,841.89553135676,769.202793051913,151.81562678666626,498.4692458416725,7.114570259061203,915.1429321651816,163.01538236905006,60,malicious
90.90226034794458,1036.8140188500677,2279.0964205226805,5497.643586439396,102.9062737547951,1195.5867562220983,969.7404231975175,80,8192,197.42323795507818,-1,2202.8546447239764,498.68783573502685,8844.387392632243,237.6276028105496,569.9567889801865,85.06305057753806,1521.7756668285488,33.683043688760904,60,malicious
7.706258885673094,276.81508345400243,668.4146922953322,501.6420743930365,41.14373743921852,37.8318356922927,114.94635480397973,22,29200,95.86128433900217,-1,4943.657646560261,525.0306497749413,2192.5247376919333,376.0060169509633,1453.4250808084296,54.18255049496244,521.0621696610916,187.56604164174908,32,benign
19.24640524901012,268.8573042022591,615.9831358766911,57.41607668779919,32.70091444824326,86.98588365953177,277.1002618228224,53,26883,120.01159719825554,14600,15.30264344079971,357.8353694712313,3350.2790656079305,44.93574649841611,1065.4769555410362,29.935393315862424,797.4086093210849,157.5054666961607,32,benign
191.5947892931427,1321.1999191957866,5062.0806397434735,11888.040659129214,368.3349982755563,824.7776798734022,402.0213626069841,22,65535,227.25532781962602,-1,1937.0653664783874,1083.2613540902823,10290.975405996032,156.97393309657343,579.7210412175543,93.54350083898977,1265.4296295683196,163.92574886761878,40,malicious
880.7542124925264,974.1098137541599,6450.240714855203,12194.78488588543,225.0712753684435,320.3827711299086,836.4305068422282,3389,29200,412.8006093353228,-1,1247.1610090726783,674.2125012192648,1903.7883910154283,193.93308888332774,1380.5016580226857,19.70726415158698,661.0903768286523,92.45106964244701,40,malicious
293.5157721846146,334.07335533104595,1866.617183548915,31915.936752554015,139.46130660718083,1158.857115900414,392.1538329341949,22,8192,132.48002463306415,65535,2228.429568849843,817.8573483773258,3714.532509923986,177.5028240789267,415.9030388182146,11.472182851289281,2393.5696291024233,169.93877813506958,40,malicious
45.09449870628486,317.95500912916543,1238.7094215041438,50.27288079265195,8.844854686092788,26.929272159783675,79.26638808144926,53,29200,55.970326006238,14600,2332.7763844185756,718.1844144387883,11722.216635932336,88.15341772943847,1185.5996057596403,53.55402899585627,1733.5668106755584,87.89975051895354,60,benign
347.20976144583864,891.9197305763344,5090.84657857871,36638.18535909819,101.08295317508201,997.6162316411967,999.3326934356967,80,65535,388.20358199603805,65535,1076.7054291084396,881.2282618228636,6584.660186525814,398.19419865635365,473.8505355087992,8.803568043266697,5655.87366200981,190.41422585532382,32,malicious
1.0845771411949376,219.04623253372802,576.8090134223796,54.60920278198771,11.835868491847167,48.58357496477606,115.3946012943254,22,8192,72.8370566967233,29200,1533.7827810264173,1002.7797281500956,6246.835297464175,128.11488190427448,765.9866461947555,86.15556628863209,537.203363457855,56.503916793478965,32,benign
593.4487678744497,649.7924455073764,7986.723145076176,1300.414150161535,347.73992374770717,364.54287435642044,936.0446955365423,8080,26883,326.2847009933863,0,210.61073868346122,675.4852843922438,187.5377107471688,333.4942713835267,1367.869564103374,75.88990357143255,1602.2441600544919,44.39525466821036,40,malicious
937.2150816457295,788.5049011820179,7032.216198819369,21934.099295657823,157.70726672036474,690.1938676343111,619.751763767945,22,8192,192.56042756040893,-1,6453.625538997043,1084.542432495411,595.9760046193458,145.02436412694925,1354.7724534310205,26.742669077123914,2553.322941217374,71.31050356425041,40,malicious
27.09883818081934,274.32106021776184,362.73470580460565,313.6947402094993,16.93869192254049,22.68411508200829,285.9473330680561,53,65535,120.10218741454642,29200,764.0746331546576,993.0337363211062,6868.754082997837,24.56528385137757,1076.2844063046198,8.64789283731977,1301.2571485836233,108.7125227962576,32,benign
221.2255095365967,630.6603204128444,6323.13287074295,94488.09523275234,348.9621156943115,776.869518106917,331.4937327658733,21,65535,307.53303218821213,0,2085.094040704509,1349.8842872211528,12019.984757695438,77.54737682063666,287.6547313244389,22.4318214738613,6099.423486030742,164.11008265449777,40,malicious
87.20628299705942,1091.3624296958005,5707.064286678865,130575.74644659813,347.59166654340424,1003.323686589946,531.7772543946123,21,-1,418.36862529540775,29200,487.93652657270434,893.8534958070189,11396.747059845633,206.18581267190567,746.3942182635468,29.893232115353918,1107.1611821247025,93.31097776615758,60,malicious
4.742051039421839,271.78534224973635,352.5497060898381,460.28659322516484,15.644702695454127,42.379262147884404,209.8317158576759,443,8192,77.00228268575943,29200,3573.9883875717746,104.97197385616613,1062.663808627831,216.34271155372446,651.03458794487,34.53851272758656,526.8048691708267,58.07080401405909,40,benign
268.1189884286766,980.6003583353169,7760.066018193358,19523.18265918652,109.68320768160183,337.9368790217562,457.39438499794835,80,65535,197.27161940183893,-1,1599.0783704037242,1013.8166762214,3968.9444068294897,103.31432610514126,1404.3824113035103,14.318078384722776,1284.245785340414,92.37800618461912,20,malicious
66.47477811592805,892.5826431431043,4679.896448946216,4873.725360539317,360.1315237455466,909.3973561641279,458.62195900476604,3389,26883,552.9629756708803,14600,1120.7388767224822,1015.1957703330256,1999.1088362291866,113.81611600873377,1116.5225384918422,5.374138595721156,1249.4899593830842,107.86681615248301,32,malicious
4.191350885243221,238.4573480134832,760.2527306978843,183.7303203480271,46.94251481349589,93.11742425983812,142.62409976393573,80,-1,57.189151907194386,29200,402.4372217421371,694.5134375640102,3510.020095110386,307.95283212458276,1285.7477934484746,7.764587488614428,3595.1532831948766,93.09262045581649,32,benign
19.646817010305597,228.55443651138341,723.5579828728056,34.75466280428524,39.54820427707423,50.06373935595369,165.89700350178867,80,8192,85.1293887947867,0,1667.976868268448,531.5809089153006,2465.007765398168,168.71866287483178,1253.7359405278562,27.82960187565585,3285.6471878642315,120.31227128346158,32,benign
59.80035067730106,1179.0461006238834,7113.0972607759,31364.818382994697,178.02054672880678,733.0960974433511,629.7807202413201,22,65535,453.49735613079696,65535,200.22661152504003,1022.0416030618993,10761.622078575401,380.5867299136712,967.6224683527436,87.89016070418302,2245.095248678009,104.01071690439656,60,malicious
15.504061042801297,291.3462021703623,1434.2076735699957,116.89521831191144,31.70957822981017,39.601669854525355,225.26917943321138,80,8192,34.87632517499433,14600,4576.430572368497,429.7963475818898,4361.5027964642295,210.43943968890272,1326.0577599498545,43.82230652192865,498.7269076048296,64.42700345380615,60,benign
119.59608446259087,638.5433440677896,2799.3733255359766,71967.41491865802,172.68785485149317,503.4267664698075,948.648357418109,3389,-1,303.3355206683909,14600,1633.0862208145306,960.140761116851,330.62222839765064,161.64974768431503,685.8130189533595,23.48515985089419,5008.7868767064665,145.11849001110778,20,malicious
771.4627611717368,1115.6412826303467,2706.970247297033,9495.537951597122,118.31221310101864,1131.452590668147,890.5308656343929,8080,29200,501.01163055652853,-1,2237.8254024542803,678.6804750115102,10318.582611534106,185.3013063484395,1134.5699051719287,47.13779493765521,161.07254447574311,84.32404691467258,20,malicious
15.383974302697467,185.02608172116408,1065.7475184538653,1006.0289661435748,49.68409292613339,101.03528748797414,110.7831776184293,53,65535,122.56164292249028,0,1655.9506731223669,1136.1683465058186,2047.6481675301961,348.0821577936526,291.33352995895854,9.976797164305239,856.8208572896062,188.750134286893,60,benign
523.2383904476299,946.5154004476841,2504.9890245202914,14008.857541285059,170.8965071411006,930.0689363758748,495.82621622895,21,8192,128.19883778904304,0,808.224742154297,928.3311274762165,3394.4034557023633,56.999478412501865,156.1676128028944,34.41923945311608,1249.4936476635976,42.3580123322824,60,malicious
382.2455933979087,836.2867879948956,3523.4035462904394,93702.55227184616,121.85870314003878,626.5704664322416,771.2834530595389,21,65535,399.7824457469902,0,1650.871643801664,1243.8886357569588,131.3430570639698,253.37731540510103,744.3330943359125,96.9272784325151,1313.8691051875378,23.054285818848953,20,malicious
41.598985724591316,340.28332806544364,1356.240550234003,1176.887097404653,23.806127605028465,35.499800454551355,120.83255318490653,80,26883,142.0453727733369,65535,183.02614371524754,411.1722538810195,1185.656351502052,239.38604839723166,1262.0178463156508,12.939595229591516,9466.999342159525,100.6344146936963,32,benign
34.81992152516037,168.54002014009052,590.2036169711607,66.52279597192712,40.75881317628267,111.43219770545375,169.72947638218818,53,8192,51.02322431519708,14600,3455.972030385041,797.6949029116677,500.7838475512847,360.2285606418458,1066.188976481453,11.070942595910893,2634.739681816622,78.30306983796746,60,benign
9.82468417562555,234.84682146921028,197.80874306390479,382.25979195104304,7.32696413992249,111.44477987990753,71.91748362175474,80,-1,142.37451521061115,65535,136.1218987097759,1348.805059865575,9591.59192445653,186.2530212578722,1229.9818379339529,29.774775239865413,2925.183917714854,43.19151301217322,40,benign
21.5702845844196,170.8518145588789,951.5179273977355,976.7694878981275,36.6327682508181,65.77969899070371,138.69364320633315,80,8192,133.38644364741543,29200,4142.642019947715,750.7431705913884,7313.2968762300525,318.59770792647527,239.42538209884907,35.351488077596095,1457.3518812088785,171.65540271112522,40,benign
48.3629899830938,303.7029900245428,175.67035613559187,222.76992720660206,24.683280395276235,75.7755440828882,160.84112581219716,80,29200,144.3186830657062,14600,288.0331268600131,724.4821871756329,2122.9145312091728,299.4016141427467,393.82916636396817,68.25060298503878,1033.105119573983,72.59218336652228,20,benign
313.5835817001406,844.7286566017042,7532.749994490673,45901.72148803608,365.3169366930698,938.2134839803589,510.03448497825394,80,65535,470.8218708230079,65535,2039.5434845742902,968.3722749445371,2121.696542191995,282.5381482451729,1149.286932215438,6.3597604920742405,7251.434884671203,23.607826984693453,40,malicious
103.77519525643748,596.2558483820487,7510.938113285693,2865.428547324653,353.63877244067845,456.5419740592052,713.0554476569318,8080,65535,189.42898421743172,14600,401.4553407385217,119.46234003188269,1538.1467650770765,179.48324057555797,1476.0006911467933,50.467620779909915,55.58230632121896,190.85590421562972,40,malicious
13.16929571672539,225.2021859824993,811.4999888929528,378.9535760471615,27.186770670817044,74.0911666083676,82.27488131145317,80,8192,135.58925315155045,14600,1232.9402983690497,90.86969192994529,6.83025758970382,388.5621224103937,1111.794936479581,68.6627602626325,1787.1025229820066,50.58770343128546,20,benign
69.19609236780107,286.4959743859622,627.0597525186196,812.7241169209863,23.192926415931208,90.14569804286863,188.40835298821756,53,26883,69.48652929172047,65535,18.308817253646787,458.1859229593448,2030.6846714242022,229.35839693555684,835.5570490565557,35.47865439321263,346.89510062304834,144.35638575554503,32,benign
1.5326201856416417,320.87077301463904,948.3298776187968,716.9597264222015,13.07538589283441,117.88148395470502,237.13666002545423,53,26883,109.21599009363482,-1,2035.9524658993041,844.6937081127353,4884.725120629194,40.29710859178476,1320.8390013216783,23.5572078263823,521.7048367392696,132.07222662278303,32,benign
635.3458827529362,876.5083105453633,4955.466798211252,32152.261965444413,174.3211592077458,1001.1548844873607,595.489611347421,80,29200,409.5424095077925,65535,4841.254084035478,478.2951751987568,4171.6994716683075,203.2619224407097,973.3052200193129,79.29029079237364,5028.0228233780035,192.94773309625717,40,malicious
46.047798912673976,251.76457125047583,987.1749957940028,358.53373257275086,31.80012840552396,63.91042742121969,57.56921628960261,22,8192,86.7876578642528,29200,7144.7355324685,844.8085212711259,11697.202413612293,237.94442332284598,892.6611258383858,58.15323270211684,7248.500215567206,176.52547120737148,40,benign
1.9099399444935776,284.16489302797874,811.777124999603,123.88864461407529,10.195522931042653,20.5708870989065,201.43177689192606,53,29200,35.54182055052479,14600,1636.562141210329,415.63385276621534,1121.0669633006037,205.4405852329088,1103.5387574683264,22.86186822951524,6039.28696020165,58.18301993898755,40,benign
600.3232671641621,954.1432715921519,3431.6884841124984,18263.754623156576,109.89555146424152,695.6602957030893,952.6270506225115,8080,26883,478.73430944668036,0,2933.5686807468655,690.0761359199888,1486.0372932863283,329.84660205946153,1187.8133064128783,11.886577476036953,147.55060819563323,48.310718594840786,20,malicious
19.015743505662957,342.1400625220906,1159.5035857372134,890.294871158934,8.995438332125424,113.60744306101365,108.48147637720602,80,8192,37.568422955236926,0,160.99466462819848,1026.6952834245167,142.21103384631434,73.67656363277112,53.134280117962554,65.59652088159844,4053.2945560514213,192.62837138358043,40,benign
1819.1179966341838,972.7655690009886,7951.160494130736,10769.059492264802,369.3164151209916,430.81903259605696,781.9233259850995,22,26883,575.2225906389413,29200,1330.474061730333,634.8235547573156,9538.617530226575,300.9263527229478,1347.79915805574,58.88789512194607,2363.969922553392,179.9314187902963,32,malicious
644.7406028325206,753.0921663223276,2546.773071325155,52323.376877399576,96.67477440593409,520.2982207610066,807.3719500064221,8080,26883,399.67071320831695,14600,588.853774125093,723.1762080072458,2972.192785396586,40.71465564904081,1173.6313295498962,33.163117491930585,434.87209289028124,139.41483187077105,40,malicious
431.1870797564825,328.0131354547682,5134.327051854435,12996.036544412209,155.77751382136665,248.43101759745238,453.9768673790138,3389,26883,336.21382816036976,0,5013.7735147970925,60.4577650907083,3083.4527930315626,334.9254223787822,1369.4162203641863,61.17187379065818,233.33404709614575,40.03451758117601,20,malicious
35.12837310357559,263.10130492263454,565.3605901882149,1384.2503477543974,36.17914956398391,11.971856307827748,249.5032224037235,22,8192,144.9349700486644,-1,1411.7345589681588,576.6559634260501,3460.56456413737,97.12053587303703,164.25277280047828,17.500370009911148,148.94750864582394,184.9909020828881,60,benign
21.79438874359291,293.410560043663,946.8388229406996,873.426844012054,46.479985300055745,101.741825463104,232.34670219554667,53,-1,117.95050027666208,29200,2212.960595900702,593.3270682709432,21589.083035869757,155.20817058210736,558.1237890057782,69.55445760715783,5220.440621961355,68.76032054171662,60,benign
17.79310842342523,196.12976548137743,1081.5972871420072,15.734043848477237,34.3573634687919,25.67607794874298,113.15530270831488,22,8192,111.29168057641532,14600,128.83051861886483,356.0801620019422,686.7534620120159,377.6630044140072,492.24537747309347,87.10541321298786,37.24985783487655,74.23980458528652,32,benign
90.64878618593991,263.2454286804193,917.5852121535113,19.737404235510493,16.29613070400385,98.17413328343274,61.13737277877319,22,-1,100.14571000008543,29200,1197.8317535234405,764.3721555785171,8725.238792253256,242.2343587722992,1474.7214918734678,80.38003231302106,1269.043600017297,113.12381111755947,40,benign
57.696092031658644,883.1014165857449,3969.7667953159244,37460.81861243422,267.3607304495916,1033.2811359763496,625.9326193018597,8080,65535,242.41479117843264,29200,2.9052704101155937,1488.286920097779,470.1709482615172,122.9660472098437,505.70657952617347,30.325586779640958,2460.575130823347,120.22339614677905,60,malicious
467.43167156017506,1175.1576478101902,4334.482684392588,29649.853498711604,239.63047967263165,1050.9827721071517,623.7837415948227,3389,29200,487.7240227940986,65535,2230.611390317434,244.5903711316589,24042.4154223567,160.43985847077064,519.3292336773843,18.06461566991845,4717.232257138002,36.621938458775084,40,malicious
539.8520296851443,1123.0782691917143,6916.753279176278,24355.32999178834,394.84103838126964,688.7953750772333,302.48115975156645,8080,8192,207.56579175329756,-1,1446.3343268282274,834.7166222627521,3745.44754637971,322.4223412764624,1288.596063526051,41.23724880973509,1566.8181570800323,137.23390042717614,32,malicious
33.265738475199846,245.826752990986,727.2198364217322,487.23413598705645,37.57936496132598,94.96930751853354,197.601596508444,80,-1,27.633493305672282,-1,4144.034173239547,278.78880128318417,1494.8229902130174,113.20961381156151,262.03631606166346,25.671877221796425,2727.892636782114,75.88540273240305,40,benign
268.59975392537353,1016.8753080999487,7605.457099158033,2734.4850984327877,336.32989471357394,625.5360531228173,594.6003083065011,8080,26883,165.94896565974335,0,4081.2499651797357,800.8528960610198,1336.9072456013864,202.63078639456225,288.6618505433516,27.925395339377257,410.2919892721764,179.7522611164578,20,malicious
6.590812974575412,260.76698307235347,498.25739097278864,779.3040527050239,14.136512841530957,82.2500524942119,204.20556580820582,80,29200,146.12589313250993,-1,456.12359644854365,743.7452370413324,8644.526357238201,158.17560342162216,161.90091564506852,12.13049482281522,3785.419647969497,187.84342532744023,60,benign
34.66321806576162,234.87260140788243,291.3228639925172,700.2760266202425,24.79004626442125,90.21932320148045,193.06037430319125,53,8192,84.34720397100845,0,2604.234889810167,569.7246098163823,3243.458958708664,155.04688576913162,992.5561780399444,91.71116932944047,1512.62326648835,185.74312947316886,40,benign
39.95619246202477,222.48074102990722,1294.5124074060734,639.7322441282615,18.895541421440488,88.67211034663569,96.66721414845135,22,-1,20.012937949108153,-1,1160.462594322112,818.46882643489,598.1681641099842,111.1470352918128,1090.7758869123247,80.11483025506666,1412.4362326080454,80.48447880709608,60,benign
9.711804164072655,255.6352698012232,1491.1656778861245,145.3703002004546,13.853001575660176,13.552358719727291,221.39209758916817,53,29200,60.72923862295084,29200,4485.109748856169,198.82354237592912,2810.082778269918,51.23037778629693,743.4032928073916,78.95023739212728,4692.659496342897,92.29984094621113,32,benign
81.42689141224892,787.7205412508805,6190.578395852007,3430.920016448945,342.06394229786827,1002.3342708546764,746.7962687470015,8080,-1,452.4309343577999,29200,342.78243357863556,270.6277083979116,4509.205388845494,100.19540892965861,216.04453601549264,70.0937205583114,214.35775059258853,74.65515468631824,20,malicious
8.122738973505877,193.08138522543913,288.4892723108257,387.02131733216765,34.5846238568421,54.5664984581309,97.01501837539874,80,26883,26.09547841028602,65535,2196.3950118662933,751.6554706553179,3662.243285287604,155.09177814072154,1240.4167102256977,44.89830796430082,2871.561813985399,29.27030566387149,60,benign
50.73901227130497,1057.4439990837855,7843.725632484614,29708.26156938365,391.1907928984358,1183.293353938792,392.2453368360394,3389,8192,318.30158679856515,14600,710.2871948006504,116.02938642940492,15155.86392834695,57.90966445712567,1097.1812036009778,11.44131866420074,13125.660892884707,48.74044694903951,40,malicious
507.39931101192093,1014.6819623942299,3903.861219425594,2426.9519130266153,127.53555242333047,251.18543611384217,347.51256657644524,21,-1,377.5499812813148,-1,1711.0321169070214,1289.6290277958472,4036.787838919067,399.9542803240412,280.5453785159926,6.778362960423112,1792.2089379422264,176.64377348488543,20,malicious
6.195520740983809,238.9265573736924,693.9780877091015,2372.862457072453,27.304241876315082,23.223245583648335,107.33620130464783,80,26883,145.562270975349,0,109.53165511026978,1042.7678806295567,2605.026912251206,146.21859759752408,1327.2271919865639,5.157666011449824,3323.946529197828,143.12783381995618,32,benign
258.00201053037057,713.2392683470955,4732.441995681693,2387.7582789767466,396.51310044804507,316.2582985438082,398.7950610563874,21,-1,139.79523225795833,14600,51.93989903131421,556.014067282645,8750.768195765839,146.00794455029813,283.1467644497094,82.99818499507407,1274.7638725393117,77.71375411141426,20,malicious
143.77650413392615,1065.6216544485023,1755.8944445455763,2065.5180294113893,96.16100314780243,1139.144748832653,859.3768928268543,3389,26883,402.48508367315685,-1,2618.011307523342,592.9786274166357,8108.196256138439,362.632222817926,1270.7833408006697,42.14152012312958,875.1539629339776,117.17768183610066,60,malicious
88.85795393998164,912.0244269427442,3877.6870284625784,25193.94433910465,96.48006229165614,686.3134911649277,824.3797241457343,22,65535,168.3159533545841,-1,2743.9957908523556,1084.0411999731677,3166.910512258138,80.59944302151368,235.8546718142941,40.29844764718861,2671.477171621736,64.04101932513476,20,malicious
1.8915352164160857,189.8411221558979,201.64534852256548,1560.3514374033723,21.387371510086954,69.31408627120172,217.73273036931323,80,29200,35.01075335546369,0,2395.451292667074,499.02782968671835,1239.9657267840903,54.950291047753865,242.9616924733798,11.868160152366247,805.5758887060169,141.756428066689,20,benign
29.984466554244772,188.38055104906695,731.7635390980987,110.55158539342301,29.436912167330274,73.59208415220976,275.07333174380307,22,26883,76.4119167555681,-1,903.0890103333229,631.7981815542231,754.6070218353959,145.4944653252669,1014.6857033540522,34.459583305520965,2716.183699280687,195.2659473923088,60,benign
605.5380050992715,839.4930039787133,3540.738177999685,13344.240365003552,353.2991005839202,559.0086811840611,602.409392168697,22,29200,204.96008709781808,0,455.4432375902683,383.15191012734806,200.2878204975596,358.29544463967903,472.4567006906963,91.40113587706662,88.23905055313794,39.57592560694307,32,malicious
183.2163923329174,721.2749244216404,3048.932426236074,17897.521774262936,155.72414567871908,792.4438469485016,469.9407503724939,21,26883,391.92792832837586,14600,684.7716819062947,1498.9767742391205,1117.92383525159,169.8989381069479,1283.004133474524,84.06311221304978,255.9788006197674,53.10012534226403,60,malicious
655.0024976113739,1028.2823129729966,4601.010372460881,51697.33138344851,84.12341757637915,996.717823804386,651.7682395692093,80,65535,266.37840248839126,65535,1379.591684714665,1031.4352979895757,1903.1259172442751,222.0003907279844,940.3006189150058,6.300087498751883,3215.7776831670435,188.07420622928367,60,malicious
20.59037003988509,921.4271449707339,6234.263180222027,25341.69629836196,280.07999343430873,1154.2204910363685,366.3500601319992,8080,26883,227.5593650361646,14600,1153.2317986220369,675.2118917941997,2080.626512344188,398.0302031126587,105.00624942393355,99.97951974986677,1167.561949116625,60.903816527194735,32,malicious
22.306857269845175,976.9563187183135,1569.0506683198778,48517.14050698242,164.78742569092424,1160.3335499457476,469.26454115930284,80,-1,104.77067962426337,65535,2313.082468509163,1448.7865263029162,6566.566973146952,163.4749323103559,936.8053989272245,94.01804590276683,668.1326903297219,99.61452210402787,20,malicious
1.896047744910834,406.2374194316239,593.8726336651034,766.9646053622142,24.13588188986716,47.73438636203095,289.7784793342645,22,29200,130.1005933073311,0,188.74257695491818,896.138606248244,5661.147795100802,321.7467129494221,835.9945172630744,80.2558310444905,2072.916896025975,67.62257154511926,40,benign
117.83698667226822,1016.8695381699143,4802.152182631884,18497.843974634397,268.69821954378494,1127.0629175856166,392.9602236745323,80,8192,293.2369453672631,0,5292.772100003861,358.35017704117837,2505.8795896290353,280.8487730789081,1258.1851494537932,91.42072210807474,1337.9975714678262,163.26224517348328,40,malicious
204.0802999768876,1201.6974583274946,3804.427540062902,28837.31400088343,195.23287392353302,209.11977952330935,771.0268296829535,3389,-1,533.2808542883347,-1,1778.61663936667,1117.270964119159,595.7850179838877,369.5319976193689,802.1683010525246,30.59346279995919,6595.579768971208,46.265264633241884,60,malicious
2.7530572982237125,278.585577417563,1331.4898013465006,224.53539591068906,19.13590318291056,59.59204150078288,194.42458895873813,22,26883,113.41368193126793,65535,496.62090424375333,1044.021348451045,1372.5887592892027,215.06414841327242,977.2264399441259,46.513101509922826,3715.6861023176675,175.11039298887937,20,benign
1011.0922669572572,670.2510696387038,7055.352816344809,4601.330536055675,303.67294030119916,448.94925489819605,634.5736014542122,8080,-1,323.56753088533924,0,2649.6108448627165,511.1776333595059,5762.057793690298,332.8786856096041,990.7976798950647,65.50848291179116,10715.421474381958,189.88118843152796,60,malicious
111.35222378691785,814.935619148489,2037.8287163698071,26625.725568119753,352.762915982065,429.5120040532881,859.3685220591761,3389,-1,310.83638727567893,14600,324.68958564921115,549.3152546471382,4406.2632017252145,156.5636454165452,546.8528130036798,47.82641703636313,2179.433039831626,172.2560105765186,20,malicious
565.8851608331204,1067.4011995104415,5047.001948369574,4664.048311519276,349.6846253912274,1160.6606442229177,580.2401856000697,3389,29200,438.42974283095725,0,345.28964452572,1170.3203869808208,5559.389827064839,244.86912298664603,1409.1404729318037,2.666153499563828,2717.469352431261,96.0005082056555,40,malicious
208.00403491326134,539.2011679809781,3168.9218297520347,26576.238786868984,253.8780698820717,1126.0710305487999,457.1080085694582,21,26883,328.53030337509813,-1,991.2880610800637,1304.0305094680318,2262.6682284855833,36.86878675617751,1011.9488612618056,47.4337763318158,4742.3263002232225,41.77563133306937,32,malicious
99.41787297332978,179.04649992428824,812.1224906538607,909.6204334866483,21.493766760139486,63.69650397483083,176.31625235863044,53,29200,99.31114493307032,-1,1243.6654417634863,140.4755376286185,475.8033958271116,193.91937775659062,1448.245634064794,75.67240813654563,6654.030556043307,22.184353419251323,32,benign
19.334561932346265,260.0880982723496,1385.243422452384,142.1447513767738,33.60753080023741,68.70957097740316,269.3226416022172,53,26883,59.21967122933552,14600,184.9342914142243,717.9523543791811,1918.192920540738,194.3778652653217,1126.798821179461,42.07148706401834,231.9235360868361,182.1331088408239,60,benign
28.09655083977612,267.14796445307,370.0541908219688,413.89937002474966,15.948297499313544,72.98435607356619,154.70158936363325,80,29200,23.634945366628642,-1,283.62385375095533,1047.390527561548,459.8933740930481,351.746423580898,1237.2570641168347,97.89093264745871,8273.865864143329,198.12599991757935,32,benign
616.1174530019599,998.6384242088085,7137.072008601637,12037.333625791278,137.7393549664971,1150.6904911769782,717.8672325088182,21,29200,543.495888815639,29200,3076.6468851235895,1184.357205480096,1133.6412037001548,80.0303208680576,1333.6123594566714,69.52980338356193,945.6965574042813,173.6455897736029,60,malicious
135.89920057783073,1209.3740189398618,4009.575529481145,8094.93983611902,228.798280619016,671.0752987706937,534.4238362685469,22,26883,283.75298091070204,65535,2761.1034698303947,1184.1654323539174,1178.3820538697282,50.77443576360754,717.2643382029397,0.20008256062360452,4010.930419603701,20.65688454407253,32,malicious
19.55038433223204,548.2251333301484,1661.3979318914162,62272.26750989646,188.2843251982169,224.95086136538828,649.8482642303109,21,8192,569.6234238683048,14600,3181.2573218370603,1380.4072953476525,9589.522133075505,196.70578530688198,396.9196637259502,69.19096835697015,404.9703266226895,34.078805040183056,60,malicious
26.070690029379673,204.23791629675512,863.383448138746,1378.1238350720396,47.56805615739558,57.310229365516065,153.72901913808238,443,26883,102.9976209759963,65535,2015.044073100681,1427.8890617850534,3706.7617770523443,62.63383049705577,576.7926488915984,88.89511376961129,2840.9209912334613,148.46054807116016,20,benign
29.684277737362265,243.91897250718432,722.4489016314947,431.71491326705245,22.40422926679944,93.664673066354,101.45917176487592,22,-1,126.32413062411673,14600,3432.5372715289827,236.32543853382717,6531.80857680582,398.0951736760063,1007.7000192775255,61.42927208272935,380.7013027698712,149.2791811304042,40,benign
12.280068086109777,166.40364578190332,565.8174797715972,20.275167403097864,28.14112782091483,43.112588214796865,245.57315352313614,22,-1,27.15500445001464,-1,1648.9846715666001,869.2912844385788,853.442955379531,240.4721509220914,1288.4905206501267,63.56200138455189,790.3412981331547,185.0468650470796,20,benign
435.5264452503593,798.1518809035406,5133.063272489121,1411.8297754545617,131.86505464877982,444.09874426484447,823.0947261684385,80,65535,412.588452759491,29200,2011.2154465514673,639.7699962686357,2516.462756847561,74.98957736157709,315.10227758713785,2.729022544633275,3641.1156305881013,149.05738608429328,32,malicious
680.6861210958697,870.1351842737807,1564.3068547898945,820.7678708544469,303.8968731046706,586.8263645182423,734.2313276987215,8080,26883,313.25341023806334,29200,27.290466970079592,768.306004496445,7672.0931417915635,382.02659105965165,1151.0506493970508,48.833970918509664,770.0300237328079,67.5206493620492,32,malicious
441.8175566708139,732.3919927929111,4857.407771378354,27266.56159598772,138.05953555242948,544.5523146672025,508.92128531537526,3389,-1,168.5894582292152,0,3787.2992040555714,1420.9611150947258,2512.2842002379402,106.34083021446283,1326.301737416761,41.01990633550554,3127.9038442071546,197.20524199348387,40,malicious
9.958194382677355,296.80842506667483,1327.167513159343,193.86178078581426,24.565631605054634,58.53779374301103,214.538181689214,22,-1,121.66778704834476,0,1278.0930890817708,991.5298225623186,4568.44783066525,150.76922676274788,487.4640400197401,64.85622458573641,2101.810449264,38.45200459238745,40,benign
153.8436444148759,871.1014781350157,1497.1900210090937,8600.646324417683,84.24863388765395,877.5183032520313,629.9860419724369,8080,29200,352.87261120270966,65535,5437.526093239287,1211.3034615356005,483.4298694581917,327.9659293859541,1206.5711593270514,2.236366817410318,661.10595569597,97.8112768033241,32,malicious
172.75791163048032,716.8619968152107,3059.1944674760607,13765.198059687875,376.7692453322696,994.7267363084081,388.30810872979237,8080,29200,247.7166256446386,0,3521.2715337984437,815.5079554861726,8741.03590214387,310.50154987577133,807.7312860515867,70.72111064981141,1417.8410824076616,54.7770787034111,40,malicious
156.03091926179752,1147.7294948057029,6266.729696456476,4949.20774210284,109.36803063732796,749.4050433890087,745.2675337594558,21,29200,586.4757132214205,14600,6558.6888913806815,547.7326818985011,7121.939947005933,135.67754704540346,1178.6745881104366,90.85978115782622,198.735137267389,125.423541409302,60,malicious
387.95473940098685,1258.0743343139882,2628.529003915718,53142.739084773595,382.66258699878824,379.6504635961646,353.19568192514663,21,-1,175.81112238588668,65535,2433.7673583766946,1386.5492018451628,2458.5483198222396,42.309574678668085,1007.1426748914686,66.1262525522102,8019.354523309572,53.43237127239185,32,malicious
16.789508957869202,338.91160088088805,771.7286230567207,1093.441418854939,48.05427245910883,82.68581869745675,196.8954960760055,53,65535,68.51992289453679,14600,3952.0062162330278,552.2500194577831,19495.108783956875,336.6894102426533,941.1481438242688,1.9282799434527598,2683.6970170391687,103.21830702353701,60,benign
10.252425365924385,232.14757621698575,656.6709071807506,771.3853488885942,27.169026214682276,114.1106377584465,78.01553299915199,53,8192,28.830602286378024,-1,1106.8698865431252,73.9531626739234,2885.1320239613547,240.5648368710074,927.792760298102,57.27122466150689,1544.9929450744708,132.57774781558015,60,benign
11.47667188503609,123.08351019750212,901.4253707639909,203.09976941082462,16.596441543239038,68.96761758385918,273.6223701771548,443,8192,75.55821917811542,0,5127.085227752876,145.68450863173484,4701.2282327669045,100.78673056375918,149.7091129500935,98.65928944283877,3915.6954617355505,76.50605847665427,40,benign
18.56567892949161,339.1207057493157,173.45623436318832,715.9201034774676,34.81233428005196,67.52442404485788,161.28504667038536,53,29200,39.33755797915072,14600,151.32728453174477,445.35289501649396,3588.97918004755,40.56604432196586,106.19786485106414,38.96236468242156,1985.8493728644328,153.54052917355068,60,benign
259.37095760159184,445.75171798262636,1591.6525931766364,20319.3547944552,216.88675664680522,927.1640257630035,837.3085975829927,22,8192,464.41501660697793,29200,9700.141179764913,1294.737622887857,1642.1190061358143,158.0731188710351,1149.4554052035412,54.82613108383989,724.412644637166,163.1182255544314,20,malicious
12.59150564008362,211.9260204644115,722.9136189297024,499.27094487023373,15.38951375748393,30.90133987511754,165.55785356090615,22,-1,111.18030268041831,-1,136.6573930485886,394.0136584561077,2968.314798512996,51.9186943596594,1022.6050662556233,70.53805321302528,3019.3388082914116,70.43802407676816,40,benign
5.2264152948768565,303.6680662289943,988.9696875515727,20.262972614582363,18.368910515830045,102.44303011115197,50.66290925591672,22,29200,109.10326785648668,0,5022.304078221326,1405.0529319058808,3485.4802370664074,108.85746893317145,710.738583294548,48.84692085159972,2618.914334095194,170.81845390870217,20,benign
5.330665567727969,258.59197851196234,1041.4018858466984,1622.756581105375,33.21625035127333,42.169864271006325,298.59327244024803,443,-1,100.82379029880225,-1,1691.0046938833384,1119.9297742304548,2371.6041376899398,307.18283618303207,1225.9644219204256,61.75180199434488,271.22204532431226,187.16200320697365,32,benign
8.255414019543103,324.0107250523675,1095.4047693780499,194.71060651485072,37.735284317743705,81.56910793712045,167.60701166039723,53,29200,122.74644432388277,65535,2146.0717392609395,199.68449285477675,1752.8397845948455,47.09850645246269,307.3414835844489,40.53245006815229,545.0169467703626,103.13889128851967,60,benign
56.71574839111793,245.83563896970927,678.5086298485585,830.8628158192191,7.277743636941789,55.92404224070266,237.06166733056105,53,8192,148.71371026608952,29200,1044.7655601137471,818.217639281047,6719.11938000529,59.577179089350956,947.0752071189296,29.845021236906355,2223.7274069478885,78.2622919168829,60,benign
279.9579489471353,817.701254853897,6656.171100985537,64293.044682342894,203.21337306543904,307.62986647411975,942.8095020887398,80,65535,223.7255695967284,14600,1291.997071206197,161.91330386443394,857.1904803069231,304.5743678741585,558.7211039721947,93.63856911011271,4400.45070174641,27.50944944796026,60,malicious
4.628940358341257,317.38583126334447,618.5938315445668,210.4949246594588,13.500165361823498,94.29875134006943,293.9694700293911,53,29200,63.788296158955795,0,2480.7437029560006,519.3431099250106,6295.027197438598,371.40697679827144,99.13281383128381,6.993345520693528,880.5796774545807,61.210213572421935,32,benign
522.2928342456532,666.948887095498,5386.050038519112,46737.24189186752,175.13658403787775,553.2735895268929,890.6897128976221,3389,65535,212.19906052948153,14600,1327.4250974566373,386.5790025026633,11431.769107093354,271.8754018053267,503.544521735138,71.46328661157406,172.87793254520693,96.30239721103978,20,malicious
37.96040593953948,243.05482396159496,697.67259886491,143.84258755783142,14.544745104865251,23.1408755004202,171.00632655220983,443,8192,117.48423844152397,-1,867.6193566954958,914.3690078255457,10509.450527388342,383.918165361529,1158.1502198695305,94.39017281271725,337.6429673117923,72.49632491392501,32,benign
232.45170009251987,988.197798840888,7443.3292999785845,28131.83707154186,86.25536331635878,976.6188373982002,662.5900872079229,21,26883,512.7916571533644,-1,1364.8805787871713,927.4803435473628,2514.8595343151146,345.49150299454135,338.54347717498587,53.0387336291617,1202.8897075290001,122.42572646507561,40,malicious
631.0534636606964,642.1728453399185,3324.969413648594,79935.93997841487,309.55589404055206,1039.7653392879674,460.0049817996737,22,26883,143.56239398448764,65535,1073.5916548612024,255.56838684667323,1239.8127326699375,128.1046275527787,273.21959708180725,22.04956175806575,373.07669592788693,192.29158223410272,40,malicious
48.84157222901234,842.425426932894,7511.56642962067,30055.66280892566,227.58413153951233,324.9498654934865,341.12191322546215,8080,29200,577.4282110809145,29200,601.2638361233126,1188.5894716742123,9831.84381122079,273.2247695066511,1387.704899344074,25.02201596126401,1745.8155058251593,142.39963811084004,60,malicious
44.949996245369384,205.1061756140544,218.43385918734322,164.51411336685712,18.53142330133387,74.95024428928252,173.95301852867902,53,65535,100.77047975403273,14600,5275.494131427951,766.2972115171718,2977.5744682226564,104.64735850226931,1182.2200896571048,6.4235175799036925,785.192409839303,100.06194886035075,40,benign
4.907753955134518,244.30472493752112,628.0457433033909,601.9974462331585,18.157910578410362,27.748684359717696,250.08614423038782,443,26883,23.60552217313596,-1,621.4569791073469,1285.5732152149994,2046.8996616928332,196.46035278015339,259.44150072467403,8.129300121453543,96.0465799641106,121.11252058445336,20,benign
522.8220543792941,702.012180177098,5536.773338704519,61365.696004113925,253.3845083422065,397.7898063069367,311.58398386443884,3389,29200,329.00449437863773,14600,1552.4242200707668,911.3963154706709,11514.317595645276,99.43930681158746,1323.6271061775897,60.21407669697955,655.9054976201909,128.52192596553846,60,malicious
21.579143389685346,252.9634020496682,719.2556653430976,676.9976685603302,29.842880815309076,108.99070606578763,104.73403844123648,80,26883,83.26175986389305,14600,736.6250829528294,752.8264382661848,609.6354962516341,271.86817674484627,807.4743611021694,13.825767449444214,1242.3198616508957,108.99597326802409,60,benign
57.84719082617559,269.71199065291574,561.1169284107744,446.4320049876041,33.39613350451589,95.96993132531213,74.7738464839473,80,65535,108.14154368459194,29200,213.7377189185118,983.9418130350751,1016.9177711080803,263.9325364346852,1013.9454302195536,96.70402684545196,520.7249789415514,86.24714529197531,20,benign
151.97751298939448,836.6576920560517,4485.221108624108,32844.30298257069,260.0854677264499,477.84988073520054,762.6682038915128,80,-1,366.9614030165545,-1,2302.3684102006882,1182.5454315343648,2990.7078283405185,278.571356322387,420.69161345363835,89.02115082167786,651.8594567683008,90.47089113901028,20,malicious
48.85257576404297,206.81009283488265,417.7805023175036,149.14772016168945,5.023726429498176,12.152058540993039,116.8542972941365,22,26883,139.33382802364864,0,3053.2776670610883,474.1876663563464,2917.365908661582,331.2712361265347,786.3430209837067,47.67651737134264,3178.378870355822,47.49501990198665,32,benign
6.898857227257293,201.7246162458318,563.1785808322967,121.97805084778561,19.35334889052521,80.83849004494375,89.45321163763357,22,8192,135.44760086072586,14600,1992.341124209306,354.21019756129493,736.7123527354049,53.812782503843536,689.6272394704642,39.20300939350504,1885.5916518882511,84.55592381120903,20,benign
116.02921709935718,1048.3293432208698,1707.6547850413226,8539.824189318395,160.40947291363042,1017.5167883979448,457.77394699025,3389,29200,411.76822409367946,29200,2983.805130092521,1380.9169678311277,1705.9732840151269,236.62686372564414,226.12733267929315,91.44876310398591,1216.3653111299711,140.04154011134074,60,malicious
9.102511911551712,266.82161524249216,1490.9107912010481,118.28305790178109,14.56725423375318,16.442324562482423,145.231929192056,80,26883,117.82376584068037,65535,898.0478193402458,262.67151633607347,2290.8507086261434,241.38937002706962,1110.386278282456,82.22748127735092,612.9658934530179,115.36421920911197,40,benign
272.4915586898973,628.0170544600358,7170.091029494815,25430.79107217559,115.05794523526149,268.09104879976803,382.76608790518253,80,65535,173.30460970144009,-1,156.29582401388748,1338.8823937453396,6497.329041807153,330.8631284876681,381.8156311499385,58.323519591297654,66.11508414227819,119.1027425568472,32,malicious
6.1477195087975245,266.0139108320675,1156.8318176229138,337.36567074594745,8.416373668565921,48.31049957933754,100.75260657645848,22,65535,98.28979103382524,-1,4236.449346541647,989.2429291922269,22930.47577373491,211.53029577006717,235.2301337159303,63.179824646938556,400.5497518181113,31.50155669309411,32,benign
555.7695312593879,793.1694689385988,7093.035130829926,15350.188607471404,341.56057728790097,947.812285750266,337.18212869653627,3389,65535,343.83444285907615,65535,5464.714719004226,673.3662060803919,15548.077711324551,222.74887703512556,766.7209854185404,65.5162194358025,234.15490660712328,58.52955250870536,20,malicious
19.17285856443999,234.56246452965433,492.28384677241957,221.74189166787943,11.650778880978748,17.977258902586847,243.86690239271968,22,-1,85.7356902400849,14600,1172.271580042614,545.2921959208495,5524.277630322984,58.873619868017755,660.6172858828278,18.724083630819386,662.103729271074,73.92408340914065,40,benign
56.75841526471487,1129.5916062752935,7150.22486295209,13883.057472745819,286.8865093068243,1170.6430583913402,897.1141503988047,8080,26883,367.1627936966788,65535,93.4120912242611,997.6766469258727,1795.218543773503,48.26183223914007,277.5348685501093,67.00547146234113,7.054364208214394,75.86259583411001,60,malicious
3.9775309099121783,353.3415859992274,1255.3696642762116,197.50060706874922,15.56196410497709,48.3732889150656,176.7469794234714,53,-1,65.31796885424541,65535,1237.576434798976,871.4358148518468,4042.6310430812423,378.9465297532926,893.8269796067455,51.135928460500104,2831.346878458772,66.42851622631805,32,benign
3.8217686794228998,198.78631229897482,461.8850921862725,91.45470197717499,5.409179697927355,37.87105397801048,274.59489558081435,80,8192,62.10849328191537,14600,690.3193099851231,648.5768165512955,2687.452251263944,88.164854491602,375.8257602760022,33.10759633942717,1137.4258863193552,59.025360534948504,40,benign
460.3774504345569,969.663235885562,6420.380013331876,2671.1845227660037,245.06699184427234,1116.1052152093212,426.6614765018553,80,26883,235.9883381695668,0,5221.788192308897,497.8960818455627,58.541815977843584,249.80513367815152,782.4672230327993,49.03244231225188,1445.3406909667897,127.73721015946407,60,malicious
49.8440077090352,533.5888758490044,5298.106100560146,43556.803939599646,365.2043035989358,1085.3985538849684,663.5581850539463,3389,29200,499.60127197940074,14600,1446.0436562558762,298.1871925228945,2010.2424792662912,277.2789428378964,175.57024241511402,58.80732656312264,2399.9618940418823,124.97673805572208,32,malicious
19.94523250827462,162.95903073204153,1273.9773219657673,1320.0832580259457,31.190702938414226,30.44858028987192,156.43821083536307,443,26883,40.818436588852975,0,4379.305666071563,1454.6879818689167,2333.894297870735,358.77364662998275,1187.3531626803901,41.14503229356914,807.741980488879,32.0087446945497,32,benign
0.703807715915266,264.7682416974833,1293.2217408233018,717.3343299179099,8.662262045921821,26.182696244994023,272.85149591819254,443,65535,133.33535273821857,65535,1403.219312776415,1394.4833689541692,970.0210119839504,233.31872511601716,892.2616687545359,35.92905280872157,545.4002941648696,129.17170556909429,60,benign
70.86540008696261,164.1898594685851,358.0039858792321,65.90092435681997,23.10878302310402,10.688542075905703,282.43467573810693,443,-1,37.926183329075215,0,2115.640141964288,876.181458053502,157.90592543762708,21.509223458983804,1067.9381368700233,37.022761210727026,990.3886857994077,162.1214909591589,40,benign
100.74915829340921,531.4693548520231,5139.5804947876095,8459.29258470809,295.8905327011781,996.9810636668468,481.5495918921091,80,-1,234.25669802511504,65535,2907.697155745578,326.0732825047203,2991.197032533419,196.87417642707598,299.8105613523465,61.486725002863075,1366.1331622179607,168.25095977934174,60,malicious
182.67766820215707,683.6495725016892,7480.822627590854,7950.817125347166,113.98473643854959,1172.0988863836942,723.4893392496226,21,-1,256.1449685156787,29200,3418.927011780912,406.3803341059722,30.835184045385414,333.10312837843287,149.06380949385718,70.30333732432186,963.7306998547484,54.44245939890364,60,malicious
194.49141508120235,753.4778847639861,1791.4815791641845,9468.727890980199,207.97245368951533,951.2959822487578,744.1381883495421,80,26883,467.6033485643673,29200,321.02205036986146,437.8235220629989,10978.862075073734,284.4324540727116,295.23331705003113,41.28422888551915,7163.973793347447,159.23481081310675,40,malicious
34.3240306049833,223.93907454435055,313.6398727817,339.1807561439769,32.54835090388647,93.3399795923714,82.22126364209824,53,8192,102.55503354332863,29200,2787.0343622653663,519.9340737583398,593.0630580069932,260.6367037492504,144.87570975745297,98.4059921302013,3663.381283552996,164.39215737056267,60,benign
10.318035710329132,243.41549965426668,1039.7631371494995,353.48709118381277,46.57924555617929,47.55982356076743,271.7395385914267,53,29200,27.133456570008903,29200,1280.0507827861697,1291.0575805914848,6367.018492395052,47.26924314647429,825.2680361863759,93.43247336364914,2044.8874370563917,159.38706205039847,40,benign
3.0009874357404365,237.53494827966136,630.3586447683525,430.1673827387983,6.039867347633772,96.3738287318575,286.92197613597034,80,8192,87.93583205928101,-1,33.109480954676336,268.4114975874843,3746.789697221329,206.0570992119228,941.2788991156751,40.229849943188015,8.168138760669486,101.77317913021835,40,benign
74.67092589808496,839.9449112390477,6670.511479334027,7183.25277330805,241.87301590233199,703.7374933973662,841.2418249192626,80,8192,434.98868786043136,14600,5976.793282191511,750.5033782305293,10321.475918498581,70.13826506016521,343.72115472253483,75.46317473731943,2670.579916898044,39.031418463116474,60,malicious
111.43878476384461,1012.2549989271879,3033.4075984245414,23902.354754067546,241.78841200914252,260.242648515886,677.0009414728411,8080,-1,391.71866363403353,65535,553.695260779321,359.09897801031644,1619.8390759221434,168.90385985585073,420.2818209873435,56.61718512207013,1540.4094140904483,66.59134467207414,32,malicious
6.526915579824006,843.3367359023313,6262.967606337855,6239.385756027849,136.1463623379028,945.7532520844318,379.10112768965587,8080,8192,127.60199239163308,29200,5135.961524703968,395.0073084137905,8737.715727356694,34.02327882067356,979.3783346076846,71.7088623761409,3384.0643696279435,187.51124585790384,60,malicious
45.59529645416899,215.74370280452428,570.6270648652655,211.0722424932166,21.68463770023457,27.92141061530609,244.72643098191406,443,29200,32.93291349549175,14600,887.1203194835242,968.3784917426392,14108.509405288498,120.7718104193052,593.505474226965,32.59006945961529,351.6233476798601,149.88175115799697,60,benign
714.8158228826687,749.7310029103393,6797.761164734817,1141.5740638045486,154.53817319961414,786.1171410095171,348.2973408444566,80,8192,297.8961995864881,14600,2890.6149779823454,1174.7196425219256,2037.232833545794,146.78301732559657,391.1591204324082,75.75895740100319,9725.379126311273,166.8322647083744,60,malicious
360.42339980190053,950.4716701530444,2323.178360568503,717.2557096262123,278.07018105830787,332.6617021186496,391.49811063458446,21,8192,393.8954778964872,29200,32.37263619850374,1074.8717565592576,163.65739291869681,277.7382319589283,968.9109422202907,24.282765297363696,496.8665205131381,144.62209238539572,40,malicious
245.55719099034343,970.1631610667272,6431.574940805765,18225.087044086424,295.17553062232747,316.54180734488995,382.0907172136871,21,8192,207.93033818815422,0,757.4798882652823,1130.8668630966072,9387.063291383824,269.5756858679323,443.7031315022094,11.826693399078426,1174.581902534661,125.43392645725243,32,malicious
503.2492573183041,982.1930590912249,7258.8437753492735,13298.854983183572,143.68302235858414,1063.4930595563997,965.4607339211002,22,65535,466.9775947003631,29200,310.85692825216626,551.8084774162276,1283.0407667686873,130.89230157336516,704.9525661526645,0.38366833328487004,5700.429554095024,100.15403124614052,32,malicious
31.663208452809062,924.0665143850454,3547.9085714783587,2235.791903564587,203.52666226203607,505.19398378314423,794.1407756715998,21,-1,500.29417556274217,0,15.821438300120265,966.7632831213784,3393.8270490857053,198.1266565787343,952.5896278046722,8.518060284513274,229.6113704752048,155.6927528769488,32,malicious
32.69609761379748,303.9945180566248,388.6921293970607,340.7064741883016,6.18439495858481,28.265836435866067,94.84443359332627,80,29200,90.5692847949116,-1,1673.3499623742898,434.1365348465681,4181.299210920336,267.4414212900997,1495.1523878543005,71.02307963472514,3493.6319802114617,53.33394886440959,60,benign
6.922240347461187,189.84327525948322,1271.9692808360605,172.9109942958091,48.52957516330605,69.21986111688334,277.8803088244563,443,-1,127.53313819192688,29200,1944.993625354033,1383.7983203301458,6796.768003234456,48.665801266341944,1495.4422178472914,68.18603573505986,746.6731978304888,94.25209416106135,40,benign
55.832683228477684,577.8638411711645,7694.516164848688,25829.01928856908,119.85994668655789,354.3085927007577,908.4803829719939,3389,65535,574.8985717147758,-1,6091.128375967323,1459.8141137414339,2787.73478501748,165.79116370167054,774.7833081711915,43.28404895270682,7748.252684668268,184.5112713476005,40,malicious
1812.0943415313477,749.5773287872111,2587.97676631397,25851.07048321122,195.06644381467808,205.76274389821617,912.359600410448,21,29200,483.5534842120602,65535,2720.8398994818644,1182.1493785724172,6053.889761067286,271.46649118932123,730.9776472791283,43.448209985930205,3845.978403304418,46.436857569675894,32,malicious
13.282943225552676,325.99908081335093,1047.1908673349717,4520.094733709496,17.271763210866094,38.14314089932739,154.822828707113,53,8192,71.29865265387322,0,298.6825515237293,468.6296260539982,4551.849178942499,112.33209821293298,108.65051155127594,62.989307295835296,710.5947948074491,194.32425726951348,20,benign
85.91729692424708,162.2323245758646,771.509660309466,247.23482631726236,34.29621278362157,114.45414655092209,54.13706023191046,22,-1,34.70813299298119,0,3323.4402701199006,1140.026424330267,1811.191276330713,138.87970456228425,1155.6706984809503,69.64932786067928,105.47027570378756,73.02314552230763,60,benign
16.317442927033564,196.4319051348696,1255.7809956301237,772.7319492847112,24.24074269314218,24.425719221581183,290.6652902150701,443,-1,120.10064208645957,14600,30.383284692757638,983.4610408176185,2711.7779499271464,105.0717142058415,1013.5689898366679,47.100913029501804,2929.8029787733585,121.68377646400636,32,benign
4.700142441187126,230.88943271605484,965.855639425589,1249.8233979209322,26.51209784837582,55.906322342331634,79.14177734176296,443,8192,53.873636605923366,0,1800.0391100376837,1427.3761131081876,5006.412540985751,348.54582130831807,765.0878028841711,70.81981613243474,5021.151721383133,70.32170315924334,60,benign
4.708353435103093,252.80947844785257,611.9749590275826,202.06524748826797,9.376331687233655,62.006406832415436,281.9976019350245,53,26883,84.15459041730156,65535,825.057724715143,146.69214638616342,7330.952866350797,66.2256533913048,1469.2304812132923,1.1986299333590855,2134.52090008175,58.61214478145498,20,benign
1.0322582701191954,325.37958060042865,228.32786315770136,154.6323544851457,13.32463022598604,84.94701624663007,178.85603570204066,80,26883,100.97254465054195,29200,2611.8769029978835,92.91844315873323,1274.8487530171685,350.14830498515374,560.5904668217506,89.0996490797433,3234.260268903622,117.88621408932299,40,benign
41.37025395525421,1213.9953378873881,4116.370946268484,11678.092345812527,282.84259967593647,1194.3383941778905,540.1646989730722,8080,29200,279.2752112228453,0,817.847295859487,67.99695227505643,330.93642755768394,194.078535232821,103.8647486432929,4.3435789619716285,356.0478444124674,24.379663196665035,32,malicious
299.8486284813738,694.759140844036,5221.072415853552,24835.45633274342,324.9763919017771,653.6353986526303,810.7314915553038,8080,29200,402.6701858920462,0,8026.3590031173635,1290.088459529456,6493.7993117762435,108.4334180854007,385.6595831472315,43.858714797204215,201.2437418866988,28.3619148557951,60,malicious
7.593611953819202,191.96090398401665,381.0410994614801,422.035059857285,13.153852149841331,65.31973821883432,207.48641972039744,53,65535,80.2961386191599,29200,404.6303375486195,1053.724817724914,1105.0890138638358,353.45145591029024,1245.4583944610283,10.988943452041122,5053.86821592827,160.83653232996218,60,benign
22.437221613308594,363.88652555575777,496.18717604408727,126.09022505279668,35.82108446635837,59.10333233987175,123.19859690050865,443,8192,94.702312856803,29200,2628.00686800917,1031.1231190609985,10805.466600335438,379.217854369733,377.5127669951467,3.602400045061871,744.8621771527033,23.265125629683983,20,benign
19.52608807956809,226.3810319869628,1217.34083833321,224.10780642739604,27.750999910979544,24.314225204300236,235.36318102086244,22,-1,132.58531039987133,-1,1896.045424480095,1153.049037216471,2358.46995452423,390.6346626000493,120.97200562943002,88.37021611661906,901.675475980022,160.54397876065903,32,benign
377.14763001160185,781.9606551129281,1913.708500157102,47818.927940946174,366.39701687974576,719.0153780644179,505.2630001366334,22,65535,448.5350181679855,-1,3114.7095455113545,1461.022443384311,7314.089425470806,44.24625167023751,1120.0740684284306,80.33403925793135,1323.6888099708128,185.76460956131126,32,malicious
288.15889792269115,657.2698316110434,7762.112206372707,11970.692748397261,104.73380093273519,578.6761975545442,837.1450454796104,22,26883,332.9462196257613,14600,3217.3649743269884,829.6764035038916,1569.9713399501525,358.990050928153,418.6452819297685,61.702552473749975,1222.6329460688873,106.02816103000613,20,malicious
36.45226951331024,223.91827344917863,1029.2870027876156,234.027770719379,8.615036531278005,31.04699625547378,97.18653207935888,80,65535,51.01001743606115,-1,5353.374060901791,571.7386552133175,4738.36833352571,104.75161165189334,207.4896105368244,34.13083065323429,1201.796408179572,108.67509410827269,32,benign
45.344296263712664,170.50016884160596,605.4315324197529,1307.1988837347124,8.62282437666393,102.19081153909431,235.52654644972768,80,8192,130.38918161930138,65535,3485.719507811325,371.38307425809467,1199.3543670396602,65.06072409160487,1055.6048274680857,53.265282880235674,1292.4511372850764,40.76776701884282,60,benign
7.228340566792245,285.4422201982546,1278.86303628384,675.1593272367189,34.9933976523113,71.60528010758966,199.7024803647917,443,29200,87.48024253497438,14600,3188.4971168171005,141.2919984304124,2828.764372136413,195.5231308257514,169.65830436735118,89.02224466548526,822.716609073845,128.77706416893693,20,benign
7.626560225027221,294.9492228221875,1283.465818050171,738.994074858134,19.966860839773474,105.18691529358698,266.64717641178635,443,-1,149.12166556197656,29200,1928.3867943286205,631.1149300371184,6388.995577593258,107.97145137988544,196.78689348764163,21.44083543718349,2977.9509342871447,147.14506060441806,60,benign
56.822808738218875,283.11227984865184,901.1672992316761,33.538039140009076,29.320148020302536,109.1892952616686,261.783874812126,53,26883,46.14775103542376,65535,88.88276984515873,848.1367326865807,8203.004800806844,98.17473714893028,1346.3122862635562,79.42780872560532,4991.088525794334,139.79520105964934,40,benign
9.895853572375689,284.38460181992673,258.68172963841226,437.9334315943158,31.77100212621525,20.323145325206134,144.08520275171378,443,-1,43.6110271996455,65535,323.1605410526179,1108.7271361028913,4844.333234819152,93.2081998559897,1269.9135461588173,20.766323809073505,1330.9724826895686,188.98566772768683,32,benign
56.62685466662736,287.78061669113396,204.94254000487763,271.4107904869596,21.96970570318163,63.83205792727254,96.14002671082787,443,-1,148.9958351067545,29200,610.4630273206469,1466.2850453697577,4432.723648178262,232.93617275734692,674.5469191633898,84.30854572982047,985.8325727291356,86.75674169226005,40,benign
148.35443924107958,952.7955447973861,4095.1157747256257,2420.0341596932612,224.50905103286993,540.1826719631628,486.5808238868755,21,65535,243.6080748898217,29200,393.0072126094246,1051.0758947002641,1137.803459126013,239.3068412869802,540.0812885399988,90.27872267389196,4009.7290207965957,94.39791086244938,20,malicious
262.46181273308304,1025.281526105116,5851.420782200364,34074.95397868584,299.79306057345923,587.7161699323535,715.2689215198882,22,26883,524.9544337123921,-1,6806.2863688489015,548.9595293329114,50.37916681826881,188.18667234484693,909.5953338331136,54.20827527500901,288.959925824749,64.07318687087752,20,malicious
11.601201812998575,184.0451940812497,864.3049889199153,24.441044896128894,15.722281749476812,77.76209730044098,275.49665787201707,22,8192,84.64053486073459,-1,818.0692989524333,51.20751137652061,1179.3098385098638,42.57198968021374,496.37454371522244,84.43837686912775,76.81982778440683,161.97816452209182,20,benign
17.555524910876382,268.59653048352993,277.3897820371451,1049.6386357853835,7.3375512736825,118.74059148077191,174.96326883932153,443,8192,141.72545823292,-1,1539.7221915855755,1490.059432082488,1045.797094502096,115.6839438076034,965.3187574678465,73.24914309770925,1117.6737220016676,196.57383238959403,40,benign
632.3137164496785,885.8492628486415,5604.913173692873,32141.682606573828,268.2056462913688,1043.0297868480864,721.2338503255746,21,26883,279.78567561822473,14600,3243.0599710416177,1265.034084166088,7505.5303011201395,277.66367225693773,996.0204538283311,98.25565437818065,1523.8168417741297,157.04867060755882,20,malicious
127.34394032217307,951.2292651087673,7987.559656488413,48248.7502280331,157.55594328474234,729.8018007985764,363.47458170230857,22,65535,453.12543052570527,14600,29.704960651118437,413.66775816911206,143.03940136379242,383.41400270383195,1445.5141142161356,17.15601234695501,1246.0879407373445,186.92586566590072,32,malicious
6.045285876705021,276.0799232079793,1070.0409292565919,704.7585930120417,7.815651418590191,96.97305468871927,293.4218562697408,80,26883,24.203844828943406,29200,2231.520586750998,1267.930003804086,3452.188960809835,217.33252614140352,1198.0637110458088,45.77079993852574,372.9202512452302,199.79469142999662,32,benign
2.322965687789079,152.19000139370218,349.5267062938495,631.4969947883859,15.479073082307446,83.13914086468668,87.14059539776198,53,65535,121.81797624325371,14600,361.26985224699285,830.4928157991407,2057.7257804198593,156.7271423034037,485.07621957522485,23.800555378899535,5413.502485612963,26.37900883116862,40,benign
6.221581274652078,354.40854358795764,1157.2555092384114,916.2918353764709,10.279545971388355,14.203732182760545,232.1984788558979,443,8192,90.58580973966852,29200,605.9766179347462,1436.6970644421303,1350.5481921252817,358.67719443945816,585.926990640387,64.57191539606465,4968.545371686418,91.53476567015782,32,benign
86.37373820792901,623.1493017366066,4563.6336371530415,15733.706506691908,252.86186485352115,437.4395736362263,486.5576069198321,8080,8192,375.6430718130343,0,6070.488133687373,1487.6961145150267,6830.314752355078,238.01080758729674,888.85643869485,48.71118617662046,1441.769354230066,185.39287660041518,32,malicious
33.62560398594574,734.9565214209368,7690.901649917447,50342.08857996794,284.31192006133756,696.0815185049379,939.258033018285,80,-1,276.72120885367536,0,2447.9079373803447,600.9117051113099,1485.9995420365779,393.3981973620378,1155.6355017342491,52.37620515189101,559.0356081560093,159.02645686587798,60,malicious
3.5664706452584847,262.0574397791365,221.96527309116215,34.59551527784802,32.67641012459766,51.187739394238605,132.94478755352674,443,26883,29.624514053273185,0,608.5060071009074,353.1752166880623,1506.1048261892008,52.35964162846163,1457.491513035565,30.352573788058766,1603.8229059780713,151.84638362471705,60,benign
55.3216111391469,194.38635224616138,172.64230089706345,607.5274633856326,11.196536334547613,94.4335121856015,130.16701086030236,22,29200,50.040358872695506,14600,3864.07565922981,1135.061759272615,8691.113135413743,118.30946592356362,244.5417356892492,70.00787481189137,3652.637123526327,70.6601200246755,32,benign
287.2951439222145,724.7868298204654,1937.2795545720412,31208.184741850862,278.5669352006913,528.8132723906764,326.1910003523937,8080,65535,293.6016879573575,65535,444.6800215449355,390.6536551193455,3080.2400370390433,379.19945623290005,1281.5191687747467,49.93993823512191,168.31529259312555,123.20014843127957,20,malicious
310.52585732055877,827.0244479906472,3946.4049783709143,37638.31603446132,222.72052977373988,591.4287461325152,713.0693498977801,21,65535,100.15288213464582,29200,597.1618048635858,221.21363084340433,5753.016696565314,332.5067842668251,555.4825009496238,4.909768487785793,5455.726043391311,67.58769348919964,60,malicious
120.36656447024792,973.506240998516,3003.4125127044326,31764.543519850486,259.61903408787293,647.8183227584318,861.157310484036,22,8192,180.1395473187108,29200,2783.823620588772,491.0451039050089,27092.65817780422,273.4868885052322,608.1084056790589,90.63105132996701,5404.031924422296,111.61929833489216,32,malicious
1.5346002898396245,250.78076646246996,599.9594082200954,225.27493452846187,13.099508009280962,12.996324001049235,116.45882912917223,22,29200,46.41548211309682,0,716.8188884791092,890.0566767982303,6152.788464423089,83.00230505117318,1410.5636338771428,21.02667122574876,352.8741819991318,101.39754040230765,60,benign
6.972010111910097,289.1359177516132,107.39624490722753,2138.8715331927515,25.3864189765661,101.3361470805202,53.69265933519031,53,65535,24.244637996611687,0,1068.6656088571422,970.3197829132737,4729.579963926604,277.17167652872814,306.66652515751207,78.86437340547582,3716.897612948764,103.48139076318247,32,benign
113.70291287917468,286.4267476793189,129.67704270415217,188.9959264806277,20.565819043084318,114.66598247727077,116.44834568965463,80,-1,122.40666351061262,-1,833.6832408226062,547.1816103814594,2239.683111889717,26.612205252528412,491.92866798502376,86.62848717757548,645.1550686974495,195.83798017312938,60,benign
885.2366473908978,721.2218496131296,2322.603198188676,26843.00099186603,311.7594796525801,376.0908073074151,363.17860781012365,21,29200,334.93963404656233,-1,1267.6306647354597,1142.8494612185114,1389.6619131389648,188.77137559670365,463.8398469811874,37.679780321182385,5934.188342620049,55.96919761049116,32,malicious
92.16893730169242,936.4060024949185,7622.010745054955,10377.850517351666,310.4269729019252,431.3750604402703,574.6833173107709,3389,29200,443.9921498775628,65535,1263.5451993087604,276.4625744070722,783.2972390141781,285.6211207856024,232.00684274540706,91.6834424598099,3270.1007301114823,148.7977654035566,60,malicious
31.35838432654079,88.27251265909379,1234.6919342475976,268.01262632769095,11.013513899720433,116.50697944181762,286.57850925991005,443,29200,49.0661649063519,29200,720.4701891764789,708.5567890427897,5666.340047470104,315.1687294040238,209.52180932538943,81.28009568447264,1923.8256688475594,127.53174629243719,40,benign
18.8255326554068,767.462915412069,7990.518594325305,13651.963361969094,306.474473706552,1164.0328164122081,555.8927277571372,8080,26883,369.45851093830703,-1,1110.0112009980737,1358.5774538809503,16470.06837036679,330.2344761482067,1406.2150811734589,76.4342210139049,440.1723872230015,102.582760445401,60,malicious
1044.6211621755997,1055.366000042867,1515.7961488558285,5967.157272467029,284.95028546516784,643.0307977934593,714.0781515705007,3389,26883,238.7487669385544,0,166.6517491539885,857.9264613313428,3921.091408703654,296.5615727569324,232.92656466074789,77.99510079154982,1999.0520458322017,94.72625183245019,40,malicious
2.368033026365117,157.03960928004386,302.7827795758216,153.89217405753882,49.199375380619145,66.95445007976434,170.4679834524514,22,26883,118.13290804439247,14600,566.5473599267375,1150.8618834862698,2731.6394046680066,365.2020861043531,1486.1358193573492,43.86346972274138,339.46998396324875,41.5904802490692,32,benign
841.5689623944697,901.5808673646204,5462.300727148091,9002.877344611716,262.8262634550606,1184.7401366613808,348.51466982675515,21,8192,196.50726454929003,65535,552.5858067339445,1452.3663203265291,15480.3678381127,197.84687550952614,314.42651763798443,38.287636671021396,909.2214363633628,66.52612418769118,32,malicious
373.9977909297738,657.8337967138407,7600.387855918723,15173.422880421158,90.44290063185531,1038.3141352637376,746.2078051753747,21,8192,420.60689920821943,0,7281.374345737439,297.1261701965425,1643.7260861315165,173.56902407687275,1358.9187254499311,44.86518263245104,205.02285122222918,33.38687679096382,60,malicious
11.139235064583952,281.99459343960456,793.7283948713346,133.69815211030377,7.760026749822957,110.98402400003712,139.47626344897614,80,26883,79.08911738730978,65535,2673.7543892128456,1060.0757924224592,1830.0747476277809,381.266539700467,450.4903751623674,71.62487253050625,657.5927303462317,116.84780794037586,40,benign
20.331867383912282,262.21619876840555,1177.6028075536244,245.64610202035823,37.03379498766087,98.89819871059764,143.4134997287008,80,8192,21.43197301077956,0,795.6628149744042,1277.9459126112167,6661.427512328029,142.84913710468817,427.0837674550195,24.414202404546646,337.14365175472943,146.50948053415004,20,benign
32.831875451764304,262.53454833660066,462.49582258012396,121.08153781440915,26.767432777993157,96.03150114437382,258.8991139898831,53,65535,139.41218790665954,0,2579.056728703856,89.12928040833664,2411.7457781509934,69.77142385740886,1070.8818128753992,51.30891064677241,1474.3822020056946,93.74218815526689,32,benign
269.27797008892065,1045.5098203436128,7914.171499155806,54608.98137258786,396.65800462042466,547.9799169995059,825.5372336524192,8080,65535,262.879875465086,0,5124.72790367502,259.1612857295366,4776.317576686855,96.0848430938662,1022.5187650917711,46.6515390340488,2221.4524627723513,177.2909915700268,40,malicious
272.43522058598256,832.0145868313955,2333.973458444766,1896.4397241893478,225.84312085282158,416.4037138196787,956.5631682788929,8080,29200,331.38292681097107,-1,511.50408236517444,1268.3997970101975,4759.973324618076,282.5608355066309,866.6279933692264,46.4020868419475,368.9119368413111,180.8912976148865,60,malicious
584.7502860970918,1056.97490128551,3488.406410961193,9419.264970474835,350.59990957886873,623.5132942201881,891.791322299677,80,-1,130.36645685695927,65535,2497.31012599466,1275.0155389148688,2213.3768424969207,384.94525984643184,1021.0577763655065,61.328977741963044,2025.194175904005,34.9505769467488,40,malicious
4.031861696247865,274.9023473884872,141.82330640392334,1842.733644705256,30.423418587948962,37.44723698455845,132.44346584291543,80,65535,32.09445597578833,65535,9742.615866599546,1169.9498660376587,3260.6684514665476,35.880182609605605,1199.9158740379255,99.32837429765907,1963.0400794632965,149.69283846543564,32,benign
22.440456311582434,271.50395796202895,1387.46298983966,160.1611897020226,23.76724182979145,106.97808613131306,173.2953488588231,53,8192,39.16449386485874,29200,842.3196530060646,230.06933942298778,29597.26399695316,24.212995440226706,923.8421573996566,94.95765981543565,97.48288674879197,42.076896293242946,20,benign
258.303355369939,792.8008310631989,4815.212127751114,3769.0684897116535,92.41854566815422,1130.1742577255154,336.3254589008749,8080,65535,285.84236840411086,65535,6807.3151382767865,259.9781391275785,12639.519401393372,386.7941564319827,1407.5163995628143,90.65132074264723,2256.3690026415325,27.764879045211107,40,malicious
68.78427346608147,245.967794989201,270.0268094260573,58.22426037529822,30.749772474540755,75.75502359896423,289.50797486513267,22,8192,29.748379919436424,65535,291.99712399269447,716.3576237577486,395.66358876992774,187.2569660917058,1375.292717792855,14.669579231235662,757.8630401860552,91.19072005462202,60,benign
30.308581190493303,288.8567187162534,1106.4942075550089,107.98828125933304,7.593578064496466,26.475018653386577,186.32260642872453,80,26883,52.70066321198499,14600,1603.656355191304,747.4298044248584,1987.1356667293896,281.9505802835705,957.9859621450648,58.894249681660106,28.989572457891366,149.1112432798223,60,benign
22.185892388858054,109.35103707025627,876.6977335910648,39.870340347896224,26.64014597296461,109.42925383259774,81.61196241737437,53,65535,123.60572588638271,-1,5545.5118110726,219.1209529497524,8366.69667465857,151.99829976010983,603.2556357602431,52.28700427747371,1312.799720199766,106.57046845295692,40,benign
31.787104655643756,236.15756504043273,1001.3661524365144,681.5802851298287,22.597388554994023,58.581708104462244,189.69328614087695,53,29200,134.90938781499665,65535,1844.4034285495677,1413.0856924035743,335.2163010185726,65.00526739921504,513.8143866970129,87.36150558995331,901.5705343216076,142.83694990301962,20,benign
252.68809246599395,435.2511185236599,6310.882941006331,18199.58122541708,322.5894542791048,1121.0626669821997,995.5178918847762,3389,-1,286.78006494275144,0,1290.5806225006856,943.1500944842927,5792.423976156523,139.74618826057136,530.5920390344374,70.16823781474787,3122.117106388625,146.87325188624607,32,malicious
0.522571954353356,273.67783963310205,1320.419487583544,183.8344896635653,19.350535114413066,11.612249608411265,111.58587362042931,53,-1,43.98250688388734,65535,1101.6502612987877,482.82579496505616,5156.885806982541,273.21697470574213,1460.1093085880705,86.79164276912779,1671.5155842855397,43.30660011528335,40,benign
224.31857372388905,771.8123116065929,6761.337596022326,13817.067155640334,120.69879314112694,375.08221374478705,664.1841056239559,22,8192,525.3641817202649,-1,668.7047084549771,1394.5825555917218,2975.1492659653154,259.2665628820348,302.78540440854454,15.291036802103408,436.62594415408046,140.34472172290253,20,malicious
210.87982502982948,837.7211036412167,4615.635753999417,31288.216910755596,251.77940239456464,1041.5297435407092,939.6793861303471,22,8192,473.43817078404635,65535,797.8194846020772,1232.1053806924679,1340.236776834883,278.98534073374816,1459.871384790698,80.57170131269334,2242.356663755252,181.00441826238554,60,malicious
24.67906148556443,810.676285177903,2154.073852505545,37812.386081831246,228.3584757523136,851.6472209468159,776.2410259953742,8080,29200,213.33907095552655,-1,2217.9924577080774,1436.663383580333,174.54477761475027,234.73199412776097,552.1620616650077,92.61556571665776,2885.4577277302055,34.876954828776675,32,malicious
459.3829439733437,884.871754489565,3193.716680034215,13359.427917037156,213.07659807759796,465.16434135881264,563.3676152118098,21,26883,328.4948025097725,0,873.7637901619192,334.0964509008802,190.97058444309567,283.1039971570658,165.28615663449557,53.21444551111971,2151.123294381441,50.299959760694335,40,malicious
1.1254160077447173,206.2304130025547,896.2291793937707,104.83684917171962,11.201428964142924,119.77761887611186,291.0228979774608,53,8192,50.38538862673339,29200,145.36389988622454,1058.0719297556736,15972.892679237852,121.2838935645126,1024.3941818952464,69.80816461373401,739.0946863549169,159.9678979528801,32,benign
114.07708391805949,676.8625072704406,2337.915523583431,33822.632497775194,164.87968749822102,1150.5064521781178,992.4555001095039,3389,65535,447.7340580745685,0,360.04073700150093,1372.366205881041,11712.146565814035,225.31833791896318,592.3451241630949,87.19340083876918,423.78143101147043,197.0360405535858,20,malicious
969.4440213628214,854.1239179111309,4888.02959154491,33030.098305441286,311.7709837821799,386.1146123009719,578.1400292958705,3389,29200,243.92392351471517,-1,409.7843478132517,1460.3001722384854,2649.795433868073,273.474550608448,856.7839119017523,36.73331489753138,2021.6694853469558,172.0301785192709,40,malicious
6.749449308205778,329.15941754981327,1482.3713105778652,1531.304026464138,18.336685965001614,40.90273864442332,168.311472291447,22,-1,68.42634685446578,65535,1397.4186795140106,1161.0688051667992,6543.561806819821,21.802301991003137,804.4243031750456,35.79866190715861,2119.591202102688,65.97196208029506,20,benign
55.85659315487702,682.4817253763835,7248.0652042153615,40235.131319620596,319.9263941378126,924.52193319784,578.0641985514513,21,-1,565.4412522838948,14600,3465.5010361277864,595.3899910554701,11319.570560934708,85.01812308205217,272.4721823666685,71.73029346708306,438.7757788501741,100.7110949679776,20,malicious
182.93387762706075,985.5447320171116,3081.053476394999,35356.055809639205,233.88656615547174,274.97827526058387,580.0118463960816,8080,-1,330.28912801759805,29200,1722.51995691388,256.2914186811975,4064.8261173193273,224.23423934269357,368.3437155007093,69.69355420319448,2370.8549077858515,129.648694429346,40,malicious
75.41416685916867,233.9329611857219,534.6250827831104,100.63742485356792,41.6948483828939,100.53095016145461,110.61940871755948,22,29200,98.92017703869563,29200,31.372769886744166,1444.0720320330274,252.15936046766595,187.15751770071392,1244.5882623097368,40.281148764424934,3431.7875775073644,70.92571240748853,32,benign
315.02824216866327,726.4561864496519,7836.516561518759,31985.293534400615,294.9328820786473,546.3076761061936,799.2348317147336,21,-1,373.46498755141374,29200,2197.0265033164665,642.1366091001951,8527.90626309892,359.87936167171785,475.67974818025425,21.53841994138226,755.0773901725615,98.62687735540413,40,malicious
158.731384296818,461.2008161753653,6795.5201899232015,56210.2515836709,200.41249690765412,413.55103068619815,303.7558981097238,22,8192,464.37964953539273,29200,1394.437776567396,159.02910062368483,6513.205432915853,244.35879812417082,624.4942292024369,43.71850173607,5715.144431543252,188.2539132523851,20,malicious
1071.0753538957365,986.7150485298373,5654.700681945427,27704.60940425344,213.86400012106526,516.0126962165718,677.7334525552917,21,29200,348.0187550891285,-1,30.645895197421606,491.4279593496116,8725.24460810876,97.76913067470208,978.6452032630623,26.365217940306785,5116.094532946787,116.68523581478195,40,malicious
252.09463302316618,1060.2615876947175,5609.889549463505,18141.501117523836,215.92364368598476,901.282125476837,462.5651351347317,80,8192,242.93341682668648,29200,947.1422768161347,638.5798521654407,10716.058510653043,129.0195695806279,429.11316373841277,56.79682671371976,2914.645723324279,87.21969070046833,20,malicious
484.58589463641283,916.1203001089657,6677.710035754359,8758.52953558194,336.85132206678156,595.1077662913101,882.929804368153,22,65535,418.41027564504475,29200,79.65941463463666,1145.4907828078312,1780.1006021327057,388.31253942799174,664.1639781657018,47.961255149819785,1167.4759394685273,139.54866050010762,40,malicious
28.9648966323169,264.38772005985106,921.1541575271333,279.3765977167273,41.40273021802005,18.244287012403234,63.924737338496946,443,26883,24.511893910311905,0,2688.677901967208,554.7003144534135,9392.589936316945,337.73782346751454,121.20723401254237,37.974477892994074,2044.5411367395145,101.87348537714354,32,benign
16.642331659062492,238.090117569901,482.1780495090417,276.63028478834855,13.844088566449699,24.52923905981869,136.7182731163354,80,29200,56.08123202897298,-1,189.08988543619313,1005.107761679331,15294.191507891004,163.4274047762356,1312.979190114229,95.14203833094,2265.7025391968455,172.47191830912013,20,benign
9.570571153571729,234.8407314554506,839.8875404242701,355.64822907241677,49.20307453322838,112.99592862883773,205.83199660648398,53,29200,109.84054380609886,0,76.46856682865445,166.35383446893206,10001.415057160284,394.77561421850487,241.12041237571293,36.917045499410925,116.07306406228281,33.48385727428668,40,benign
15.38494499039118,252.49678322580957,1411.35869992535,326.1720206619608,18.863252906382318,68.29525987066316,169.66246941367572,22,65535,42.44577450289434,29200,4221.162125342515,167.40573106384426,20910.047520197742,368.80856356469764,1084.3949747194708,40.666123493828024,881.6183493440245,151.16838128865288,60,benign
89.49204228386226,819.5047474559859,2162.7557041841596,47002.39832408597,182.1677786603085,275.42248704480636,785.43321999409,21,29200,208.02113891098162,14600,3325.3281134269196,322.5891210528386,5040.710074080254,114.06505177151713,545.4094608018025,82.39501535561183,441.3779978869698,86.76173706596714,40,malicious
15.787123810858768,237.38890946581117,320.6730625653314,289.132497085319,21.815093803516238,29.485268552520406,250.32860157800542,53,8192,25.65570442906233,65535,443.0343533069037,487.77099338464177,2614.516004066942,190.1863167732532,582.5964408421225,73.49952313364709,1282.9848082308088,190.75030571502808,32,benign
41.783997364749574,257.3306222484159,969.1961672577235,706.008041982616,47.4939373060769,37.59271024493428,216.8555866039999,53,-1,20.207114950026053,14600,1905.0473363203116,1390.6612798624858,1911.8295723249457,183.02747663973346,803.9032639694177,92.5546123467744,3205.5981294835183,199.05257676017033,40,benign
231.74334782184712,985.1609303752998,1442.975993954569,23442.14830793179,334.7820921258721,1040.795609869026,936.8575879800146,80,8192,563.5979992829512,29200,5331.82970047207,180.9115898154434,12121.592563245613,37.96545220896609,168.9467866945264,51.426489735466554,371.87604663544585,27.458826416622692,40,malicious
49.27567147230537,582.854456803431,1451.0224582081996,3040.811307998781,86.01637385873211,424.1604681249984,602.7277909463814,8080,8192,439.8957626974782,65535,485.2757942170046,114.79190837925887,1035.945739707295,294.98461292693565,503.7293174914866,96.22214613198291,171.02564366911542,30.28444662463736,60,malicious
237.11723474801022,1005.8446843899078,4215.23638443572,12194.47696558262,233.27149779662005,369.23690445307506,374.5582601839607,3389,26883,103.05524048612172,-1,1333.075387693561,249.0427351897247,3244.808970364644,31.954690124698168,1159.5536481012882,4.180807162847355,10274.09514299271,81.30759409912811,20,malicious
214.28000286143103,936.6319899739126,3963.35771863967,9386.051840105607,146.98271793950082,607.2226315848177,625.4515798735804,3389,65535,411.95681221568805,14600,1367.9813631798518,764.2917030699703,1350.434183848767,222.30215528329862,1461.6133563165404,21.214972071598293,4086.448349324285,159.99521988085993,20,malicious
1.6309134471803077,272.967774593273,1276.8989172335093,62.18153529814157,25.711565395447195,60.610835293736926,209.457909115561,80,8192,38.45367650135846,14600,5475.1942515532355,1202.0139650331366,11614.195541517378,337.79557694157137,406.8898164454725,8.329407943810885,1484.8610834151682,27.884343232267838,40,benign
2.109551321907507,1103.297657364461,5331.658624410698,12794.352823903884,374.18914374012456,847.1443424216745,514.5576244308701,8080,8192,502.2785358093864,29200,3818.065914816458,1469.9272300426032,4181.082197866477,217.37217495861094,195.31550182052212,13.053044402393411,1658.9261583455805,84.39584637167431,40,malicious
27.60409595307675,585.4918264652084,3307.73248150073,50626.5879274512,233.47916165645927,631.5668261724027,595.0811715002062,22,-1,258.4972046820927,-1,1234.2594479666507,478.60143614075855,8869.805914552077,21.92577336337795,1011.9673093424354,94.589505912433,2344.471158979576,40.202145284384116,60,malicious
406.7368382775058,748.108347957919,6186.395829682029,17592.748294936187,266.2225152670216,403.26531267860025,588.5700498600314,3389,26883,231.04850736643215,14600,2559.898089207619,885.9370406838386,1617.370616984406,259.3346671271096,948.3282840955543,66.41230747666867,682.5526572707341,27.064037603430403,60,malicious
32.02269076395772,326.57359502203786,204.79174627237228,165.99337455396068,18.313395226043426,56.1183678775,178.05887270705844,22,29200,144.16702368788287,-1,1295.1242672221842,992.6120921245719,17278.543876945583,304.50723960179437,617.7424742651305,10.503524945470256,2023.7478198890133,37.33916089866547,20,benign
467.255660392989,748.5436757835544,4646.719391259931,20985.713683233927,335.58274983018725,970.7117404320632,767.7326163761841,8080,26883,344.9818363944879,14600,410.23433566899695,1365.5287097950286,8995.03155507363,283.4491494434214,843.0627141999765,53.22335136184041,3351.1335781983107,106.77297594749707,40,malicious
28.528149291953696,283.8388433035325,912.271661702627,249.57229727585994,44.99365801959694,94.12326306066215,90.60790485016769,22,26883,91.97189458806841,14600,444.20937763130246,1108.0771479789778,3101.8846543338045,327.17914760620783,831.9414697509143,95.6316682439485,1329.0774415521098,103.02399079565342,40,benign
27.077604208370595,282.31080030769834,1497.7801874330492,579.6140161123518,38.27568609675845,114.58929437985363,213.8258744809422,80,26883,41.23361354101534,-1,1539.0653402952626,246.1465512409052,18270.855712181088,108.50732248165501,167.67807819817824,59.76312780168994,1619.3716508711855,126.1972921440117,40,benign
233.95490149718836,783.0753858882782,5711.453917373408,40621.27728917177,145.46179379656283,454.99328100074433,721.4079484430566,3389,8192,578.3960983340173,65535,4396.842485181318,988.0508996051242,5093.2384493505715,48.94482233532819,1386.6106819858135,57.230477672285964,794.2849403348046,72.21285302697189,60,malicious
572.6946153057617,1084.019656683364,7879.077820405368,11836.960415949663,279.27008667933313,980.4947037649063,480.9468264138807,22,26883,201.7821365593333,0,4174.888146209375,930.622254333532,1190.190748462476,394.066042647011,764.5324235647549,39.60872184225936,5519.863018145968,133.53296527846555,60,malicious
385.53607612066224,962.692721255658,6761.338873666407,18865.02539619949,110.04776303487606,229.23924306456237,424.84407767812957,22,26883,233.8186790987505,65535,23.707973648271064,588.9491393722643,454.63163753381434,185.57424266853835,199.09806685221017,71.0156504448073,884.932825720676,142.3284508745125,60,malicious
6.1798801200175015,198.0936405969678,942.0421592374579,676.9560412658678,31.551055791183668,85.03388673632013,247.03750010542873,53,8192,135.57107254116409,29200,610.6430810072757,562.3670540101356,449.2540627030821,119.33317707783985,653.8051510565243,76.24526067775619,1777.5137466447245,174.3270729689827,60,benign
261.4759982741567,892.7025452055391,2233.070865311104,113433.22842826326,208.8119726094357,743.5900971265586,862.8587978863889,21,26883,313.477415020986,14600,3997.0342730274456,1348.2928464300635,1675.8765341086537,43.87017371934864,1498.5251840035826,2.0481301258470364,1237.069806915219,90.01311592552905,60,malicious
8.286897482386914,233.64495662089936,1088.629938611498,141.62744105679892,20.660682720421825,103.62095509083302,159.97032178614677,443,-1,60.63515673711948,14600,2515.583397843722,214.00054124567396,5561.671538178143,176.78348157828654,1173.5588825639798,53.80274026550714,67.74508220376983,171.3207105010767,32,benign
1626.2588043363724,985.0293537925656,7569.464832431009,7032.411181756693,182.67631116261657,791.8218257150235,587.6966125430747,22,8192,248.08865181716817,-1,1085.9000845750595,674.3468175323636,276.83651984305465,194.99757056749448,1423.7154722117648,99.29720291747851,80.26603373460455,193.64251269243994,60,malicious
5.0643530557650305,241.7361235506253,899.8286051087578,794.1646456678616,34.72581403483275,110.88412183270708,129.39706100704203,53,65535,136.86680586051142,0,3149.4224221034906,1159.6829684615166,3225.7305233460233,177.77313736062348,466.96937878147327,44.004622984033425,7189.044703211879,143.13527539885993,32,benign
190.01669620588217,1030.0538125741273,5952.933960876541,10578.58813288255,108.99758864838411,939.0429269781,973.8321664923901,8080,29200,255.05976845518194,-1,272.8615032745074,1108.9982838567719,5016.687199941433,88.18030407130718,519.5451602837525,7.942165776660637,2311.79470735969,90.6650278452917,20,malicious
13.334044783808835,245.9700528274707,1239.1047169494625,216.55340212679877,19.24141829400913,101.24482321738368,124.72295717631216,80,65535,78.14539701190206,65535,560.298431048128,311.0200870419023,2030.2585678439468,51.33140548281255,1426.0143555475215,97.89663924456904,3461.7210125412485,60.292668137754895,32,benign
132.38946112355615,524.2340578425135,2588.9507571457043,6483.537613428214,311.74970278688977,587.2602532179516,867.3729729616532,22,-1,304.6716083069065,65535,2655.4509356662156,757.4907782780864,303.69126967324115,300.13961237603183,398.57292947383553,42.794331876240776,3161.802938940449,49.589869569314416,40,malicious
38.31484394104565,194.17501575738837,786.1644592427198,859.33699671612,23.418247573668367,38.746248314413165,57.628346624814014,443,-1,113.45140132972226,-1,6432.8198392976465,1320.080254651379,310.3096116927512,207.1942221684251,529.9051085345484,25.36774052746431,57.40882197166472,46.31581955788465,32,benign
13.745560673649429,161.962890671187,184.6234793209263,100.67269542218615,15.137224953368541,110.49697126212091,115.51755741470846,22,29200,78.84142125922756,65535,2541.61136797308,196.89120863516678,8079.904354554576,305.0535207533125,1302.0123788458836,29.56155190064783,546.9860034260818,27.70922722603821,32,benign
14.837768879014046,306.4824781825538,582.0079884030121,419.2106385409159,12.226925758559702,21.483693791481073,148.85440232587757,80,-1,59.466094934732624,0,252.07716920023083,131.99275941964234,1476.463673290399,190.16089834990441,242.14989706571635,28.201192398193275,2506.4833252406474,175.08176006326977,60,benign
591.3245186273851,871.2287227082716,2042.2001960773196,56568.405705544545,383.76811182300224,720.4338836578514,806.2979097242444,21,29200,128.90205281255575,14600,5254.918353355714,477.41826764219996,9179.412530962512,140.62292362639997,161.66957638775946,78.53142257271304,3412.2536453607568,191.5935411685803,60,malicious
248.68332246014714,583.9649006888235,1658.0660622082712,96515.72978960274,244.88285149884177,1061.4736307994226,991.4376283678197,22,29200,131.83275823045096,-1,205.34253246565882,363.58803070964933,1964.6110422712698,395.3861864849823,1332.8035831837335,13.185862693743488,3063.370876093517,73.87112667345068,40,malicious
760.7396596834251,1011.2759738994932,2796.5296338216244,39295.01043516754,339.3179923667901,686.6726035635435,318.8644210989097,3389,8192,599.6995161602315,29200,2015.9051623984708,1340.3654465098723,13657.11766373307,130.0440416236225,535.501198273072,20.835752087632887,922.1968284285695,163.06721870568094,40,malicious
231.1558826520365,369.51479615223155,2803.0468532655987,4317.6428304548745,355.8186425464111,797.1716044531353,426.91468372291115,22,26883,485.8608298843278,14600,741.4445602598604,482.0727811698099,26749.047294825494,288.4699371287508,388.6726600344822,69.85807331424925,2539.9619897813845,87.04747118685299,20,malicious
349.7627731854352,980.8952049161212,6515.09782484338,28305.736892437493,117.58417337307765,433.60116514464846,870.1132295360215,80,26883,286.24781539701655,29200,1840.814014586552,599.8435645817854,7990.537739997766,307.7044357489476,649.6803801060526,85.48987871126066,1187.689328293117,61.496316027512506,60,malicious
15.885953606901001,360.45996199841574,1216.76567038405,644.7371000496,49.50825555399233,88.88848576615355,232.411593671897,443,-1,99.8232667193011,-1,1468.7735346301818,467.70939425877145,4563.4550504418585,241.01440045556015,867.820971192615,20.59765131481097,4990.726849350635,33.82133436117152,40,benign
64.81923924838225,198.22136423814464,973.2248113114284,123.30788285811686,44.25699605490924,47.71074429429549,142.52376556621152,22,65535,39.88859963485913,65535,1962.971586633799,274.7342347632664,179.0235994668294,203.29527978960135,1143.4963377039276,91.90251640010364,1894.2802676116914,151.2029316778136,40,benign
4.470474175413498,223.38843187034783,488.9967962107213,541.1728013763516,39.50656062223091,34.32421686088624,147.85429374509732,53,8192,127.18107499906077,-1,361.8371044431766,454.5771107166096,4235.516713731218,368.749918770991,504.31496992465236,26.432646230804437,791.3333968503089,76.15756957040223,40,benign
197.40659017241993,946.099322663591,2644.6268309159277,13097.760445021015,207.6789720073554,1097.2465776163997,973.7058112273884,21,65535,268.0064545656145,65535,2346.970341882935,56.78710009398256,262.7137754909506,139.41662338731467,1039.82058468039,56.59740509678636,224.8720254322035,109.66973296234886,20,malicious
290.6798165391814,1147.5619242966086,5129.485107096455,24075.264019122762,89.34496412196677,972.7296476581773,816.7079222014604,8080,8192,471.05442941145606,-1,533.5214954207225,1121.5408565649968,10865.5432124298,209.72502186457342,353.38449971973444,42.90730404222579,1999.2275536120142,34.31059018323405,40,malicious
15.988639405712973,243.41948281259297,823.4927117156119,614.371495220806,23.565924854089392,85.21437312828219,161.05547885010733,22,65535,147.42145577031215,-1,3814.2249032441127,1349.146397942691,1310.4286987799812,315.53956113228367,63.719596839945545,83.49731039973,2306.2978488276276,135.35517362495142,60,benign
15.308116479351279,287.86647236629636,527.2537499488658,48.090150242576456,43.451176255323986,34.93609451527455,132.95557318513488,80,-1,84.14372513194589,-1,1867.7963994337374,469.4759450529327,5134.915206840803,47.0647807824059,1406.970031006928,81.18644558849172,4850.535677250106,119.4091772266403,60,benign
415.5698529468211,985.9599219785407,7716.206590911489,57570.820116814415,314.84543245358304,962.8271891719941,812.0963121947244,80,65535,299.64041821365976,0,681.4401632317339,127.75352046348496,3211.8449147908973,116.67305797466261,1301.835698559812,92.08428682179685,885.8307088728905,66.93923491689753,40,malicious
10.713806874132157,265.3836088187715,1498.6194268789604,373.37862631533636,30.147889195610556,80.47286572517,198.3069077018291,443,26883,102.02703642272449,0,340.22307661871815,331.97906706549594,3975.5962502922193,222.99757912169287,1384.340481580509,45.98115120615518,2269.3625675691515,25.53200311695976,20,benign
421.2206587029906,653.2699180045418,7197.745322040417,10431.341944485264,104.04680167919767,434.09616096514463,995.425238635911,22,-1,488.3884367393883,14600,192.0356639894602,204.15666731288584,2487.1810248314882,389.3967014576764,1215.4227232748103,51.024798086500454,38.33165284761916,92.69302620487726,40,malicious
25.24937226968842,228.80522081441197,810.5798869034287,1333.998637097938,43.80546789786373,21.746737897259145,133.62907422104672,80,26883,81.76541052811555,65535,634.4167401616634,937.7036484352127,1486.9222579634009,51.63847088166496,96.43157492079675,28.455962293627845,213.9758778427615,79.14873912181287,20,benign
286.8230535244772,649.249832784784,1591.9990581534696,27052.14580265328,98.89047785594042,848.3391740376851,672.0912964035015,80,8192,353.4419797343191,29200,1289.3757470096693,1179.523989068988,227.94671532719022,371.7714639528259,105.47195481206931,81.54887085772555,287.4497464427983,41.23410743843399,20,malicious
571.6348090949989,1168.7312526683272,5651.2919838111075,5871.975428418268,94.89451559303913,507.681913854166,379.4468459939688,80,29200,401.657080605528,65535,1250.9019874115004,943.1872187789381,3713.8558365482418,262.5309718802893,985.7240006269915,68.21597126067367,985.4852166986439,149.2569739806669,20,malicious
10.562054875057015,287.37564064744726,1400.981785032085,249.07263015092832,14.203226417691809,58.708922082644214,199.3798980517142,443,8192,84.59059036537255,0,1700.321839718146,482.06060788651996,247.13598143569797,88.68697532396344,1325.412170415707,70.02494692743716,3848.264314276848,148.68663465892672,20,benign
2389.1544181221007,1120.1655704098944,5508.968071143354,19534.66874353702,101.38351612185741,244.58291177390117,503.31402338339456,22,-1,299.8764246068855,65535,35.4705073387327,1046.1528073035502,12667.687795381837,223.9715335101728,1156.3221181193874,8.29481890425483,423.78853663877766,118.45251684910458,32,malicious
18.699920430487765,343.2910535770476,123.55806098977335,1577.3367704696882,31.605422403975652,104.34203355515837,160.44589382800103,53,26883,133.09390057913805,29200,1672.7662976562335,1189.9866004611379,8737.03933408902,38.54788979085157,686.2412610615465,84.48431748336189,823.2327292520068,67.8260425232118,40,benign
532.2267739949846,847.6149294862176,5742.387510647609,21207.105035655764,321.3202684486179,389.3624819587083,694.8795098388312,22,65535,108.40603703201603,65535,1798.4036444854075,398.37415347810213,14929.994875444732,344.1111016289005,118.74276756452133,83.20119800549539,3585.189875714383,38.84858695212848,60,malicious
666.4906443825582,873.8106307696469,1953.2122599950376,4904.272144005151,164.70764158580923,1056.8783922097282,717.0207704776769,22,26883,285.62182578344795,14600,341.1650950384251,1366.4685316440775,4915.870371863832,61.25905822206992,478.7857474988439,66.81526209499413,2829.5243830053546,88.23592791344069,40,malicious
379.49791346455964,655.3871637964529,3584.2731312105675,56241.10046506669,284.4915471206732,1182.5225262420124,859.680222346451,3389,26883,213.51710906351903,0,2857.5400942774413,55.33708256491933,10864.825650983954,390.0584014266982,1316.7339304305372,4.40597728970925,3273.316912567611,165.4421056047993,60,malicious
140.94623084505352,957.93406771308,5136.489799074425,5276.286188413993,243.57445037820867,542.2494633657636,876.3182178541127,3389,8192,292.294043868199,0,8908.819431114127,648.3597686896137,476.978322127506,59.39463401624407,255.67216449513865,82.2862044214983,5394.430628134471,67.8285120286674,32,malicious
69.6680022236211,1069.9380026269323,7180.992333029852,50866.75662482735,322.23245391159935,1116.113284906738,459.7316348538827,3389,65535,286.04839777517725,29200,1737.7494125885298,290.275129607139,2112.3524707320125,191.79520541084005,138.14873090169257,76.18611016694594,1586.3056705165545,195.06931923027412,60,malicious
68.32854074937022,819.1208259357662,5396.072004346313,92685.77994572278,206.79765769481318,827.7133257012338,715.9199430211254,3389,8192,231.96174477140366,-1,647.8977505977027,1117.9158508168405,9177.921682656079,368.5500738531237,1006.8230901954993,9.898276155874141,883.5833214219134,106.28793943909835,60,malicious
135.3379704741528,1100.8488137334227,2502.464668502594,3213.7849923146464,363.2959812295585,637.9814103707749,334.4630599588996,80,65535,519.8197038688177,-1,451.0849916419488,1187.1706619637998,672.4558208536828,324.03883737086414,264.97268674669806,53.41527380015971,1235.24819322356,53.42022750305146,20,malicious
198.12742338974627,888.9309834043579,3764.1281851223084,1991.1647454839324,89.2153588422207,243.26105127959045,841.0276858310483,3389,8192,580.5523739149809,0,818.660438355502,617.7347267878152,2107.685749413849,181.40327525135635,386.18303426642075,2.4698627890014535,6256.45956239719,69.78355447025814,60,malicious
33.98746632150784,286.0861712223964,1329.4012755445374,380.2211485072418,32.72651905074113,44.121508240850474,53.59474731525766,22,26883,35.51940757494897,14600,50.20118272783796,1286.9466942680983,2381.0435630871675,60.17731216507545,1383.1688043673928,73.78650803017922,717.775418330294,123.10754468166947,20,benign
39.80877088097944,1020.5278605362553,5157.945232783864,4932.342054899549,181.311282798797,1041.8727459513639,865.9191795121554,80,8192,544.0036365405924,14600,240.4921687687529,144.11944487763262,5725.361086782561,54.12389075451909,304.01981655538685,74.85582794374322,2692.989412522808,46.60198767215164,40,malicious
701.7468446824614,803.5802215804125,2522.67431526759,26461.029718539798,168.3250074767349,1004.1366124462818,533.5997620937364,21,8192,507.8617167768566,0,1340.2370526006596,322.4967801112285,1321.6588969887084,316.5453495490217,1459.8810671002616,3.567918195665676,1458.7320467770815,37.07729852844615,60,malicious
102.81673392773556,753.317768464084,5781.483167805357,27497.598979822917,199.49422165110164,1169.3368490642224,851.5032349067499,80,26883,564.8056316310161,65535,84.86408375927604,828.4782808107178,6272.115640619697,129.054909638076,207.1759792563726,89.0488174879237,384.5411688969181,123.0231502557686,40,malicious
239.42764479239167,847.5508911906313,6539.938196322775,6714.9142783034795,144.2642820029522,924.1571896567324,510.1387411997729,80,-1,563.3976099458187,-1,830.270395797207,1064.4548283373356,836.3680575764429,61.061175651384076,295.3313972237653,79.93042885602063,3150.5536804115354,126.79184851147194,60,malicious
29.2176558469593,318.2857744992399,1058.286030275946,55.360824780724634,8.488634987340342,20.92470665811438,290.88830634809113,22,29200,32.1985332686516,65535,1586.394271760497,1476.4997173751772,3897.1822273406196,305.51642983534936,284.1375194672867,99.6830707743239,2525.0265042142887,20.965629028563704,60,benign
131.68294891223553,893.9308468816253,1712.7189233847298,26658.298147393754,177.56122648355986,801.7228534360487,779.9609842813327,22,26883,214.79170098656544,0,2111.683787827503,1130.0077929144124,4842.0936196820085,347.39337679759916,1396.156765825068,6.935218051379611,3901.618057008776,161.93811568831683,40,malicious
43.426936345832246,305.63201298828096,1390.01812818629,1131.587147590414,31.25257248840617,14.66998441417976,110.29723427019465,22,26883,94.16161837676282,-1,8749.345413219862,303.9721748221125,2806.695494268601,340.7685233361297,1283.2713503626126,86.68593613939824,3220.2198311191432,172.33644898268355,60,benign
522.8826969265788,844.7592287020282,7317.197474767615,9626.22357608952,103.96722629134103,250.948315168473,634.8260723241699,3389,26883,449.2609677157344,14600,511.16833390200935,372.76845549615314,1319.689598055775,387.7166733155155,101.40282974459873,90.76669138573195,3583.081327197233,157.50922155010974,60,malicious
15.631060293011549,321.29602554093583,680.5596566755701,1070.7954254446029,16.634826348350956,111.37379244406722,290.7623318699293,22,26883,119.74096931437894,-1,1367.2196661370729,603.9473740069336,13764.478071300715,109.39207379491073,1475.8131750915381,48.9667736719972,783.1090354989312,189.79561432652324,60,benign
2.216989226769234,259.32183613819717,1176.2207711555523,423.4330145431927,34.40444444660929,12.785346906274007,249.49511911019843,53,26883,140.68446659642518,0,1430.566339790318,1499.9699290570313,1672.5182996307792,262.0085899463272,301.11570601106564,30.773018894202707,490.06574319295345,138.88278882297453,32,benign
341.17932432879263,622.6154221229136,6995.342489838671,30798.06759233257,322.06819821055757,1153.7864501559925,607.6114880656787,22,29200,138.31946655820784,29200,1334.184591743971,1208.4404620251296,10279.269237953136,227.113167475841,1115.744841360368,35.865484899769875,183.64139979315337,37.77263632637653,20,malicious
23.640742780564842,199.12355286855689,317.6737340049589,178.57555943088363,6.1806231044561635,19.787075040124677,207.00897341761657,53,29200,139.61436577221002,-1,6913.3512512156585,151.68994320790603,5926.683020397093,52.77349797075637,320.1816573325689,49.28370174120018,1319.7348313478649,121.251282504228,40,benign
361.3355115600523,1013.7022543541239,1410.8075476745782,28330.821380505073,330.00497095255383,409.1123765181792,480.79493731409605,8080,8192,524.7824674979555,29200,1261.1634147486643,1365.8528879659953,5234.500299785963,67.31291980219203,150.6642843435469,21.610386888969458,895.4426245985809,148.500340890624,60,malicious
0.9618782699355221,562.1913820291172,5653.073694894114,19236.697349548383,383.0872535940723,843.3225175488831,727.5540716030899,3389,26883,254.62129404176034,65535,831.8162278603594,946.3692742530206,16640.18254160476,95.67684846784691,1495.627698234942,81.21181579256248,1898.6282347639308,150.51364522462276,20,malicious
232.23230521891202,414.07732614509393,5898.299821942054,3721.4722040053252,358.5941075689498,1067.0915861326603,675.4526220876218,21,26883,139.2620199299709,65535,225.51528642103452,1409.5826342516223,1013.2770670928558,315.0618300345961,1337.0274866568336,11.739821905352477,56.822041261876954,113.96262951830991,40,malicious
33.09766689851204,306.9543515915702,760.9324346814566,1926.0542313087512,35.0519011833527,114.8989897594985,150.32221842330142,53,26883,77.85958627363689,29200,3218.285117966824,332.1776497059853,2988.3549355649643,310.45611059307345,174.04978723520128,5.786465919900563,875.1333117969447,79.36676815310611,60,benign
2.7099394272539263,279.33150034099026,552.8997842788158,85.57302034110027,33.799198899858204,44.719530562704996,65.39919036058215,80,29200,32.08234582477299,14600,1009.4879874955152,1407.1730088450245,9947.929047921274,181.47349973893265,701.1946998656193,45.853131905649306,843.1511883988708,154.2533092086503,32,benign
3.716021097413093,200.7719310462696,1265.5941521859106,339.0549141711269,14.295513187544348,36.117457676558296,261.85058600460826,22,29200,118.21199057536128,65535,3749.0569536538737,835.1659259034456,7572.106861748614,211.82032662641447,511.86320360343063,17.672323037366823,4160.329775244431,64.99306553128878,60,benign
10.961217100974313,278.40264088536924,1367.480222727509,2147.9116690273363,20.606955416770848,90.64933245480256,144.5138875520008,53,26883,76.44807247129395,0,1368.8937961281665,1425.6821488928558,960.5115258444281,192.9807124600797,88.92000898473177,44.6063900751555,958.2991688745004,89.19474062164164,32,benign
11.293508591289578,1043.4758672748403,5034.138243306665,12278.281068982753,140.38130109701683,203.86522453694803,478.04875111595504,8080,8192,461.60019068143237,65535,1658.3332634094604,973.9138729962177,1347.7755455154324,107.3556008554591,865.5681112756214,51.859941916409284,44.799638767645135,42.3417056247291,60,malicious
620.7728891363822,916.9300977051082,2879.5287661226766,39655.227861574735,179.02882430235275,521.0689774558198,315.957640407999,80,65535,185.05387202701309,0,468.47463056932526,243.26033189264737,1480.1639127863148,220.82783543457967,892.28275728557,81.98466780913284,561.0598724553558,170.99294366258118,32,malicious
38.17752301718906,217.65372717865296,1427.0009729509427,198.99600274840785,16.961744819909228,86.35523788361847,272.51694621451657,53,-1,47.07561470301507,29200,6951.736805066007,1415.6666508139986,2338.9926871451394,41.56553826511008,652.4471878636641,94.61742633369728,369.6334805791651,178.46676261798518,20,benign
28.418619203432222,228.97312807218287,1277.4900969725923,563.6143388432613,10.687313168003655,85.33780168286106,132.13372364318022,53,29200,133.99541941469357,29200,1198.1258263464188,220.68958205403248,4615.962111159867,253.13620711924213,1241.95416466015,24.29506071146679,2407.773765224244,23.500213801436082,32,benign
19.46378206026335,597.8706868497151,2941.3754027981086,36235.32323929749,346.74697419522045,679.1885624376912,342.6917747117396,22,8192,103.118031203671,0,749.4715545431557,1278.7636290491341,3157.1609929834044,352.12305628891295,759.2365854398649,60.828587235782784,1117.9082750135376,145.28327467443813,32,malicious
437.81335903758566,1121.5528673725678,6211.550915981042,31080.04962788872,387.655855183614,1146.3217081158245,970.5370699608014,22,8192,268.6410677729564,29200,473.6115468629797,594.471641111542,6407.539152529001,235.0011502274441,253.55720644521602,29.86402129047846,289.18607310068415,181.47354680702352,32,malicious
1.716735692268028,269.6016657930837,276.1975858045522,634.6491330247148,27.243415401608438,27.37051079072887,166.57756330856807,443,-1,144.28872107568725,65535,1946.8380992829066,377.370839612042,4455.400633143308,342.8876228237253,579.7038042976752,48.049849277286384,595.9683259903682,72.36638966463241,20,benign
3.200724636388795,295.55087663862207,230.51622075721164,306.3842180170001,29.85513835579155,92.917703216913,295.5040469798358,53,8192,125.43397817495139,-1,8881.134680309557,1074.4322897293052,8564.149901531546,64.54547698355259,399.6075401824582,97.80108622073722,68.77222266289735,120.48370416389282,40,benign
14.772413660577069,366.90132197174125,832.5866554764499,298.4474914334921,22.277460506352867,46.74218762233329,150.07955862024465,22,65535,57.86953222349024,-1,5361.824716400798,1450.8671758687938,10282.126977379856,245.77550905389225,1387.6489593293174,7.09919731165336,562.4913326059401,163.81918192134515,60,benign
80.02065727230878,843.3370713358049,6397.432194686308,211.10612745787228,216.70031092223587,1195.0177411195612,833.3259084952178,3389,-1,152.30887798969124,0,656.0524990402837,178.94280999323624,6783.686087254821,57.16822946722792,1179.7914825809332,82.26073928222041,5.573248717276835,100.52241843489071,40,malicious
14.728074992945238,225.014536967965,1272.5539029257893,1149.7205469073144,7.853748953444768,74.10044787238947,97.80840973388273,53,29200,90.67365343080932,65535,7232.328057661203,1327.681912048684,7976.819382344858,338.08254235253264,73.36402415014788,21.802687274903477,1597.769374808824,56.26639162592787,60,benign
943.6478573370026,588.4507081133793,6639.815593799422,19697.211171970077,362.46267220472294,211.1405249457438,905.7154775577696,22,29200,413.1577344167715,65535,2039.350043046217,1311.4558603649982,644.6625162955055,99.75925509229202,930.0229445839976,25.92167318725569,4697.827746849081,24.495900566200085,20,malicious
413.9701577253204,711.1048562547076,4034.2196347361178,30301.89736931768,190.72924702317744,345.2568557204868,766.4644923213866,22,8192,462.99094706921267,-1,1182.7151772111395,343.2597661357568,6897.769754674884,83.47159518031012,838.9999549315426,55.13678613081724,6.092323428852671,45.56749234601351,20,malicious
34.3934821917707,780.0392167104656,7719.694319033433,5727.179932743631,234.00190933488506,726.9831049953519,687.159984727085,80,29200,568.9135748507676,0,917.6158113592296,1093.4382233535293,2069.048812687078,105.41744377760574,542.2759812483821,33.0418141630886,2580.9075819597433,39.55522100364054,20,malicious
149.66172530048559,608.3867564259587,4472.333257701589,4203.571842864181,335.89568500055134,514.4820215061866,329.51359150615576,22,65535,527.7165058288758,65535,8319.700856600051,787.8034063778894,5182.2813097801845,358.8589330514057,727.1915268503126,37.085855695800205,1293.631763560039,110.29736406088716,60,malicious
485.9218718259873,701.0826617382329,7846.486154393621,36523.66490107352,224.9445364679411,302.2079911012593,511.727583524456,22,29200,153.79135848670802,0,2038.0811696327855,1141.5574623006548,2246.4990743771145,138.0487828369575,678.5093447088946,52.208596677359786,1937.2796438748337,82.20436502011391,32,malicious
2.966871086387169,183.43711397655284,343.94160816989654,302.6290016064909,27.211732178344977,28.445996555444534,208.45836753309416,22,-1,35.382922969894516,0,1210.2692657226487,413.82953011117826,232.29217723113032,305.6471361606106,1483.6103853834497,41.48631129739311,2764.992794644837,54.65210397077564,20,benign
13.716539594483876,265.625530742632,182.91684214177909,288.95902334407185,13.786988657937332,80.65960487982538,216.9840809569614,53,8192,103.50290918501442,14600,334.1047840046197,572.5149753359345,3.185194465852983,239.8057052225917,81.53197871402752,68.32926466956792,849.1394919384672,107.91928352550997,40,benign
2.28646941556659,272.3147132366445,973.1202620492651,520.2418856499679,37.699801139474836,29.771186299995545,188.2566340822483,53,29200,131.18289159839674,-1,1928.1699373022896,570.5395296218773,5635.529229025526,392.47550486768756,1022.4986637845864,49.47394446587704,998.1690600783769,88.36059824446374,32,benign
35.42893496799552,212.9711206670485,748.8813079422418,360.85648115840377,40.673245810552864,75.00719324893278,202.88638271933866,53,26883,116.0735240608187,0,1854.2986200769446,970.8740938767918,2986.921943690943,235.356011444506,87.74827078664079,98.89214434381924,1637.662265942544,42.65816735205799,60,benign
7.1038774465954555,218.94941273719039,1194.5560528414362,638.517406483491,15.352215007293152,46.654521854174824,128.56405131822433,443,-1,68.41983563501853,29200,593.536397635998,677.674939057118,2484.818668254238,81.67075566498914,888.3514845123158,10.855543668191793,643.7859448811104,164.69368234124775,60,benign
128.07176170254996,635.0622845965562,3400.9033030412775,16934.86032505083,222.01586889359083,960.6717825103374,347.99236681317745,8080,26883,458.60740072113344,65535,351.06949499207883,1404.4957068617773,10283.709991314094,231.09230065737833,554.9043223566506,78.83155484229654,605.4524393526507,117.8140008254858,40,malicious
66.15740599829628,308.096641658748,418.36281327906033,469.08638681962447,10.091248015114456,106.55844395237428,55.47177336364693,80,26883,137.5176180770249,14600,1676.5420590376887,1174.6533870860071,1055.9532704855696,314.51205008806255,608.8946044297103,63.733360343058365,983.3247075147842,33.9809939313583,40,benign
3.2574515628852145,312.56997279567634,596.9745664957001,376.1099134897204,43.57686647311619,57.589110056970675,54.49285133806865,443,26883,88.9759302175238,65535,1002.1154927755948,926.1833608255171,2050.539440331889,277.1137882032598,683.2692443216686,86.26717249029234,293.7036930822282,193.51876039840337,20,benign
305.0221698598995,703.5847727831272,7584.655948277702,1989.1532210792914,123.98480427422894,1199.8234575729973,380.5393146504932,22,29200,452.6032023985061,0,3342.767907823959,824.3255446580941,6238.453123985146,175.07052655578758,930.3590130834491,25.915328811156456,987.5854642703719,170.23705174760732,32,malicious
2.7665323158575554,299.02958259547705,136.72182589826855,183.92080934233985,28.1267735427077,53.3831458846024,224.6782434147713,53,8192,125.31054034284091,65535,403.1849883668183,367.1834303202993,4184.1623035724715,384.03087946255806,872.2600209194728,37.62239768270994,2941.3147612259777,51.091518387647476,20,benign
11.656044298131379,186.78277364035972,474.01356277433854,252.4535181672275,38.739020178667,75.17252035529107,127.19693335958736,443,-1,62.59201566590808,14600,706.832155040456,647.157818153817,1472.632348921926,71.39678816968748,1028.4789467365626,95.89073970311156,126.98756937845023,37.0992033394554,20,benign
458.05072211586736,969.0180220880624,6263.167479855726,12696.80169376062,232.46804391256808,433.2456804480595,327.1706074992167,21,65535,312.66798263479234,14600,4491.688692414766,526.0833834872315,2196.2453579149005,397.29861749622967,1201.0602029750821,49.371713171041776,4259.28340574742,43.889702149798396,60,malicious
59.392826871304216,777.6335420568035,6526.286812198785,8967.075956954073,389.1614641064716,567.682382923445,412.0663211438477,21,8192,218.2759889392649,14600,3223.469640126918,1306.3701972399551,5507.928178819641,257.44171055274944,611.0607695354137,76.32172827833284,1669.1258725124812,110.19352139030094,40,malicious
56.58663135541776,652.0743789829005,7476.146553059232,9079.062902932372,236.66508109081326,705.0528873136773,473.94850272005885,21,29200,273.64471089315396,65535,25.488790759226664,210.68981725607088,8477.440677423585,324.54372538861475,661.804203416007,20.490242720471674,2511.6237509783377,69.30839205993446,60,malicious
18.277595154707562,249.28425025237348,676.9855315910621,933.8942693321396,17.927214789720857,100.74297983574483,152.3021037765161,443,26883,78.40035570756118,-1,70.7539501390235,1045.274527280108,2215.2043334456207,225.17118456760826,646.463968691802,7.944196873317844,1217.906212916323,29.678993173008166,60,benign
379.55580812312076,773.0657414408097,3353.449629943055,15837.332944667649,172.11940561160475,735.818698562445,539.2430174719761,3389,29200,198.29118868281552,65535,21.48048764491861,791.0030244642355,11746.466033008202,284.41713891966805,344.05831101013695,56.60303041117643,4020.4134944644848,52.70626845828568,32,malicious
16.87702378674871,854.9411974909913,6111.987143021479,25508.48300423436,199.75106639769677,732.3616516855747,449.11369133871244,21,29200,158.43153189883887,65535,2199.694963089441,348.73857981124564,2509.696764681543,329.3006562696158,584.7970964307316,61.12484762682906,1742.9029508535848,52.303950211163546,40,malicious
349.025133938693,318.92921026794556,3244.379917812971,26135.39267062548,368.026516408989,459.26055744212726,771.6545201799888,3389,65535,556.5856262494534,-1,214.31476104383253,327.4919598741955,4317.156463693414,44.49780777386938,861.6355323551954,81.43005153525883,2689.3675144936346,36.428368802326744,32,malicious
196.5039397489522,590.6723344357611,4789.759889113073,9764.01882612897,339.3499653758661,276.24038142138875,649.8920551804023,80,-1,245.98735146787152,14600,5280.038479513966,312.23522148290425,7141.338654202146,356.49014840796156,564.6505449716879,14.755584357350104,3439.700605812883,64.08218537870711,60,malicious
28.967001964799447,307.4049058736931,123.9983269807031,9.549781582968325,25.174263096927074,80.1864420694345,218.2153920909618,22,29200,42.72522816030438,0,2021.4238064539659,1109.670101635282,9644.002304060738,251.11682862206487,310.54195483532175,66.91398138406338,1031.8775115235971,133.58060917172895,20,benign
44.63563260966683,352.8333171346623,3227.4263724970633,2428.9917113743386,148.6229998396671,661.1539623176287,378.58850396508785,8080,29200,453.0134825566754,14600,2259.8133725039847,84.56859071445722,1607.1371461458095,214.06041393310892,821.6724296318354,32.63034346964674,4015.118846599485,28.055757754559952,32,malicious
34.62965868622166,941.4581256185062,3518.5404972179363,10877.204025240706,278.89203631858203,217.20388737799573,488.86765402555636,8080,8192,251.57019300659135,29200,599.994742801527,1154.7509705818902,3660.2839453823854,315.44331440178786,405.8562266161036,79.69312280873889,1531.4159472371432,44.8279508243632,32,malicious
25.68657310884808,369.2515249218151,637.5748688649479,267.94779834585063,43.160002173155064,92.81821537108607,150.8082332746613,22,65535,33.03558392858132,29200,120.91494085043819,164.6132517908141,7082.2931975442825,399.9579682762129,391.56376559143433,3.2872758473339148,675.0064559339446,104.33220894377484,20,benign
30.307848640997484,220.92700506962552,764.9177946151693,989.7597847844584,27.639025293451645,42.155331307433,142.4041542193176,22,-1,117.67254284996926,65535,913.3454826731798,66.32036907235263,4857.63772441681,82.89660161194465,391.5153890678308,49.97624123026472,880.1884161095569,109.47099619854566,40,benign
376.8969790502314,746.0028224707623,5778.458155038934,21643.36782289919,131.27614468395265,768.176190363194,407.6751395699047,22,29200,322.52731119286125,-1,802.488194764815,615.8719741760642,9663.820711083987,378.7304729269718,77.1060286358308,58.318213214475364,3600.376500290566,153.3601929447764,20,malicious
36.71956372066073,297.97366141103055,1306.3578521017632,198.98710525823816,47.541131247037875,37.38415314571081,90.32678286111158,80,65535,99.49374869935943,65535,604.7872766918816,94.00315036549142,1028.185840065092,153.17833470517178,1095.11916601104,2.9257556827320785,984.3265188711466,169.47276862102674,32,benign
5.174456013796663,327.2701639742678,770.2193772406996,71.92812623285826,49.278388896647996,18.327731749627418,133.58001292487563,80,-1,104.68293508920713,0,1691.1511194076552,1466.7803251786452,10619.959692973463,357.15136750664794,898.0468939211422,66.37127948565319,1443.3984980911016,20.94696861064587,20,benign
14.438301977593479,340.2907329661533,258.2297855564721,891.3531479555327,34.87087599841578,55.219897951918114,176.03369483145985,80,-1,116.63341600650952,14600,916.0125830048082,830.524713669811,4307.907189252304,291.59210651532646,426.524507382493,9.234312500035047,535.0479551031807,51.34116776927817,20,benign
52.20854452169935,210.92222704449517,158.62350434652163,1326.7996455483415,16.565695686857964,90.94087088062479,106.445868400824,80,29200,77.63283902473358,-1,4211.173410597637,275.51860304043754,19034.736596416467,134.0742213588636,1319.43340485924,33.40657532947736,2728.1289683232367,104.64292606744662,40,benign
59.186213919851674,862.2646688856112,1776.6154146173824,23587.039463971356,350.6124962522192,1092.8906522730108,410.62946252853385,80,26883,313.25919631697883,29200,2130.7918549692467,1379.5077294118666,297.8249360629598,142.6423282021809,602.8835211035362,26.83180434687049,1678.1399817630156,34.207255055153304,60,malicious
18.239095326984643,203.22138255864533,913.2596250542292,730.0477498488484,49.7369308854274,30.62425100629658,215.43173442851872,80,65535,143.75072852118518,29200,1899.2935236492335,932.3531925534091,5155.727226382709,157.9052274499557,1433.9070411494133,11.901853876427104,826.3997095929473,38.196170138692914,20,benign
21.235095711380296,139.9684561724184,860.2189866947674,253.80523926013316,35.38119009256136,37.98885803989495,263.9152894288693,443,29200,24.201689251010432,14600,6616.506855876315,431.02864130402565,151.03175086806036,159.12715107084762,1017.1249721834635,91.44745153906507,4743.737080203155,20.37157379079529,20,benign
78.99732783527497,253.86439476810494,229.32648852081877,223.41763927858642,8.701674905541429,57.13300139682986,212.03079954287966,443,-1,141.88138436405023,14600,3300.0346683623225,124.17487100782542,1988.0554482442446,256.23494984146373,854.5564095169087,59.48358583826149,546.0835657720849,140.68867739375457,20,benign
394.8298008177797,604.3954996787154,6238.670636851756,140132.25470628825,211.7870348303818,630.3196720023653,748.4198579756358,8080,26883,300.04769314885505,65535,2171.309852630346,1367.4946442334165,93.86726262170859,228.27802670726638,1471.76267550342,2.0544943055677,7761.487730372406,80.4655332247682,20,malicious
761.1239970151516,1132.3285418546905,2840.7320345471544,23343.36500740975,337.11901536470856,632.4172198839669,607.86752637514,8080,26883,216.9345348598214,0,1360.0906904335236,1494.3780791247607,7.807402776590518,131.25548756461788,866.0155895323086,79.77505873602347,3117.993763124939,38.681166084566044,32,malicious
9.485324872761124,223.51039040980928,863.333730424176,1651.1187651909809,39.77363847143952,90.1684272138741,121.14161113082129,22,29200,69.04269667862792,29200,1658.665760166211,1263.41822809339,4704.246880863559,118.15211951277271,812.8021671074372,31.093662317158422,3731.1295376033418,176.30240266666462,40,benign
138.2080723488221,958.1034483565327,6248.401329245698,20131.973644129557,371.50752368531175,316.57491900532966,532.8858564314426,21,26883,374.69451973281684,29200,312.8779945765425,1331.9377884822438,2148.564764744975,341.66739717539093,587.5689621385286,9.950197779048331,2071.7638723858418,193.12749478548997,40,malicious
250.44314353124523,811.2711790048975,7739.784462748103,8841.14878201634,178.13662661269058,312.17390907406923,723.9334901436068,22,-1,125.36105464425813,14600,607.2539273489324,1060.3266806650795,2399.5864383525422,36.46734926024363,923.963179759649,49.87965727995645,7425.76180708334,194.7926347775144,32,malicious
1299.8445415448664,984.8666122102743,6315.937165628312,32198.68931341236,299.14441500843134,612.4159626548067,506.89722170071906,80,26883,327.2462016963716,0,3834.233111488287,160.79512030036113,1840.1503204747914,392.6080784109673,231.0600781654194,77.61689928835133,739.516049549967,158.91786397849629,32,malicious
663.0237938758052,911.4060527709329,3789.3046913068792,73536.25576067575,180.74593086319754,865.3423326552419,729.5134462851952,3389,29200,386.20347843453465,14600,2019.249209323271,881.9189595985629,19306.255358794166,68.13666422827487,386.20622161899723,93.94632994804601,579.0317844834487,138.9707222018119,20,malicious
693.1050280558322,831.4868235203245,6983.907672579267,28983.309343532892,225.23277076100976,1018.4060752909702,536.0853666275647,22,8192,508.9875763329468,29200,956.9408660534318,731.7097467952368,942.1281208092387,254.42983712751965,1237.348046590475,84.16937930662218,3957.771962850991,24.49784738920343,32,malicious
477.3849296367181,724.9772411560804,3686.3229846317054,18571.08086688101,375.3011032866386,845.4274945003611,854.3194531304085,80,65535,428.32704535232784,14600,1594.1717779406301,611.0423334885078,1865.7714955385513,296.4023918335469,978.298068386349,58.160963317115,3968.1622478865756,25.30272128302605,40,malicious
56.446251225406215,247.8416570179384,573.7505995023523,547.3303928969409,47.892224244192626,77.81481079689253,282.7647421413137,443,65535,45.25452597692362,65535,452.28091497991585,593.5978213515069,1226.2041814723768,105.41607691558589,796.4877893359198,23.823974349185207,2170.2759343415423,60.47835283191352,32,benign
9.919729315343629,250.3310221124263,1032.8687824958286,112.50955584085798,32.75985431634889,92.81118807442047,225.69164867668405,22,-1,133.7558879967233,14600,354.0831073448104,186.66642858429756,4428.180007326412,22.382448043675698,442.1733265612447,17.29622086574043,1325.697933003604,192.79947274098367,20,benign
0.45416170880272916,240.1804186763875,358.96704332956546,437.0413995645525,36.8916802007803,80.27496060599994,240.6429736603574,80,26883,57.11761022598956,29200,919.4453401376046,595.7945986168124,5662.045471496022,90.29534980386592,208.8405760068553,73.3179254156605,1078.8708898255875,177.47747783643928,20,benign
333.26040301540695,711.326732806116,7199.530672246555,42629.18314043496,184.5590217149654,722.0753507279416,830.9269085629305,21,65535,226.71166631039583,29200,3889.724798275125,726.1803673658602,7147.206087655075,127.21904243045334,1429.2571568751391,77.55121352807308,23.986068909765013,32.33719207556546,40,malicious
20.69925518997136,267.8607748195175,736.2275894844706,292.0547483127184,24.566277348076323,30.269002459010043,90.80041510033841,443,-1,87.16041880363355,14600,85.86676620942522,1069.6331759833993,3084.425810519571,148.11638638234422,593.2711439049187,5.510401287323496,2536.193233876748,92.8405362589622,60,benign
6.639378204901819,259.7513632810572,642.8701497820165,878.4500575733681,5.848203572249238,65.78757988160913,61.94934095883468,22,65535,65.66594914974178,0,3731.8047125722574,1266.075537599462,6066.62937777528,262.6696920250944,1109.0194890620655,12.945696077827751,11397.547550657213,84.35712280438507,32,benign
273.2400214238772,728.358613804732,3709.989202187346,24473.7696032852,291.70661303047495,927.049305375472,976.5572523032824,21,29200,314.10308335447087,29200,2081.1717841780096,735.7809669985863,8024.354381980301,379.4806450621947,715.8215669153332,7.385542682166902,2700.8402067056586,133.1294891866066,60,malicious
373.54565858985256,1302.8164908708823,6653.282414473938,14866.069681239396,92.62173274605689,1080.8781797971274,348.28176865213237,3389,29200,529.7758590809665,-1,1699.2224727831294,600.3465691217829,5012.832556770446,232.27881139640394,887.1058653864292,32.70097462344316,611.0466432824572,20.80314858239755,40,malicious
70.70469450366781,230.48101151669192,404.2419816691016,5.296621675426966,16.477543054909432,54.51225886748556,295.5891721665964,80,65535,125.72201695915564,14600,3146.3880339647417,280.60559486903225,3983.6957528635276,25.016305968644268,1357.4870218102296,51.33125198993079,987.5005412286735,164.97727298933773,60,benign
61.962697060973035,784.9455270576666,7386.603941838317,28665.810180140954,376.93606006012783,888.6063097713346,457.24508363457323,8080,-1,306.09475757398167,29200,5525.517369707019,751.6239700149935,10096.404126522826,385.2803665704146,1073.5064706235,23.172722121742083,1607.470151709025,101.24827292961044,40,malicious
49.697956941568705,135.5162039510668,494.2986775681229,1122.7447197715628,28.304322148696986,88.94117096847599,221.61245851233218,80,29200,70.92770453383108,-1,227.8559252126434,462.14674676878604,4993.401181834396,29.2127294576013,241.53525012719894,29.034128161381602,1689.6620389831228,157.74234481451597,60,benign
14.778000908777262,291.4781244529331,553.0186166366661,103.02927749452971,5.843234326236127,33.599837178144966,263.95995672531103,53,65535,148.01200651110446,14600,1604.2530810291664,715.6639650122539,3775.966693084205,255.6098794736876,745.1589320560379,61.190815091134695,917.5872865063693,43.64492286519678,20,benign
17.426945776694396,248.69521296118984,975.6554666107048,92.66920708637397,43.29426445968036,98.55405653243187,195.6961060018359,22,8192,38.510849247151754,0,1722.339924719251,1084.3716338895356,4365.36351106932,366.6895620868733,1408.634523301733,24.57273196531451,1123.4587154858311,49.47212848570525,32,benign
13.125758216081858,265.16281740414587,1104.6418674006436,86.15508994882288,11.341135066932342,45.74997360750759,171.7449211138795,53,8192,78.72502837291941,65535,897.8038512015945,1376.178104541967,2241.326798110167,240.47458340277896,1235.140853122451,58.02611884794576,2238.7721858914733,97.51819602451377,60,benign
155.1278787047909,840.565996172506,5902.7586586434045,1100.8209493984857,391.58387724382914,619.0129031005366,525.3405456501848,21,-1,312.36643200496,65535,5149.891348650197,1409.3991099802502,4044.120286336136,164.3912271780036,493.7874844456605,0.9568929301473683,429.47968052952547,150.0493024977067,60,malicious
29.0505753368101,92.07332827482844,958.3848715249571,1.4365367788814771,21.535188953959373,46.435113892843034,277.68091363023336,53,8192,73.96102007698495,29200,112.17176801961554,270.97244199632416,2711.582055101075,256.3700076854799,1213.3486350968385,4.359613354415936,6496.205439252683,151.79024788749788,20,benign
1.8117191002651096,305.4997234620347,796.4545623342191,267.79240924426813,16.29150138896349,91.84768468164516,142.69524738817128,53,26883,30.249585386151004,65535,123.0012167203039,144.62619692768118,12198.630368011729,308.5998613720441,82.03714805814181,41.8202588875476,525.1754278875192,170.3807317044004,60,benign
3.456109006071566,306.22741559380614,315.5643149072195,171.65276743884127,44.757396166907895,81.08718225157527,250.02846004195283,80,8192,64.60064064273197,0,1757.0437594569548,157.82676290314345,13550.717502829526,178.81177618120597,1200.2341351300681,79.48148679182749,2994.6078036435497,125.43992234621408,60,benign
43.183212867592694,739.6159983581801,3634.344867173849,41794.3000091414,319.28873477788034,689.7272217875075,623.0602180436937,3389,26883,309.17877969380925,-1,1631.400302379577,1445.0090315049097,3216.4186594380417,251.10279527157775,1232.786850913102,7.781104860206467,1236.5257327783677,23.020160351504096,40,malicious
348.6378550861265,788.0575353147217,5526.252334852087,30479.818769203615,184.1743027898943,258.84536710524293,847.8844403944511,80,29200,428.74396069773707,14600,1816.8913130769615,986.2403808056782,6142.031864128333,285.18480454685863,792.7275645448789,43.61197561946584,777.259159474206,82.6746754971841,32,malicious
133.3622405906598,436.2230159141844,2269.403005799643,35375.924550342876,260.39819438407267,446.3066952584294,836.063028227777,3389,8192,401.4035153543299,0,524.6989400626856,955.9965643626357,5165.384818187674,130.4025874089693,76.8189193174365,4.165428555349326,1838.505816104454,171.29713722566635,40,malicious
15.859256207396239,679.295825951456,3072.359274787873,44038.88580468806,326.7854735897354,368.5821448893047,334.8179180927503,3389,65535,102.91501421603913,14600,2262.24538550414,1474.2332687198566,6309.451871949022,114.5295359554323,430.0768313433637,88.62441429006267,1142.0396252823139,78.59197353568048,40,malicious
87.87879678560921,733.4408750407326,7245.692640351825,6233.31352379661,222.25474897862915,240.67488780113948,462.00405958283295,22,65535,119.99742468855025,29200,373.13340740564587,100.34585642808563,4120.026541596948,393.294941239341,861.4154135456886,37.037829377486595,1674.892569220075,177.69446984526778,20,malicious
6.125554192384097,213.66212111084548,1335.354898010478,794.98803784553,40.54068288874602,16.921344601080293,129.9052175707517,22,65535,124.46354204621875,29200,260.25932737718944,291.74753956685834,5683.36390480198,223.6147307057192,624.7375579599104,34.20124656265307,157.12727417991508,142.2331474983109,20,benign
846.8391997352629,1302.6823646091739,7123.454919864294,16018.827024935572,103.43810034546348,704.838251251268,774.8773857230547,21,65535,181.81605852970415,29200,1007.0761014506788,289.9363973858045,4324.315078124873,110.97674681514808,914.9725346519664,61.73544370176306,530.988271822046,181.31514049836025,40,malicious
21.894490388215363,230.30358579088764,179.25143993446912,653.107964503291,43.238967051028304,95.2797062527463,274.18962290544243,80,29200,94.5202887340813,29200,1315.4633047980458,414.39764332273273,6254.201146881018,255.02449899391442,1218.0357151883372,22.512415090468973,4574.4076145298695,100.31235700497018,32,benign
4.346510585909656,280.2263961526325,353.67889235899247,1293.6460893087126,49.25804241553649,117.98208795021407,62.80456622013323,53,-1,128.8674739605617,29200,3709.5940719167575,54.9788830396517,12386.31490704007,253.60132185813956,437.03264240068154,94.53824051453545,94.54780668606482,92.69228524799273,20,benign
8.89467778473301,185.1787188405085,645.0794804844846,461.7009548012262,9.717542619589253,107.55700070554457,122.64974515111403,53,26883,93.42767893500107,0,2540.8791017261556,1167.8977266902373,4057.0467373859087,377.4296336254118,349.67306993753834,71.22991099013164,1052.0433312434493,41.10708812100658,20,benign
23.605608836220654,217.64700955881665,904.4720744900833,56.41012190372881,7.262816821093814,42.142570949510066,63.736773854320425,443,-1,73.55082579420943,-1,3432.166779690791,1191.8581755636874,7648.75877021898,383.1248989277895,1017.3540494200478,4.356035807100744,1838.2754598179,111.01605181930067,20,benign
330.9233653654383,1089.3165855868465,2141.6834583540767,23463.753298423766,205.25462665597485,977.2612667138179,679.005719142559,80,26883,308.12056514831727,-1,1839.6956774299733,827.2427999601193,2215.7456629877493,239.60601561478714,1126.5770112949288,77.86217455431783,1071.399384478425,194.50383996106817,20,malicious
12.629682364645785,259.7108225952861,309.3005854173776,120.91098989304406,31.405752079552062,45.61612943123706,78.23652490354945,53,26883,149.17485039911188,0,864.5436315144892,651.6648646395631,843.2190925233423,54.97167699280003,927.6719091867984,82.92106264380682,429.3539762919807,122.1447238907771,60,benign
181.77307694757337,1317.8305380389752,1597.7521847485787,7222.966808972653,348.5913423937365,343.3025730200205,919.4354683918796,3389,29200,348.5710013118515,14600,6319.375964272269,950.4541170328391,11024.370737160378,242.00528097699157,391.9312661999625,53.724326853100735,966.9635548319952,74.9957857878802,32,malicious
177.34337419158493,707.5860550030014,6949.720892862289,12713.150715204047,251.12552377965685,331.7201595804155,629.8034293871852,21,8192,534.0409717630748,14600,1332.884425197959,155.6097269453012,6174.403708622487,150.31241370326154,349.68744397412956,76.4783187605888,103.4403873799689,173.60859109490332,40,malicious
69.76663552428295,974.9402459536268,2978.406313667847,36418.47934542427,232.62006504620467,839.3979366294709,438.88340493704857,3389,8192,576.820855309323,14600,3730.420229329074,172.38666981424433,1021.6825530116307,268.5333679203758,1424.9759270697264,22.042335639465428,759.6094394556571,177.43163637044128,20,malicious
44.680902663959394,210.22300886287366,1167.4689411282252,32.38330434233338,29.217066010735614,35.32422643281119,80.14841145190591,80,65535,76.53997913822326,-1,4184.019711631106,1211.9565593825778,2194.203109527208,183.45757096633176,1045.6533897061172,50.13461878585284,978.0935093262774,171.7619772275546,60,benign
613.9242715723466,544.3885679940878,6172.78153301351,28857.752074232838,214.01685793887978,371.36924968559686,618.7099450579299,80,26883,174.7687355782357,14600,3190.692036324621,1400.782634296846,2313.910877009118,209.80775452605354,1255.179620343373,12.958950591571705,2509.6127877744884,102.12926728907284,60,malicious
8.221169612999383,961.8322643130939,3929.572245580428,4160.1360574185655,329.20775706147435,501.06207188365175,680.3361318291666,8080,-1,190.1194470922353,-1,2280.63527792477,108.5733729111044,885.6597719179088,338.2856146888604,1259.586265758904,95.83735958320236,3250.255398094566,99.95482015987,40,malicious
243.89214822722352,865.6864089865869,7329.055412466761,29140.912063827345,358.0564523552994,419.1061873644361,545.5568211430273,21,65535,309.27626387862585,14600,3518.0933425020435,434.5112690527556,434.80280234037167,316.8046011588818,755.2306832915644,1.9110270119625183,1920.193670994597,161.058041791032,20,malicious
7.980804672599314,219.19221836886123,960.3147437218197,594.7006318514378,43.26000370026915,83.89740499382602,84.67914522120714,53,29200,117.8956314397973,-1,1012.2013147984696,1378.0524520227975,1781.894513023972,178.38269409982684,1208.4873735615047,14.24667009347308,1159.3066601574449,104.21615698904404,32,benign
7.582565983373307,244.00619429009248,732.6041803984032,1255.4980038234783,22.539399675286035,72.64826850166,212.56599557448206,53,8192,121.00949332696652,14600,1487.8120827163345,1425.5582056843957,4482.100484595565,46.49815626531404,887.7065338965837,37.27866622361834,184.66748112799544,188.3649449365993,40,benign
20.745700486702802,232.11295763361716,814.1227354833602,573.6697912269021,48.000571367015944,43.7572829133901,95.11812690760844,80,29200,26.46836559276334,65535,632.2652045503838,582.6725516675524,3210.137370021735,65.53721314048667,714.1446612184741,52.600137077247645,680.880857207356,94.18386962930484,32,benign
118.60864095956826,361.3667499069474,3346.9216541203587,2082.536740095549,240.26575966639058,720.6341428465753,479.0107430215893,3389,-1,314.9779384894308,65535,999.5546044456939,628.6374828344478,3481.8542436278776,365.803382602448,590.8961295299325,59.68427508575065,394.00320810593917,70.45350957529828,32,malicious
354.0665517850445,852.6421254284437,4002.404187396099,93140.01681027681,166.1317439154382,827.6067959579847,490.9016134164302,3389,8192,214.29042233731138,14600,960.2931028573214,423.3419083783002,1782.131507560305,143.00886970431554,889.7197202267186,7.9528896064457015,4246.325971276813,49.07576009257279,60,malicious
12.164870196521187,214.3704852220674,750.3096188535808,403.27388062093183,21.316409537676915,68.07105553077182,136.1383023128014,53,26883,47.224296916710536,0,2151.1027492091666,662.7510115697029,6809.4088876524775,339.50069139319913,291.63950791223795,12.812682645652407,7330.362953327175,159.08427959630225,20,benign
41.45283891815626,283.7902514073796,549.5361204564952,3040.37935147709,49.744178343259826,115.38849677291563,59.721077264350455,443,26883,133.89134574386682,-1,2024.2515372840649,408.39129293550013,8095.594157925338,357.5894092833215,94.67446445922965,38.464594583064894,1075.9505482618856,152.2970904229087,60,benign
9.152986143837627,277.6470312254726,638.0986715593642,554.0246640931375,42.382874843581284,66.85175893020238,157.1758106503349,80,29200,26.344791096200396,65535,1256.3010677792663,217.33487924154124,9493.3940283777,84.04030996246226,1115.5870228537499,35.47013200268639,413.918241356185,151.40387040586623,40,benign
1339.05678258569,880.3259305922157,5509.925522558685,20547.5397795177,363.31136238539756,802.9580944000558,427.46317720405966,21,29200,535.7662565749149,29200,726.5128084276296,894.1156713977534,4427.709213113771,182.51970976959146,1035.8049172149097,69.15001092284537,197.79937092335896,28.28088201591555,20,malicious
487.216886706305,1443.56043239792,4139.430283191476,46488.94164927984,327.84700461816806,1084.5514756662328,876.69579334514,21,26883,217.54716683731965,-1,6765.330760479367,1001.4138426585623,11755.255246340264,187.39932894289032,163.23790867154918,63.081511274636895,1340.8099122476124,185.99770963112917,20,malicious
16.877277509747984,158.17078427058445,1444.4053183901299,11.816216702642004,25.942318423701806,104.46454484800375,211.45503399074488,22,65535,115.46714783880473,14600,2250.1461042001883,1239.2192291366134,744.6620437108264,251.09297716980913,832.1108340780784,93.68570564730337,290.2682467307485,135.2740131014533,20,benign
89.67693714605345,969.6844670423566,2028.414454361473,33320.48654157827,92.41470043896875,536.1409625731259,460.78066137225255,21,29200,314.31134567776354,-1,1482.184143623408,874.6895919331535,4803.846033593162,186.12865413310746,1217.5444809231444,77.26916098040284,56.09101921175879,161.98665828104055,60,malicious
1056.3433310985647,617.9189364023772,7543.605461758985,5502.974022943776,188.42450372248348,256.6753389318083,905.3522571410558,22,29200,552.1864456421554,0,954.2839700718115,586.4220943248289,4124.3944830905675,274.2565740662425,223.98281447943245,70.66875072269029,5253.787347803093,74.29595550597313,40,malicious
24.99117811943608,118.55779540918445,854.5188106210181,1103.9591935231979,47.245999775522115,26.346564767616517,78.64688424832565,53,29200,42.099073180994004,65535,1247.5220480286516,733.2768034001155,2930.8234362674134,388.94195827002045,1381.922686772892,6.799447732117459,1152.4545465527524,146.9369890643465,40,benign
48.38611221463747,216.7837825486725,925.7764422096178,30.906144219353596,18.406627149934188,70.6762183697534,219.60625141762466,80,8192,76.53368845919348,-1,1835.6651475351262,424.7651846426861,3977.5103969791853,143.98622044471264,634.1904757969803,41.719913258352456,2379.3690134877393,176.99316158937833,60,benign
836.6680291186905,800.4491625721341,4534.885913223796,9995.639929055369,148.110459872029,520.3287884594613,545.0649324437711,3389,29200,544.2327917296119,0,3388.9445432292127,1233.2933973692218,338.9642067589612,285.27881241060777,121.68953924973516,57.988645631791115,3711.861333819528,150.14865263950966,60,malicious
18.242096813469118,238.40257478030253,777.6211474983513,913.5561290608009,20.99932528362356,14.103413806391854,114.17620377367625,80,29200,35.4924828140404,-1,301.43554765381333,280.95989046880453,6224.543244237053,333.437021417099,621.4655780030022,55.90363018889792,702.3293660326443,49.99034897133559,32,benign
5.647860757522972,245.101375318213,795.4222477282475,703.7210816121079,24.277626134293833,36.889071075978705,208.00638648340083,443,8192,32.225457677832964,-1,871.304025108175,1209.3025404037342,3095.6437192837925,64.59814236175151,621.1031707127843,6.088977430982645,1155.3342932783476,148.65852657824948,60,benign
15.832144262302993,236.61903984600968,460.36724229187536,647.0561409029666,32.59179814239401,118.8610189566452,187.06618775966402,443,65535,149.37795814142564,29200,928.6281715941278,95.51033414721985,8738.02939906583,254.17573416186795,879.5463913608017,47.630285220357415,135.00938772634245,102.22881059381727,20,benign
821.7584366353644,577.9286678312508,6359.157422803881,1368.4191073988977,292.5757543236367,224.12037426366453,918.7203274675427,8080,29200,349.29022125505287,14600,4458.617030180166,311.66496484449397,7063.522524118055,133.2748048430105,1329.8457044937638,89.5764926651418,4573.410858635085,37.868933250789496,20,malicious
44.67799131233585,167.08019262373503,761.903991110752,289.31695035157156,17.577272729559894,31.11149702692747,152.83638975507287,22,8192,119.73415276194311,-1,799.1166911971413,173.29385345804235,7091.990366654106,164.81202247301798,691.8838000504373,86.0843036055298,276.62231827985823,127.22783210300257,60,benign
119.61864615947992,541.2842342818957,2890.7090178912495,53664.98039153187,218.94647397334882,1186.224016213452,918.7573372180019,22,26883,302.9427262609122,-1,5614.3179766768535,371.51774078378156,1743.2807918076062,78.45813150552166,85.80542316151579,83.2870292854821,109.55838600077168,140.76800405709446,40,malicious
1059.609925148179,1200.7963384918367,6909.53783243161,5927.841082858993,312.9919086328241,929.8361441760239,763.3218749189268,21,65535,549.7111072166706,29200,171.0400912987849,1461.2122846708999,5238.009667327996,365.3589351184755,857.847941925038,6.991116067493541,1604.1009969967185,24.340598105835475,32,malicious
329.2352228771113,867.5888647947056,6699.402121803284,12624.193823308977,305.7636944597078,418.29233772155123,817.789270244157,80,65535,403.03794137028024,-1,105.7857538917301,84.25897439663751,8065.384681086726,299.71899029575513,184.96312462923146,60.82820777552854,2486.794054118602,144.6644821526351,20,malicious
24.426457220267885,1031.5422027629959,4576.764523320961,4787.027728774956,292.1213316992082,1176.3732153399023,384.15705957382596,80,8192,553.0665886528301,-1,4079.412133364336,745.0268975274498,4136.134939155528,162.90721027965756,1260.0845414608707,36.62405870924139,394.15660625177856,96.00197178953245,32,malicious
30.39819175924585,840.4799710234537,4072.8897860103652,6959.825731753746,103.69231377067265,858.5236400214085,850.4124590789021,80,8192,206.9791535814598,0,547.4023846765888,807.1258390239562,755.0923471377495,70.16444358004097,864.685666827119,22.965247326387306,1091.2226114306948,88.66150508046417,40,malicious
147.44335040082672,775.7175204004891,5540.1308840231195,27138.739159536923,395.737399824018,517.2016513069104,362.1076440456866,80,26883,111.49844385888255,0,96.46309995791187,760.7343904034166,6859.012929277036,147.11472770487154,1179.1898902911648,98.49789288631298,2349.03077796679,149.54974333968468,40,malicious
9.773051300699025,265.33000954300803,130.19136569840774,930.7341752635914,34.51463166242806,85.84674372553508,197.16480458356023,80,-1,62.675983390970174,0,5158.936257697926,788.2427212742291,9082.057138715742,222.56793040909054,1466.1538619563844,60.06637509526821,1519.2171002650502,189.5840105943763,60,benign
83.00904808763137,1335.0625166681716,1895.0297693802293,2112.298099707557,319.84353020942285,307.2676208689135,690.4204777670243,80,8192,559.0574382776626,29200,2098.611950311104,1213.4933389454122,620.9363165368818,326.17528545011936,414.4145335790192,31.793826920790735,2819.8333296227242,94.44378078086503,60,malicious
5.7965083448147166,257.1702069996964,1230.5604661074337,396.5343660654537,46.72778965420901,115.84927484134043,81.25091951756356,443,29200,107.98473122934286,-1,2378.6832882942826,896.1753524132452,3105.0673809373075,194.2726057146426,832.8110356539204,46.79674915225883,781.9830943144059,85.39770935516876,40,benign
19.68727439804287,252.33974079460268,478.4398586865472,39.009588191386996,20.253672254403465,117.50282715762441,262.08966721434547,53,-1,127.48894200792765,0,174.66660428628563,916.8707592649562,934.736320286209,71.9885905321751,1464.3010155290087,47.616435618176354,727.8539768127866,167.38550504991989,20,benign
3.9577578223490746,306.33591255424506,1137.3783695846944,1197.4045835312445,6.62137482741382,41.484893183810605,92.79168941661973,80,65535,121.0709404926482,-1,31.817532582514406,789.8452740175165,4204.268250100251,278.1846716036257,1497.374307861398,47.759375015358366,3428.3583557220936,186.81609803675738,40,benign
37.002981794880014,939.2424817910969,3261.66083687332,31199.143168502334,241.9427915528022,772.5492782636444,446.4373117058826,22,-1,554.3387856300585,65535,703.1707181943057,103.80051868002735,15258.144643658214,77.64023422280916,1282.085205473096,71.13326664232491,1360.688627834985,156.89934438682923,60,malicious
310.91624250935917,911.5823383107664,5005.393789218602,4273.56527744238,126.2497720055164,840.7281298475536,361.9112567271196,80,-1,519.2797909149805,0,1010.502895068275,447.7818104457129,100.38340443301514,351.68283358052963,508.3764128141609,54.19011672235907,397.75822566182325,20.909952677052985,20,malicious
421.9062331853269,1001.6185054519165,2003.259311862132,40540.27519315598,243.5277895381303,818.7581057533265,438.7919216121754,3389,-1,498.72674968669816,29200,713.229235631051,419.5242001958139,1085.165866767023,384.6416573057764,1489.839145398079,37.58181757907173,158.63406127254765,39.68116737965118,20,malicious
146.9371367583144,997.6775752421269,4508.204812987066,3385.767806386903,101.02047429367477,1111.205788701829,747.4712938297323,22,8192,117.96741019258685,29200,1466.3965593787689,382.7489046147707,2263.2011946344387,323.5051552246697,1346.2786262156333,54.58236050693527,4626.229801082415,109.12238400600039,32,malicious
1104.757439096682,904.2567843607995,4518.167379379802,27168.489736334144,219.1546524172615,311.00559342162074,414.81597895381765,22,65535,363.38339505291185,-1,308.66415264002984,393.82912785544414,541.8847150803554,354.0987006224092,1445.546657751047,83.00054033627141,3172.9828250236556,195.68100627880034,60,malicious
289.18674948183764,592.8463811668635,2897.720600697212,9725.153182978529,123.28570788666305,625.4248780517701,965.7881584750554,21,26883,331.6605486682873,0,3756.024518563872,93.68903040886275,1274.4112380797203,143.28526079443787,1007.2853435848126,27.089540288201054,71.27119878758232,73.75071560489789,20,malicious
1390.4539217176466,886.0630588316941,4902.9012512198005,172277.4446552636,102.7854858967471,362.47141373762764,697.9206698662247,21,-1,591.899770471446,0,2453.4601372006878,95.94117952020574,6158.211525972905,82.26596505487757,1213.0511051420276,72.89410271871381,4126.1371090305665,192.97762254960733,32,malicious
3.5554064299064,237.59606747871882,835.1243181381369,60.520027780434674,35.47426297954824,56.59633989879411,202.1495016119945,53,65535,126.76624918475008,29200,3793.5562437845792,1496.043380812759,59.9312707923746,48.41510411899502,550.4859664223675,2.3516725468385236,4320.278493902497,155.63281480569967,20,benign
340.8773465351742,1335.9002541119737,4366.853479077428,22285.489681822015,277.23200303966655,1178.228656953704,316.45552422134,3389,29200,183.84895232423088,65535,3008.90020724448,905.6984371929618,1213.9301336655406,190.1694644937707,1459.1134068232348,47.04932068533571,3340.469283169635,149.5322358007855,32,malicious
70.11454853470333,1148.7607498630405,5912.48389626843,693.6648571197959,167.62934017004602,502.839368778426,624.3235228975511,3389,26883,149.42377961616756,65535,4100.055138174768,767.5998209378287,2816.473147063492,355.31691691965165,454.2784640181268,78.74782436110654,2555.6836026588094,91.87003365302964,60,malicious
5.95007483012683,290.1622018696307,1380.9891416434075,898.5219920246826,15.600735165926114,15.121275224251121,190.47999887016016,22,65535,100.75809722167295,0,2173.081619893088,360.2769666530874,2750.021020771688,267.1891918147834,366.83903830579663,13.731814156536492,1837.7584516512234,39.88460424178396,40,benign
14.404981559940497,262.33495076470217,230.86434210863857,222.38189504540722,38.61684660085854,86.59440437287931,91.85559057199647,22,8192,61.39710483914508,0,76.07930797641787,1482.1251588861237,7105.461394730306,104.01038142437844,694.8651197709166,99.76343831357252,984.4154013153848,85.5671295772178,20,benign
27.86794711943623,1242.1962023350159,6429.71768748962,16752.688083724872,138.6148906450525,244.4993276793384,980.2331132244013,80,29200,295.1696059111896,14600,2021.6990216348818,196.3015995523134,173.4467572831848,154.35495066309693,1398.5062322714793,36.75466030743051,1347.5361348437625,109.87458724636782,20,malicious
13.856501117106998,228.96641252483803,1185.1348817785283,68.15304331185783,6.59221183516807,104.93905587910074,147.37729677780692,443,-1,103.29371272716872,29200,5739.618120651414,1212.3757320340121,675.4257848448779,228.92980519215544,1441.5316295663329,91.61065827205582,5467.466241472445,180.54396824029428,60,benign
43.9832993748647,190.02309576592043,1304.0541910264155,515.8916805382288,44.6665834178045,99.36850221401816,86.10747759051324,22,29200,93.96680519738587,0,4079.458415451083,1311.1539136075285,1123.8917656324595,166.95573026841117,955.2134477327221,43.98648764593362,2470.3700165847786,166.77409463608097,32,benign
907.9889209625666,1243.6520878448034,4572.569488296688,47163.53954923745,124.25449183122211,382.2929087667803,339.900579360041,21,8192,586.1641500817982,29200,721.0147150243491,903.8374615660326,2637.9541793891053,368.9084501987244,688.7786555608332,61.539334905483436,3720.9444031511434,84.80285237237887,40,malicious
12.639525208923937,218.41220635153678,1364.2188472394266,400.50944460230585,13.338988456064246,105.68201102572195,60.189876967572616,443,29200,29.973393266011854,0,9342.89905098914,787.9894592540942,4903.287078346714,379.7944600083591,576.6828413377043,96.69116161075158,519.9121751209585,60.72789752554856,20,benign
1.4448909740593796,275.2313428214159,1149.7646907407131,266.7730830734942,35.57300254673703,15.361320393718858,298.3089564957045,22,8192,108.46137801377314,-1,3784.1430479335454,762.2615208792843,878.3124393012,30.593576628136837,791.7041766933437,72.08544440919377,2874.3023486638454,114.11324314900205,40,benign
6.870148525972795,267.5948716464317,220.19845101420935,457.36119912567864,14.52576234954024,23.567957945322412,101.42495034442467,22,26883,131.46447300652682,-1,604.3778695677821,1269.4385563778199,4139.8661705947,311.9979914092017,634.866890702277,1.0037756985309398,1529.4346044808724,197.55100439324477,32,benign
0.9913318452649891,360.3389016084931,1117.7812700990628,79.06771802838611,18.277984114327214,14.81220043513197,257.1778291194168,22,26883,145.59944521539688,-1,4770.274290046929,1444.5055820446246,6831.145397410254,381.1932039787493,945.2214613203429,20.433173013919024,202.60311027424268,21.710679520941067,20,benign
9.139293873479284,280.7702636687623,1337.033884713964,459.28130331784155,11.538806312208067,37.056859316307275,76.0671805651271,443,26883,134.28904672042114,-1,475.5775617349876,1461.8874755453958,13398.843580605866,227.73170796261172,102.82620398341786,29.223797537017315,202.9868068340462,45.942744265230374,20,benign
168.6641938013228,579.7059615971827,2438.2676852966106,34245.20921502517,149.21026861979993,358.44256325148166,492.7646522326552,80,8192,440.47821916104124,29200,389.73416472800545,77.80362923700505,3680.277489284464,42.323118061292455,722.2507219764366,60.67989168989582,234.32036590623443,160.67693110982555,60,malicious
402.7442778787749,771.9250129429046,5361.270183394605,4739.809115624901,346.09307795813424,211.59642848844345,616.9434438621117,8080,26883,163.3144426019452,65535,940.6714808932273,1449.4225146383042,1192.1718047949162,46.33379565766068,1035.5105097800392,89.39223275077572,381.5907170371412,65.87413895991405,40,malicious
821.5042101571432,767.7322406401482,6698.5645856296605,97358.03596827386,392.40000065589896,737.1641216937419,605.9942525816678,21,-1,341.5868506633434,-1,259.365851202264,1230.8868947892959,558.8200772886215,99.51475596224752,1448.0621024566924,22.594430299695233,1129.196136143922,49.11305289974472,32,malicious
15.104413089465751,242.20832237665104,306.92792636329966,1235.4969468274917,48.82456158213627,99.32614953317822,109.86281776587121,443,8192,118.66531568767832,14600,6331.353282625246,285.17991572010703,2454.043579269051,284.64362486984646,238.44315014218967,52.35025774858336,2934.0298879262764,29.44881390762794,32,benign
5.108790604029897,285.0821248052195,757.50115253626,555.2694569681937,21.12446087075728,30.198878272278684,295.0726177693572,443,65535,29.847914027405302,65535,5939.2114204969685,459.58834240082876,12268.485080225219,91.66056075355709,389.7882815292616,92.76774556759598,4182.89486799637,146.5225079672091,32,benign
4.8097087180070295,166.86028598920998,656.6793861214143,691.5004023206629,12.100147967163792,74.1775492300168,112.37293548333002,443,8192,33.316423780604325,-1,776.4628779472572,1207.981676809821,2873.017565856649,222.91320255404096,369.00335316966584,49.34889430071121,4760.963845534697,25.712247037385836,32,benign
12.580619820416397,322.2357161768881,991.7816760842268,398.41788524476675,15.007820862488671,71.7572246325901,209.95010614711603,22,26883,51.24130061575772,65535,1630.1816526173445,292.44091760402125,6368.945606774569,208.31524180040213,1280.6997867954208,61.158503686235775,182.38449710692154,165.21407826230728,20,benign
1247.7076337504704,419.2466922170357,4314.227923775234,11496.872273741003,267.04694719420786,282.48373676097685,605.6162432063013,21,29200,159.60914385157128,14600,6474.413474884557,572.0491858704139,22560.136889733734,175.7992150641707,937.3090067127343,56.029455593212184,2363.275296446087,182.77712707051822,32,malicious
6.404036929101742,876.4095328927516,2355.4605160413253,27549.432903865705,131.9435752323015,1168.0261265011147,858.4451920482535,22,65535,435.9432543181434,29200,709.3153900252698,469.76274015788954,10249.312570690707,277.90094401339354,401.50831975188163,4.8248829509088935,708.1405495633445,39.314855600293086,40,malicious
85.80437822995847,270.81934059166144,329.85358039062396,509.9414196115696,12.233593777055082,63.50880738596405,168.88578758117325,80,29200,115.35312699664836,0,31.93801871647247,309.413478110597,11185.163413306991,157.0344406827878,780.84706239218,71.92778608590082,1436.9201673011648,21.392323461755026,20,benign
0.32291650964306906,175.19737353629822,1407.4483449186703,38.39209091690942,19.47560960578361,74.3754283630718,283.0570635494389,80,8192,116.79526901422044,-1,660.0985945221722,907.3464991476666,15704.929880090524,313.0322600993101,1356.0386788262888,4.6840363180027484,2002.2346196837227,183.57330221630698,32,benign
9.609581537091183,229.45682674605757,998.4748707137542,367.21298769885345,22.94265064765351,80.45458036675903,145.83288461950445,53,26883,94.59175525078498,14600,791.9910891060847,587.4454566609194,6506.769852154454,149.54970145069677,903.5659188220346,35.97715888590313,1252.2918440219644,179.6493986380287,40,benign
693.70065861551,816.0204935790962,7847.8282317416015,24291.72535562752,338.8175463627317,656.469920818646,817.3055247588127,21,-1,324.33711272156324,0,1223.8231410356211,96.93225211830958,36474.49349867137,152.18754264934282,356.0875146018903,52.18696229327151,674.326326325631,23.5842183336687,40,malicious
550.1067401218191,542.1512743744745,4316.9264113714535,43853.30894105104,117.14874682730226,762.4501425802109,784.276759398054,8080,65535,137.57926664973215,65535,1301.6695218456875,661.0785892141818,1111.0440402641386,142.9939733254942,1292.8206985326062,71.9034710003334,219.2606437938542,82.12913353468394,60,malicious
13.352785653316552,238.52860960065425,838.2300992551731,931.6279961297573,38.71609855173272,93.46586555066995,164.30613876371953,53,29200,99.88738616447209,14600,196.04628785635254,1325.8387525091257,2379.95913696948,268.84192142732843,618.0783124785186,48.1284842082174,958.926824911431,148.6428330429712,60,benign
196.1873177711584,1050.9165036239908,3687.8195378359237,7022.784122493896,393.24473900405656,385.28973799174474,862.6609170635633,3389,-1,116.86099795236056,65535,566.2714493545915,1032.9517699235141,5919.000164006947,94.2374188531785,245.2064248352149,70.45302170849374,5074.790117381901,72.27987748463201,40,malicious
478.480979234043,806.5196874187352,3102.9558748969207,21147.699423227994,354.15252963526916,1059.3523594121102,352.5093409402838,22,29200,340.7256604475335,0,40.13820600717114,214.26061788172683,3562.673089994583,268.04605318766596,1435.3164333271727,93.55860097649072,217.09812566077264,157.0075151194898,60,malicious
431.356649450944,988.7744502871982,4929.1805471411535,16442.56668611285,312.0847260619561,928.2999858404265,940.6741143104887,21,-1,398.61729778783797,29200,2358.7707879452123,915.1611392764211,4181.433843509115,56.688760613988634,365.7577614589314,16.004879027196473,726.6831216452234,106.82094435781381,20,malicious
994.1106883133491,997.7994816168742,1412.8527019908638,18287.44216615537,257.88754837815355,1160.9570763308898,433.2668380978398,21,65535,198.09461033369487,0,3466.9001325631966,59.96143665081906,6448.328747282626,245.14666682439437,1419.9656752631377,74.06286017430182,1827.8093796958426,82.19936530926455,20,malicious
13.408663467013131,269.31643206775175,933.7673203551767,112.5724729637008,12.449894241957661,45.76482525574039,212.7669027360911,443,-1,122.84411204727284,29200,4669.366795645404,70.7375594727426,1229.238135036263,221.38740601346692,1132.6769066325435,75.7802312204026,1378.7148885195063,36.692087375620375,20,benign
4.221569652444012,289.1845160229784,1397.289781870692,318.7652942926474,36.39964702446346,23.584498962157117,170.58357810301464,53,-1,124.41049968599623,0,3966.5358909736196,219.30697756575546,3820.3303564793,361.338652871599,1121.0954503794658,61.791369049643016,791.011119133086,41.63090800024243,32,benign
419.10911501726736,1097.7224027268473,4808.019195893685,130930.44308118058,108.16131489137881,711.5742085715094,710.4896657544671,80,65535,128.99574492228786,14600,1504.910261537716,1194.0244226376037,1139.5668802977589,235.18116984011237,145.48308557596022,39.12471465609107,5291.447774282897,72.73901087008488,32,malicious
60.003504517562675,183.74258446811547,382.8980374262829,445.7802876082371,12.21058696717122,115.34451888910071,234.92934937266338,53,8192,117.43171100161256,14600,1038.0828740070112,379.3212617715961,7444.165460418491,24.62185292408701,1112.899727543069,84.9492565220122,2326.269776947301,25.04818228816386,20,benign
36.98650855341768,313.6912211708375,189.89954459983755,384.360313630635,23.18030505251826,60.56808025553752,161.42554970602453,443,65535,56.399488421320235,14600,1306.071935255794,691.9967571731621,7442.663299745635,196.99711186339266,137.62437241833126,23.246275012854912,253.2359372942108,64.08752659800555,20,benign
227.7247475486416,861.2422485880953,2626.17136580423,29229.20408004059,257.2623537614741,560.1351860202915,645.5383190981647,3389,29200,523.8415531455032,14600,1087.1722316898056,219.04293300044517,6259.153029105897,66.63617625658219,731.0768261487259,28.23362650814697,460.28158975443864,24.283042749968168,60,malicious
8.005074674227188,272.3044044666592,1066.2299726815268,107.33535741286124,13.866343575978867,31.72683135382847,128.98055506157812,22,65535,29.679876422060815,-1,629.8666785836649,1163.4045077757985,3433.5840513788344,130.82506371041396,586.8591210390533,82.37397068190087,537.1024693461197,110.34138653046202,20,benign
81.74066438481417,249.05857574874028,1037.9075993684082,572.1474408277054,21.997977977110814,92.885739375655,205.60435137713137,53,26883,31.852147255065102,65535,607.190001766359,1353.372872819671,3864.9470141779225,96.43920495980265,796.2998715066569,31.202779223090893,4819.595431413123,151.43355975657087,60,benign
9.994721403487663,289.0478927422934,543.778737467125,893.1265676893561,18.199172355494234,89.1245604961248,111.33656970660395,22,26883,68.51783441039201,29200,4968.369097043339,1323.02805121338,7848.546253092219,399.66532781446045,809.2381471234372,36.90428737664631,4266.534910948189,147.44481705515295,60,benign
14.872893848373387,313.281824948512,1440.9625450653793,101.43108572229217,36.552586880033545,43.522584368047085,122.91507682127322,22,29200,148.86585421799822,29200,2238.463093363997,390.79552361097643,7613.291300978802,308.35965213253894,430.2460517598811,95.32935272293336,2183.053791515789,174.54749054239358,40,benign
20.602127926298756,327.7453734147697,1484.90656582929,322.2419729626538,10.039588042559298,45.70322373349949,96.3312263159485,53,29200,65.40593703957748,0,1972.0155716242823,399.0685626455322,26041.889370024266,52.87396017263108,71.547904079378,62.572882351407664,4096.813156044089,37.51478414509209,40,benign
461.6063552774084,943.0780977921212,6388.52837106715,11217.865307240434,389.66442020532094,1127.509990643906,768.0303993178956,3389,8192,424.2550116404398,65535,1618.17623703864,1471.5642784797938,5516.78564540283,307.6764062214441,61.744589802740855,39.219855906443556,4765.225814664218,141.47248197251884,40,malicious
493.8770332962654,778.0587785602077,6304.836229271318,68411.62388339295,252.8152897280733,846.4140484553091,965.6621867720484,21,26883,356.85875256320725,0,769.4111002517392,1126.048651171134,12217.812251410178,186.15052019432378,1095.3273437422727,58.535537251629385,2472.3643084159016,167.02891475664507,32,malicious
558.6605543309645,990.504098322971,6426.278491255943,29661.404151041203,188.32957385114514,467.9763313374729,326.0730773044162,8080,29200,530.9356610408649,29200,1282.820326742073,94.03821225841158,2108.7101185560796,333.16142215031624,804.36378364778,59.68660656335012,1476.3499622261575,185.55021012491102,32,malicious
7.011989952280121,269.7750329510976,753.7802871672665,130.83760316996455,18.028440858022556,112.60790677840788,140.47039475980733,22,65535,116.40880458192275,14600,7122.874095028407,778.2489341226391,12989.576064224508,91.25772689056198,1111.59272817747,73.90119368281286,1536.2706343268515,162.29201006912785,40,benign
15.55839759253541,214.6734714951022,253.47482408505465,69.57310673117034,48.501767602375594,86.62054592251431,69.17872085009643,53,65535,138.0747189323555,-1,3098.4757341092936,966.0822265768095,11847.1113164278,318.86625528212016,124.06437152022251,90.75189747400097,489.2667266001788,115.17079879065265,60,benign
28.669904304170135,276.46168047039515,403.5324720009815,199.50672561224124,16.817411248510613,20.51745333149878,276.75071553134126,53,-1,87.07841285812154,65535,172.7199774813177,333.1538127375627,13443.187719896287,87.6701421757107,281.113309388647,20.403568912725444,330.8922256092969,101.05964925369489,60,benign
747.5263376581335,737.0356540640594,2766.2399967798233,9807.722773614872,275.8934918485505,238.53486581185638,580.5419140242989,3389,26883,298.8524713496011,65535,109.69320095133698,446.2447309210214,5049.318180066705,300.4543303000271,969.3307301669673,69.07226769923953,1864.7283946420412,88.71548541147602,32,malicious
4.227550050582934,327.3700715019304,1359.553160622535,173.90341885362142,21.81210843272258,51.71440500946508,120.75512395717843,22,-1,24.57280062900675,14600,166.12989795401984,1457.933147357005,1595.6262693036022,313.92685121040915,1395.1239656499856,76.50453648531423,1600.6045750081328,159.2890889194957,20,benign
17.601200424566837,251.43711116149368,269.22440399491893,1078.4661539088622,11.49488485374344,35.75768685094212,82.6084683485386,80,29200,137.68064923741366,14600,3449.9929325067183,1256.8395132031542,2342.209466149609,167.68109164921358,910.1816778460125,18.71493201102865,1011.7458594608835,161.5920250908163,60,benign
19.98591575248926,270.41398641596885,1455.3161935180874,631.5754168127186,18.52494985663668,48.47971743086345,277.8613773634864,80,-1,46.840207822353214,14600,35.7011706741534,66.92355810867973,1092.2598717258722,123.31177873586614,554.0263882482074,27.911036692631576,392.22572741340605,181.98766774991805,60,benign
549.1749086753367,956.597396069666,7687.826689893771,826.8770254858414,357.98111954671504,1109.10107873958,378.02895057236475,8080,8192,579.8262538961594,-1,205.929618578918,886.2747905184486,12171.583373309099,222.43122963607078,1297.0301136061432,4.373313545356239,1830.6351486906324,26.203414498469257,20,malicious
66.99482753310512,1237.8055856538963,6079.658193165357,7212.9397525249415,91.54145153929346,835.0544051498026,837.0468736117953,8080,29200,540.8093252838705,14600,1552.497081998775,642.6719608412866,1492.3857433126288,177.0737730654222,1078.7232263056774,94.39316756955454,5276.358157917178,177.48050973017456,32,malicious
12.627194502983734,206.54351214143168,1043.748812976682,1318.2558449939938,19.584646720222693,115.73674835149751,60.572330529521366,443,26883,29.448670637019987,65535,541.3441835806731,848.2736393867283,420.1923097587653,308.2714623656944,602.8878501932224,78.87217305312262,1434.3495701275028,26.566994401120215,32,benign
981.206286861092,1041.9714592378832,5818.7784804281455,18389.57509481301,109.24029091873945,269.7464137460243,797.1612465998976,8080,-1,542.1843688454417,65535,3103.0820672708746,1185.3161668448452,598.0843923263155,373.98927272713695,445.1006941868801,41.67717273763375,1276.4297592927933,104.68272535549615,20,malicious
10.70731339546125,292.40141902124253,1479.9648947843632,244.35442855202132,17.44629669654831,65.10487884698813,236.58480413782425,53,65535,90.72354247400936,29200,3090.943756426359,152.41398886948008,2558.5789021562923,160.2083182836758,655.2738778661198,54.531222031905166,437.1414134130503,146.3222540757821,32,benign
10.408740282689589,227.93513555673547,310.64823826995985,1126.2633829236672,18.465005996032126,101.0115151404251,211.31951566478554,80,-1,21.910503592168045,65535,1096.8502688793956,1117.5458718134817,9962.79552045157,51.50598739284106,1469.951972790307,88.9881199304575,1285.4740794875875,103.70942146926458,40,benign
765.5509559853282,790.3396061258264,2697.4818585425332,12852.348941802811,290.349892427032,975.3937079772867,494.6662778402716,8080,65535,437.08461023973945,14600,764.8661796285651,1158.3539131689815,9715.83003396438,257.35868890955896,615.7062129911782,24.878885057609168,564.3962418493136,127.60438864636309,40,malicious
630.6431775629086,817.1199252136812,5367.767736466941,8651.78448743104,255.20685224759796,571.9398363417695,360.3354729638902,21,8192,488.4204051408615,65535,1986.687797628553,949.1629898115567,3251.6102587086675,377.9812854211351,235.89018214109856,75.13162000595864,4460.1411541875605,69.48811710525047,60,malicious
31.298177316808772,239.70250657872563,318.1420890411415,181.04092518176824,29.846050383037948,114.2131324110613,233.83699316989285,80,-1,25.60822295274784,14600,1580.525397760554,536.5839051413476,12900.197571207424,42.34493863500165,1472.2167678297524,83.79698417127152,1663.284734918412,96.20081526852903,32,benign
294.08553106477314,921.821919843202,6248.800760630626,6629.153118596404,318.017300503798,1056.3991410212257,754.5789467391498,3389,29200,198.32286755209367,65535,439.4384024689276,721.4778767609375,3031.0122261300935,161.44312262041436,296.4922409722524,33.69807431214653,1000.7507776858997,85.05845966557641,60,malicious
28.5366550838907,213.334533628448,594.8657278533387,270.53275839219253,11.416469711061902,92.0018329165753,67.71149589606519,22,26883,57.023096322463246,0,2268.0639479014867,713.9912486504819,6280.478647122155,167.68014318763196,1001.1835454869441,49.07961733790588,7110.047316325692,60.99190107520978,40,benign
547.2645394914307,864.114151285539,4489.596034533484,26487.28289791687,379.37203656943115,418.96487539250654,930.4887358225418,22,29200,319.16042607610063,-1,1305.1568560049275,301.1161954673779,5791.193016527829,38.720748291410274,419.0210797893347,61.13146080621399,7164.921624608017,22.191051170634715,60,malicious
17.953785247881772,295.0649586638034,613.935555707352,108.21918276338054,8.289503762057063,103.2069418217815,183.60890572281724,443,29200,115.68669196802612,65535,537.2388606111376,564.6999206248885,5154.738674550918,260.3518242815395,1065.3036874337186,28.667390278505913,5169.611830717733,116.97544994192269,60,benign
169.56016223041004,827.7495703756604,1682.45688462108,19130.823691048612,312.8439783469657,998.2345216005865,601.0370071574575,80,26883,136.7526435985147,-1,450.4192134957843,1024.2075364609627,1387.656114593714,113.96196573172415,380.1423172423414,63.241221109015896,2685.900701349454,100.4896891045817,60,malicious
30.701627341622427,286.5040974426717,931.4306023294274,485.4606627789321,24.379075165514735,68.6523660654787,127.84298228758988,443,29200,91.05891230775977,14600,10351.722090530606,229.42214373934203,15231.719311826926,275.21218691368466,156.02277727503824,31.654638655058033,374.9893761356059,39.779041582791706,32,benign
4.0429654049595225,152.26406051437345,810.7421387856164,286.3737404743114,27.320640485182576,37.673081266098094,228.3185671723041,80,29200,73.27679939581681,14600,2336.0782934490035,1027.0944751137006,7373.776840928054,162.16576981719325,286.5609365666511,21.148334797165358,7737.103045056563,135.66718825731363,60,benign
0.2995066833923267,264.9466797058288,1216.0046139913288,2827.658210351481,24.890620180825493,114.41524930764841,289.9673772324084,53,29200,134.36060590126436,29200,1076.8213706632016,1315.4959336814,882.4330352319943,177.2317471264053,1411.5188630893722,11.327595643080057,531.7949110918744,107.39634706465502,32,benign
64.82823216767481,1068.7315598761445,3779.725636725558,14436.53715846839,251.91978167077747,997.1906042975468,876.1248128065502,8080,8192,221.57454384262672,29200,1793.3796850089032,924.8168334859188,1316.4410309366692,336.43138152688994,409.5406908892693,84.8308519213774,105.97857983440205,164.55351883089483,60,malicious
1.2906628638923991,296.1475379468212,937.44580409837,417.77124713530435,35.87325266577315,57.22390653349295,64.82093444182361,22,26883,82.03197962814212,0,2820.2794500261266,891.597886379581,4473.459540876887,170.55874917237622,438.83379483555484,24.18956869088673,4808.308808845004,50.64655707806049,40,benign
9.575040440034307,313.6316164969007,205.17985947828927,1516.1928695577199,16.314820552253146,76.48568358703872,59.16646704626925,53,26883,72.68813107215703,29200,1662.3880144222808,1075.4059465410455,16698.37395396849,331.83387577767746,829.0821576861151,23.111929795699215,1548.2193567044542,141.49500685501,60,benign
1255.8079204944,964.7948794734227,4616.085108993386,61839.64229613351,325.28982570824815,1142.8832782438828,971.2685682602672,80,65535,269.0776523082812,65535,225.91849541007474,613.1333549834577,145.34841945785556,319.4922708640792,752.6701578044338,29.106047591041307,594.9957295328248,22.426446695024236,60,malicious
793.3849033784909,1233.7089602116962,3597.1691901091135,66059.95840121167,203.35693594354112,1085.9354577151498,803.688537314634,3389,65535,286.75400481011434,-1,300.74690136563555,1426.1246453990516,5204.174871429408,91.46605424459378,1041.0752990332494,71.82361725953193,3938.1669903572188,136.76514523857094,40,malicious
12.571016522838413,245.48091216212748,319.6543761320056,1061.197953246875,41.568274326480164,82.74420848613802,138.2953823923466,80,8192,92.00879905918458,14600,509.6983418120463,971.1302839402742,10618.43005092929,381.7304781904204,1385.8731230037645,95.03821895264484,192.95032720298553,109.02139574620753,60,benign
25.746964619128775,204.83983025688758,1462.0367150797051,1481.021776624522,9.150490444954713,94.3074737601118,142.05868835424965,80,-1,103.52800038395797,65535,1173.9279757709448,1432.1735050698467,1683.0791798847442,117.18519988409022,587.890757409246,34.907204806954496,2824.2852543491954,161.74029137028643,60,benign
38.76871924931339,181.12310809981653,912.4648993928855,445.94895058178946,43.649072643504525,89.43050894972218,130.25356213134353,443,-1,37.61194436816775,14600,2184.747556903826,1014.1262828785112,703.6714774100867,228.47302427824576,1148.4152788009374,86.09550835674304,604.2678414467113,120.82588541279857,20,benign
33.335960613842474,261.5923855945868,150.68112748991348,90.08355329911008,26.09672150397658,114.49644404969767,64.94615810049189,22,-1,124.66066894980285,-1,1310.3978535798924,480.40724423979134,12608.727037094644,36.29535375020443,881.7248947337823,88.33918122493489,626.7118848142118,89.20498506061625,40,benign
398.2572326525833,692.6184869907466,2836.0210544982638,37477.254592908685,183.96875088622298,485.111601476139,730.7973751048678,22,65535,284.6737434728532,0,1303.9776959164833,150.67959665251658,7507.952784305947,305.2109316030856,220.29144269887223,63.66340200538222,2605.036377963247,125.93178785529163,32,malicious
16.02528504658862,318.5850890266099,1069.2844504930295,302.3785303214527,39.51574947239481,76.76535052172639,193.1148311042418,22,29200,32.15122663461987,-1,125.56819658792448,231.41085583052148,15015.791667445723,186.9096117578316,1354.8164950187681,93.75170982644974,1787.052340180727,24.803288089362376,60,benign
100.74082851288482,249.95246150101192,984.558060018887,61.70061387861762,12.797023554737645,28.361149276103145,79.7062948942266,22,8192,96.4285400085016,29200,317.5794625917309,187.97069267211415,3503.0242350904723,135.7493497780378,470.5539716022077,11.099136256353736,405.98147119690304,85.38229172212884,32,benign
252.71518796203262,827.1791922570952,5093.994193015407,70181.60397215061,348.7048316704896,948.2992912530538,572.0154584589993,8080,8192,386.4258175066067,65535,745.1361558275917,249.06996025880164,917.7181929483933,261.2026419372607,975.4831361471266,74.43852321889148,7514.177636907836,94.65966625648562,40,malicious
8.061595177192483,381.07098435357904,686.4599488511902,1603.059317022286,16.65869924618177,115.33747126072932,141.8315213021995,53,26883,114.46911001494007,-1,3810.9680250344436,615.1050056695125,3170.0988903044126,341.6428615240297,1146.5052605303376,17.83580964084768,830.3387210196443,92.79617972516492,20,benign
13.292971148558832,174.60714271554727,682.0485336331926,1668.7648080072574,19.726363114068285,93.01209453154816,178.52755705496844,80,26883,147.0755536739202,65535,7994.34305885058,1295.598859469286,1135.0256609827234,41.132790935805566,1050.2168761863186,40.911107006403405,1455.0729675177745,157.907665100578,40,benign
189.36530249889282,1083.3304624341786,7878.2584714846735,10826.115367121272,201.1342724217193,792.6577221848327,302.4980364282611,22,8192,410.6476653370888,29200,5142.72364026089,441.94673965640465,10375.874596096477,145.99482424061495,725.6351417976739,70.55540539473232,153.31320004489044,128.01193660106463,40,malicious
20.898773936369093,289.58380144168274,810.4338381857268,311.3028510636538,45.37463432836434,10.57836541656713,252.37328988358524,53,-1,103.5366463431198,0,411.07794455379644,973.3028565603055,16838.541536415727,147.73442034020087,1205.0297330395463,42.95525109038195,4166.5069315711025,46.69923093840116,32,benign
40.60593472963735,790.0006462386882,2642.6091236322186,29256.870923922863,294.09254687458485,923.8789901483808,896.115599454967,8080,8192,221.78373734202208,65535,1792.1089483361834,1064.9100172696321,5352.156965471747,368.5235415575461,1242.6685374478996,13.486302834939845,1807.5624978399678,103.20422113819848,40,malicious
210.78070188053704,1051.1185067241186,2400.5842195397204,41120.942816715,394.7459779466065,1056.6878294822193,979.5984552799289,80,29200,116.31260203071577,29200,927.6255941988542,1077.8060227497972,11.541078212799995,252.93878064150726,1409.7733103328117,96.85361499464155,4666.7691816669285,101.00450855595237,32,malicious
