Bwd Packet Length Std,Average Packet Size,Max Packet Length,Packet Length Variance,Packet Length Std,Avg Bwd Segment Size,Packet Length Mean,Destination Port,Init_Win_bytes_forward,Fwd Packet Length Mean,Init_Win_bytes_backward,Subflow Bwd Bytes,Bwd Packet Length Max,Total Length of Bwd Packets,Bwd Packet Length Mean,Fwd Packet Length Max,Bwd Packet Length Min,Subflow Fwd Bytes,Avg Fwd Segment Size,Fwd Header Length,label
13.714731220707886,275.05449555952697,337.1303045133327,879.931980857975,28.09579621637729,49.72184476884042,175.53152654647792,22,65535,120.30415099979204,-1,302.25049663627664,605.8627829773139,2238.884046096002,163.7811221663543,222.63717869550354,20.72593724581877,10.029279808789976,195.33210735005127,40,benign
10.515277952330234,217.4250121919969,531.0878096763167,2235.261543800551,44.758022457415755,88.99211430376069,263.8079817861727,80,8192,111.88716288485453,65535,3.034584898888018,588.2768882212886,2718.364281359777,106.17184237342182,66.32320583220056,94.58852695149443,737.5691773138012,82.85513970530279,20,benign
57.21191234604029,940.9943277781856,6178.889037845574,24123.200552854894,312.6036957758032,586.8007545459263,741.2670570033315,21,8192,153.07627097217136,29200,12420.212324745335,1109.6640287161272,1201.1269995497287,31.21550546902774,56.373333128156396,31.409684180517814,2124.316225755683,176.26107127121884,40,malicious
0.19363377759710693,310.90425591821554,346.8784942039465,387.1596500331439,32.350897992586646,109.0997782618196,269.7679880832007,53,26883,141.7215972448912,0,1522.075275645775,93.2195048917745,1628.9897240409368,293.3147967353239,1012.8270539211168,53.27374853416432,929.4218495393324,130.95980565072279,20,benign
257.46738682616854,1143.3787007661501,5224.697665214219,70416.10571953996,391.12482554682464,439.36375628041407,782.2134675843556,22,65535,477.18959188721374,0,1351.7020744048145,633.5486560388589,3866.380336586899,276.5272538030354,692.1542215637145,28.939108274087232,853.5518228267069,46.50751118398664,60,malicious
184.84485323744278,1277.7599759983998,1848.7103831822164,32964.501548280845,237.53413589611222,955.0287050073038,772.9329848028269,8080,-1,375.9691629244338,29200,590.6795519767321,426.65381108872896,10186.60239963954,34.02129177013328,1388.890093569258,25.42990146241274,1194.951604916154,37.68876262509089,60,malicious
2.6226073674989547,305.03007847962033,419.0943942833615,575.6641832821351,29.97069155503171,79.8608856549276,172.02933553760954,443,-1,40.192775910620256,29200,2657.391041707225,874.9245883560685,11668.521654743394,180.37476661769446,194.94791871162758,58.08667166247988,3041.5842586734834,26.89691395220619,40,benign
37.876535821948025,148.8843615260496,877.3480786934429,599.2019269883707,11.297983010827624,114.25887248761066,286.4362342097967,443,-1,57.59749363762648,65535,1811.5727628808206,403.6114622716193,89.43352568683946,315.62593301544337,231.3015375365735,35.39985824768974,71.53936917050387,123.88982030809908,60,benign
1212.5734316503708,1278.1622163792504,4866.820058062057,11844.417741791216,196.4830984942001,655.1659898052076,600.6490624928356,8080,29200,356.7201641625684,65535,3199.5202492827257,1119.5620549987405,10108.562429828009,293.398355021681,223.09360409426066,63.746942122419824,157.72437239965103,69.3455235884271,60,malicious
28.552740950135778,193.27500860244925,317.5822839393062,29.556242159821768,34.247952405625625,80.30304507688155,90.50884140820094,22,-1,60.783171843861396,29200,5060.122190110949,461.77805568779297,2584.7508254165773,297.43434677142346,233.97432124380805,18.842970073789335,3148.7455270436285,157.4124986461314,20,benign
776.7741665570298,1269.3684378823407,5793.723603297987,46630.634295174095,371.30209498566245,1097.8271505784076,792.118131746362,22,26883,481.68824036311673,29200,1523.6153926273435,173.21415602064693,15997.797629720366,319.5688194885557,1148.4563357606153,20.11533254347533,1276.7414978146635,114.71943502782341,32,malicious
270.14820749636345,1517.047599330755,7172.4271730754745,11841.673376128703,137.97745307228217,1018.5355740362431,573.9436294257589,21,-1,493.1331705471321,65535,304.5155375135327,974.9569296492975,2741.2236171191134,191.7387475837512,58.0895463473534,56.538216815810586,5557.995228779939,37.0495516344763,32,malicious
343.9413147067264,1011.3005356621649,3207.8927022475436,3041.4545014715386,148.8046880382713,296.52722636879093,780.3368762922294,21,-1,295.75001531514494,29200,2316.511959092525,1251.4123964184025,326.3968989269032,114.94440638589417,265.2899008795038,38.61746249175459,1861.1112615538168,178.21607874612118,40,malicious
14.107789203792347,1038.011149357214,6436.90219120704,1384.316089692565,135.00133822330662,507.2011226572755,954.0976625317088,22,26883,174.32792728491438,14600,8833.920458507684,232.08806687355272,3677.7210954235384,219.66963171634183,691.9605432111257,49.91744149565515,968.3567220610264,178.20829621475647,40,malicious
5.744465838082947,206.95639587311643,305.3602534999583,246.6733370332153,41.03567576320376,84.18549065822211,67.13265392944002,22,26883,80.82818542332508,0,614.7455752301024,1474.4558525473517,1227.7855223267693,189.9386971087736,350.100093291359,59.912162950539326,7565.71060423729,147.23896295173108,32,benign
326.5230885627905,906.6776110485198,4768.142116530307,14734.769335352952,183.57700975845813,1057.1525849685754,859.0780552409301,80,8192,301.64768717978086,14600,4648.875514575297,1134.2456449849242,1088.0525607265038,393.60278376819815,1222.4019455907126,6.107771357628189,857.2778215029053,75.25603666086229,20,malicious
648.1205368632088,872.9565984483481,7386.697707905351,27338.645281919908,335.55083390453115,1168.8908962549624,505.2558354544636,8080,65535,566.858190736484,0,2030.5803142604368,1087.6052775145329,1475.1554959525995,49.548581704618826,688.4889214099,36.094415937897196,1869.3100890868984,108.58209149096547,20,malicious
336.62782245659156,1371.9284584102913,4570.357492066182,35682.602439930786,393.1758187177301,272.0588085909225,499.21476720602254,8080,-1,363.72942513006114,-1,1633.1839077721334,240.82110448721494,7217.533301772742,164.84136102051545,928.8532168611767,20.68747408868834,104.35497344538581,132.5384566086421,40,malicious
1643.2786173103862,1040.4260307072625,2530.5974959669797,52750.46679680826,315.94401231546084,875.9936320122288,448.97899413819346,22,-1,169.06163033394822,-1,127.61332339147563,347.7501499331929,3134.832261550423,135.11394823390663,789.4269645992932,18.712932244733484,513.6451391182505,157.6048781044873,40,malicious
13.925393012004132,307.1617588980166,382.19606608186865,1694.4390355011317,48.69831142824609,36.08834547711816,173.03446204841012,22,-1,109.8148917476935,65535,1172.1239070312913,1275.9408557627394,7800.78934194003,244.5612556246587,685.5648512058501,77.0775884151929,3306.8337855791005,130.13706250574333,40,benign
503.9700242318947,1657.671923633962,6359.226309786253,20837.646300243545,374.2245059459901,801.2654949032328,747.7400174060385,21,8192,448.00439001027956,-1,1149.731774278245,828.1237020848656,1233.9338022237441,256.9556213123718,456.0653467911507,50.97776286574782,1698.6525268253713,20.120466351361653,20,malicious
9.037223346084863,229.65900373308074,513.0773239169838,561.2872369918267,32.71534249469869,52.11387525868062,166.25839978544246,443,-1,75.64351547246585,29200,4232.221431614096,1117.0051634639622,2342.092512385706,40.38862120275446,1307.6487706848739,57.137907827799985,2.876892003268729,98.7722746213359,20,benign
2.6360904858637193,197.1036960788404,1160.285073966391,300.8032654165051,45.65737976384321,105.3343281656869,59.6779690729987,22,26883,55.98653080905702,-1,1958.2439318754311,276.90353723346715,4849.20684410915,314.0601572685626,432.59321513815786,47.35996590556745,1620.8907938454429,191.8805132643193,60,benign
10.459256119182683,273.2039228434405,151.4456377775852,959.7157374845315,27.962607799963063,53.05193916246716,184.64076264059838,443,-1,137.15559493609578,65535,3656.1864659454295,1399.7536052887165,3144.4346265806284,237.2923876800748,1410.502785235238,17.573520963072088,1146.8504971798684,124.32436126833005,60,benign
556.5511800265662,1249.5751830446752,3313.901898439257,87150.3894569356,287.25921217067736,1184.3500964254572,737.8657355565676,8080,29200,183.39914371427258,0,1018.7676391928686,1180.5277925001528,3430.487682650702,268.20547127614867,459.50332769837576,40.38637470796209,2842.0672775973503,28.119520675013618,20,malicious
303.8047584626517,1310.706287830342,5824.014523129843,33564.662819438796,282.2587842525662,496.9309798858483,519.7295896322069,3389,8192,248.42031405685483,65535,3169.0943056991405,1085.5784333084052,2379.2725393799415,374.98280611732906,229.65447771259,55.308562330935096,941.3813739375476,136.22412806400723,20,malicious
538.7369617649479,1092.8288659860564,7867.58814760265,51521.68141188968,282.95396362372844,605.600616039836,553.7702044467783,8080,29200,290.24299009332475,14600,83.43750901755243,1428.179845879288,10416.262105210706,190.93940405966478,643.9637059725392,93.03616389251495,731.0166355741325,165.79619687063044,20,malicious
22.75322354576005,348.6793125633845,1320.3076393469835,161.82172874074712,38.724919028022164,59.80615304298184,123.15467486037278,443,26883,42.34595114619327,29200,1342.3339970594802,653.9605693390231,2012.0968314632214,216.12079082703247,920.0940909698397,78.72903992876783,4238.040917416848,193.66330843136083,40,benign
1.4977261757612275,256.63158501999277,1177.791412405783,1950.3460676092675,38.99174346538055,17.040122329946595,209.70873452566556,22,26883,46.90211732735413,14600,1791.2900664832796,471.8033219940497,11111.193006988373,178.6831073847176,53.51616605720471,29.24078828674289,269.1495241089599,163.5678821764452,20,benign
345.9143552435034,1015.8968951229238,5633.590260151208,69373.10333455694,357.21862037407925,886.7615016222319,511.851607412286,8080,8192,216.3643711613219,65535,31.873302196318036,381.2538552976646,265.4570388397736,35.94487836094194,886.7777391027182,6.4829245310807355,961.4208672792277,163.55266267018882,40,malicious
2741.6173851630906,919.3243309209699,3465.1157168226637,54374.0627209013,396.69055528541514,292.25110487931755,426.6756400703036,3389,-1,359.49405788318234,14600,28.837849807369164,1480.625580329705,3582.775690312652,112.27682886633919,1499.659327916666,96.14847429395836,2618.38193927951,55.44060943550532,20,malicious
17.3872057359815,253.44681217814275,1064.329909056979,51.82728531057643,38.817997318868635,25.912188188732337,55.60101327908893,22,-1,101.02183347334885,65535,5099.618113507946,651.8998532151849,6174.955155141044,28.414601856035695,955.5196798063032,51.11421045936575,1107.8855150190404,130.97909141515203,40,benign
8.676121989455925,335.7190528310385,1432.4639087750384,48.41081099686672,48.10053222748567,28.005234426676996,90.19990869746368,53,65535,112.49196284886,14600,5242.559475809552,1088.4153712809195,250.37921242071008,161.93431166303202,599.5029728514883,25.51835711855218,2014.0255821667745,147.1534990668584,32,benign
1614.5015084575443,1076.0376367101787,2235.317017895893,14139.106243680866,372.4325137565927,913.8226942690135,432.4992434807432,3389,26883,162.7368837126749,65535,5683.719995939945,459.6037995705683,320.5587113944875,247.738295984079,83.30132014125013,19.769346307383074,2228.118302382796,60.28542531723903,20,malicious
25.179976245888234,293.15793671123186,601.1202129166328,245.67279969675332,6.979887642508196,77.93271194251368,175.34617344416407,22,8192,85.1846900222689,65535,426.1634719237164,454.5878797594945,208.5595920405706,291.2102520225355,998.4794212261343,86.22660581915447,132.36390124667085,45.17773273253847,60,benign
8.020172227386155,151.868345386453,1038.0317540591827,1233.0858044876013,9.650427877428836,14.65892086572088,272.49523572092085,443,8192,85.06023435391278,0,6382.954548269998,890.4252407128745,11254.025263919028,217.70556935983817,1272.2144980450846,71.62566843533233,1654.702754211631,71.9603758410168,20,benign
308.54054914664744,1063.2645615205436,1945.4991106354175,989.2497848122491,183.09531805880226,953.6834718786139,767.3586918574754,80,-1,479.2992430291574,29200,2818.9944847548227,1038.6080032720931,2690.780938950746,297.3905807346966,652.7049462560294,27.065755893539787,209.03408054810913,48.2812216459979,32,malicious
15.251696954009791,263.1549888442864,986.7006159475856,21.126488751199282,24.25364299350817,66.4154041485377,287.4298587334324,53,29200,80.3163774261703,0,1187.552154152055,237.42295970279352,4281.540387973982,70.4684161080124,272.8104832887152,27.789607586525655,1108.5494837531041,140.19866987495988,20,benign
627.5790643588969,1107.556247915778,7545.175476060285,113522.39162518583,349.87206640637044,1091.147213610346,816.3575322369148,22,65535,492.65702870259184,-1,1355.3218929691723,903.0411388085987,2639.7134401725752,76.95321807749342,1448.1795937614268,28.84867019903976,5417.957228330895,95.70338438185085,20,malicious
473.7680307315799,979.1476350923991,2667.670470892855,47524.5369761621,303.25706225431077,485.3957612776799,419.1256953215364,8080,26883,336.3494312732114,29200,771.6558576962201,940.1164408317472,1971.8165825748981,303.3596838129679,900.2704396383754,38.156006466345794,924.8750141291335,34.79140090930317,40,malicious
20.113229838444255,228.55764005354365,1315.0226064664578,234.9352829504887,34.34825200732854,39.4810362349141,231.31296457207742,53,8192,111.20914121980354,-1,4414.31870384217,1219.5446275549812,17608.488943045697,292.41454989063175,597.1302114458098,7.654116089283869,2492.6211657361014,33.38665588394824,60,benign
350.5954060312483,1158.8769895244513,2725.0514557527,16087.102642090957,167.79935391573565,726.0565395096025,471.4377611110823,8080,29200,215.5907125625061,-1,2101.9280106139695,815.3392071990013,1169.1903623748412,147.12979275756456,643.0412802896221,60.618125565556326,3110.297193294914,197.68757833560852,60,malicious
1570.8906095155264,985.2388547880751,7492.612602978481,34878.231174768836,375.2313063764998,290.5885036686175,687.2085230502435,22,29200,249.70515301372535,65535,3164.235709896004,312.6560346676734,9832.023030847746,78.25427347137412,1160.5190053673775,6.171629675976198,2037.260067355923,37.495670718542414,20,malicious
300.3908080646452,1131.1245239341508,5677.628844525544,1365.0129055366926,191.48022057065614,535.5429411331811,645.4456148083804,22,26883,259.9187239506467,-1,105.70346894653608,1475.6719902086104,4895.382624467101,196.08772419400412,1154.460909903265,60.46310603646052,1778.539879059288,44.74801352960687,60,malicious
4.991744442779288,228.32961588958094,922.7537134489005,189.48727481725336,17.780151113111224,117.49977437928223,217.39637176287744,53,26883,86.26951462176152,0,246.88978249193752,701.2658781366351,12013.633427718549,183.77724222231274,410.89189761396284,25.877927088094943,1317.462642107592,28.775966610341882,60,benign
301.1398153112722,1471.2930432952535,5376.611414437662,39067.9640698796,297.6372544815906,1088.7243147270729,603.9089589831748,3389,29200,185.24908553516138,-1,1969.347531127579,823.3480934429427,488.51339881005714,290.6602388771595,1088.3878724923768,7.541978173589015,3433.090121852985,112.19056251622007,20,malicious
10.782752797339331,1070.597759604622,6075.535575092972,25186.90262251077,381.3653723035607,282.0634408610905,894.5564100372776,21,-1,231.98836281803193,-1,43.613566123452124,1458.1143381876357,8681.029850580488,81.42096739510379,886.9326763192944,46.70661108487371,2911.2162906739172,160.83844878698795,32,malicious
71.1609742379529,1190.254483311123,7981.254181697884,1998.7500457802364,375.1640386721811,616.9125588092159,917.1065381436787,8080,-1,533.8476712525513,-1,4163.101525114565,1405.1267267779454,209.9589011247554,323.5512685808055,135.8496744429217,20.6710802954554,355.587092637315,167.20967625802854,20,malicious
19.389915647497574,277.4152001908603,667.2103620672466,1277.8499613751583,49.91067555830028,74.45645973025864,126.5772912581344,22,26883,33.706550533850006,29200,1997.5976913699951,1014.129952113398,349.1601204118946,385.24296317848456,355.6401858165665,58.37068290364016,470.13893509846844,93.43701051913966,32,benign
481.29677979340437,1286.8525787710307,4387.453188918983,13080.51717755728,214.94484363394218,421.8209065937973,998.132740256511,22,65535,418.5554452049668,14600,63.72559882934426,300.75241408873376,478.635051467744,333.14770058046554,378.6905720434954,39.125751834294405,3604.2838735566484,151.95172826517498,60,malicious
13.692597003292192,260.6144775047116,1314.433555480169,161.7612068056067,20.875785991871105,105.25272257849073,121.66821729080314,22,26883,98.1143631055269,-1,2938.92531378704,288.68080089668655,123.82279068591473,296.42073236371175,574.9432403573011,30.440887788361735,8519.436468030972,192.73986973757926,20,benign
22.92240365999082,269.3079644821725,261.696582718026,287.6787547777512,21.1893470477966,116.94894613684693,147.92861725720212,53,26883,43.66941135480232,0,1922.7892248237135,679.5451925713892,8259.546499965021,363.1817049590061,646.832664847113,95.19968215649806,214.07893455800092,167.66656590111043,32,benign
0.5328654336683354,232.6495768410524,1150.5005817146518,133.76811143255128,45.86523373480584,17.213237739411472,100.4669344318146,53,65535,108.02089086616147,14600,6224.329406836004,265.9197997100578,13572.176123418634,91.63424230876939,532.6392211000175,28.158217666055098,3273.529076619952,148.75758514643854,60,benign
1116.3248333411866,1119.206544464217,5484.806339816916,1631.797198258531,216.72542859505785,1038.627838068768,661.956674453775,21,26883,298.84646509132983,0,606.1615440240918,1030.6689056562632,1954.8088186327032,213.93035610734853,1120.755782873031,98.1254180135662,101.73774893225692,158.74628924476906,40,malicious
19.29987956913376,302.86369564126153,630.318766061515,318.0316569451555,31.55005117140993,100.50640810040974,130.11723428282426,80,8192,120.27598309793613,0,354.15531185507285,1323.363871775956,404.6792354118016,181.7496866267157,1224.8042303000832,63.92209032786668,621.4018377518942,149.57897968706777,40,benign
639.8164326283842,849.5071418476963,3120.2370426417647,83886.47541344499,368.629405607335,833.8876973294846,721.8845607312569,8080,26883,216.05501690635654,29200,1259.942612497738,493.3060557207602,1978.2464458906306,310.09766578060515,766.5491787200451,63.97652049840817,775.0426334752595,124.82267531968209,32,malicious
308.4651446303341,1003.8903501606048,6829.482939007763,7190.702989020232,305.72897836610235,369.0691787895952,508.26566815964077,8080,65535,528.0412408615257,-1,1341.9970407531807,832.2587629762758,1821.5858508509912,70.74758476704403,1172.1338428941722,22.530845750124616,49.054583360803356,71.3502479649574,32,malicious
682.1230329085594,1215.1125749934276,7344.751878854408,13263.201075393328,143.28774326860133,498.011780289312,665.2310221824948,8080,29200,402.3066600331777,14600,93.44935008966938,213.50678729698166,9884.297511910972,55.909999881865744,482.5628841851765,80.19293462577905,482.38456979810303,190.01244053884585,40,malicious
2489.2284491074042,1052.8258301741605,5097.323537241828,23065.072312097647,190.94861674893946,1020.6110432283832,486.22462279997205,3389,29200,422.2037611165278,-1,768.9685121408077,416.3631189652027,1166.8512806810336,65.21032845728877,1228.7859702891544,86.3875621091241,1763.5238197630129,45.158193974353885,40,malicious
27.99848841001888,239.79185111078604,1297.7841193990607,570.2438524949583,27.59667912843281,78.35317971603565,96.31385740123068,443,65535,38.52470916095934,29200,636.6896273839449,272.16442051206263,1511.9970636428748,144.6739689710786,701.8236323406031,56.78851819606648,2539.593237235296,54.34720178136107,40,benign
116.18059318413415,1184.2315765939156,5947.229265006821,71944.78346628384,131.66347700562739,1025.9705832989716,835.6188541197623,22,-1,347.9415911978533,14600,1882.952831914033,278.51494267747773,1711.0758099994277,320.72218085358,1215.283752743941,52.70256025402338,1093.1612503418796,118.31581738196972,60,malicious
1.0956697949356151,1156.9906141500537,5233.324611203885,6192.237623554217,169.8170219692605,263.7421175801142,924.6988289223261,3389,26883,320.8766917602695,0,2880.4104568740013,593.7917245071961,2829.4798544514456,101.47123361931568,789.4699741326804,34.54296697853929,515.5318477564265,68.97411232371036,40,malicious
11.116051140280788,268.5441691658424,405.98158162590465,844.237028247724,8.427415383891262,28.215054612497404,101.07320360901738,22,26883,29.642975891413727,65535,590.5280646012696,882.5038651221547,3878.9735090723198,382.47835348125585,1406.263967785992,83.11284577452525,1681.9197361247552,46.284570025339605,40,benign
856.1816438263442,944.9600183553564,3132.574161701152,19474.512242922916,281.78354143031555,676.3204938996195,709.5428691825246,3389,-1,184.8197890583761,65535,2646.210760232544,223.9954962591379,5633.6691077669575,373.975431741318,943.5205973974694,34.863635868128604,528.6752339656729,132.7862585609713,20,malicious
54.89583150974128,223.47571438189476,933.9967547100731,12.068190802889887,28.742286421576544,81.98936489445964,236.5214158399677,80,8192,54.235373312372616,14600,983.2039972132749,580.7623824234937,221.1533324547378,150.1671686775546,1332.1661211567812,84.64768503565783,2241.284553420547,45.06167537012762,20,benign
63.76889421852888,152.34081184605182,1130.4264387946052,684.3296472750377,6.857607309693515,100.99183031276503,112.82902140099195,53,26883,71.28209813350551,65535,2177.164531862533,307.87884214715183,6512.010212435083,57.8329047015321,133.1709311093482,91.31916853804152,767.855832231439,103.46642890051962,20,benign
4.5525005034096715,223.24138254863556,569.4591502830261,225.87916305200184,32.1529431733514,41.097008427192534,192.43523879798497,53,8192,111.8961377099689,14600,1826.0244667314555,833.3281660105076,107.04311508609202,218.04518870454686,1020.1834199282663,62.49001658657774,273.92034785371527,91.34536151467097,32,benign
45.32442144046725,287.74471087351003,295.3898085360844,160.57416726278913,47.173593184970414,98.05464580774112,148.02053353461176,53,26883,70.98525214710818,0,3219.3823281754294,889.6530172299993,261.35313376077596,179.5089418479427,892.4031018110711,41.38596300674655,353.2338046398808,30.28554002817631,32,benign
253.26445164728716,926.7261339160768,3735.810923150008,53939.925402325556,309.3928069631951,923.8067580994159,503.13047779263076,3389,8192,271.9833037009812,29200,2058.360444059622,179.2364637030155,3755.5637694013794,278.4114130018578,833.887961303989,10.408776367724792,73.84958624096231,96.03648389314884,32,malicious
309.0733712871725,1548.405069004209,5240.296884065096,3301.217541557401,383.4402286146688,1055.9000829317383,604.7619439577055,8080,-1,491.91855340179933,0,408.46766088550316,1396.1748862779282,4955.024774786783,238.52485745405693,183.18955885737049,69.29646095250772,4035.192170308041,113.74111085827737,40,malicious
156.42286265552193,677.388482841071,7709.62474277424,91258.74878407731,316.8372076183474,1061.9364137739867,838.2438148562396,8080,26883,153.45061927746627,0,3111.148950511867,725.5392254528654,1014.7012603658969,169.06584871514633,1058.2881979417346,47.73247588437909,1553.6948873027852,86.99157478345407,20,malicious
22.14009743146576,268.3536029508364,300.9337163010898,127.09418742073179,20.71061719724667,64.983578633658,136.98076711265844,22,26883,129.94473580170404,65535,2343.0999630949163,1498.2505805674518,218.32787867342677,297.718927246492,1119.8424261763228,4.608135124124402,186.61866930524343,50.22894454506265,60,benign
22.40589508523962,237.24929561259975,954.4018037034597,303.6658568886473,44.44800266773061,92.65717451243054,186.7889783344606,80,65535,60.89809715671857,0,1025.9060870664057,1158.9213063681318,10669.596618052174,63.07525258306566,1453.4147715673034,38.819815178657066,2817.1521172680696,147.85122367186761,20,benign
3.760460202176633,285.2500201791348,218.0041399245498,786.2352127025681,21.620227690661423,19.609312894775474,88.86946189597126,22,8192,120.19312064114762,0,15.642219855897668,1415.1867276789499,530.107925964604,69.63902064017348,889.6919027026045,44.79429695141892,1495.931943843694,181.85111035539845,32,benign
28.535190603543708,240.91328622999825,648.389764975135,242.1581622712191,11.788800665357275,46.8406946824217,103.02951816750891,53,29200,88.38359726232709,0,1738.8669939212493,1074.6043736373347,896.5325645658646,121.02182883431044,1010.1933885765455,32.69044227085137,608.108665271234,156.5424679006048,60,benign
5.262954412242681,327.01575775057154,290.12014780133256,103.44856903294348,29.885136158673188,57.460659703163024,253.8243626622223,80,8192,126.49533822533103,0,1613.5608716250888,107.36881340575295,8207.225654007354,319.72690624959546,948.940080543832,15.605512186361125,538.8211178042287,165.6598933730698,20,benign
766.3646830579924,1035.6592590761682,7714.145964274744,27016.786879530755,154.39913369711817,721.6448628560952,634.1337821425788,22,65535,432.50287212560727,65535,2622.761801889963,1330.5775375264136,70.57710430456511,373.9478309622431,704.7321197374713,19.395766022581284,2736.005444409316,65.45664654976457,40,malicious
12.822065447075165,341.11367179168815,910.4756845812357,342.8807030959223,19.521831131627394,85.18163096460013,83.06929238047107,443,29200,83.08754949542134,14600,159.36375174886223,792.1768255447535,599.1103111850074,96.4816716807604,1099.2318100528064,80.50696462782524,542.0557478619879,125.72654238070632,20,benign
928.7712459144055,980.429658756648,5301.933363198206,31752.58222662522,118.95775962952409,876.28770313766,578.8323603911396,22,26883,267.5943452930825,65535,1112.7325637786723,1350.128711464846,2278.983771762769,275.4287524097981,995.9668618520391,75.85660472909413,3193.5287360122843,67.51910285448695,32,malicious
18.782976473367107,242.19129244497228,430.3730166359617,102.00752317762846,8.51500424289045,57.469613204298746,192.93138670252398,53,26883,93.63405301889901,-1,1669.9951617744834,864.9657860087832,3896.8025239700332,94.94334934479973,585.4266200329922,60.4022539615919,5568.05871774638,113.05772690268314,32,benign
22.86877594102431,243.0100213153073,1347.5009015969686,745.0599263724106,48.51373047941326,90.09004262027624,162.61357180685067,80,65535,50.36480821059852,-1,5817.028212317013,1104.51563829405,12589.188333705391,64.3137714528907,495.9259140879477,48.710808393542706,973.6706181340494,49.43443688031055,32,benign
40.73704461956741,300.81766927276726,423.3725215645071,258.776442921724,24.08792759695489,92.27421045676414,103.84213902864643,80,26883,77.2306521010149,14600,2255.0190610728578,132.02869441283588,6807.171023648872,330.21032951729546,985.3327174675926,68.39273208053451,45.13047585355236,128.44093024895514,60,benign
55.58832179196933,976.9362485867643,6904.042330332803,1964.9643105831296,326.2877150866087,525.9432242507594,997.6809719018105,8080,65535,185.57069230764148,29200,1077.6735966843728,781.1312687975333,10610.960739829477,105.90762708074335,1243.2598709880629,72.18442944606258,4752.426346498196,75.29839629755287,20,malicious
1372.7008849720178,1406.7016283253624,4806.573635953517,3098.48060904748,133.868048399369,525.4887488102039,414.5409502340114,8080,26883,331.6383862999901,65535,3488.6750620399202,1353.2170679331339,7793.797211444141,368.7833711155544,967.0167726743204,12.978861969516808,852.7884094530813,103.46921304574938,40,malicious
3.3233091248459083,249.27410231086756,744.3466374329405,216.06098007746627,23.32918042250986,89.44250208298422,175.49783432259846,80,65535,99.99696253040791,29200,1127.035201255822,210.70333644622306,2490.2780232386494,31.11065731899804,456.7234923054454,9.360961009324964,965.107445989675,63.70684572350974,40,benign
55.227177233490245,407.7666078947948,1247.410795854406,415.53132262529476,21.24543099469976,110.89897514011328,132.2817078531983,443,29200,139.3738033550046,14600,2640.835237191233,1070.3448348171423,13319.698557171134,327.40107003655226,106.04352235874616,48.87250832858182,4604.301970014588,118.77841433447169,20,benign
7.491902989686791,184.60669356042655,421.6496127747473,715.8033228020482,23.794964750902338,58.44208385802355,209.76242131291255,80,26883,44.72884882591248,0,1508.650205128965,1175.141054971693,1766.8352289637187,205.4056975507615,331.1327609473958,83.1912741161953,1664.275062004937,113.6209355808049,60,benign
9.238993016167548,368.75433473194505,400.63196671560837,906.4169973706902,41.96120687644661,65.29829627138997,266.96104070501553,443,-1,121.60379387221178,29200,335.3131725002605,1487.4362106701872,3929.5048476082293,188.06785565737638,228.81358697794252,32.57019075351387,2154.5452291309557,81.62413203546956,60,benign
15.583726549995,322.1762380471214,1454.3349188832774,241.61878433245278,9.145941759046968,65.51189840986092,280.2630257529653,80,8192,128.937726396538,0,8315.764059539313,258.1688322744445,438.4339053613179,291.572121245449,1426.6814524128874,83.58062771648247,4256.680327336948,76.21331197467033,60,benign
2.355565160200909,298.9639528564448,281.4322060536422,33.34124698505063,22.881207823129326,94.58326287715862,139.0648577028495,53,-1,121.29470420686897,65535,1397.934965517325,743.134968974911,4403.189731407907,306.55533632186695,1007.2206191230057,23.785031708684613,905.4933757505207,35.14854414819186,60,benign
19.156572891442224,237.95508666414463,444.16858442077404,473.0181059391682,10.381970333629326,66.6292438262914,250.14589721996256,53,-1,67.1937656458459,29200,326.55176939638227,1130.1629843974256,5572.80517138181,181.40118255542907,1463.1357366313312,52.79561605398381,1191.6398078817826,74.89443929073025,20,benign
108.527866691785,1124.6279978029086,2913.1800710686994,15282.222232671686,165.76354562266724,1102.2599406304062,876.5587987460527,3389,29200,460.2356153432947,0,3679.4814890369116,1360.00024882684,7862.31534955079,50.97725116368116,622.5381622064311,38.188174881544455,2226.757362056369,95.69547670539127,32,malicious
1708.010891010693,957.3568327522462,6821.30775887739,65894.05237576645,391.6820154252463,1044.177571634296,626.8838792717094,21,-1,130.2312117228018,0,2170.84060730492,1340.7065712859496,2221.6237287640038,209.19917976509265,836.2312710835594,18.9351828688585,6937.528918279976,141.6166847369966,40,malicious
17.073519829210003,280.97402208384034,406.5345358126677,220.0425131688719,10.317061554965235,36.123775166135665,280.7956726252074,22,65535,129.96970953644433,29200,968.5398201916353,114.84920051327107,5315.056223565624,81.30855627657036,827.3082808637118,50.82071384042646,820.9045119309905,26.86288136532761,20,benign
16.90082668211094,257.29533960891735,1434.9950980758906,394.4010091072714,9.66598626357436,118.18932296820986,96.23998010683746,80,8192,92.96891801319339,14600,658.4777319927119,539.3260641213192,9043.161286419147,57.64480493646845,819.1408443744803,80.957431637316,537.630649006248,31.996167203652615,60,benign
18.82130677408292,243.6258732860966,1295.56816587898,1444.2744540621763,12.772927529871936,86.26423246024031,132.10468823615938,22,26883,76.98959325912146,-1,865.005328085457,234.90480840493308,6843.940314982412,23.630403040520545,571.6920796284338,24.026376608622524,1115.4419951078269,114.98801099856092,20,benign
114.6118792804122,851.7354260341118,3848.244402465106,71783.12037553525,294.8272409380405,986.3450830960576,570.4494422733683,22,65535,420.9447881030707,29200,2579.2317729577267,1331.361693919642,2697.6500259620116,253.16567678170628,1046.627070445706,43.203689543206856,1265.3677604987447,73.99143855992607,20,malicious
1437.6332191410634,950.4488268545015,4849.9938994424465,14517.415958837837,197.67829552250197,279.46187905189873,891.2342457658071,80,65535,263.553402683869,65535,338.5785700677811,514.7940236442059,7191.230922580206,150.67834514896032,190.7398457065855,91.49677589135379,2834.1119170584043,29.427713169107935,32,malicious
1147.1730876498505,1368.030927204917,3271.7553741865268,123091.66809095159,389.2208895087262,1097.398452128651,444.7763533246151,80,26883,545.5866944038548,29200,1007.9899205962171,1496.4877970695807,726.5097705706127,224.00461802279182,825.0119644763282,65.54671537612636,5951.117062820979,182.6959914257574,32,malicious
42.855522375187505,247.1795086695588,1279.3747505711133,603.3785512475549,48.456247004696884,39.60735570610518,134.48584524156288,53,8192,65.82815498254283,29200,848.8286536623109,1440.4965690714719,6454.449249548183,100.98005383007542,247.7592570284776,34.19527052994275,482.82343950908313,71.5227506017218,20,benign
6.315245086341853,251.0989393622246,983.33630878115,1500.327513710997,32.32147463390126,88.55394723338166,261.2605546223335,443,-1,71.8569097570973,14600,52.52516733636803,244.78731601043498,14027.970119127982,233.6099738480794,79.40719263169102,96.72657565326531,1437.7843614777332,80.92347086982811,40,benign
149.56895020777898,291.99633066035716,1211.2355354662395,302.99549385955993,45.26003699619548,14.466562519718607,168.94935312853477,53,8192,94.26757458668493,-1,1264.3467524251218,498.2661207459019,11928.384963282566,26.233095135439243,822.3488575993179,79.22424872811499,611.444606808739,134.81475878368383,32,benign
345.58705405311684,1154.243490397326,5199.781678619607,275338.08916555514,276.2272873179696,1182.9200096828931,701.5268588603917,22,65535,275.53878865177484,-1,264.58494321212714,367.5222318866423,789.1468687201627,216.00198650953726,503.4021498667632,30.696907266934794,5.345859336818103,28.56643602190225,20,malicious
42.732422215232,1469.0515504512891,2633.0341032279275,30908.39089215087,114.46759517391871,1109.9683065073282,861.4584431845394,8080,29200,234.5547046859174,0,1269.667950647243,213.55067082111879,4192.846936315219,362.55856279878486,1265.8393668415306,38.510582937412984,115.65425839094664,146.63262294149996,32,malicious
1038.5633489529384,843.7681531729859,5274.3599435313245,20278.713366616423,260.5385927916377,652.0178728875048,650.263553132401,80,-1,293.3842146714876,14600,1053.4319033709637,693.1650461181302,7567.46050856343,323.0742955524412,908.0528481649524,37.62892990330352,157.97559192898143,88.51398151406242,60,malicious
25.018271184948734,229.36028116832287,520.3729987211982,169.6679960144274,13.33867805621114,38.68329533130121,109.96876350822997,22,29200,104.7767378884295,0,1843.122014814699,987.3286746567794,1480.7316180008008,297.76044125757926,810.0548283019797,96.4971888030691,892.78863048425,192.78167325215244,60,benign
53.48187270051995,185.8340580060435,1092.4345703363647,571.5446565190758,43.3040356018305,87.81439433889987,100.8809555742765,80,26883,85.69403806845301,29200,997.0634879709844,68.97354757237306,5153.263363538708,347.82083389903613,720.7979785164719,45.50928047840517,670.4173043429554,100.46875448807491,40,benign
5.777473996391276,241.5718876611427,395.31166562498413,363.79273575746276,31.299234165316346,43.85420189898053,60.21627157028701,80,-1,144.78122810276173,0,876.0705144055885,734.9503697907024,11556.248384207925,54.60977952048825,216.93892744278025,83.68185954283311,1264.9793549768497,155.20269180412146,20,benign
6.9320689493911,194.52860226723678,1005.6238211002002,641.2964515678092,18.43848100401997,30.12341352856651,254.62034041824444,80,26883,89.54694920657556,29200,3746.4412774598386,1091.463283738714,1716.8278612818378,47.20643091694754,148.59486153973108,13.89105222991336,943.8654133082034,45.99280312386237,32,benign
643.4896853715143,890.1276179973645,6578.121127660911,12314.93673342607,330.155829871882,730.7654263129962,678.9623742305058,21,65535,559.6539915903477,29200,7361.240338279707,1284.4502731244804,3102.2686498025982,302.4395545322931,1318.2993129852825,40.46538031640016,1068.2177351930181,67.37620995750495,32,malicious
1120.8832082324939,1187.8947781428362,2931.8959419397806,65549.59094684517,364.1894499581198,513.5002698826809,964.0975190877933,21,29200,519.8650624659967,0,932.3498663229547,547.6693716170593,3465.983487836759,137.80203703142303,977.002385862625,5.842144576576624,498.40363456943214,186.57448011407726,60,malicious
4.250016550060096,212.13403427415582,1261.5133397026475,20.28924413617412,26.7039371407073,100.24902706804005,257.15759795530937,53,65535,66.8186261642889,0,1671.2532561957732,472.59003544756644,12874.996530098735,308.5745574051392,1232.8552321103352,12.297220170153867,28.582333785096488,150.22297677860468,60,benign
115.33935319338315,1465.677342067706,6219.544328033706,11754.164751419497,127.31385291833007,764.3584960463113,528.4988793788833,80,8192,205.16600860519264,65535,1010.7839625727753,1441.4761330673878,3510.1275396386345,199.8509108534764,239.68669235709945,65.32738975031364,1455.597174903349,105.98506769518787,32,malicious
19.333036103280676,243.4017380511455,259.76630125986424,318.4264074782211,31.028229636399878,94.44873222129688,83.58528314760606,53,29200,62.72351210697077,14600,803.0007966370206,384.25687057822097,9955.293940834896,194.17076967593792,1132.8391280716728,0.8437223018245898,15.377047209158098,136.56484064284376,32,benign
595.3993153527504,1313.889596550444,1953.5662808127029,17446.411370112106,277.1555217545489,836.763886963788,405.4499821947756,21,29200,387.184572175849,0,188.71361504131627,1353.9681601393231,7063.419269603778,351.6558302895935,1137.9058055428309,41.96952771633149,3150.2281013915294,130.41257761304314,20,malicious
539.3716833967895,1042.771537203088,5720.665767985718,56553.828354780766,366.8547119298808,1005.1203445532338,997.8756875887394,3389,-1,473.8877516249917,14600,527.4565551196891,87.69877331600289,10905.468562791499,28.798200700373563,304.547497534186,60.55677065555912,1300.4462999878701,154.21946125626218,40,malicious
440.54441302823176,793.9662972842198,2133.2084940914774,59958.6304443858,314.5751444486276,538.2109102617817,668.9649410833546,8080,8192,338.24190203880585,-1,6449.88710847868,812.7052991340388,519.1983867959599,116.46403236453153,686.4544369007955,35.732514204656226,290.89529816056313,39.11053821488375,40,malicious
819.3605670913884,1248.427704361038,2851.847911517897,33802.986007571926,129.21980711616462,619.4546886500736,647.611348648609,21,29200,447.709212452978,-1,123.14268476183571,1372.4472502775534,1707.1467295322466,337.5508703337673,525.4539140611055,43.84343019758962,1089.5996998319986,25.94383693162189,40,malicious
143.6499723618995,944.6958725236112,4238.154702189633,40031.372174755,227.8298873752106,383.8149741159709,583.7419301771808,21,8192,188.7639822887489,-1,1768.8360029477126,386.7915263242893,7290.997577961699,367.5861129539704,709.5905835079576,18.021590090290818,424.2121082371034,26.65635613715059,60,malicious
2.518980435545503,234.1270821264834,1009.4993278061592,182.44777127762796,47.599325300479684,68.51964906801658,270.64996183336325,53,29200,79.21996772795802,65535,4407.060583547344,368.7704615332898,26932.30898218373,138.95727110093037,64.40680012208281,53.31146942193848,436.1887716552332,167.45685373206013,40,benign
26.844013272482318,258.1974855000866,1197.553648215031,1813.7641190210607,11.090558364927677,28.189453102619513,253.7225310995417,22,-1,59.390249325543266,14600,79.6727861089241,751.3785858266218,11408.805878251453,269.44002902421585,150.0856802003408,54.59178697993848,129.51423120909774,121.81265410475389,32,benign
226.91673500855327,1300.7245838987797,7008.821965823865,3794.990372422572,156.8740620153679,363.073460693751,954.9191380355373,22,26883,577.3816754322215,14600,812.2955286876776,1466.8261695523954,5729.267651447645,388.51720693020957,95.6640606718753,4.113351300359225,911.7489218938858,121.58201849412472,20,malicious
7.5127613911510105,260.3954228019473,263.7754383903117,395.0004678909926,19.47399965501557,37.41018452879351,195.37491917893112,22,29200,35.72828038886366,29200,591.0539562197479,1020.9004785355398,8238.896890148115,288.26012963535254,1216.983573680568,52.329030900879715,5866.482961634396,46.72364838771627,60,benign
450.66622439725825,880.7872971054744,7646.587629052485,7525.183873956483,276.16260804133174,1027.0672589009096,590.5700568418374,8080,29200,208.46668052837995,0,393.4464237310872,1222.5570249004527,923.3060736867158,76.93307353425179,1260.7066208986448,11.696017494171407,3019.4322193994194,109.95522051195427,60,malicious
1.7662651106119995,269.3026435169884,1455.7635184287683,701.021149298437,30.47399254250843,95.76097944077709,296.62957810312787,80,65535,146.02177071283194,65535,590.8106367984632,1328.9666029303385,875.8244977235976,119.80986767815311,1426.5310438791803,72.245910296202,1704.081562048781,78.27052803005309,32,benign
17.47985378631806,268.9742996534655,916.2975772036473,552.6665164355499,22.86231169982192,24.869463628420434,71.0407310858545,80,26883,146.09575977306696,29200,7313.642798950807,241.4995607187953,13254.449765679488,117.71210761994638,1358.2404444397328,50.876888710908005,1564.0518353233203,78.98635366846015,60,benign
539.4073320666449,873.0884744000999,5668.850474343642,23084.83583913907,356.44833633036046,440.8519047156829,821.0846838388973,22,8192,203.86761177483916,-1,867.7707455104206,820.8552605819541,1609.349894633234,126.16223368594979,923.2854240909394,59.91337605203901,25.55108830604954,162.8874717437893,40,malicious
282.19004173189273,1042.3210813131798,4393.747601546857,39147.98015613759,135.05976654467187,1033.9388157804808,568.7839048241372,8080,-1,593.4865780689397,65535,4552.2822346173825,1134.8893497114602,459.11582247262197,221.42344093647748,961.9329874145487,83.46740582768695,874.7579571476807,129.131581243955,60,malicious
2.041159413728511,1070.1815729661214,3992.8219757867764,41101.37869417446,177.08375422520461,951.8968552191373,464.197284012251,80,26883,257.84429563457905,65535,172.0232275610043,840.8210083954771,3400.5454026345224,248.17249911729897,553.7855770276026,91.41451119439725,3014.235228329821,63.21615592803804,60,malicious
1759.8032192645946,934.6791831652042,7978.506620447222,66027.20092046054,158.50596186144946,1109.3032660268289,541.800561208806,21,8192,366.9258545291219,14600,1038.545798094152,768.0209938606703,11354.551900751025,339.5317387108025,1432.5472546482517,67.28189644520923,818.2951738135034,123.61139397886318,40,malicious
98.7791335062041,1109.3103892739407,3715.798846150462,16638.897292777976,104.2073785118306,617.6983143090358,902.9807055771759,21,8192,554.9208237308835,14600,3743.780400086361,768.6145491046677,13279.570598482856,322.5153242777103,1463.2832977537703,16.513722256910114,3453.615707366835,72.07835387146929,60,malicious
69.46956631281971,248.41555229761502,490.82507594870225,421.2722345994342,9.5070517304999,81.20852593525356,102.50471654917857,22,29200,39.051322141008626,65535,7433.994504155604,1463.2320533234215,1003.6504264280483,196.44800366050396,1358.850015925358,51.44230541478727,12009.220528611066,147.0055510352093,20,benign
9.887996646720845,327.1807367597539,895.9876911711549,115.06383872743754,48.574844076956126,63.42805894390935,296.56974762925756,22,-1,46.63599823155123,-1,668.5962522545185,356.00136720507965,4032.5082240475335,236.7151942175113,563.9972664163798,24.897625565750115,491.1168105482949,41.087391931142896,40,benign
34.96714052717855,332.3984034372568,1209.0257632911555,583.3308921283096,23.672240684820352,46.783246194663256,221.01659485254157,22,-1,63.19125118222446,29200,904.8408828225157,856.8633665512621,3660.746845256784,223.49016462951806,470.21828006121615,31.013606771437775,946.4946935382511,156.2201895819108,20,benign
1.9595149707344484,170.07607799645308,565.614932672792,126.3716980989536,22.930360472235527,86.66919648383681,167.25244419601427,22,8192,59.93981075747948,0,2690.0862189867544,1236.4869825032306,3953.013790202734,124.89584600733592,1484.1588693337442,78.46697609885702,1070.6378115378325,148.8067871062561,32,benign
29.503421562741394,1193.3220410413148,5064.898177277735,1168.05314537804,308.3405073326793,306.05924220267934,414.72761479176484,21,-1,364.07879011888963,29200,2251.2751677900687,165.30139807641194,20118.520285045117,59.96927006417889,331.1143295955361,26.56363083902058,212.74837388787685,118.53468312284518,20,malicious
31.432453634713955,217.39773952669634,1440.3714010133608,48.36817102338847,11.828424130565121,82.28260910728146,227.0315223966664,443,29200,88.88749668228876,14600,648.2662819671032,898.8476339571769,8460.15682162218,146.79671861537344,1086.938948572192,28.186589652489324,321.483429160193,150.02356340197827,40,benign
64.03030860512274,239.75935752159825,401.8937421735302,449.1724067131712,35.45940066696967,110.972671567636,82.30591814913208,53,8192,126.80433326135997,14600,881.2423138692811,1038.8973416269214,510.8199946699708,44.07835677011661,1364.1532469322037,92.68733082739786,1249.2099190080612,35.30592408935398,20,benign
10.020324322220976,332.45072510611993,1348.7330786926693,756.0006834629581,31.72284980828409,67.3012144739445,227.05773890900588,22,-1,148.84837233317282,65535,562.0511824333131,1419.946306667728,618.9954922685984,33.00331062417587,1394.8186401903167,0.0771270805790536,2403.4508184609667,21.11801900404553,20,benign
51.38949292338877,199.50106392459975,1450.0606016427494,237.64398423971122,24.964270979863212,67.78046272782689,160.81519414563928,53,65535,113.13987699225,0,1416.8598149195568,567.678213848875,8335.545884900073,105.57694286297227,911.9049359776368,34.353641693595314,1408.0075231215042,95.05674808257064,32,benign
1768.9429275137234,985.6667399177555,5203.760327856754,32009.448355171822,290.15315777702926,1112.7030415121224,941.0011177838641,80,29200,596.2329959769559,65535,1491.6846762153982,214.616955681736,2947.8697050235173,121.42714703776794,1220.1763230593042,44.43993674820986,937.4609663459639,172.54857267514816,60,malicious
64.57615095570367,250.04926241994886,467.0084113087621,199.96360125681227,27.475301164916388,45.95900256385861,198.27273123438212,22,8192,94.76941695177919,-1,1606.452757166353,189.60542431060946,1375.8185077408216,258.0765540346739,1334.9008402410695,35.894188658320445,2957.2139999377478,139.1861305342477,20,benign
1260.7684284845448,1334.9085984336007,4667.546922679843,25696.910882116772,298.8690701231143,811.4094329716651,854.7763747310166,3389,65535,494.01068682006706,-1,2448.794345652054,1437.779384860471,122.38422288283716,65.78671574787046,714.3222609835468,74.59236296216909,1712.3632175572711,148.17977541057158,40,malicious
372.6944893033142,1337.1992959617735,7784.533051773126,19238.384051456243,285.44045459494436,973.3966690304534,788.8682610158298,8080,26883,267.6630638467307,0,1322.3291065497706,1149.258976688816,6475.478679117728,357.91542754650817,892.6679990865293,62.24115496761823,1631.7141086193913,178.79034386745735,60,malicious
35.96297984703086,1307.0028820734874,4740.177687968171,4356.203128289329,338.05906345344636,1080.7987448514366,990.9848554474527,8080,26883,207.6523673839817,29200,16.35306189665109,948.7049577336256,1524.7793275817126,22.16013253203444,1021.995853175574,39.904427089672176,963.7698961498991,191.9669865511588,32,malicious
89.48526953837987,947.817207761145,6996.158731117346,23826.32005171969,125.97351165962993,827.9591832550092,754.2487535055042,21,8192,384.02353437559293,14600,817.2057054056073,367.82021575926774,8217.575825086924,117.46446481732161,1163.1158827562165,95.1755551496981,516.6687219878379,185.2663921460104,32,malicious
1485.4684930196584,993.0995862593128,2323.7992336732186,1137.6905807108972,180.8610028511727,297.44243281153024,702.8447311298369,21,29200,404.0594097968634,0,2130.8105618042314,910.7743398929443,40.29657699215488,275.13446458620876,722.5139050449837,49.04893795190538,6819.896902832926,34.63394421129835,40,malicious
19.615475753884915,1067.5695087452175,5417.181947713938,23889.00578598424,243.09979733903597,1110.7359617994894,723.1973054147957,3389,26883,132.1637440070069,0,412.1099993517764,661.0007248703819,1522.8474111447015,292.8909340113966,1058.0406074631437,92.74585527434002,203.39317565600766,34.980771607454706,32,malicious
309.35684183386024,959.1157820223295,5007.099664649548,30058.572288537893,350.5935044444383,636.7932804774331,786.8991284327221,8080,8192,482.4690907242649,65535,1560.6771023830381,522.9079537472533,1224.1156107441439,168.94581261092418,1335.1046894382232,53.76423715057012,1046.0591343585702,34.70701538011391,40,malicious
12.006860469220506,148.32661915606673,755.8935210836961,336.5507047580341,29.638225901556353,82.16951988589528,204.0629642907832,22,65535,139.8128022046831,-1,166.80389644885582,1467.5412637421225,3849.0185353132338,183.0594453010541,1309.087509170694,88.11620490649248,3457.937497337757,150.93961032483213,20,benign
9.087091582690775,240.2738496966207,1352.2254892471756,161.64393373316918,45.802933091022496,14.166393941695027,269.5347166646409,53,26883,139.3012749777055,0,1566.7528966469515,609.3248603434705,10044.63732689315,108.46331629336711,118.06618028597079,12.892044618923116,3483.326819104559,41.47631405623628,32,benign
3.0415595085286196,278.74321916215865,277.4488084009128,295.65292774665136,29.53049436945093,81.52752521956371,152.04033415065146,443,-1,124.12236853760085,65535,2674.5038165621336,423.89869641587654,2162.734220194827,388.73506980216894,1181.0929738312236,44.882132992299304,6425.107691230439,26.925815809537966,60,benign
224.82425078210073,913.9379335528247,7982.4632005356625,863.9120773221548,338.56342080464935,724.1292749985496,721.7730292579886,22,8192,270.4079646760117,-1,1339.42904227289,736.61672989218,8977.233578471847,381.0171375835395,488.93411048900055,90.7678781165474,1730.0548942241596,155.10986479996956,60,malicious
27.233048961186867,276.9007062341518,723.0397718462364,505.10480470332317,33.88422985921163,69.48467663866055,63.662739799894766,80,29200,59.974814543842605,29200,8472.030033407815,947.0039346602762,6070.109660231841,63.37875053173244,212.6321024598523,79.94102983236976,347.9895943108882,185.94068173311183,20,benign
23.180628558620057,249.7536465114928,503.85215600837944,886.8208839298399,29.878431560389956,103.52025800086795,228.29866351999146,443,26883,122.70564842123909,-1,4255.973292154481,1459.8776184909366,5147.0428632666235,80.49290806263468,130.5271810761332,76.93535716973537,4085.600698551945,23.558747314031265,20,benign
7.729404936411223,261.62550867125935,347.35309292902684,55.21249700095565,40.57549364224983,101.31237950661094,60.407097833505745,80,29200,87.28007588356257,-1,812.9091557063759,323.7729443723117,5387.600603892752,274.3044700752197,1321.685536429334,47.16840268121223,397.36419131935804,167.20606543290182,20,benign
20.295543974299978,202.78252505055616,1461.424459371809,338.58131020297577,17.732134828882455,41.29453314236943,73.68443607554812,53,26883,131.4874301724568,-1,768.4313885653814,539.1736134594231,14540.600227312168,60.98809021442952,1404.8278646130186,52.748720955182414,387.1902705512908,105.88127967856735,40,benign
579.1846832023793,1127.7650391256943,2979.494677332213,26557.011376578663,167.56647163129406,600.0602669648736,605.2998285452558,80,-1,516.8411031465223,14600,3914.8768082255756,1434.2742759875075,9499.030307705954,323.8284470379474,875.0970814418152,31.85054459540573,4369.806136333688,86.14219428107468,60,malicious
37.38814543030264,388.06944909016624,1174.4261219511384,549.1668313400406,21.258681499159433,59.54885811578169,296.22375592078276,22,8192,50.24106647186605,14600,1008.2619285742218,927.3605299877876,2066.087846679735,379.51543079431,1318.4703710535955,78.74748310772361,3198.027451643105,145.29713239785946,20,benign
3.883770980746423,310.8470585620908,558.5509614829743,280.4726138219407,41.16981913791341,33.0510999116986,70.02498699648064,80,65535,21.240305817757957,-1,79.63448113426132,504.8109856288424,3711.5864272273143,255.2858479535257,1268.183763494735,35.07220362660498,314.15737374018295,191.1144361471784,20,benign
1726.776511590468,1281.8315419319085,7535.243404143066,46376.46829273211,300.22200990015415,1099.2690616967798,434.2960108663891,80,29200,233.60580061432307,29200,988.3868548783629,630.4374524034109,1590.821443280717,70.82447579173396,1072.2987024141294,35.58068869136578,1860.1978748851486,159.53292044958178,20,malicious
4.53371166619018,173.08403705606054,112.2548625594864,263.5710652815168,49.55989881729974,14.548402758473054,150.47948072235255,443,8192,82.13667841394323,14600,124.86370816223682,1103.9831688800537,813.2813249875004,382.30825912237583,1160.2022870458425,60.0073482624203,381.2206811952616,102.55662634231851,20,benign
444.8191098910497,1076.1189610481056,6833.745834739409,39754.390518951586,363.6470599731665,1071.6560648347527,460.3382856877419,3389,29200,246.4208700967369,-1,76.41764670938049,208.29014789804975,8763.558598941918,320.99805170316426,146.27199107389316,55.44180697193435,285.8446123992095,169.5518028273313,40,malicious
211.6171288822538,1002.9337327074918,3517.141735630502,87451.82438051626,328.37764486136024,358.9006893270308,410.33388315318007,3389,29200,448.5040609891627,65535,1123.522064325187,659.7453335742788,8750.70385432996,91.62476392718978,1044.9026094412911,86.84582245144054,2860.669456936107,137.5702223645936,60,malicious
562.6878177835379,1015.0739768793758,5734.2034881020445,29207.138020613413,138.26577774436635,1140.6605123494812,677.7154542845317,80,65535,448.7386396493119,-1,2742.7938897849126,590.8678207138241,7531.8351705575315,325.0652401559831,762.0746396766302,39.727237145734094,2070.5344225424064,180.45341863314172,40,malicious
2.0278163842904613,237.2711734693166,1433.4380309691549,689.0565070826026,45.40460503092938,100.33874752388851,55.79774267249111,80,26883,143.22184689164038,0,5977.339925457203,303.9708806457527,7523.72059883917,63.29069630409584,519.2760310786473,47.17108159745387,3136.782042791888,138.53472770490208,40,benign
3.142799071162925,272.3288599635742,1409.5965070160373,301.5008348141141,45.79031411510413,96.01668388205638,142.5537389712687,80,65535,78.9773554072655,14600,5350.252181303593,938.6489127827779,20739.386363335903,304.17739983709714,1247.2897901225047,61.349092543622206,149.4646601368263,57.302037658201264,40,benign
1.6262611224630033,232.89046187901326,1209.736021575008,633.8546705779698,25.65795013499993,36.858567412369354,233.22682468470475,53,29200,94.39268892820276,-1,6264.423762166941,790.6682992985685,11343.185747450652,238.01854086694158,1359.1065579363355,73.62933784838023,2088.9051771705003,130.62247586811696,60,benign
6.953057463831396,175.73203073229251,692.3292360446229,390.7684565443187,21.006960178254786,105.77770772097041,222.13042635079938,22,65535,114.33463095995154,29200,109.00479910092253,104.9738593681553,5943.765957825374,396.36021379685155,849.3306094321646,18.685371167889443,2656.7199734705014,72.95795569084535,32,benign
572.752310570044,1315.702689606557,5788.8875673196735,39130.42481834219,175.40830979159216,441.7355472493332,877.8181216930413,22,26883,380.1489196466905,65535,780.6790467699376,521.2906229728806,453.5924037850685,93.46236507273193,569.5609040087465,14.484085753799059,1226.688287377282,41.98615425549791,32,malicious
1098.079148548422,1195.3668883106218,6319.081058174546,10485.85246557132,195.90326058714138,457.5220071274077,676.2171846129592,21,65535,357.35482115769685,65535,677.128299081444,149.4129817588228,35.87636317687568,247.57860164662895,192.89507020907595,61.468949996497436,1399.5318556076768,29.984088327015463,20,malicious
438.4573785749553,1079.5861077648176,4211.7206527950775,11320.8801037474,257.19831555969256,539.4463718154316,749.7197817804183,21,65535,430.279721163714,14600,307.82066882824336,1223.1988731636293,10204.44556468351,354.8010997025426,741.1639832033366,34.24700037643558,568.9992367039429,118.63014849258676,60,malicious
76.78409518186388,260.6343801949191,1373.6642527980648,186.48506868868043,23.24981204631184,74.72284056417315,261.2756545342543,80,26883,82.83918345573966,-1,3413.751613972037,1140.0936926982315,2027.351687837751,296.6322459285254,1081.3726959317785,62.48952200855273,479.17089548447444,24.78103853645965,40,benign
4.635459756800129,327.19129431074236,260.4506676736235,277.2235834740499,7.925690452093322,42.5464021868066,183.017286048206,80,65535,132.21787848194455,65535,1122.2373075058226,474.3958552315287,16370.345142973532,94.66834644603018,462.6626731961892,14.89934313808864,363.3641015452072,97.19136440224389,60,benign
1718.286205507059,960.1158678985414,5625.859092032996,9434.856986863078,200.952630528948,314.6431432823472,696.6788042575863,8080,8192,193.41945673187342,14600,1669.633135347006,805.3782746897193,4397.322746852094,347.1600314384998,1406.5260807827744,42.42167986655561,3798.5581445306575,85.82522245917602,40,malicious
544.6492294205632,1274.0900284565168,5916.178470474087,1389.520439289716,373.05428225098825,501.58477542616083,747.2262063597701,22,65535,228.0123113222881,0,684.3815996859955,982.0387040320771,1217.800043969391,139.16208222345028,874.0333512037171,33.76693210552995,760.7842891628358,54.70125194975869,20,malicious
1470.2280434627712,968.4934757319345,3666.2957265294986,14622.480221563434,390.9819907821231,398.934568750519,495.55960056508883,8080,8192,445.5732751190446,65535,2330.914487740859,1318.7023566581845,6072.515926010208,152.28956943892638,388.6588118851467,42.02300161807291,1762.3990452700136,127.29474399386852,32,malicious
892.1602839039298,805.2177585619645,2203.475975972501,91556.80281459745,217.05699177517016,1052.9224585796817,780.2210585699218,21,29200,180.0687003869224,-1,3552.1843063854117,596.7819315868398,94.45611276763509,65.22070427784071,238.6412036344564,5.765787923484178,528.7755844896694,131.31726391135646,60,malicious
1075.966875990885,883.093194151847,4842.213594016614,6183.493381218499,314.98043720349585,771.2566903293362,451.1965515156067,80,-1,395.70485774495626,-1,2246.5753381225804,178.26809240540436,145.8445529740641,257.03157933696,314.4776162354626,59.672463691002264,601.4632269958653,131.9506693043004,60,malicious
1.7386226738156112,289.3969583733084,688.9434736588283,8.576408636163514,25.729225328507297,23.79432098383122,203.09968122783295,22,65535,138.98870327113463,65535,2232.9381418889025,193.3518437180227,4852.512524766524,253.67305209121747,349.16874147687383,72.8478900442538,2239.8549734572907,166.97703894753673,60,benign
44.14208327335957,1358.2356425903604,2439.271720243171,16515.08391254698,388.8938622448139,1027.0725485917112,842.1575957817265,21,29200,251.66988930985184,29200,3214.5564058191703,532.2695179994889,8922.377304091347,249.5129263252647,1023.3592840158688,5.549486569930329,551.1342525848186,68.30287802202568,40,malicious
7.404776497143887,220.49186566003834,1394.735565775664,417.32602060620565,32.90795817301503,74.77032677119593,155.27642243623507,22,65535,59.54491548875821,14600,7357.991793119711,936.7044348095906,377.6099804286745,129.42147893064984,1168.1277586521967,23.291630732827006,1658.4446644941825,198.03096239569416,60,benign
339.7349744650288,1104.4967582009374,4516.09705277248,3957.148283575201,107.97223099547902,897.9113747965894,455.8417532135979,21,29200,380.2429163293786,65535,951.7147640326219,227.54153284010303,45.266339987149905,75.18308795666155,754.3168151588904,0.5184568839587067,3082.957226984884,181.98335829980977,20,malicious
194.8492944969803,995.5021994602946,4364.446712444101,17772.259294073498,391.043327963011,788.9321435977693,877.945953187648,22,29200,292.89167405241676,29200,1216.746474440995,781.1888590247754,4284.224218547668,154.47864216905455,1481.651832065421,42.914040526433574,1998.9744847426516,101.98802420646484,20,malicious
20.69580910636827,268.9707968715727,480.4446032068063,42.84565121087957,36.15940490027465,106.37413960391133,266.21923964488883,443,26883,140.8446764574311,-1,1331.3036013855246,1346.9963113421468,1484.0905647056304,364.4084868506242,1147.7054972225123,1.8805726309293669,136.0777017908958,59.06141886280658,32,benign
86.39891472574512,288.2862948915612,472.83643944180005,178.15732270651202,23.906018251381898,38.590149846068456,214.58817482397296,22,-1,79.26543423187044,0,375.4970241155134,1478.1350658642027,6133.929573694242,342.7187466008223,166.97749744113617,49.61390958496966,12.673064568426733,124.42759638825058,60,benign
62.85586050220162,194.61266191493573,1371.844181932084,958.9445457287445,42.092174632622466,20.545738509132093,77.04840523238619,22,8192,26.85745145525087,29200,2627.778692159852,591.1669530688628,265.40617851626286,259.1652083791946,544.8674588383125,35.84749308906988,7340.496019430714,44.664213826496734,20,benign
5.492165240595738,254.67920301532473,677.2857624281648,1420.579466072762,18.906192337154195,98.469295140756,55.4849124781092,53,26883,108.53503193851591,0,2644.116626745316,73.41513466868861,3210.5993516645985,161.06589574554818,703.0291553386252,60.258706124613056,122.42388032587185,120.69767733672774,60,benign
179.65992875128197,1063.004903743758,3883.8638167268737,5571.755826152972,345.52660911916144,1131.8632990044862,805.5018261223267,3389,-1,552.4764274637628,14600,308.0602520220789,890.0391160679013,7049.163726981552,107.47923380715056,1128.057793818247,77.40899017486686,2012.3849191086852,172.00216912407856,60,malicious
1.3639570613447591,308.1362255812713,222.16849377250173,325.188495363513,15.938900886327023,93.74662745375288,153.31741240501879,443,26883,39.704965756452566,14600,643.7353538873361,1492.9216933533166,9598.835895646196,249.66660181524787,468.2581645854112,54.475167461996065,2764.3973291438865,184.9543814648002,40,benign
1406.2153098590586,1340.6629374917243,5638.304677316306,8218.607236902186,356.7246588028579,445.1266205619946,512.5830875192523,22,29200,321.9234095476254,29200,344.8604336829054,1228.411939500261,1094.0036588598764,95.30741773007682,1432.6197208076942,44.26187815166188,1339.3097783486446,55.88469223172316,32,malicious
447.4684694977157,1223.9848431671057,6640.7256953735805,45812.77208947052,254.66873321345182,404.0675814480197,710.2695648460804,80,-1,508.2792988569576,0,1967.1483359517852,1234.6283593882686,5095.816251041637,331.5876961801666,686.7802787160367,51.370112402074454,5713.790671449374,105.04687599052833,40,malicious
527.0369905218593,1013.8935834622145,7506.2716269273415,35721.64565251446,280.2179318280471,794.462451650211,546.4287672111369,80,-1,373.4158482098914,-1,1720.4049817654288,781.964947369506,391.5142964797069,110.22535271569534,894.248810917629,47.18922449770865,1930.157223620419,194.2281926949853,20,malicious
8.09379715196532,225.70846268166343,400.18473581021715,192.42882531264976,24.258178784636993,114.56494903664199,144.75198549234204,22,8192,20.72931446819157,29200,1862.1850640793193,186.7270340051528,6153.374990390491,158.61572220459394,78.28790780298591,31.70102770539667,897.2309679655692,51.96236735965199,40,benign
24.240288644333337,174.62129990304118,862.8333971818522,498.81697357409377,46.503881380723904,119.32728956220862,83.07430974002173,53,29200,130.92595795883818,14600,2857.9488820671395,1442.0155150951896,1421.2871795567985,159.59192933760767,1314.4867468572902,43.56843508512078,10989.712308327029,79.69734224299246,20,benign
445.7144125109326,1187.246492930071,1979.4798977993244,151032.63284749052,146.25376518498013,1155.4582193951915,467.61264478987755,22,26883,301.2597797644052,-1,3950.168849512531,871.9192849626759,4755.560630466162,265.94633284433934,90.44820608041744,74.63805106065713,2602.820408918339,54.26722948360061,40,malicious
563.225550365218,1197.7127340602601,5876.694317890137,23381.018862908666,313.17020670062607,1061.5199687308582,524.4846894420856,3389,26883,492.0346909445725,65535,1877.9888015949355,544.0148663040786,8215.488987766978,282.2176853022353,1249.5126279829192,19.195441095788624,1764.129815624656,141.32480876587374,40,malicious
461.7038940718572,765.1408541930243,4029.161169799161,46478.06998852201,218.21178876254788,942.9619957478345,779.6744955532495,8080,-1,235.66718303545855,14600,504.93745607304777,629.945321168342,6332.788454848016,396.16900861537715,1394.9494976728251,38.04961425498112,3510.4886401127615,171.93201434360205,40,malicious
21.41594318491697,283.64734652023554,1442.2879643340893,718.0901499065088,7.304121427460398,118.4516609607024,297.1318361605046,53,-1,63.4205408519521,-1,4264.34721853092,562.0188075864321,21165.851953360132,119.81547479691585,1192.5217060490836,99.6195100063258,2457.0455385475393,57.09183710737902,40,benign
9.808655794686006,299.06468109355006,595.9080308881307,124.66152366201084,9.808835086188838,17.504383394478957,201.07361733180593,80,65535,46.43181136079715,29200,4755.081021417238,1112.0053148747904,13023.982948131164,48.734768975059566,251.22230545962225,8.124869804966306,6338.073638652041,161.8942952498518,60,benign
25.03756866023593,261.0880482550774,1272.6045620370046,17.788538053331383,12.05748357563341,18.137114631246128,100.6586167541002,53,-1,32.55901661371521,65535,4166.564771992975,750.2161185365766,5138.538092863007,297.7315488817743,1036.7052538079415,25.812972516224576,10.784870142527742,86.17436093815817,20,benign
31.188410748169222,251.12831048724118,840.0421724573013,289.38539944415027,24.83822449198265,89.34496015428917,88.37616293454087,443,65535,21.32366630901896,65535,3269.849524315154,292.5215603526392,2815.8962585773274,196.25008004820515,1004.282282094838,17.920436514839654,2352.937913994138,54.33861752580071,20,benign
67.04057725118125,1575.7076981318376,7551.766739311465,26655.761310661455,122.91536657238711,889.757078081477,980.886801703603,3389,65535,264.2110292343541,29200,551.0045318818268,943.3039396439801,4283.809254802475,391.5334524137841,907.7499247757582,84.02948492965724,3242.346580152926,137.96952350574676,40,malicious
27.0314977467785,282.08326945008764,1240.9697813079065,515.1721482158525,12.49855031113076,107.9973862458353,212.13229921227185,22,29200,75.37487987083253,65535,1598.289782492467,279.3869050078424,972.5624877377572,103.88443609035892,351.60687804999327,29.9218519187475,3467.2078099613977,136.50900893834842,40,benign
44.228584208206385,295.6713047839318,805.2500148141461,151.04028007598026,47.33749423010811,96.99979172761651,229.93082944360276,80,65535,43.391405754009185,0,14.734350582788249,58.67266665956271,34111.4802310109,368.9921770741919,778.6619843448228,37.02162479171268,115.81026682267363,197.33635101518624,32,benign
11.876215956360605,1380.9123928504423,4214.690507166502,44809.43352914996,252.51156855276125,312.286840998843,849.9158506668896,22,65535,558.5950578097498,14600,1961.5892616650328,1119.1501365722559,3085.8537656596586,318.3865978422299,656.6548956061554,63.66350689508897,300.4812713057685,64.98858481779533,40,malicious
1666.5210920417126,1204.8416803760979,2937.534042416808,5363.564534476052,143.5557154383291,769.2222227838963,925.5204099794099,8080,65535,251.9584446218295,14600,1122.143038530041,813.7209615990892,2570.449460399895,104.40078889803532,1248.4370045490266,25.837866545234313,5788.300450186036,163.11366981846203,32,malicious
6.65249728990537,297.0695832073993,472.0412541300295,304.57641267522234,6.568845934998926,27.188203442694878,54.11509597649601,53,26883,64.03445421537663,29200,417.82572635226893,1096.7565549329402,2586.4306363333185,398.96670653803,335.3917924387017,99.89527252404837,4793.480671697695,53.30059422311396,20,benign
32.64089389297574,251.420961243212,322.51932279940735,20.283705723479276,19.303068658773277,103.47591322637243,110.36030120421148,443,26883,131.9374036279348,0,3292.045403065239,1174.375776752413,6302.095082746117,130.45084109347042,1126.9182072311278,11.882149728781888,4439.123968462302,90.97955896839898,32,benign
15.30629469090999,230.99639065021202,1290.8161794831985,189.7206441547636,37.14265518053367,68.87876183742924,271.14334642277214,443,8192,109.07107769240073,0,2490.294633983192,594.6578650867909,2670.471038475105,259.9565600223214,155.74158247678346,88.11541378637683,1348.3987638848143,98.43631867169847,40,benign
55.69384841271418,266.00348690437386,1492.59203391206,839.3166928893313,38.07873323826993,100.89512901191485,279.24588170180175,22,65535,81.42506994963888,65535,5463.8921465875,748.7417314840635,11403.693217144402,52.2994969562466,1443.9715802212727,33.22179425721898,823.2168550768755,131.79409477012445,20,benign
555.2906204690805,1385.884640878282,3574.94136825847,58017.06113591287,364.3031382673386,926.0726859638359,856.8248233094637,80,29200,148.26412514950738,65535,1182.8188315522925,1019.0272043214554,1797.5631171152797,154.83062028559024,310.0488420967594,11.48588851424417,346.8661888297994,31.675200921935197,20,malicious
268.10615175921833,940.1743238531767,5806.4959560158395,110378.68228101595,110.5136862814576,903.6677237770101,593.3500663421129,80,8192,264.2225555856053,29200,2779.3810714948645,663.0758865903914,1558.5620321702165,54.339453182063615,1072.0548799137528,30.70829497331735,1179.6392783232886,142.20590864219724,32,malicious
32.68837401846823,271.06229469180835,698.2525737908768,589.6630149516297,6.5975948267053575,17.90403828305183,90.0447862727086,22,29200,89.45752815146929,14600,94.34314946567348,405.7601697541482,3705.5059725175106,319.35799674584194,1093.5351758308345,47.146603729126646,2974.909925166541,189.5428422109223,40,benign
15.902854787551252,270.48173402083216,976.1243206146369,527.4285141565992,45.18548267799797,13.697197241598293,270.76257208192715,22,65535,24.772199863511297,0,792.8563089654361,1388.380076438326,1448.229389837911,59.42240665933561,484.19673689984154,56.23048474752083,132.76973398116854,27.965660022572738,60,benign
1029.1890353146373,1140.161176106725,3547.2232951803203,9729.601820215026,129.84860393220998,385.783012921608,805.0349773846774,3389,-1,570.6206508013321,65535,1484.1405503256192,1318.1906092852998,16079.2654619483,89.22001458428593,451.54542964959825,79.36572782548569,663.8798049690997,117.90965829865767,40,malicious
4.987487257428393,200.26238485370098,1037.9129766712576,704.7375744574962,11.956072998819895,29.71298162369381,230.42518366871647,80,-1,103.80178202396051,-1,1010.6640582144872,1412.089789513584,676.2407389690184,174.5182540621387,160.79598548958683,53.44425411013457,4423.932559796383,112.84956069150422,20,benign
10.916952367836352,249.56309595051587,161.2150604175094,478.60173573764354,32.802854263974645,79.81136174790312,282.70101374553525,443,29200,32.423087096332274,14600,2576.6921373861546,89.0459513642151,798.0838534382835,219.58030744316744,501.0745646354092,50.67697842502322,1375.4219759862565,46.10827381463331,20,benign
156.6558290130699,1236.032060662434,4646.89006720534,32861.76899646744,195.7213078004459,921.546988151898,755.7996482734382,8080,26883,555.9727564481918,-1,73.21278894879171,1324.6937783685078,137.11387396153228,386.1483943637109,446.9770571607067,0.37023577925549,167.10122346628623,124.76453110634064,60,malicious
0.1422860395283159,305.7503063946413,326.7058389207512,888.9025302364802,40.53426146663553,43.91668384570255,76.80960412785092,22,8192,112.9754501934485,14600,206.69726152163733,940.2222144963896,9506.07873577563,364.3235389875902,1075.8125666253122,76.24418159452708,1042.8850238444459,108.1398785497029,40,benign
1213.7503452209053,954.2735171999841,3725.0010115731766,16231.591744232333,280.49664069641324,686.7714918640152,965.6635110584679,3389,29200,519.1101890133891,0,247.7007464514519,709.463742901645,4400.788378515443,261.08967328521334,472.40364305552964,21.569142659139896,1300.8659302536607,167.03914065491492,20,malicious
11.547782861035952,190.79910042261326,1225.3006077378604,211.6369565730514,24.560984899830043,60.90809033886197,224.1553561765338,22,29200,148.17576629520596,-1,1161.4600876094503,1268.6021388074132,2202.3728516582396,230.15961996822418,670.8217626728846,48.44179969616381,1829.611130353257,180.89721012585395,60,benign
3.3091468606725667,247.68702319648872,1468.8229294821408,148.41873731910187,8.947928229564706,21.503969938623275,235.31376778831208,53,29200,131.96600082392519,14600,1993.766315783275,1095.4842073354528,1652.0674339142463,348.474956765483,883.0811853477809,39.96770394830123,672.2817453698633,139.49624396126023,20,benign
9.551077353398183,284.8184288990887,759.1450331378176,206.59587590298835,25.909569188780132,73.69297159856617,88.77884977714092,22,8192,137.23238151532823,0,3995.1477072996136,1221.5091380251145,4443.110061831058,65.18765388367055,1318.7021564514469,79.69092215767554,3281.1352300958556,169.94921646799546,20,benign
13.208043593059573,336.97104463913917,844.614193878249,53.83690052629857,15.022313512648006,13.44018663818196,214.82595284409766,443,26883,129.30888120458806,65535,1291.111659977173,1366.698762338505,13172.189391510477,78.78023838701077,1487.994514341458,43.086514705676734,4921.393527512303,47.56096975377901,20,benign
14.758172302217092,267.12839245155624,751.9037119892812,699.0821654623628,16.304698075955326,50.84480882482834,217.13008531406143,22,26883,64.51161026128901,65535,530.9272238137793,390.112832120467,162.96651796036357,265.16510956864227,716.2126711363339,43.177791317650495,661.2065650856292,111.81635172460204,60,benign
4.545311680867302,127.40416716986331,485.1306750215649,209.35426858163237,11.233110369434918,15.748987828901935,196.56706963059975,22,8192,54.99901806725087,0,7127.83456047247,660.2549587894081,8523.529068295486,237.49130285734955,331.5169798692894,41.97455818092445,259.0296260924953,52.205154453778555,32,benign
2356.1238711016226,1071.4543561010203,6556.070706079133,16.57520305434689,368.47638296073615,964.4082837145927,772.7723460569307,8080,65535,581.5822333721305,65535,4428.9149597536925,163.4735818585728,2083.3390106744528,260.4372386866113,1213.1208355168978,17.949624198052682,2195.5841742155176,37.782946137095934,32,malicious
23.774923314682557,228.63793162165032,790.525209635374,196.06715963359898,42.55567041699207,17.59568771404565,281.58232488825684,22,-1,100.69703034536202,-1,1752.5853107834698,1103.1746158327192,2735.300312085275,39.38460862614602,1195.4005545096045,24.003260844558483,2104.686782346189,38.298314945551326,20,benign
16.280334831846925,223.7886127686421,773.7105697200948,229.48433728065694,19.01684639159524,62.1926927014998,97.85063198959988,53,65535,111.33332438221157,14600,3105.9255617808017,361.27763515990864,6543.271315967556,280.62899549889215,524.5209670132226,41.16333126465478,5374.931516432257,108.20960877626207,20,benign
2.1299624879528576,226.71206662172256,1165.5562055052148,236.03261977003885,8.535914649735062,101.61562647802064,136.6982243337331,443,29200,55.87545316676243,-1,2957.721559320371,184.97547571928936,7657.316570305931,313.87620604464996,773.8709020696965,76.38750582394042,677.7226380888668,156.23754832648274,40,benign
87.9372527875802,1216.1831217320907,7870.95977513827,15985.146531285758,314.74823865149955,802.3633142848321,986.4517918627191,3389,-1,532.7291479823158,65535,431.88130443076153,691.1271152864495,6685.151565229212,223.79771254840296,1144.80922725293,25.488406221817062,891.3255448169373,180.4833907456858,32,malicious
50.661085360317074,1129.2535521934453,4082.2182541002967,82279.37729036216,125.9830066882424,587.1931370559009,467.07126370596734,80,65535,265.35852329898216,-1,685.6340492254902,1441.2841671219849,15645.51321057275,183.27710311136562,1382.0430574360241,72.33144961847007,804.8785094242215,43.37854374170506,20,malicious
5.198770744406294,195.20792077608348,779.8505523904208,1015.4361074971358,26.245492516033497,82.50545965855767,138.15701618266755,53,26883,79.39053699229032,29200,295.99328666435724,534.5407637459659,24968.607482025876,396.9183788664765,1350.16682516376,66.07331579164524,29.090449998846488,122.848255817543,60,benign
274.25393909993517,1069.7413583592572,1822.749684735023,122451.6972296391,303.07084807000854,700.6851997959238,562.2309922723881,80,29200,480.6250452029556,-1,928.414887703142,1356.7575256399493,343.4427749172922,25.25290667390175,1298.368834061403,6.661391266200778,334.8293292908238,110.82624417160095,60,malicious
43.24072715081392,246.1131543494905,540.5069256609697,1267.3255580725295,6.5192534259544015,96.64018560967834,161.6297648978123,22,65535,143.57798585582543,0,3637.6440569904917,1154.4868632928901,1843.4963642520195,265.31752189495,1169.2306749525883,22.287437301561585,218.38469035402008,98.97633550547229,32,benign
1370.6553287662186,970.2165623128753,6217.95579402882,10922.162864693135,211.08719753698398,388.3032396537718,689.8842676055101,8080,29200,583.7555752286039,14600,12114.583448828196,1498.1192921148759,3374.983894356701,106.24681130153061,501.0551159164118,81.78891692406417,2946.0848572244868,119.4359421019915,32,malicious
18.053248861072163,190.29861662878523,286.91937563146155,30.52603929231367,16.74804567828062,48.17380859771229,264.6917132605678,53,-1,117.67892652669795,0,312.55614332633183,710.8516117537681,5340.71322983145,183.01972668604313,1192.809704722818,31.1123832160107,1788.3146090007438,87.67095522778642,32,benign
25.61851375102534,1121.9852089272576,2749.6189303075416,15187.316663330661,303.0029256053672,536.6904781685816,425.48199095549285,8080,65535,167.31054712378895,0,434.4886172723602,410.97050810955966,22260.44007779292,375.2796967123756,829.5099321809734,63.899257645610895,196.55635342363294,105.12411088257136,60,malicious
1.2453596833208815,186.48741241477916,922.9441620732124,0.547053096365809,34.68561901941109,82.32780859749741,120.54272822744204,443,-1,143.44291849881998,65535,4936.751358271961,1020.3139567946581,5725.794573575796,229.12755564814023,983.9526935189807,76.7418236235685,996.3248810194126,59.85469557613283,20,benign
1804.9393847755846,1535.6778096945154,6529.468646432165,39251.69933625123,166.34214281596851,307.76740084185536,926.1337209924543,22,65535,185.82789781091088,29200,299.6065165689553,292.3650271867881,2587.2087094417634,350.7875005668317,672.5619795776586,4.7196373973568795,3117.5354102620354,179.34029885874125,20,malicious
17.46810261598113,361.754501769742,905.0334233567369,759.2883282960041,10.826056150312024,104.64329389089667,171.69925547164698,443,-1,70.41732394747007,14600,3499.722976209224,445.8443124294758,8119.950326645142,240.19382310333597,1102.2788147974534,50.997193372258266,6065.6695930771175,56.78107326479746,32,benign
805.1161957485468,738.5118589487688,2459.679086253974,20165.608733358065,266.08635221530864,746.9202414701083,864.6025409952649,80,26883,292.0987403562897,29200,1437.1191814027636,1159.5356047319895,6609.542489951382,347.50949489166635,583.5677614503579,27.345090284998797,2165.4182192824046,149.17530409289876,60,malicious
131.06978795477227,1197.3445756842968,7535.055764209634,34602.96227063947,281.730672050735,971.0616507300306,628.3206503979063,3389,-1,366.0432017910799,14600,371.11699577380193,1361.1678072995305,1158.5112863058562,79.10617099336442,1183.6989747902435,45.5309156349952,1543.4938794539887,126.59160888765771,60,malicious
8.513608992609411,186.34380901974697,1289.8756483911047,1109.0157753555327,32.37743806745441,20.93092309607767,51.02499580643251,22,29200,125.52364916470657,65535,944.0683328063162,528.1904367179662,11272.94709423708,157.97972014485742,1073.313946096364,83.34765742572839,1659.3090193046855,165.56552355558523,40,benign
7.764048829700538,167.49450036451015,1042.2537806359774,279.67361553437473,49.60858034615412,116.58882354543931,187.05991859435153,53,29200,47.43536212978122,-1,2309.337058076064,1233.5896232395837,4680.800082638301,160.58159405215147,593.998192020987,61.13659862252733,1336.267767392181,178.48310292785942,40,benign
30.041531776316717,297.78594898636,445.61553241093384,577.1834374419329,33.928782746151384,17.0157887028327,194.99346377432852,22,-1,122.4975707793152,-1,835.5752226595149,705.9459636071874,611.7155938579889,268.33086045407833,290.4740433370251,25.544370929136818,142.86987099332708,192.820743041237,40,benign
11.092486350179971,249.72406144268697,1459.9381985616585,511.1707555492261,24.764547242327836,26.492300123455106,166.7676490506011,80,29200,135.54224631819739,0,6106.370113665525,810.8313928129537,6462.896980593063,248.634584355332,933.4384461285872,23.54135538359916,36.2492896942135,28.905516655789334,20,benign
235.08074129118108,1102.2033424953715,3343.319467952122,57595.67792967882,173.352055270635,260.6507874305367,992.8615943293091,3389,26883,583.435768908178,-1,375.14362675226516,268.4921096880066,7598.308482029136,118.94407956302524,1005.0967975527709,14.836286283512534,4477.620549052792,68.7470646368051,60,malicious
5.2030755404019295,203.8049154596599,486.38631304953947,161.55341972427445,40.73821850587757,118.19244640453616,87.87606814513504,53,-1,114.63556128536062,65535,1208.5316699101058,1150.1812159906665,181.13870800276092,42.40675967130092,948.9373721815871,66.1427712320198,407.89103353242285,144.22657474594132,20,benign
5.8215156417523986,225.91988350829973,291.39140848418594,44.47885723482332,22.755574156325583,104.75521665492154,291.78913769146493,80,29200,91.21576604464049,29200,2534.491751625928,306.51442280455535,4700.190519210927,229.32321697725476,1497.801357964571,32.91908357576876,88.60803120342604,180.19532866674737,20,benign
154.6791845645128,1280.2693037152885,3766.1743079748503,9791.165241477393,358.181042919434,595.9203560385112,982.9759520116587,80,8192,435.6327083692223,14600,2346.2085889374653,1217.306749961648,1748.2485637988905,314.8660613246913,1498.4889844075217,27.08870028167073,5083.848754440433,65.43419911534318,40,malicious
9.284079461707549,273.8309601253288,1392.0677312584335,349.9184249031477,15.288619676935268,57.08841671455033,198.08545671049066,443,8192,101.6827130610569,-1,1484.7111013375784,180.4494107845482,18383.774068228817,243.39249750354122,549.1057780131046,73.54808022912086,5912.897041741347,178.6102165000866,32,benign
1846.6903102734361,1382.2434020012329,4396.7207884974305,25251.141929025467,109.50022852266765,784.2901009677664,460.8906618586117,22,65535,185.33464088685218,29200,3867.1916597484533,1135.029230265219,6726.593332819075,116.48400863376487,869.4545169136117,92.47690916735048,2407.341294761993,144.01941304330927,20,malicious
19.609631454859688,207.13653174782178,403.96087804324105,326.1792315188532,9.959066511284648,103.57571785176818,56.74419457294173,22,8192,35.05570616099949,-1,5502.958761199603,1221.4336369750276,1175.6755088508987,220.68835527185664,1010.3835305462545,73.52186943375013,480.88862806580875,77.48734523389572,32,benign
4.226736115795672,261.23359102110584,1122.2657153422106,1768.9452822199455,23.38434442709871,51.43598439958397,152.54991080574146,80,-1,108.24854124129853,29200,2448.2737026539107,73.50516010173105,1096.3090005170297,348.4716991081368,771.5610678532975,89.12596118143232,1179.0051019578455,54.26196999111522,60,benign
44.976851919909976,196.5511808944101,1442.0564883680534,720.2899065007159,8.929407181920197,111.7013779054502,204.63497378581147,53,-1,90.04602107537646,14600,807.1371174313267,173.05353768971312,371.0216702652579,363.44387599107523,181.3493227632558,67.23374591174309,2272.4059382207524,168.3964606161016,32,benign
23.06148585348208,219.82973890650095,1240.8166649333884,7.033761374128978,41.75517173406644,60.165192222168194,270.20899721048625,443,65535,67.70760926270333,65535,8486.42193568583,146.07619574740633,5058.84453953373,109.68379565840377,1371.318887432579,23.358154591568415,1573.630676182274,168.31539918529714,20,benign
73.2032830541145,172.7977697248288,134.94429766026207,190.52985486159398,40.67875745624325,94.09697932264477,205.75218380545485,80,26883,113.74399140905562,14600,1137.85099516773,850.890138077074,12985.84719007024,280.19143022580715,261.1534687784839,45.08116824780314,808.0174794623865,92.48822821599889,40,benign
1781.7576447830966,1381.1171752040607,6435.493834007532,112449.364473542,211.81621198839218,329.7616341641185,695.9035723748951,8080,-1,296.8857626773401,-1,621.6464198204484,1494.9078319011498,1886.6011773601265,162.75320181485594,1320.0912238141034,5.044849475017587,1026.159782222686,123.55019955010341,60,malicious
32.0488699896265,293.83804466794606,1222.8964695981745,296.2633304086864,16.0880892758637,22.908267062260315,113.23033497906255,443,26883,67.23158187016593,14600,641.4963505151255,1478.0082079553645,8513.610874883887,376.70811849024847,858.1683302458516,23.689221500623113,239.15045556579398,73.47185453089944,32,benign
371.560475658389,912.4244910117116,7672.631831145349,41119.2010616718,303.7238196338173,586.5813589191448,969.6301220838718,3389,65535,393.73328817872385,14600,590.7419849707114,1006.2158069441776,23867.7585210521,227.60655085610207,978.9186065771826,60.355651851333256,203.8212764832127,175.17616042085743,60,malicious
175.24113066103874,855.5858060543933,3956.985994721124,27654.376770743333,127.5221878195413,683.0881301926565,844.4430628943901,21,26883,240.1624240181249,-1,265.2820935292754,1237.960922654295,4605.153121651619,264.3685151351469,881.7404481408386,31.51523665455659,434.8286940714051,174.8461846194097,32,malicious
7.445359486716133,314.21856781777547,1071.2633536082158,219.6749046657423,42.77187337223936,52.23243073946017,261.1562872696219,80,8192,109.81527938757182,0,187.97060904680077,684.5817676591686,1172.049809369751,70.71112371927873,778.9301166813386,60.72115541005727,3204.0285320751937,42.0243051963873,60,benign
26.44339609168052,279.7936489191096,991.8791612098395,552.6905848328496,24.09586738226152,98.13762023105909,286.67691546613366,53,-1,121.0180887147262,0,1059.7583491578182,481.7363148369183,642.7327325122444,210.2937488689935,1019.100145531172,35.99039957626001,3825.0030019045644,76.31522093730116,32,benign
533.167005181177,1158.9618189642238,2011.1830245047613,486.44739309032815,302.58178233974706,737.9990596601009,441.5178140453151,3389,65535,383.4081186506988,14600,2054.04514527363,841.6461596233077,1063.591728823024,267.6564774526057,1293.9140055298053,10.379024102486623,1464.9622161975112,181.52479849083113,40,malicious
43.72127849874708,1400.1796970512778,4071.5762979223987,26309.978299620685,191.18504706025888,416.18731234046265,586.2343399271793,3389,26883,496.3367985827475,-1,413.42234296009104,707.8928321666882,224.57651150229165,304.61894799459947,922.4514778864304,32.49831017775635,14822.335418201099,61.71616170570931,32,malicious
27.325278117410946,261.34443239565667,346.2246731114542,215.32909080637714,29.03547860841466,81.26987372709223,69.7332836610438,22,65535,94.01700875394056,29200,1613.3824223689674,1232.3628677743834,499.4855209532944,315.4911397180068,1440.0598912128003,24.91396785255634,3170.7467693392437,106.33122304793804,40,benign
487.6435510340117,1165.1403606663662,6059.46002272096,10400.374016613006,123.03432788201857,1084.5454157182196,565.9925639942962,3389,65535,400.93849550060884,65535,1272.691480396256,206.43046582438842,1316.4871175927933,90.99637633103838,184.4685166041358,26.660476781926366,4356.030771601371,127.5663033225525,20,malicious
372.2393886863403,1407.9807061420265,6314.253082640446,14809.288964658552,182.61896506702433,374.86043214392936,454.87098744347446,3389,29200,150.65258108743626,0,3938.034661731326,1106.4584856598449,1890.4280779142596,171.21001660084303,793.554925534229,73.41656532856466,3465.529659624285,196.39713020227939,40,malicious
226.46264165804203,1387.9615040314961,7678.755835752462,20388.39073131105,146.70787683490303,657.4632307396215,443.7930981197717,80,-1,563.6584629671975,29200,1703.1870647131786,279.7675928124814,838.9437737059787,200.5086969436709,1342.9327974787564,76.25147610062461,104.85108510873842,25.05306444828176,40,malicious
14.678282239787812,338.5992808025215,370.4491850089331,74.4673836778157,49.407111744821414,20.645368976334566,272.9749710949138,80,-1,113.93636886662404,65535,417.2240339346897,754.7380163583275,9946.0075503043,240.493729760089,534.2968534417039,91.0845275559158,3968.868569299897,184.7426332280556,20,benign
24.984550083828307,218.87256832815493,575.6983607652152,172.40843860052007,14.182981397682337,50.10662474888555,136.79773637273706,22,8192,42.35225326497847,14600,119.75476275622191,105.2611797707068,4762.678863393117,323.37283799965667,238.03860763545416,16.79346119363715,1148.5066524268136,72.1071054179466,32,benign
4.391736624928043,225.36371673272237,381.3569096230212,735.037971384646,44.098739676492734,37.11806783388974,239.48667851260717,22,8192,110.66743501398847,65535,2004.1277318479206,1162.6434710804626,2389.9043090502223,346.62603465334104,99.99120302076895,19.514403573397633,577.6913670438,42.795504840306975,40,benign
898.5237525869254,995.7487572841063,4394.232451229982,33067.656600687114,369.116073139743,570.4574393103105,673.0734772857171,21,29200,200.5200830214317,-1,17370.406233623133,1411.648673880074,4798.792683045768,379.76927061813035,66.9807909635091,25.16409845355011,5750.935931536523,128.4308356723537,60,malicious
1.122374358622855,157.0222900628805,657.4397509012863,107.11231956808292,46.5018632868942,55.17873867918193,226.45967456317769,443,8192,22.083869248746005,-1,148.8511953199542,643.8765314886649,4730.204340410301,253.67998472381828,1008.3751414744441,28.75036289177819,1473.451568417596,25.80362968213484,40,benign
790.4652975206491,1215.6779653995138,4497.7699926460355,11022.829261612458,219.16763004545248,601.1848989391973,503.5286656928332,22,29200,420.4285647497836,0,1723.2901229469562,744.5454064039901,3179.152642082267,392.08362512471393,638.6862665103183,93.87186018251369,389.84357920451527,158.18549469356984,40,malicious
16.22635118289542,279.78951980129676,420.2385758625593,626.6617460301317,43.08724446540487,94.40873697451296,295.7571527783823,53,8192,132.69433209463023,29200,2751.4390892283805,767.6743060213353,5946.789002563812,396.48408856944474,166.67450957157106,19.725359102714258,3088.4908458359623,180.78320433264165,20,benign
2.11303192922788,227.69832800910984,763.9989874153246,143.35953923845335,45.43604818864271,50.49897982704382,121.81352603804109,443,26883,90.20651998557452,-1,617.7903901362769,646.472813966332,11035.165695110869,204.43075989358383,1284.744907679805,28.42282367109278,182.9133328416065,149.49248932994377,32,benign
19.64326272020234,331.79163662699534,1131.152019442768,1045.1131266193124,14.028245646949584,25.163450469187858,220.95635436322738,443,-1,84.56588289350601,29200,2550.445228240233,91.9729496119478,553.4467340569039,147.3035117213196,1219.865730388868,86.32381033657775,1207.7270198092783,87.12439427817377,32,benign
1848.3598989490345,1062.3692419451918,5230.137072005344,3985.9109959306656,396.96739468322994,984.0123477903304,800.4086592663914,22,65535,562.8661354114104,0,530.8329578139285,1379.502981295643,4177.102554356472,191.13623931680897,567.1255670473678,65.11599039136303,676.1853885761271,68.94205684178812,40,malicious
16.481057367314385,194.79315373674612,354.19039469592235,1037.9817219908903,34.86764005185864,65.65644953440585,235.00226438895257,443,65535,27.609456366792994,14600,337.4983209073443,370.3988038795904,15196.353529785676,283.18598181649327,433.04413146418307,77.53546609296401,10.7334793596901,108.39260351579227,60,benign
59.46457382599703,310.217453829373,342.909088139931,203.56530864967854,42.490464658665516,99.41509759143145,292.29083418791987,80,65535,91.98967125867324,65535,743.3944110461896,935.0829192149536,2855.5012343053977,98.87927792044638,1452.187824036423,22.670474167933328,3378.2239988016936,91.1822895383615,60,benign
1384.4371612232799,1031.1763903752405,3658.3703866412434,98128.37125318682,177.4369794604553,914.3479267426587,533.0073050922847,8080,8192,213.5751024315856,0,1595.6226017093159,436.12828721344994,1536.6725507818398,225.7460021395355,1306.2215615087332,19.53899002516023,1528.1474862268055,151.7662375527981,40,malicious
24.2497776874105,223.77613136435116,1345.9645091587897,1278.7260121254083,29.916941185200137,119.61551135583989,90.70313438586648,53,-1,36.3992124340962,29200,5371.741006640745,245.50279140956346,5759.032951680827,98.8710721610575,363.22589091250245,11.674936246021538,205.88599449830792,171.58076925379996,40,benign
64.61151765754633,1106.075019678829,3314.3857816330337,34058.86040242181,104.63681415544922,603.7484713853305,428.6546372467525,21,65535,568.1080639383758,-1,2355.728668303315,1274.1028165766254,592.5157654997364,320.3000368955566,1471.6666901535832,26.081313626586745,1509.6254294706293,51.86213268397107,60,malicious
3.2044081947647647,200.4527925129948,652.8795893810666,3.457164735108904,5.7280552943394,72.03574721417439,218.87664582938666,53,8192,25.0362789303275,14600,3327.4137293655313,410.64135894971815,6257.639289975833,236.05678010636774,428.16723361538527,12.13249955274004,1373.2039684405506,68.31738722255028,20,benign
62.63109321833679,288.2602037358846,1269.163064744904,258.3287380812343,12.365559325344218,109.50892945108184,177.51312856749115,80,-1,103.27579445011786,29200,882.03072836166,268.27723361065216,2122.9098817889385,105.10576529976082,184.3957398667643,35.69221140971782,917.3642448638748,72.06248839166173,20,benign
7.27175572390016,305.1419022744561,489.8699954261725,979.5673523467437,10.77380666455996,72.41438340883604,177.23641410002412,443,8192,106.28876579046863,29200,1564.1902995315127,485.34643036730824,5836.515369741622,218.9305136053105,831.3492835734875,28.587724903006183,5892.211137862943,40.3538426919508,60,benign
1.753298842937416,216.26879331189093,712.677315380853,672.1954794053762,8.134962757996108,34.95729985631732,179.56809950528756,53,29200,74.98804821449443,65535,4304.808521867395,1094.051107876959,1781.9646714543917,167.2379775406843,744.0382183077783,17.23272964794016,3044.9622162403903,97.94488893201952,20,benign
2.1686491947486046,196.8007163969722,671.8044481657922,2108.8030706155873,21.272569008278133,92.3313392641029,127.05859687643243,22,8192,31.50360690170676,-1,2903.6279772640323,940.5649314911221,1773.0092834286768,297.41150309462955,1141.91225481985,59.11786312593674,2415.8199355821207,85.69982771878111,20,benign
7.700731210689203,214.44278464300783,1111.2568733346773,420.46485258748277,42.90984157509302,83.31004315639441,84.62838382490378,80,8192,111.00216480449222,29200,1489.758967809092,493.8823843753594,2915.1967501714644,384.85187878087567,159.8105352974909,87.80832378386485,4057.6466056264453,162.56150061417858,20,benign
601.8732534869873,1196.5435407264292,6347.963877780925,11870.43583804435,120.30649177040615,889.1835009318607,591.8777179621238,3389,65535,137.01122229350224,14600,1921.299014486848,705.8184894547762,7643.042278296761,57.43735657899443,702.5629490247762,31.32731136748571,2872.196930256428,195.67411811170956,60,malicious
393.6292607377704,1050.1793877531888,4920.705687570771,4048.0344672070796,183.05581920722676,696.1705154988704,932.0201289686592,80,8192,456.8064545068455,65535,1930.152505288724,1488.531625258234,7584.021006848702,100.63795216611338,352.4786767704716,44.77862750536381,1292.073164293206,188.91463654691117,60,malicious
0.6025791953404864,170.43071291999684,1423.3506815807407,2191.5003279363673,29.470370438452633,71.18880003459547,112.82072268007767,53,29200,119.07520690301348,65535,1141.7521914302918,427.06681985768233,594.9638963085495,353.0811973747176,428.06784013562014,38.892825712316224,1874.598167182399,90.352118097411,40,benign
405.1873596636534,793.0721477088343,5488.212981706966,25841.744519380667,304.9815583662852,843.1396068337349,969.1046049504567,22,26883,364.3664471877839,65535,627.322400457832,957.8345435438372,4855.1927157275195,76.60040244015332,1408.0813375511145,41.2186011813638,1199.0137047634475,123.7224480523893,20,malicious
2.6640810045131804,322.32449323324175,668.5583788085053,388.3090262922316,31.682597190989384,86.45062419035078,269.3284920106702,53,-1,122.26564561875475,-1,238.73359912271638,974.5139335380655,15380.408469946893,36.36453074348951,1032.6216051234692,89.07316660621883,1167.2831332193884,187.37827060124707,20,benign
35.157296091649755,184.51779151421704,163.3721674122499,785.7668541081845,42.17782667969918,57.51424506180546,250.42640050154782,443,65535,34.05200133889208,29200,490.15969261128566,1427.2863487353493,4126.819556521207,86.86185926803935,943.4842347125849,70.50306317855761,1817.849127767295,83.38612047967382,20,benign
1101.8569704838783,1112.5567237541968,2475.9355771424366,43288.557450929045,255.0463616191686,1101.4641139155603,692.8435181158555,80,8192,376.2576362058481,0,3890.8307748905604,1169.4937841916878,16534.941814023157,242.54919121993632,624.114374936004,96.88950204158115,2076.997627054966,24.08987328480046,40,malicious
911.9325393156929,939.4174382449439,3988.376142978805,1972.3321352330454,374.30285551859,499.88516282271223,516.4529033082435,21,26883,206.43272914605342,29200,1533.3023146999824,1481.0396832921488,1033.1253841128391,207.40608960355954,217.7176842391245,34.706233578714496,138.03626723101308,83.66689526363443,20,malicious
74.18170992571257,310.15879053427705,482.1311455686113,337.6116224064171,33.02305334445044,85.75821720620321,292.47724836168896,53,8192,75.96209954133379,0,168.8382742295264,1238.992546551117,495.1458582194929,377.0227241165347,1437.2774534985663,38.61877372876723,74.17680653001915,168.93044306027937,32,benign
15.069968793176665,343.2040004787717,818.549528494161,527.179573001119,46.704404644542535,95.36619031982772,231.6681259031871,53,8192,141.50547519656627,0,758.2619323450418,257.14640737698664,488.9499400709529,285.06954569584053,90.09170738633534,10.93222663885296,2343.0444726705996,119.5809570931614,20,benign
284.9891109118192,981.5147535542767,4815.034249837443,14563.231498107829,179.95256313056427,292.9065195124108,848.2494425516161,80,29200,197.5995275909911,29200,1094.9554985142972,894.522648792601,1254.3142287458406,178.04541943853783,873.5798493186153,21.915184141186273,980.9189374382541,83.1502246488486,32,malicious
37.82773903138682,265.3656747049394,1042.5896799396717,315.20159501577575,26.028617922872133,114.05404249809658,152.1064824069478,443,65535,59.86473635412673,65535,287.8719852225424,710.7659990031481,4167.042588010187,230.55836072195507,1338.0836902731658,18.71939837373172,3798.985654162254,67.47811290790946,40,benign
494.1107480453559,1206.9126071047897,3977.497066446202,903.6704794424188,226.50378921332663,805.0187386125874,459.6887426975584,21,8192,492.79828545773006,0,1096.9898012255471,858.1874809113688,6268.013503448006,120.00506685664614,1364.0211941793234,11.662197082934632,11.270785723860573,100.82871267843443,60,malicious
5.486945884526234,324.8870147271093,941.5120892883023,281.61845884588286,48.4157515774359,84.21390006621685,90.6572104376331,80,65535,23.419789482239935,-1,504.02054841006185,857.4952414886245,2030.4894715345288,53.03446426309257,635.6864961988031,52.11228053209377,1005.1777529360444,43.44142105816688,60,benign
529.8123346052485,697.16973906418,5861.811755433422,50027.57656993968,340.1323401098659,790.9461348365772,622.0683323138097,8080,26883,445.71426337081476,0,519.4020295055755,106.55583439760794,2723.88070032404,340.90292818734457,644.8247362664491,98.70819073411577,1064.746598682615,168.6614654536034,40,malicious
14.064294703579165,215.85126877868925,119.64157556382335,210.17412881686573,41.847198010632994,45.73068505273599,101.88460310272735,22,8192,98.36082668856089,29200,2261.127546595708,654.8771896669847,642.8268187513503,261.78415719581744,965.168591814407,20.31897610436877,2380.749610389958,168.8714213214914,32,benign
12.541909853482302,297.0043306422752,938.5191361337271,554.1553215006682,34.95185546411513,20.917628734414613,174.6420749021948,80,26883,22.633665065666065,14600,1239.2690331955546,1248.4138704579427,12904.672009213622,155.61277670475909,345.65110882754607,51.53068652146536,211.7197468551322,181.02559935705344,40,benign
620.9312327632493,617.5696051466687,4118.062616062052,37284.06878645052,261.2450538207998,1049.6281329861067,544.6196855193567,80,8192,366.61338025792435,-1,1659.327248883107,912.5663757038075,1246.0467063300691,394.06572577980023,136.17195137339735,15.570218058834318,20.49516716370294,138.51286774641338,20,malicious
648.7118300309802,1027.8022721463626,3324.8396790282477,34258.55568826919,257.6402432214488,580.8298111477359,468.2505206344521,21,8192,477.17886954727857,29200,1305.131728905274,391.54036271751744,8506.359207707283,206.66921161938237,915.6062512579464,39.941672267090745,3465.1218339754328,127.08799312252461,40,malicious
251.20550567674942,1437.2330991403646,4787.698849253002,14671.68722435562,247.79924575961172,830.8163851399487,397.81596123058154,21,8192,506.7893092354705,14600,3608.79371670061,814.7536914514204,1597.0961683424753,329.43708852826944,736.1960434665175,50.25925879504176,1391.7662043140404,199.68599729143358,32,malicious
1.1787246712702713,346.79118523318033,1102.3833075335106,404.9940132263762,12.552017983267124,39.45523778528833,152.17493307083484,80,8192,94.3022463721883,0,4529.254986116839,1408.1374225496409,5513.635156602696,50.922428858678614,676.4447584511136,65.51424440065321,2937.274480689653,183.238367385211,32,benign
258.6423326125798,1019.6800725926429,3840.898950138174,27841.165089419028,280.460919560046,738.8618983717297,595.4964776278357,21,-1,525.8374951687217,14600,629.4096866164364,126.11033383175277,353.619468358008,318.93230561172027,733.6798500715049,32.02346348478289,655.1310448161139,119.69622216307452,20,malicious
19.401529813394284,213.47797572803813,1476.75432388772,1315.2265503339543,8.618133378568476,54.13544747154078,256.4186399344285,53,29200,128.75394154866916,65535,2508.3652222305345,1008.7856296251421,17101.45659616274,291.09773667173573,239.1027972600329,30.518643319754602,1101.4673781459398,92.62450439067466,32,benign
560.3749379376803,1056.1542620268115,5788.523366018908,57736.55331345452,338.311828459448,521.4147748807632,664.7175525679384,21,29200,433.14170096835716,14600,90.71434833805684,964.1253632851117,4194.513803187604,355.71200091177974,1174.248948906607,42.27880485318172,2278.693269738773,25.91362513614394,40,malicious
2034.9286827287676,1136.282844522166,2430.638660733952,1787.607261548233,263.4742308346723,588.9805865455542,832.8252876956085,22,8192,550.334302858845,29200,882.687952935345,1439.3979938503344,3039.8129388413727,204.76988349500647,1417.2540179986063,31.12930206596003,2180.5020643326193,26.96040809486917,32,malicious
38.46903454291074,1061.2277812974992,6644.980856636134,31476.006053134846,295.921883562782,1033.186911359479,497.4409259739755,8080,65535,256.16253750896226,65535,524.173478792433,1144.1602900177559,523.0636161038522,339.0051428530271,1095.333369284021,7.950393847953851,4091.24042561011,51.1378824351014,20,malicious
659.100351428673,945.1911296382569,4689.005956288889,15497.089889957935,163.82133048339426,639.2466491050088,632.1068318865555,22,29200,233.5625482480834,0,4259.465364737725,100.70860662331148,5150.569197150917,392.9677433765493,1494.4208668564381,32.03641064054183,3267.9476619975794,32.348617226780206,60,malicious
19.804714109789778,230.2489244707193,116.91436855943829,1100.6129531550264,45.607846217043885,80.20536086666566,82.31771052944352,80,8192,49.47979888348165,-1,3093.532942888759,1388.4957855600476,1660.063915698074,71.73532773206648,1048.2620053279397,33.109074240931925,4235.407689826633,188.73284434712073,20,benign
15.346837911304299,212.38519170118911,184.00235437921302,251.84607720073677,6.486570523870949,52.38743738880238,265.9336678853326,22,8192,76.5086963794779,14600,275.77560352137647,405.5739207294387,641.2959781287146,220.68593998089025,88.50058039935166,89.64159302252777,1125.6756003970831,189.20307775461427,20,benign
70.38309088682338,1073.341445101008,4033.7510177471586,10050.7666534914,270.7416033849604,260.22749217993555,419.27760242744284,3389,-1,349.728725585908,0,506.8983857088564,1497.876600494613,91.93689835421341,197.8413151252297,54.939517484831754,93.53747835686214,6931.73100304604,67.2411342614233,60,malicious
0.5816469753787543,882.8875107816796,3984.478016194586,17843.71891400792,383.71287937355515,498.22447313054863,517.1568039844428,21,65535,513.8344276503537,14600,3790.8968409056997,202.21603217736694,156.83936491672262,277.34175235615123,460.20158595876615,37.10091661305288,5761.47134892971,79.61583397642295,60,malicious
7.085755380871884,299.27985356342765,126.57716786201662,536.6108926880333,36.276132104022174,16.027260460996068,267.86812460582473,80,29200,29.70568434886296,65535,1739.832493302302,251.69795696661032,3073.5747455859546,397.82647889770897,1045.2406369898038,57.115806778423604,2675.925959151418,87.9757622514414,32,benign
601.9782415499202,1098.2146294944348,2964.0491562396733,15215.012416170133,219.3026168323089,744.5141215614096,688.5039281333604,8080,65535,433.1829885361169,0,262.70074925777516,818.7841754178728,2048.925346440603,157.15474353946948,152.3857671765019,20.081137080558964,454.92404872330803,48.714595117407136,40,malicious
284.9876774110472,949.3562310223685,7513.059579275932,27264.715203347463,283.50590209499467,866.4762498054256,572.7476000306699,22,26883,334.9833398329123,0,159.74330230557294,869.3789504985157,1373.5287613012117,272.15421147339134,1280.4866308606638,94.07138206152193,888.1396486472888,28.070440360752514,20,malicious
17.608418302650435,237.5570257580568,1311.957094713008,65.87047580575567,9.454294917214622,78.65161658957064,74.91230255766197,443,65535,119.61874496200194,-1,3330.3290000992115,168.1137583807078,9077.370698916677,237.24247773403596,1017.7064437278312,94.75125403708653,918.5433577084218,72.96880225889095,32,benign
580.9526612171085,975.6133108567976,3973.7068629437244,631.7680320296718,347.7717461659212,929.8027752184247,450.6925451944486,21,-1,175.19087642265868,65535,156.7725576518728,750.0538270925555,109.97127884159013,157.27392356989833,454.965444775316,25.124220551289277,3513.6476684030276,126.3405392929844,40,malicious
37.21204789703742,1316.3244063033483,3009.3094954763424,43228.12224276838,245.93914429653057,844.4319306174859,903.7972079243712,8080,26883,163.36814692508557,0,1070.1474881372585,740.541005117144,3822.3695377790777,214.80652160342652,613.8131547653816,59.154958025962166,2861.664801455251,108.55647383464577,20,malicious
66.67241856211926,851.0715664332297,5860.982348705109,17154.07252545328,268.40225676787264,982.3853091461835,770.0051750922901,3389,8192,395.9561562347019,29200,6750.280456042618,1123.5287820844774,3493.7634513038706,377.2681480730296,864.224285462019,14.740087185488482,178.5708303808018,109.96694336492405,20,malicious
0.18430930348058203,233.8162700331722,1014.7116692210641,85.48035292974771,44.64740989601171,98.17651077548072,243.50240705631137,80,8192,22.09896599810693,-1,7008.099448255991,365.1700957898402,5765.740081625633,98.54549726962344,297.9984694329994,84.05294008387509,3759.7835019315007,98.02648924116494,60,benign
11.40636089901069,220.14996572184128,1244.2088955650029,452.3815989822613,9.190055004124947,13.294820497252811,140.0345491212862,53,65535,85.27139726692883,14600,61.35595569473985,590.9961103746274,5271.163238799019,381.5061317093756,381.9686615904405,48.551477977031695,3230.1394236177625,92.71168641657057,60,benign
4.402594756749014,310.43789936098614,211.00381514061922,342.5112037910207,7.79299880194117,78.57313066612714,262.9014560274585,443,29200,24.673043861538574,0,3.4880943206812596,990.5728018323897,2158.4682957152536,56.64368175990264,788.5841856654098,63.52143259880749,1250.6353910507846,55.306183839390975,20,benign
21.263739263727448,215.8424126525896,904.9501329653967,245.29716570912987,10.717610065871543,60.402802514441845,65.51443896151628,53,65535,114.19398988959303,-1,8182.204346486765,1456.7712402691418,4679.083822200803,130.71139277550412,1428.7606134257849,67.52166193948395,22.632383121733522,120.14806860551636,60,benign
1221.3770709260505,1113.9197129284373,4907.381702793338,13097.501441970113,225.61275920844946,746.3320399918496,410.2483584331884,21,8192,477.3832497904314,65535,1217.1974988475367,176.39246324319413,14486.68077276886,62.74263950751601,691.6967532064884,85.76007191148194,2478.3408171722026,84.36170226529963,60,malicious
763.7476643488372,1546.270159116956,4103.184328743644,20017.315842035336,280.02313718620996,797.2139067351078,602.7046291402083,8080,26883,269.4292500531717,29200,1366.3168487881671,376.20333421925636,1650.936011880478,369.7034052763014,1330.6364627561888,28.6847694440547,942.9167211494411,163.81750166097078,20,malicious
140.80431162325027,1254.1193004056454,4898.512555756756,41654.51988566357,184.3563120583881,968.2579791427028,637.8813948877071,21,8192,292.9447533165551,0,9059.96326638719,101.04140074830259,9574.101531794215,210.51005905450086,1066.3750204387004,39.61509891212207,853.2847607862512,91.71576460512372,60,malicious
6.865027522816716,307.0390769404692,547.7739344402353,479.44056577006313,39.636050626653194,60.44500890256096,143.49740101616388,53,65535,82.0120486181462,14600,1952.0628826592306,1371.4321714023586,21453.99646015917,153.42804446217076,577.2851917451571,93.34340139449324,1178.1937003571911,112.06783600020425,20,benign
15.912605876425456,300.7541658891121,1247.2703647560027,826.0961949732011,17.633148976252716,36.69487471511402,119.77988840438776,22,29200,114.11620662319108,-1,1414.173816107208,149.5482761988327,7923.770566910268,330.52760728599344,1390.2005226812264,80.99000097985684,7389.864121988405,129.05697601526523,60,benign
26.9614425888322,329.4272474099571,835.0619782091961,483.04931421376074,14.614229056409767,31.429404374678988,211.33912342577597,443,-1,141.13542724485916,14600,2464.5311514695254,715.022673318094,324.2356752329515,157.85831732332022,1181.5790615488052,61.41446789679398,204.70978981973374,143.2404885096641,60,benign
363.8651854781161,1027.0926456755806,2907.3508130185555,47809.46162211876,345.89757349144946,946.4430569965429,510.59199708020003,22,-1,323.72363527013863,29200,2026.8233589772312,79.98118001515124,10310.541984380572,92.84948675126044,899.6131389037889,84.44775222332255,1076.9946838828089,141.11220225860092,60,malicious
21.631271556303375,326.5875756782392,291.9929870280007,150.58804610079866,36.26064375835149,75.84111128108223,93.84501804090749,53,8192,64.34063944725733,0,1137.2736740322268,820.0043017134586,3557.472829230797,307.3452763566737,496.6161038265404,45.95414228225451,4362.977615960924,142.29800423992816,20,benign
20.38517967000912,267.23923963886875,1044.3679388967003,1588.6823163200459,25.017610752346112,43.72466493126738,144.3334726679036,53,26883,103.24877769836655,14600,1883.9099150198945,1059.0031248025446,9950.921641614616,297.6599850917941,674.9987700507291,86.14809065542664,2292.9680062970224,66.71115753734747,40,benign
418.889729782712,922.8426889454477,3803.2496802936275,10042.707819695668,377.9400110186176,766.5784186428184,742.6924134017706,21,26883,353.6504691704458,0,235.15389820377894,96.85917096148582,2347.410784249555,150.29103034738975,499.6582770566672,41.38652120949695,4818.3478124855865,84.79898795593526,60,malicious
765.5589993754855,1083.784851235978,5237.502399251403,26541.37896919024,141.69687996865937,860.019412754867,447.6345488178596,22,26883,363.5896659154409,29200,5268.807322591374,1209.0022491047612,12723.256535379494,24.224993914667856,515.8950885661645,98.32717177641163,612.2192089344915,140.96338765323972,32,malicious
19.96929074909932,323.8785238423953,224.2750913767744,669.4174573692578,24.641877444739393,94.89515408596397,119.85434559407771,80,-1,87.46487938108375,-1,95.78221265963609,718.4444500551059,1806.2679402260378,24.913227339216917,415.05301900803227,58.64033281266453,3122.23662153082,48.774698785821585,40,benign
4.518563735162642,293.2622078272574,1467.6253262828811,1037.316560095254,20.345484270580556,67.55153727737532,133.42293030373122,443,-1,104.09841398054844,0,317.85682107392034,1167.2401782129998,1996.7269150161617,100.48525247260079,1251.6762335999624,92.16004122157044,3288.164079305829,155.55482584779872,20,benign
408.91533709403643,958.4112722060568,2333.1433605070715,21206.989726597723,344.39514613715227,764.4015028793781,808.4464036495576,3389,65535,344.79315407746265,65535,376.0167909574675,1060.5379055748215,2998.3996636981856,140.794111847274,1096.946349762587,54.91798153526719,1702.6718427410256,39.52637255735541,20,malicious
67.21446630787862,295.22243218480537,822.8495566380136,312.96337410355125,44.31028782949918,76.32887441258171,261.5229564557359,443,65535,102.85106507708655,29200,3408.3511042705345,1243.5828768609144,8386.990891745016,373.3620901412346,95.85874708886327,57.414332295456894,1764.8719521054195,106.85212854865264,32,benign
312.8826152947989,789.6483112537245,7679.793152718454,4858.931573552722,150.3119466208331,523.7395475092545,857.4621464492776,3389,8192,452.2228130117549,14600,1918.8330896632565,838.40398521566,5182.177091606142,138.6759791209133,281.1632166850433,24.211831976270325,4470.302690709088,53.9610454728785,32,malicious
21.21581043950938,199.43686271422746,1233.7748863368565,20.40570631559541,17.198101149502477,93.26272006564872,296.02227339464514,80,29200,132.764371797685,29200,19.60909488246421,369.41413972688116,6778.57805243062,161.63354604982626,155.59778362271726,36.08928427253845,583.6988602117616,53.90972029717609,20,benign
1624.4932043124454,667.2322667626399,6695.195491968181,21484.58778216606,254.24886434306362,271.8915118081064,421.92615096959753,3389,26883,556.0812910441181,0,6669.183043139261,141.61490854201742,1530.9208783277265,213.4880942828234,593.1695283334251,26.525994549940513,2330.656320946088,85.50682242378952,40,malicious
760.0211847264445,1238.7431388890316,6421.160596056939,59056.17903865875,288.63576317452146,1198.910622809146,554.1158761173523,8080,8192,186.50847004538272,65535,6204.429866848376,1388.7161556580909,1428.2519459466255,180.124666655302,1188.495727114338,62.56507126980395,576.1289542589732,43.91317177203376,40,malicious
702.1753286804197,717.4592784781812,7095.425519233136,7511.946020009945,127.81415191744046,385.122338401864,492.41558965362776,21,29200,339.47596124731376,65535,2942.414763621883,136.36577924397506,5476.811643534454,287.46187385196146,270.02755137218116,70.1732807641569,840.5109941014008,121.65029146274199,20,malicious
47.972145967273775,306.4744993940368,1087.5554283720344,197.98562602417076,8.693512950602276,99.07103215479637,186.62055091407203,53,65535,102.27519386748605,-1,73.4427473039098,838.6402272578257,470.1293572945638,201.37895736255302,184.21246636025694,52.58542595455895,413.36840397321754,107.3994707817136,20,benign
6.258937547996727,283.481949011165,1417.7308050138079,43.021133686403424,29.111320879863364,101.01597934361749,54.16619610009644,22,29200,148.41502625751383,0,431.1438741738186,1097.9262285551777,19914.06668900567,53.569858667138355,565.288568754192,20.462790558987077,916.6109898897497,157.4111347511838,60,benign
655.5879060225101,1276.9650916532291,6132.4770020906835,8062.4370051778305,200.953252930747,448.9384452917932,951.6209670457408,22,8192,335.6551160153499,14600,2060.05348719741,415.74924777551826,540.7421809764961,244.53156729817837,358.9322441771886,43.90913636997254,1183.2269293641048,165.81413416340078,20,malicious
20.49119267521649,306.8285827551499,1270.5823155255835,93.26829697802684,34.44098033009297,27.98142649604024,95.58188817976419,80,65535,63.02066354620426,0,2838.997275431326,189.63039552784727,478.89962794117463,158.1009925993097,1220.540189147865,90.0898260959966,1794.584987514683,166.08819056117738,40,benign
192.7962828775374,1209.4871584484947,1872.0643338060345,89214.96065389922,300.2795746720237,829.1241732035764,757.4149029512919,3389,65535,594.0962398118561,14600,3718.6466199269444,1236.6243224067368,11268.963400014047,33.34763322934366,902.6648983339757,70.12921883717678,544.3809604819456,32.51390927384236,20,malicious
27.95572979030036,201.66119417381142,624.5364754067849,1511.544149827337,13.24340218286786,54.6386069230552,53.112803947295376,22,26883,107.54772101155244,29200,6702.800138251892,1153.5068205346533,4400.199284425581,221.6271515289608,200.45474508650938,59.710075986400525,156.54893491564283,93.99225744918267,40,benign
628.640920445372,1480.7230375260635,7796.569410238544,24576.93417356156,165.1219256477327,531.9090380018044,692.9851749031545,22,65535,136.50865020281546,14600,1703.8657286952423,820.888467697313,2512.585078698828,90.42030021654348,75.52892298441809,28.397293788290302,5064.370980947205,149.93930597238796,40,malicious
23.247512516605454,248.967731700725,840.2127053655032,856.8003152943046,41.805498647023555,103.79125846479218,218.89683591057778,22,65535,38.46645118243909,0,994.7947891437558,113.53923649846101,1951.9103410323469,20.570435975350602,346.8895015900689,85.97437713148236,2178.780327124104,33.89690820433678,60,benign
1.0603492732851485,206.57878322913982,311.0949073573868,20.70619727298183,19.982082670776066,34.74755995093477,188.82076449581922,53,-1,60.71116791194581,0,726.0506598719592,79.20542839302081,2795.199642794901,121.06638233826997,331.4469454461366,71.43918185174059,1667.8812772072645,133.8089684903552,40,benign
8.741727705844406,250.06374547287868,1212.9771298330734,517.4803962903835,43.55535407452433,81.22834042015889,229.41217193522817,80,-1,90.39430789018394,65535,856.3296155920734,781.3089462694816,247.13885391301253,213.95581181889193,1130.782488831213,27.600958178925406,657.6484489638586,114.51272327116862,32,benign
22.877283113246236,218.7195430150575,698.8543531206903,109.1615746183023,8.684337104709096,91.64441522734663,133.9910386813197,53,8192,57.12062284191884,-1,4744.888267535692,1272.908885233558,753.3315034473413,205.0475818315018,1027.5632979572815,33.352383119075725,1242.4758501582269,125.13879187001443,20,benign
269.0318697892532,933.1362814563026,7098.430597600002,1201.1811976398246,375.41564648337874,1127.9078241371526,829.3747957913661,21,65535,245.0879109034197,0,1102.7135763218068,732.8249267829488,4548.89705409117,34.01961729533417,231.77472482286194,82.70204906890488,2950.4835749975555,62.09625295528052,32,malicious
816.9035417910925,1253.399126048939,4306.543023989088,25349.00923020607,328.5428251100747,1092.5939066313633,732.9629365156117,22,65535,227.14220930306396,-1,4079.6046176827135,1466.3699498474903,15935.305499670372,56.46012647294326,113.83453911570419,57.88137850494143,437.29301558821936,70.90870609734168,32,malicious
18.34726649050052,1156.7278154876687,3422.3994299682645,34050.69823758006,150.44730851502206,784.3837825592245,506.51489170269247,21,65535,587.5011846051137,29200,1158.9027581477128,1170.1358985685604,1288.769049294235,394.8371181808,930.8427281690523,94.12506786584841,1016.6892237987192,191.86974401118434,60,malicious
3.31303502938699,351.8719890723228,404.0955529388383,737.4516176546572,5.670181331423445,119.79683043435726,85.14663984455282,22,29200,108.35243847705043,-1,3756.3089497626997,557.2578836661057,7443.418749601761,128.89333616750093,771.5029217122949,0.6321799159881292,1654.0246823210844,176.09312616691406,40,benign
44.675458392352695,200.70322776341396,648.1501353578673,260.7561165292219,28.356260294362855,84.68876496392184,168.43569740337514,80,65535,114.94384328640777,14600,2010.266760372295,1003.3462447705508,1204.6754352325593,220.8105063867459,391.15964458784003,55.62157275161257,1422.2293447470115,174.41805186797356,60,benign
681.9551586662293,923.3571695162773,6545.091590577783,5623.73683279886,389.94649656912526,625.9543902694875,406.5903094942039,3389,-1,142.82981336928756,0,112.16860855195704,1087.9586889724487,3640.9728037774307,230.54089565637307,190.19525540061332,50.43054898138279,1052.916830128265,116.32560823954194,60,malicious
28.984069059782325,237.8820911516191,317.38511995576255,549.3986704234959,28.857629068547322,67.76288502853734,61.93015102232098,80,-1,127.21804165614078,0,3467.887052178912,884.9740411737697,121.79950458518034,324.78109211564407,763.0441731191299,74.14040891579151,1305.8842693710503,132.94757498435553,40,benign
721.5810050944997,1004.5417448429299,7064.843213640636,50459.32773267226,362.1760042466562,441.84415436425,719.7774755024136,80,65535,366.37471609221143,29200,364.61092692629467,1479.513290263662,1689.231363605763,305.1757979743622,707.054500646333,69.58666802315591,1848.3481318442164,185.25681773139786,20,malicious
569.2299465977349,1132.3564180581175,7179.80518462004,54388.01739669104,262.9765653671666,915.2030333950707,503.6441528635953,22,-1,477.00525357925045,65535,3308.4511501177144,813.5113182491953,1843.3731991424609,101.23163743387273,1239.7696791026203,45.672697806170746,3339.0647189458928,77.12498631080675,40,malicious
325.5120720426145,1186.435692070142,5179.939427447285,13951.471210060095,135.8729397910574,895.0285926681214,418.2457577962014,3389,26883,523.1993769678321,29200,3556.6239739037046,960.1365473835124,2120.0055523518317,100.25760469947923,1147.1443136423122,29.96734489768469,482.0575421226279,147.59109728001545,20,malicious
1444.7772306672257,1057.3147808336237,4590.116573280655,51600.94770072481,287.42217032037473,311.4618624563495,540.1479234175681,22,8192,365.2475745299834,29200,705.4941100304659,488.9201861710565,4765.745779215148,302.5991553002837,1155.773708423341,62.35264082713818,370.0027018051982,166.7671141997656,20,malicious
100.00699471812207,1055.0302700706454,5645.289857863558,9911.035635315391,171.72194737387386,798.0587617201094,838.6899926669753,3389,8192,276.33858065640334,0,10786.759535214525,1387.8809451045681,4613.03212118764,361.9109812471128,791.9413050996158,49.151912257246565,1674.8414827174158,30.95887604827631,32,malicious
2.8411597165209903,294.3343693353839,143.29140433513862,680.9363118833758,20.618168371043936,60.093912216900776,289.09082767620816,53,26883,119.147050647733,65535,1432.3249433647134,1469.3233203273558,1003.0497305064791,225.39042783040773,806.196196176909,40.06229431022141,411.7278584057842,106.17813604162944,32,benign
1418.3204101915574,1105.4722135302466,1949.3602490680578,52949.39388651928,116.08172571978587,1068.6173468109273,776.8908979838343,22,-1,268.58748960931086,65535,347.53007018329924,330.9421871434471,1652.2455237732722,73.0172780639364,1446.5988390300552,88.38935398893577,2472.4082012630756,44.90069443602736,32,malicious
3.0882302729178917,267.150077888428,1419.5284361569966,252.07137713833495,33.78188771520111,15.857039291059735,170.54238463651575,53,8192,21.41202662760708,14600,2373.006340539554,1205.69172403753,8269.11272873576,265.4563049367116,1201.6565751374706,45.45306716222005,869.2727066703914,46.04560426847578,60,benign
160.49551213920174,882.8568204731039,6771.657767400549,27023.131779067997,316.0009507581264,488.28905656911155,622.2763897450747,8080,29200,256.9740582642054,14600,650.2366859791857,1286.5528448519665,7181.596105116982,144.82066239562187,1499.6977841403389,12.16488974414135,2720.2489288865436,98.06958334013493,40,malicious
23.597420963117656,298.88262535009034,1168.0438741005976,474.81792423860685,32.75873458281728,100.1516931275382,148.90906409549058,22,-1,97.84263436446432,29200,310.7162836522777,903.1615434595018,11071.391222375207,270.6103018496731,449.5341617163387,12.086359132659341,610.2516519515598,144.15383363854468,20,benign
9.030009110348447,239.91101766075053,445.2083637636352,704.1247268077886,22.896730649649648,35.62100470039938,143.95331343625594,22,26883,28.84173041284511,14600,3393.86673761384,981.5084198342215,254.30366777362514,183.70651222940765,1024.7762522828093,89.49846945524187,5514.871885276242,126.59861756795992,20,benign
35.36804665801125,264.0221444581336,1204.8163032819978,7.658338036630286,27.568945261001435,41.55266798238818,82.8293859993019,80,29200,57.92689948735441,0,3166.0473926495306,486.34459984724043,4991.771465803273,109.480591614612,766.5493004318137,35.733389594979,1817.848731624825,73.01699414557655,32,benign
35.871931976154045,362.44471592271606,193.85016582704503,140.59539350199623,18.073213631536248,43.66313969650186,106.15911946765604,443,26883,55.51293212172288,14600,64.00614258951319,1416.0448659767098,521.8637304606468,344.0301001495382,242.1863432654566,66.78600840017052,2560.297676036297,163.67949453944794,32,benign
61.59676408463913,1119.2360434712891,3198.490034993957,44628.69210649849,173.58095017124356,539.9985710107534,482.3388139645557,3389,29200,490.0524841677518,14600,733.715140202197,1212.8785335887567,9582.965271339543,151.99523246391104,479.731756822543,49.07968890126767,3426.2212467309796,68.13612061808968,32,malicious
369.32483632676696,952.0328092744973,3487.876391445841,6794.077131846997,313.47362449642577,673.8292932529686,706.699546203577,80,8192,577.2067383565719,14600,7251.3738644697205,1068.6004653116415,4636.134822035404,103.52786621174985,242.05460663596278,1.3793756929186052,346.00733411298006,48.755182326365734,20,malicious
12.039061190233046,403.18861887036803,840.766179376054,185.01387356691205,18.442136626046306,116.71417314999867,68.34957188902808,80,-1,84.75736988094266,-1,2236.0774940533715,186.06954215636722,1645.0312491309635,319.377327485172,1224.3651793817203,57.79165376746202,1068.0725598127906,150.64250334876942,40,benign
34.37987144548189,1459.388216878141,6085.400216135066,30609.405182614733,151.8665435973274,368.230732587189,451.1541199429812,21,8192,268.7629555009695,0,3029.3620497993425,191.25546543524882,3515.913803313233,120.10320113415527,1403.0000442323412,24.225810893805388,179.2332286158003,168.15981262145945,60,malicious
12.715743729044714,151.19862502152208,287.9640187372754,965.2596446614498,14.348058729407217,102.06840842255126,206.71462024549444,53,29200,136.63533362364586,65535,1275.2834150289063,1197.673722581279,6557.800157251891,104.21945197729177,1163.2543330591395,83.76801935486648,636.3736470137754,91.85806176055947,20,benign
19.21437768390031,302.69891069274445,338.4489151702803,36.950141391572586,35.484336239873436,94.4424666431614,150.0897076513516,22,-1,56.66805617755085,29200,1475.9533037847386,485.22458601893726,7572.551245554463,213.48124175733366,1438.064990297043,59.46598353038354,2713.1731292046634,168.47173083917906,40,benign
0.4971707842809353,250.5709829078909,830.0861739752555,492.1799722129244,27.289577975779697,88.08808969666005,126.44312973977127,53,8192,35.60365004810312,14600,29.90197220397277,301.871886635249,16662.86746733354,134.54780513054513,781.3419279952459,49.655193187888194,3474.99790076729,151.77107607792618,60,benign
5.74910395867613,238.81103690221008,1351.191741801011,221.97404917662976,10.392836841556793,47.92868347933012,61.3281471555681,22,-1,55.95679330145618,29200,2684.0163802525144,1337.2464955417688,15107.743594890177,274.31738959738766,1087.0959153561994,79.3956567683781,2157.7104086674144,178.6079000689168,32,benign
1248.4381940400353,1128.5947371178154,2152.990391932362,39813.03078302958,246.28831059815212,394.64424477000034,676.7263866502308,3389,29200,239.14462695011446,0,499.8059454113501,710.7528859512632,10218.100081799092,148.07963419666396,1356.0114776447367,36.67377905033317,2725.300432641472,45.62521179517255,20,malicious
14.495123605049953,255.86169662950846,608.6855422096171,102.49432785785085,39.71979884019781,14.262027494083043,148.83064147163975,443,-1,136.79150306030147,65535,2478.5192916375163,218.34402518487838,82.63290884009633,224.13183496512352,115.49919858842763,67.76093281785167,177.18896387299088,181.15464096474062,60,benign
1700.9304429517028,1413.5899913022197,7489.554485993253,31121.447916412897,185.6978829349743,292.9377997704084,934.6063474309709,22,-1,406.486684337985,0,4033.379237635633,660.7602513177019,1583.5388156079716,55.92316104319775,647.8627792171684,9.787145925697871,68.17544895165071,170.61877309847293,20,malicious
142.83606497955847,1336.6692858057766,4744.491763028064,10172.395961780989,110.0710023604642,733.3531632069155,593.8165475529775,21,29200,375.7213454650533,29200,2233.6590464918067,1175.5978061151627,18058.40284048858,199.28143172451223,112.55088889527941,42.27621642223697,1873.6515846802274,129.87131518864177,20,malicious
1065.8157078272131,895.9233598095188,6901.235967234019,45570.30747799531,190.90959751137018,1181.2712382579048,930.567912654016,80,8192,249.05857414751029,65535,2005.583730676986,1449.6832799759525,6963.50797251133,263.2558748146346,591.6671521556807,78.07802239178136,1958.2996715840895,133.21224977154333,32,malicious
457.357255274089,1394.816031315523,3315.952175310371,3264.030839467817,293.7316283643043,523.949239418361,423.3619091609065,22,8192,415.86678110140673,0,2501.747731850203,1423.368433395031,6805.148686136227,277.5900277469046,576.7848805528607,38.23130837857528,10716.039590963244,79.10350912588336,20,malicious
24.962296121929388,1068.0802740078939,4463.496204892866,158685.63724959374,256.00465352343406,665.157122078813,627.0227429761151,3389,8192,554.6358747766064,65535,871.0592236177508,1045.7049233684145,1343.1694542209395,74.07068518652889,154.19341233424257,88.77098975991409,3221.725114585297,58.39705949515821,60,malicious
104.12340667817993,1253.734227755026,7592.666306640541,48806.07707469236,192.0063791215098,707.7201819681381,594.1605652075269,80,29200,283.4744398850003,-1,366.2811179652007,73.85305832893344,20661.2506148999,302.36870231434443,872.038493572364,61.17725960463891,898.5264197346557,143.11667332458725,32,malicious
522.1242198964876,924.4885770874258,3556.905015247653,40100.70547847104,279.58368071807195,970.520267010257,417.697315681755,8080,26883,557.9432597142741,65535,1441.4109031241685,809.4450168747898,1194.1853704450707,26.860228695148898,514.2628373944058,60.013259656919104,276.3762535012653,65.53255092158611,20,malicious
37.390383444066025,216.53292729835147,719.1181480345065,639.5149616615721,49.010858819985344,34.3775897277455,93.79473228357222,22,26883,41.493003083875266,14600,474.79020745654447,728.3923032589213,1077.3801934221265,223.07964791403649,645.8548904430888,56.70245656093537,960.6409082135079,114.20821140892555,40,benign
1395.2056455158997,1239.6482337197497,5425.187209922142,5786.658267735592,260.69100679731616,532.4724116179295,504.12244056175575,3389,26883,291.2476340505284,14600,644.680212957886,585.6103976342812,4181.6584021983335,360.84207795503335,1410.4068335690017,67.44905568492453,129.05960382196147,152.35174310520512,32,malicious
3273.9587595053504,1468.4634293135005,6222.353194014346,44727.29013222827,383.9473545157,314.20184719752046,911.1198840025644,3389,65535,262.7225068166387,65535,13254.805231648046,247.39190316151118,907.118451276588,289.7091927327119,1223.2515482376066,30.495445282237622,206.95609878751836,75.16096981113282,60,malicious
10.626430013000697,1255.8360512029374,5633.189527168875,68196.3662596816,382.70332928823217,839.7982129489042,599.1644825637334,22,65535,177.80140322143015,14600,499.43222558483205,836.9625722295726,1648.1358033603303,141.55640334913596,308.71426885957254,27.9455560119612,2327.3744095517322,127.59341634980981,20,malicious
29.18877299282752,259.6635825576029,1351.289750005037,966.8689363165535,40.99424576656464,77.5425330006365,214.16953916884864,22,65535,87.24521068578258,14600,1012.425550400986,492.9142226390489,567.2284625398746,27.682832199665484,960.4915583645362,6.242195720142963,5520.609127684845,79.49825575681467,60,benign
25.631338066913752,230.55025909019977,104.21381180196667,302.6762491373018,20.50420279789164,38.7160889823764,122.621599642922,53,8192,44.72149750119484,29200,3377.732283964128,1023.6311146189245,2499.5328045111605,49.16303208515444,1087.5484835280665,54.83467769521063,285.6175110987433,199.7920736203917,20,benign
1474.6608313323225,1119.4944318732469,4786.673309944672,72855.72821321232,155.2928569985711,1120.6729013492327,424.0114715469844,8080,65535,354.95329435444023,-1,971.1724525071012,496.0073688312656,1901.2612051349422,336.16919494453526,456.17645844181493,75.41589691344224,3828.13319786177,76.10270985469366,60,malicious
1943.257444525777,1225.4179024845364,4902.381984987811,246009.43412595987,387.97345085471994,678.1763190369763,603.6077861887711,8080,29200,234.81968325559134,65535,2414.44014879476,1278.2156066386071,4930.876610092086,23.749046297368295,1204.849680091333,86.73331804276471,690.3574262975467,60.638605633040456,60,malicious
17.480047484150397,225.85838576926773,640.3632166247409,1947.440726180212,40.12988146558502,93.2591113818807,207.07323204705392,22,8192,47.87775573741227,14600,1620.2849920152996,98.45389555908189,1349.603934359052,70.2157391934793,1488.348654876958,17.987117282115996,1926.8329665613292,98.31958326184312,40,benign
129.24740569754772,1108.7280364794992,6330.858854733578,25887.223988751404,365.2420499416914,442.1351955622939,421.5972999764806,80,29200,548.5947933599103,14600,681.3799325658354,125.57625999284903,667.1396034548061,385.5432696748858,831.4996898764055,96.29504350561388,969.4864700531945,120.1307115185912,60,malicious
0.7895786007424825,320.7259653770183,307.731355206038,1932.4447237742977,8.575346174102043,35.336851140488484,160.71524733006623,80,29200,91.14627572130313,0,1512.012423328351,352.4332836906836,13820.567476168757,74.63955933301077,903.1723706827833,32.063097498241845,1506.66332290167,66.97977941018848,60,benign
22.461742412478124,1074.381671212781,3066.293228725767,52287.803796429434,179.18809919045006,914.8241768992735,528.257351106173,22,-1,491.98490882587936,14600,5517.398518901294,107.93690052995925,6571.6133191535,224.5661516412847,337.85064451105774,54.085201404318184,2124.8209072414306,67.17473822298072,20,malicious
488.09167967590645,1266.566285136122,5399.984738120789,38957.94093483779,337.50749208343956,310.57070413563054,513.0314632616183,3389,29200,281.2964901542522,-1,190.59050391777117,1153.9819764984534,2336.1553501117937,121.72571411328008,1260.2289895278266,62.92234258483832,1868.9857172581012,131.19721585750636,60,malicious
357.96879948305616,1429.3591676913454,2562.4380465410472,7656.070948641732,120.54437887192087,1022.9862120036889,579.3553679945875,8080,26883,231.38814833734824,14600,1065.0852329675395,993.0042554472868,1936.2547018945995,124.66476058382251,524.0619886028583,72.7187235761505,1556.3374715658906,56.427286833126345,60,malicious
16.52884499670037,218.5348212173631,564.0020927068608,216.49661525110847,46.5727218904118,98.55953129753644,92.42266834820938,53,-1,77.65996461478322,29200,4183.601171170386,362.66621858105634,8760.559143649944,32.58214064355318,746.8654650865772,39.91322069749938,1168.483201669775,164.84590030378584,20,benign
38.30264341082164,204.59920443860057,1039.6652465427846,2504.360056111159,49.936274611206244,49.34871977063883,180.25963575118155,22,8192,58.58979101600412,14600,133.76748225541175,202.0483336647181,2756.557781441168,334.13483137709005,301.97982271792927,59.9776788854249,9.97673378734772,65.84843660024191,32,benign
111.30884622183298,847.1028769645493,7975.865365425711,45982.03822558427,253.30936569097062,974.512449465186,735.736604709188,3389,8192,400.65888667995137,-1,930.3114811302175,449.37868168220325,1249.002951837352,362.59746765583253,1363.1809375658445,4.902739888016717,1427.3372730615595,122.19487223158556,40,malicious
7.807749519368138,272.3509203191388,601.0014108853396,964.1359658381665,35.808094763723915,71.03108086404889,159.5597975442406,443,-1,49.00178697020908,14600,7473.798170433571,578.1045875825912,6376.957499087392,277.14574938497543,814.1206473834817,13.088687697904323,462.7739945173995,60.250333034602036,32,benign
3.5468011791375478,247.81448497306707,1021.8783487350714,167.20790179789515,14.654326699487694,27.372677422698207,123.24873897267553,443,26883,149.87055104293637,65535,451.90881947447986,1207.2438339187927,875.6488063233894,277.3923580731314,581.5422691505389,40.273498695545065,1028.831599614693,138.1645896215633,40,benign
15.522827068286823,157.06184612908555,794.2083195970747,1042.1360171400468,28.482118640843062,104.93680885108922,101.42217617333515,80,29200,21.335719323347845,-1,6534.0655045550775,486.2724667739544,1507.2207220253358,221.99818488611703,536.0923757289241,16.92500303185347,223.9376122198267,118.52374552693237,40,benign
27.144241113073697,217.62456491454657,1300.5322924973248,381.0762752925121,42.92913389774834,26.580800955821395,118.60162155618113,443,8192,47.36188872247108,14600,2269.2063671517535,766.8472164650956,467.8511868025377,378.5921374427265,829.9256938476263,68.0689810718065,1793.563864200187,79.80310167166965,60,benign
2.668445724440426,192.2478345926299,975.0359933576908,294.582197892089,22.23873450166496,27.747593932670732,72.43300141181764,53,8192,59.11121535966012,14600,286.74391414829176,372.8183422158724,8844.845077651544,242.62808707728908,245.33693857689178,60.205651032689225,7828.327258735197,184.31205727992955,20,benign
11.078686397777224,271.56537971307057,871.9395535332794,192.11551342112432,49.084934928462374,43.866503024687674,57.26542819822584,443,-1,79.09752907723126,65535,616.0478097744269,707.6274564112093,6759.497075607614,212.72888869558759,803.4127449162248,69.77876233552179,1263.7104349946962,184.3311613288877,32,benign
434.9061258161599,770.6632768340457,6032.8430827143275,1895.7999523716926,197.22831464307666,574.3286917492384,414.6955149878446,80,26883,390.2754250388393,65535,5309.003813326468,935.2879704037352,7096.606764080648,28.89013308393885,1435.2998361198947,20.81277639715585,1526.8739240210339,187.35526994527456,40,malicious
23.012118568082304,283.8160757181266,216.6785913549898,713.4497511567469,29.97798108180634,87.79533845450207,65.39746505649714,443,29200,48.574142107102375,29200,1128.4152752964826,964.352841720822,258.2213173116664,395.36654558523526,525.3680120416165,99.07693347727083,4681.882601413255,186.8303383037342,60,benign
7.721690516816313,288.5741787639325,976.9997633171397,963.5412946115874,17.673240971048678,117.17879233226967,124.48154164563192,53,8192,80.4207788262419,0,3215.337554790665,1130.0042771090389,5174.925139857441,399.6981894219226,359.8123629278292,21.232780616468915,1302.8206077251627,132.39082198712754,32,benign
233.70625834013333,1182.9863053168153,4901.733805233051,36110.3740387258,201.8226976237096,361.468964212851,836.8243992574317,80,29200,298.8509529688646,14600,484.2017243723034,1099.3844980734152,226.8190490040392,41.00431905247,877.4364451244289,52.447036095831464,60.19815899613975,177.01696921582283,60,malicious
659.9621954211207,1320.986044634766,2460.2245922506645,15219.182651270123,378.76608375261316,987.9205556531315,541.212913072394,22,65535,588.2238915991525,-1,1000.3615393168312,1398.5769121674216,2691.540407766781,134.23369474921572,653.6072030502294,30.227872152880686,519.4365734966608,106.61281826225914,32,malicious
18.513550195525458,247.377342345118,947.1170447918053,1040.6524467715442,49.00072916360877,93.25724776757856,182.38834560142007,22,-1,109.38276344101536,0,4916.221101192201,720.1814342740869,8931.137763681962,232.3181460727167,246.59703130782063,47.1059372968552,774.5753564837966,78.59030478615247,60,benign
1219.2993013543432,858.0233525011516,6653.086303674383,47308.80478571237,215.5964548222088,429.23447238008134,846.9612766486916,22,65535,194.21328006042194,14600,153.33046715894912,347.12397579181993,10292.859051775298,219.11845053995225,165.79568544059777,99.87894948076412,1587.9317883797862,29.718419159675644,60,malicious
76.58483661022174,156.92439321870017,236.2240584652977,742.5206229199158,8.993785561174569,68.05466029983175,197.21261198639493,53,-1,73.06691772811413,29200,3526.939653318126,1040.387776512933,7584.512466764995,22.04745468406378,1474.74812976495,62.13825107538656,2632.8423452000347,103.63174705049333,32,benign
652.2090729313292,995.9552825163931,3204.5929532775544,8542.717027599421,185.80724805615367,724.2555896022387,659.1809711520377,3389,26883,210.2209684542376,65535,4338.916330303905,590.7956865227002,1956.2852717077471,383.3318856104643,186.2999414833101,19.62211219270269,4358.872940253592,186.04278953635804,20,malicious
36.08747151236868,197.58446124872626,195.11667034469735,168.2582534571408,16.939573534203387,23.694262268369904,195.30327179270736,80,29200,88.89890205387577,14600,325.44897850144855,563.1141721788971,2256.2711549940095,68.52763570374469,1002.6470263735971,19.820959775979784,1627.9879804290124,193.38218551465906,40,benign
2138.0759574139374,1134.1094832633246,3081.291559792249,4.1356392128291,346.9945420973097,1011.3301875152173,445.14448192131596,80,26883,141.14771690305793,14600,659.0102507172865,844.0874273795964,3543.7260100963204,252.49861380660585,238.05409589665015,55.12173795224252,2085.809792904258,100.07880131202948,20,malicious
63.66463015576363,1124.2888722338516,7451.609028368911,106201.00494899781,272.64231721737497,868.0778002973448,740.943956715158,22,26883,370.93742441715517,65535,8690.599608920204,1448.8827802098078,3153.147700404234,189.33634712705123,1304.9717973946165,97.53446036365008,3567.9616172791584,148.01502582797028,32,malicious
3.0076233156090253,271.4675950727431,1423.231408051916,317.81066340442146,32.81657654259506,58.06511625695375,240.96670147149482,22,-1,104.24597587347948,29200,2242.091145693698,622.9007577841506,1407.2240663541575,296.0207133542668,1136.7321152143168,63.29395609313755,2300.90019888957,128.61595567416077,60,benign
0.7300068918117115,185.62312456345373,883.5544903865114,12.792025800180623,33.935183445332015,77.34062209289142,279.7477983053715,53,8192,77.25415794992595,-1,1808.039686978866,135.1914258421745,1383.7096209356719,271.28020916240416,1195.4209723705833,36.11713549591183,3470.8135139991828,137.60473996051903,60,benign
455.44122065885284,982.1497909081564,7229.837008351116,65931.27694369463,382.4890983188699,1027.4627732180545,676.7753861255998,21,65535,508.4839925586586,29200,1022.0603926423846,912.8894091826285,4040.568000230657,23.475906511119415,583.3169572879812,16.143054316532922,4029.0141173364054,152.7905341659092,60,malicious
0.6430869098450027,244.7753887312718,388.8563730245554,39.75477431718639,28.279365755172737,24.536969968793727,245.33347587103276,53,26883,29.710647149714873,14600,1492.7220481445677,873.643764714368,4277.211000326241,153.38655505470498,593.4121423514554,48.697731608869034,855.9928358176796,127.9814979947913,32,benign
624.9577309794455,1218.8287659164232,5583.964652870511,40184.373059502745,126.24940261351557,671.5723701902813,464.9282050393116,80,65535,539.3357641480803,14600,2192.7142671995466,923.4448029491053,2846.558781655838,133.04676403884974,1015.9070604381399,99.06423726285767,1487.029676586933,58.30220228691962,32,malicious
37.0333972384154,244.2964633099345,1483.9489910394293,292.08178133053036,42.745444006853845,109.44725924291383,54.44055029134649,53,-1,32.997655570847314,14600,2471.5014539737335,692.7434644276001,4191.310689243185,280.538313352644,458.00619268791263,74.81021930723907,1154.6732652166002,43.69879146197003,20,benign
0.17680843922865258,256.0273616802674,1367.886117426984,292.75533907527245,35.884978927021265,102.3446191359276,79.27849180218544,80,26883,74.48997034627317,29200,9336.114904994847,473.3842114742883,8377.134533904735,70.14884210414445,825.9090711816922,19.813587037436463,2739.788646667998,90.63838674994341,40,benign
8.995398580260124,252.2357745733138,1421.5989006334398,168.11651383897578,20.958119816087844,70.21107567900549,270.2522022539223,22,26883,113.44822777176672,14600,3587.960793009455,1389.6594941316569,9505.594164820148,32.56636924867427,366.77457585987537,33.23276773412803,330.671474455222,24.094701429724626,40,benign
17.226687396861823,273.42766475047233,1360.7163819889104,425.4229156374363,40.24300896633402,41.03844041576727,240.98148013532813,53,8192,41.059360983947684,29200,4339.526874164863,286.61472817375386,3159.2482226987586,375.06241301238407,1482.8001066974932,6.998471260650641,2065.8913510879415,183.776874774481,20,benign
197.73831816467865,1068.3299812197943,3749.7627858102123,39021.66223828142,274.6922361281874,264.71987316427015,742.0585188604821,80,26883,272.09279054888214,65535,655.9038051419886,1355.3148793160233,139.34008978633156,299.6964989441871,1232.476948770142,2.167707624214199,986.6213755966588,54.02632784644018,60,malicious
6.7259432657828055,180.78124428418346,936.2815611910366,637.6258003306015,6.5146489403298595,119.80474097765051,257.0845105707476,443,-1,87.83674121008742,0,577.1926462328738,240.9660682010722,2158.2802822089534,274.0607316568138,1392.0935286897313,25.44403527747142,880.9761485708822,198.3933609645179,20,benign
6.853487904619499,307.38699073863404,1113.109227196125,279.08912301610195,9.859327712202013,99.45164043014773,132.01672257965765,443,-1,99.88301887827218,14600,1027.8738689690244,612.5206806199064,1612.901054252158,136.7848638020794,1431.715191227223,11.88350747123833,970.5857454914477,113.42100236016371,40,benign
95.13961086178725,225.73574449657474,839.1079625801228,310.4037767526784,19.403961842118996,14.71542048127623,111.25049834634608,80,26883,139.30588745402275,0,695.580668637508,619.5431712440604,10644.978630517064,81.69618438063756,1476.8014468151337,52.390449971924525,2743.8549280792063,57.738205795270055,20,benign
270.02463494163413,1097.5852636496084,1893.4765124283622,27725.712233145307,283.10327938430584,898.6849074926386,787.4136538602634,8080,29200,239.45480107326438,-1,821.2106387983695,174.49727778534006,11982.383056431325,138.3389274202916,1248.146721367647,6.849759093418228,562.1934347433437,100.32618411374791,32,malicious
47.15524247178598,1554.5891939597097,4911.863038775038,18202.617775019753,230.11220550782605,739.129243930836,744.6831028996935,3389,-1,546.3190065315434,65535,2037.5694284581941,269.02945867211554,478.9994859745947,38.45086975120786,759.0277426133027,92.65892385341907,3354.048786098722,113.63973273120969,20,malicious
4.945770919994075,181.40630680666527,612.0806138413291,734.2682002325574,25.02478079763772,90.14737636691007,205.8850294781525,443,26883,108.36127554883366,0,2071.9294118037756,496.6547288142343,2718.198736794681,239.17776257459016,793.5039642797831,75.3862898524035,1275.1163783182155,61.827400019502896,60,benign
1831.3767274870547,1029.2120077390664,5974.489282313352,105916.58812349857,206.3585896024679,987.1250565594958,668.1809934816038,3389,-1,343.68987233588007,65535,1469.5772861318944,731.2918224988407,9919.471974112801,291.61294725034537,152.30308056301692,72.13726844777197,4990.78911659652,61.882383758574555,60,malicious
24.687072264501957,239.84066729118223,1430.518479671849,1201.3052709924073,43.53485654974579,103.12248043719191,259.02945795396266,443,8192,74.39656704857191,14600,1955.5868993946651,771.9383974642179,157.33435806544935,21.377386009929282,660.6982966933639,40.54641176758881,3004.3679004544124,79.45323714496752,32,benign
891.0205649189985,1271.845493623847,7323.299448790723,15420.506250267541,382.8193832777618,828.4479070292616,448.25316044991206,8080,29200,224.91286330668177,-1,4642.796543992014,148.5707563645765,125.63129925256789,165.61118650172725,343.0257269738468,55.685685176865604,4409.471099862647,179.41363260534365,20,malicious
4.666248079529004,217.06792113987183,283.0487149842244,381.82900342514364,42.2839534934184,109.08814657946027,197.8390808210643,443,65535,107.76826476560696,14600,1201.605636275365,1426.7936068000092,1415.2779725649198,106.84839968146889,248.5393215944592,9.687198398185103,1408.8829086446135,73.90812234470003,20,benign
78.1432389068711,301.1681475658921,1301.7039459522082,518.4354862695448,24.57426939419879,39.16763298312418,175.65962785628787,443,-1,49.637605914970685,29200,1789.586135469475,1274.995975632561,4313.969983553868,215.28706404292305,75.51247208382858,13.008409305674107,237.62907749737272,96.2318511291746,60,benign
14.811101027212557,255.656236145762,178.89567278315246,16.41938505053062,42.272524367551576,25.565080442540197,253.77350990185295,53,-1,80.8752202611744,0,1296.3547072058395,110.7458404265031,1846.4427256913668,167.0298971891192,1338.8624711990453,60.20933464392495,4533.951577479968,23.788088595883444,40,benign
2723.961568638885,1267.7637425657927,1966.2158813145334,2229.72249420773,229.81761032485983,640.5524823070009,400.32370872177097,80,-1,149.2585834386098,-1,477.17534808092273,673.1833778467146,5675.865046527425,312.88193006132605,770.1204021690229,59.379336198859576,1420.877468824184,120.63165581644057,60,malicious
0.5016970250781202,182.59452487235842,1101.6965659610532,244.24265739816184,19.283981647690844,108.42283222038608,216.27329755588391,443,29200,74.72805733392414,0,5456.2981658241715,1302.8413464432078,2587.5833345122674,362.6437014057105,498.5305755766193,6.603364957731883,8086.123910919728,42.120988939137206,60,benign
29.882972773937723,1171.2668145238456,6923.432187537014,38605.26535766133,252.31501829011538,623.6647639628109,739.8158974938877,3389,8192,357.6272419122817,0,767.3069350291387,1226.3970831180118,5645.131726292605,54.19307851486746,561.0033627296083,76.28895038365677,1453.560868721618,72.70917582588311,20,malicious
221.44113717721535,1216.5208696106217,4538.7887512531,4723.012591414479,329.5677716684134,874.3750010328481,779.1754357936691,3389,29200,531.3149038109204,65535,356.66232464890334,82.5085722250104,3387.4413475128476,236.8550526794657,589.2967023195151,94.69108865846077,322.53308776813213,113.88773951088271,32,malicious
838.9893887685633,1131.9947147637815,5813.029865515395,14357.133961929889,342.4556380942205,1081.0843363870881,497.7512489040438,21,26883,222.17999427274447,14600,2568.164695277446,727.456389356923,4016.7276850620083,391.7051775717266,596.637598164928,15.505137222663857,1457.2437584756942,123.8115530307722,32,malicious
15.090893097162812,1337.047647165015,5051.95070596822,2322.1622946274156,224.29335796901722,1182.2611741776982,908.3748774113019,22,29200,475.86666724306224,14600,1333.107035771266,519.6266349407113,1813.8428694877364,144.20794895471988,988.1229750962761,11.79325216423852,727.5466220582341,80.22742676229102,40,malicious
771.8774834939858,1406.6485455584912,2964.3214345513134,11708.49140014147,153.9244837738613,704.1878671872414,533.6252552548403,8080,26883,577.6972555901532,-1,2338.445687913141,1074.1787616027198,3593.3877216859737,204.5817410780285,1036.5540258936985,57.47547599098311,926.4588575985752,30.940008154558136,32,malicious
20.351498313601564,282.88225869668315,978.9432963644797,535.6527123032287,46.975213301014065,19.76535124630498,72.48663644967749,80,65535,42.82299487230565,-1,697.3541649332419,447.9185221116654,5563.565232995089,92.80289185820101,1268.88392239346,96.04910078612406,1437.8099250247662,27.843377531828082,32,benign
4.471107518083514,235.5941176693652,582.8659307062201,425.90451062650504,26.70037611708079,47.47954246472014,219.5732201134944,80,-1,129.83414339090496,0,5712.088867917424,1360.2963805582624,1400.1418729631182,280.3123977756463,635.3312996160362,93.80020372852044,1348.0155747403935,148.24013171014747,60,benign
692.8250426713078,1005.8758050308608,2683.8478807939086,16058.669454026933,394.88499833042874,714.4812400154842,390.3224468134344,80,-1,589.1081896494386,-1,4995.471352224798,1237.605418882265,18274.90266232641,148.31977273062085,1133.9872149657392,58.010118996440866,1542.1837050912516,123.19927625614926,40,malicious
8.257381047530677,370.0207789605546,1039.555791323022,924.783721531838,34.656916505648816,32.65260851603274,231.35078157991683,443,26883,70.65482708681284,-1,2725.735278407217,375.92612629113233,8124.353282797188,220.89522548755744,844.0181136497274,55.94045508438781,1293.810224140781,21.834167596419768,60,benign
49.47137210050846,300.4585408031112,819.3408894022824,107.33981901617717,46.951350672759865,38.22756934752347,68.96141773886565,443,8192,135.93160508665204,65535,1336.8096504434166,834.1777503666649,9257.34976916934,44.31967516145866,901.8017145661853,21.682809566001115,881.8300554937379,165.58589335610105,40,benign
26.316532571125922,628.796158900046,7194.3718888867115,57922.478918602,185.53336306642032,1097.2777160813616,780.4723351260118,80,65535,228.3938142830061,14600,543.9014705603867,324.2909589020643,2447.627173080404,157.48888615400156,1041.5395759760324,50.72366961132061,1204.2337743016776,125.97358680079854,60,malicious
37.462762234423444,883.1652443752989,6952.513863460137,5425.912282699796,304.6542099338684,892.0310564565696,646.5068184593634,22,26883,375.117062987906,0,4773.455390884741,829.9417479460794,4905.495700223296,119.35456798224472,1326.6825376110708,97.63776679428315,445.1691411430477,108.47010399882954,32,malicious
37.87578249377284,311.7186278504199,1181.1974586926772,40.87073859110579,23.261881377792836,92.97927606219955,240.8961751850633,22,-1,146.69071374298798,29200,722.0689699833624,322.49137366885776,1253.3574577786246,74.83412805892209,248.4658181408837,24.017726338619237,1372.9271567034154,174.73749971472128,40,benign
724.481642900566,899.0769705825646,7054.919765342264,24719.706902028607,242.67030184787654,604.6281574592693,618.4223132741981,3389,26883,234.9508162246,0,3826.536643384943,690.8780403599593,2372.1882342597814,184.24659861608626,1132.4781371941015,65.40037537231113,1835.5173607635065,108.40979496692177,20,malicious
11.247337052297986,126.01988856805642,1164.3826018525613,527.4214069369986,22.22024040701135,103.50204538456369,186.96216567174562,443,-1,143.03042487141738,29200,1513.3768390700432,1315.150906662631,9741.373965726081,382.2059921325443,819.3284687896679,7.461115037699817,46.08575486045876,82.84299514369945,20,benign
1309.7726465154,1116.207709066039,7062.401792258133,33050.20434649279,117.59647741585027,964.7895948640502,417.51408675986397,8080,65535,523.1487863109885,-1,816.958295393416,186.7333688212577,943.4991926493268,110.33890060861772,620.6634024628851,47.86359450844604,14076.238842864608,63.65834866077435,20,malicious
37.51423507968508,202.02289840427608,1010.4534114779742,203.45318528359246,6.503116031661689,86.77718651700125,265.14836688851403,22,8192,90.87678698882887,65535,1709.4188370665931,1098.2644653678274,5771.462812605442,82.17907127647143,51.341774471856745,13.448642965354162,246.08393899822875,145.01628232840855,60,benign
314.329636094718,962.0895461844898,6968.653584366365,7102.679615620204,349.0427275864499,1108.992563548663,847.4003195902771,22,8192,185.0718943343883,14600,1132.5664606703447,1295.1582909974356,3872.4026689599805,127.63518466040523,277.5987705189025,79.7715428226335,929.9331060535542,60.54991165512467,20,malicious
57.3001808075431,306.3880530617757,711.9479639273733,3.340325639915222,23.460076061233874,41.35132720888684,202.84698235873913,443,-1,71.62620724055455,29200,835.023401599784,1361.875121168998,3335.294947935873,134.68443231552322,1092.8494783634449,49.11385254091327,1771.6569379073542,24.665344711494555,40,benign
4.021778726139733,256.7806862220229,1273.7339773595347,148.889291586053,27.389818207286837,17.969187295313183,118.55665994565194,53,-1,86.02036694699616,65535,3894.801080441441,483.52658648370635,662.7167957303327,329.67979510561213,627.3428549280378,22.75064145336009,3912.0795941508704,151.92767046731407,40,benign
0.13073526795644516,309.0234213079255,286.42975961077565,103.59547580885206,23.483190708379677,47.43392590459284,65.02643654701951,80,26883,130.6484069119718,0,103.44901552971355,833.1195324383731,3115.3764691126635,315.294423271177,192.14801916416764,98.19043893887493,665.5906561667827,35.71804510019821,20,benign
333.2179516423321,1285.0774537762316,6637.845503173892,8998.483886011763,247.5821957921776,1089.286517925035,939.627374954643,22,8192,428.3478834569798,0,1755.7892530981565,75.40919684760905,791.4004371986837,353.6922383981378,111.96756584266856,9.370591864079604,3783.046704615003,145.67579164749102,32,malicious
1265.310557222708,1205.5990810375865,6647.111466198596,45812.87324300439,155.5041361237502,972.5028419089782,891.7238945717047,8080,65535,201.58532696580176,14600,2594.648831535844,811.671958119781,1618.4006675842188,291.5349251445489,163.4454678733718,49.465289080034935,28.514361695997746,160.73955379742148,32,malicious
5.523659833376352,246.4980574174156,193.3820569517576,309.18606267366806,46.90129558715384,119.41753718289144,219.5161488437542,22,-1,125.98153644224972,-1,172.0412439786114,361.7079126721464,1264.2302208521023,252.1528149309392,248.1099205910137,96.54159443466831,241.9565148671345,52.74745126586764,20,benign
47.85729777763346,313.7609931556156,688.6980052782974,461.3108093691785,8.8245836305336,87.29897114903898,103.67412894728041,22,29200,146.4161392055459,65535,1465.9300579542423,811.7866595208756,2254.3987406758815,350.38838225254227,691.1213251628952,12.354755885789048,1327.697638169764,91.56720590870702,32,benign
746.4095973801321,769.825784311608,4030.429425736068,20638.32697003228,262.2811257412365,354.389185071023,413.6369059730634,21,29200,479.5110591521733,-1,1711.4493092485827,1125.0755764056084,14692.744113318366,160.15001191775772,339.21615081785234,27.717296402002734,2168.7430139446337,28.03426793902898,60,malicious
86.7388583690566,1130.434165736891,7600.726825635187,22272.81779038903,192.85776305835856,337.92187322457164,439.31053604939024,3389,29200,139.12233371931904,14600,1569.0749203928856,551.5139315873532,2601.6121067765725,174.72572416773244,488.8510197846609,65.77978474796478,4010.261948567928,164.98264182061843,32,malicious
34.29586439220674,207.5543039546248,1051.8297323414154,663.0047000515576,22.16365402086246,22.01825029887145,81.21493286904409,443,8192,29.04266817842508,-1,7305.104760096928,1450.082276902797,217.221591575603,197.67443616751424,95.18560332968153,84.04268577607193,135.63752577875064,125.85915900097847,60,benign
22.0218690146787,221.6517420939682,774.2038056343893,355.8115614582278,44.55804294811407,29.341289215914696,161.92243675452238,443,8192,124.83357155778765,14600,1889.0459699061378,677.3388683847708,2375.4904973654493,273.71432071708796,1367.3747695055765,36.01722490375748,2326.1461980030226,46.74842798349887,40,benign
14.302345468421617,250.15939013731875,1251.3954610134222,314.06711377203214,6.1836232321320335,26.382807947376772,60.12320861150428,22,26883,147.4180204783783,14600,2727.296361296753,414.32538539531754,6796.4860431330035,110.13924312686477,1036.7635276462265,87.97850066140931,2264.2585200945264,91.31191657624078,32,benign
530.1720346426258,884.7130346531217,7556.209079915147,47243.69618955137,110.77191618302405,746.0290749318758,736.4690343118098,3389,29200,262.5665478904503,-1,1549.5276112389204,73.08767784184195,7146.051100295014,165.21813229908065,861.7289680238935,53.61221925951971,1587.8954151810528,165.29773290613255,32,malicious
47.35548001760483,209.34560184814904,189.29716484725407,14.599208096024807,47.74763016037709,104.78160355493264,133.09083274627918,443,26883,45.65373078124395,0,3044.292483030181,229.13613618601724,4445.504157478635,219.8004887965797,404.0365946709711,57.0132199926592,1891.1413995943321,25.7739755379424,60,benign
16.25825273745581,189.94536957447505,649.5935813520065,74.86911775018218,19.217569926404344,77.24279094081447,175.91951386567595,80,65535,99.35906503437326,0,7446.3592377012465,520.6686601255421,7888.452991535177,184.83262790010858,246.36206936227862,8.321086485457997,8842.965229131629,146.13195856181457,60,benign
226.33181029537565,750.4035046424942,7792.441059043973,16151.532493603154,109.73054484288974,1004.713173247599,618.4351453526148,3389,26883,353.507674754905,0,2441.051612137679,1048.6084811343098,1048.6240149392056,356.85721347025435,778.7536659338662,99.6316408449825,934.048084570405,193.67699231177897,20,malicious
1052.2081180517398,1096.110990573035,7478.7024951985095,17549.839608554572,219.0438440768471,632.5280062421293,905.7476734775083,80,-1,483.62831394333085,29200,689.0841231995264,356.57648089576566,166.48114320194085,93.08672594430853,552.8006255100788,82.4756325952489,682.9095791243598,158.85516500288648,60,malicious
41.47310418917522,338.4550285115672,1364.272868106314,646.3414318843566,18.002276746546514,19.792496481763045,149.35704753401262,53,26883,100.50644349506379,14600,3899.4041265847136,329.92913478766127,1837.3824386203974,241.2029349804819,495.5293812015182,26.579954001522697,481.5525895452447,57.80915672249028,20,benign
1036.5385790153766,1105.773380390051,7037.092905000567,26121.76011803184,333.4005441414132,838.9058065335626,955.5058561599454,22,-1,235.60049558451013,14600,578.7078466201563,1122.9725292505116,9516.752154701659,342.5157676503634,459.97116478354866,94.11771048146427,8756.064475906607,169.38786610231415,60,malicious
18.171218239156346,218.98298728135913,1033.049420613495,704.500753129971,8.33724945374448,93.49489173707765,243.03443053538865,80,-1,112.45620691995187,-1,3287.756337828528,491.90125333267076,7609.413462017035,352.47553453223924,891.9265324938194,79.8484616751147,181.0250273477779,160.67294659926722,20,benign
702.1886155196578,1360.0914401212488,5594.3172727739075,43244.47340717018,144.89045330377422,346.9228898720095,768.9989049851354,3389,29200,134.58551551177266,-1,5524.142543407482,125.19341412257523,142.20609260349744,279.0503581094755,721.4049071966737,20.927636045249642,3716.868013978991,183.5912936262785,60,malicious
395.81900271625665,1061.1328175444098,6119.983669577661,533.485856949613,194.21945149971253,766.0772413305929,866.8530860428798,21,65535,569.5553090366104,65535,956.3181758422248,507.49595349016937,3034.9764941156272,236.78742334180149,876.4893418484775,10.995117135291343,9886.607661258002,53.98746333244109,40,malicious
12.766798222359181,259.6617573932558,1161.7745462484781,602.9064501002131,23.19241459564579,86.31323126355286,267.5303648180922,80,-1,95.63242916974579,14600,5282.800262713104,804.3526755492918,777.1561030916098,100.32533178886378,670.0946312129648,7.42102368625388,535.5380758046538,69.98477671152273,20,benign
15.40067656996148,265.65104155067786,371.1379442664,82.73400524652394,7.707771885616927,46.64280832471757,55.12308103384468,53,65535,138.55835647674928,29200,744.884323596378,692.0029415827389,1297.7260315894853,318.6903896637419,1206.5007546173392,81.82429501060867,3301.1377360449233,177.8363384110923,32,benign
10.129428692294582,366.2728745971384,291.07390299162347,524.4829326221301,28.610489953740046,10.867760092544248,220.85203621240655,22,65535,83.550258441022,29200,1972.4868380717026,938.4335592525395,8194.316545197284,365.6531601608686,891.7398955399275,39.647132651424165,1098.9325648573647,161.7074951696688,40,benign
21.401613807232795,277.694305783828,1224.200169100804,987.8693505046083,29.462500965780908,42.71646155643768,200.45899430098683,443,65535,47.61066516421426,65535,6439.021532849373,491.12217686846554,717.9188326985403,246.07358776107262,118.72563025498448,86.16516581111746,181.30378009918826,112.93217551923341,20,benign
72.4021164238357,1201.7058069132938,4555.470898470578,13263.291785520563,184.22392698543086,853.8361708009879,637.9458723733854,8080,8192,457.6352765105713,-1,5445.873467983724,570.061116442958,11261.534773614172,40.679938899477214,720.3142451520944,78.2205437906412,250.3799461619372,138.49772177545,40,malicious
638.5099071524734,1080.8008326076874,4429.25364666098,989.3879277342913,372.3807608165732,687.039692690011,563.0116505963908,8080,65535,305.2457777804277,0,92.7029164697217,1249.5585262498169,6610.669128393454,143.12302372152968,508.0446621866724,46.716758986347465,2650.4171938685768,168.84580367978475,20,malicious
6.511274854888826,162.72337460609464,1272.4205397908133,695.2624309534834,24.376049661900833,43.10601667023329,53.13339776706834,53,-1,38.16750561765431,65535,4090.4515299456834,896.9170387040684,2433.3373077630367,151.48665084692848,1005.8177368361701,35.19045081541009,999.1006022828454,27.70462142309769,40,benign
15.556976743003032,859.6395892819492,3294.519542524,32863.040480768286,269.6413150310692,1194.347288273384,986.4351039507234,21,65535,382.5519420719886,-1,192.39655281899874,1136.1708520749414,5185.340919941903,178.90549998316473,824.0149746329346,32.76178130933424,351.14922378924325,141.10638977785112,40,malicious
252.86073635865753,1354.7025818441955,6761.416883853706,28706.96583541799,369.4215497921383,452.4075793084587,952.2028141534626,3389,29200,442.2247564126177,0,121.98512603589232,1007.4283493771458,3531.218201592159,326.9644039985511,1326.4336803711847,36.32448901158589,3876.473750394985,149.18956081968608,60,malicious
33.05574167729538,335.85356213224264,1084.0831320079253,532.5607930412034,20.645662368378233,87.25653599592293,199.83660284806626,22,29200,108.12989581825668,65535,3733.003130880412,645.3456760386907,1782.3561208582178,180.29627964483072,483.163051552108,69.93647241357385,144.1275402348918,177.85742847997537,60,benign
9.286378361172604,262.05350321634273,853.1446532945351,667.2212152961241,40.16227637167404,92.67422115452902,206.28753624935902,443,-1,87.66782146305236,65535,394.2129166500978,1445.8907514697346,1089.042634393987,329.89809965443504,103.74876728657483,64.49110528503806,2365.0448837418003,59.44706752583981,40,benign
15.273170250807864,236.9720807705739,1024.5867536901833,1159.5773179796863,24.548602848821986,103.87114162080208,202.8402565143042,80,-1,137.53307476823704,0,1210.045848143177,1307.3149930243544,161.2395560706546,294.51343625940575,997.3507107419867,9.581381698531066,6248.039503823484,106.41593803332722,20,benign
12.476416728900219,1087.547871847803,2897.374793102241,43627.94193722929,362.43415542538224,1176.9667011932388,478.4752691589433,3389,-1,553.8661006690813,65535,2754.076684331864,289.5187233872227,5645.29522500358,162.9968028326234,837.9408817018008,61.08841709747579,347.69139448700037,35.7266062717608,20,malicious
9.865674454319024,280.5688350714258,837.7029938547624,59.544189326766684,41.92026979809257,29.1928521664824,140.51829783939058,80,29200,89.98781814242454,0,1948.4963924030158,509.2155266100374,1975.5085957545718,338.40782239665407,1080.2436644714942,13.134435056193672,663.2470807349104,78.30764516001676,40,benign
2.1181270065014375,229.1431730651149,1419.7180034957862,144.2700465964909,45.884997851263854,27.3504767780264,240.46932810729703,22,29200,56.86948448323299,29200,137.17326600180064,485.24089654679386,4132.413591878444,310.46702007193886,1076.4651748257997,98.45708552773408,2062.358335107669,77.32578926406606,40,benign
4.584366018476425,315.90766876749143,988.7732079273917,384.61172703591023,15.904980894011292,94.87310734029639,83.54828841370303,80,29200,93.71745494530424,65535,2538.421697429062,1474.5340284150552,17216.654988474922,269.1031724793912,1182.9757897685845,53.27191207578535,240.28089101166057,86.76534584144287,32,benign
59.074522585210346,209.57553852094088,317.3537676998641,36.717753263793895,37.311899552252314,23.027583505590265,226.22387854875336,80,-1,43.09920358946512,65535,1817.0085809498592,913.7268866478001,1902.1472199805937,213.5888924562305,922.5401050414562,28.0663985091548,4526.660459267281,54.39071723298792,40,benign
8.869157457057495,161.55868852710543,1040.5607618276406,457.50090730099913,49.52031132847303,106.81777036483979,186.22112563248882,80,29200,114.70287023018699,14600,1998.8189018787139,240.3740573319968,3322.1879394910325,147.82288691344104,403.54143062812324,90.52564607281737,669.2025232869911,50.95346211180217,40,benign
25.609787512651177,262.897120437199,408.1268523744998,760.7101612457603,5.4104203478273485,111.02524970245888,228.1395672476411,80,-1,43.73928751439585,65535,2969.8435736817437,136.12788510630128,7854.037227546584,266.5532490489362,1085.9849327992151,45.39417651057279,1325.2478998589336,111.17285194079876,32,benign
1299.4295140326985,1005.0044295228319,4736.137271984913,16756.00745630726,112.18448568688639,323.5600883915809,889.8337282539699,80,8192,558.3566064169315,-1,887.1830371545321,1492.5154599982184,605.729161547787,61.596276157796,206.01173710633242,20.25680522752188,305.2947916415561,145.90705432218303,20,malicious
14.903336627282084,313.1178651344168,611.0294935900108,372.37954683946475,42.36475837853719,66.40267374506286,200.45563292817369,53,29200,100.0506074558761,29200,2861.8484383195705,1084.8064714341144,2058.1406401118347,46.62011210967617,763.2283434759389,29.77351306909548,858.3688816062071,88.4605366921774,40,benign
2.9739549065957194,246.46849489208725,361.62058335004184,365.3434978219441,9.418218402236093,59.55880351285473,115.2651863979316,53,-1,24.339215131776363,14600,472.3073097479321,1443.0015752857948,3005.5686444197304,243.24682656645737,1299.455415642253,39.10580333175915,3552.674639574264,50.535206989881736,60,benign
285.0030565628527,1308.176337889,2021.007222460375,182.28298517436158,288.9402564353077,660.449229408959,535.3672546301626,22,-1,566.3095764863915,65535,2500.771236799904,201.67404055093616,5032.699523246821,324.45072718582884,1213.3603596776295,2.043849046182833,734.8823350790562,69.33694434686672,20,malicious
6.6085766349459965,251.1136828426159,1189.7102734759458,801.6558277360122,11.970269847925344,76.76209215223699,72.26974698782935,443,29200,43.41623915111262,-1,2250.463865802263,752.2780445979618,4147.56233723897,300.1108863241274,1417.415971294692,48.97447499037382,331.6712801344349,120.43078623208808,32,benign
4.435028020447192,284.6890674392709,550.5925343803572,211.61071944273002,22.921657171700197,17.209391757649374,121.13883933221288,443,29200,79.08057608402797,29200,1877.322085422913,1061.4345292132816,2998.820966689043,290.94520481772,797.9800519121543,74.57362766640165,2589.430690573415,39.62453288419819,40,benign
246.68854585370735,1453.2794890546272,5351.428705392545,30893.592122118098,373.46439682674827,342.5259769551147,482.1346830126572,3389,29200,598.2226772298466,-1,2300.337196826691,624.0321535929023,1677.085641204995,132.73585765666266,142.19910500053905,59.094675475963754,1414.9911807106325,130.84734959677198,32,malicious
801.9966776001685,1044.7315705947476,2297.0564576360266,12286.08871008142,135.13287236370547,1005.9486118279418,527.1731714432153,80,65535,192.34442488516441,65535,935.5313758481016,181.1328511816873,532.4660289274807,188.0794942343258,1233.674684974942,28.897780949264785,5421.323004812663,67.36535381325764,32,malicious
24.647084472634102,274.2140421213148,1097.2043273089478,520.6855894654075,12.903035978730141,51.535646668592136,197.4613099137014,80,29200,28.49121311301998,-1,534.8477739951106,964.7363026691719,12737.461700679985,389.6865187071106,1260.3769721081794,76.39653642271715,1103.98991747071,114.15870149417982,60,benign
1498.3025309662476,986.4226949418737,5872.832402621129,8587.841611268237,310.04186735329694,421.3296286523704,697.7181506261901,8080,29200,182.38059495415987,-1,130.9150500996627,918.5541042093599,8051.069250178935,284.2560499013517,277.5524598142696,24.900408344929637,213.36581249153093,196.09528571165336,32,malicious
1.6035286424531066,234.15202830675585,847.5127140021087,613.5361630791556,7.911481342282069,73.40450857440075,209.24290409577665,443,8192,49.62636016364924,65535,3693.0485434172897,284.46667753179804,2725.3736900217846,298.36001546173514,231.21810272070877,16.524211256591027,3387.5167353864144,39.74076689454907,32,benign
612.1653251112502,1136.1504636344387,5437.213490748238,51641.00656796918,341.55954462918925,927.8295788126588,620.7149946231903,3389,-1,205.91939539508542,14600,2943.667016718216,574.4672668596662,6097.308470890505,385.678480739352,1236.126058771893,63.13724804485775,2938.582045203008,178.0143361118457,20,malicious
22.831444043556758,233.24690359798672,418.1736351843828,90.68210512466527,16.227514962088556,39.15721491057128,158.04233849061944,80,8192,22.72966141971373,65535,1534.8489842250249,241.85729553520272,650.0050522919094,31.21194811315819,1122.2786013239538,34.22424344068246,1181.2394748020588,117.09603332107115,20,benign
46.461058936947744,314.7381400444711,958.4518182869241,67.52436706458465,42.428243786356084,47.03320575323351,130.64491339847422,22,8192,62.886040147858694,65535,2997.771437790699,1289.4311908934412,15505.389326001658,280.0067873986472,219.68833710116857,45.449506474010946,4368.023067107401,161.7973239705923,60,benign
6.174910220931071,266.84882696288395,403.9729578483819,12.982717323241229,24.525181768751295,50.69888176214103,133.2779161211641,80,65535,42.474582708540666,65535,2889.5227729272815,1185.5692402266875,68.51998018875598,268.01244387983496,525.2751917109238,5.17120367228957,2200.2724706463446,86.43676495728438,40,benign
125.12712747339208,1161.3040626802251,4944.937781920291,17128.417339081898,269.0785990920077,960.7724569575303,572.4438006091544,3389,8192,282.95120002822284,29200,2549.536631434123,621.6988557766567,704.0102516484059,325.14420591423027,620.3922138560573,92.12228580142863,3365.464730803509,148.65918699974017,32,malicious
11.06065261715095,261.7463365990997,1317.0613009178169,259.667287243871,9.400040761333361,72.73395170349615,295.98256061720156,22,26883,65.81629846805097,-1,5794.640158988161,741.443619484488,2882.4193688269715,111.86250814345712,694.5828845846946,58.09508921432693,1165.6606827419416,153.53904958888134,60,benign
17.397343128660673,355.33123310541595,617.0918659566112,678.4063707598443,15.961689314696683,118.11769206117832,255.00811244179982,22,65535,107.15072359371652,14600,5240.633514405638,1077.6023125470665,3063.8589334936273,210.96592268072172,589.5826562373517,87.38036982952244,1532.5354253521366,96.79453148000862,32,benign
101.97513535754393,917.3017718339435,3906.2785642829704,4015.167514497128,237.83900227806197,359.55761450076164,940.5010004726449,21,8192,333.84465005629136,-1,1130.1476997178609,1125.2443118046153,7604.508267116907,238.70287615349423,494.86185866927366,87.3751806849964,1948.490710070399,91.25210708098535,20,malicious
349.5404497145795,656.1527772451017,4901.359461469829,41184.35762973899,123.92601941712908,760.4195574392577,948.4482854317705,21,-1,165.45569772542478,14600,727.0932358689352,1309.7873433573975,2877.8473298980407,230.0504056406041,1157.2692518600554,59.33178527928802,3739.5431315980254,154.9484041330842,40,malicious
556.444909025393,918.9241936721227,7665.9248583378485,121860.16612957465,231.3970050829629,1163.1751989214029,984.9021481139864,22,29200,310.2750005472377,-1,5531.848991673089,263.6928960361423,12604.247205798572,166.8223684678484,1409.9568985503115,60.56428129861933,883.4683305857391,198.9124604930163,60,malicious
27.588985528824587,295.9759333633288,542.1617509734348,329.76502999942215,10.674984059095571,65.11836862356823,264.5502402802449,443,29200,112.03802880738276,14600,5218.755882630259,994.8584512874216,598.5232919150026,50.32218459408203,295.07556952959305,21.655976039936164,679.7199850009058,50.78297681568648,20,benign
17.995693761521547,303.0570301935507,870.973920772397,1515.5838719838443,32.471272675295765,86.65830222848487,110.86023915293451,22,26883,98.54270786215923,-1,3802.4171472659295,1408.283214452548,12082.250283165557,87.49903189211378,670.6523861803246,53.63264188844167,2846.6387905738106,108.38605090396865,20,benign
74.28158172246353,918.1785996208889,6018.839852838448,16143.523885051685,196.5945850959061,779.9351780064375,883.8506385039743,8080,26883,323.69874096889,-1,6730.953920744076,974.6732090510659,2511.585701007951,204.85650960246159,1034.8551779781985,70.15280955443698,2559.301758853084,81.88603675818132,20,malicious
0.9564488035006448,296.78093928394446,1345.8844643130667,236.1198445761047,47.5624574381726,41.05088291957813,288.9605118206433,80,29200,31.632959627024228,-1,778.7360202794015,1193.2431528468248,7846.165241236311,376.68987643647495,617.2114702524493,36.93726574112654,2825.171650413618,42.95159505763129,32,benign
213.2657847584707,817.1790716975534,3206.771636454583,5456.89247144,142.17309924604461,1003.0606452884413,596.31880976655,21,26883,496.7802213813623,65535,3927.8692169578353,1440.1238799361024,3366.2735542782552,98.20068660565899,625.9229839329748,80.49196851115002,1840.1919823731528,110.52769455078761,40,malicious
3.3863961184293183,181.92228681244796,1252.4558309147058,428.8747154434856,26.42787535614143,81.96082035887916,200.9498594082,80,8192,87.00145265946547,65535,72.98879401026159,247.56650961750793,3952.3033171762977,278.6617176199879,943.8516809201341,10.055845114878226,3578.306427296673,123.17073874054988,20,benign
1.071388045990885,248.5787766650445,1119.5337138299087,193.04862149691562,34.82209349597507,28.2238441998201,80.8369360103545,443,29200,32.82491852306084,14600,691.7372071690683,1312.298699162646,1242.810195356443,209.3908777929832,1333.8227779889812,93.10155878486212,5881.153842006592,178.92183191452008,32,benign
10.298690627769801,320.8994804361842,1320.4416773139226,94.72834483568448,13.998618340604853,109.85134230652085,298.52836594724005,22,26883,59.9233329597331,0,1132.9473846393207,345.1501441171909,630.2360514553517,125.20674437682979,529.6443323850798,40.44506602481612,6520.633137765542,87.9962375720178,20,benign
519.0770652708106,1306.5476020412434,5906.78494909492,32407.689925046,223.65301384962848,1109.5087385124325,581.1432565147838,80,-1,346.30899268817836,-1,3031.1558707857307,1253.838910593407,851.5729258933577,218.33176993433923,904.977545386616,25.034467276483152,832.3401711557275,80.1946447300248,40,malicious
18.36202757831787,306.4308820037238,322.29736287992466,159.29361705290754,35.02463895475607,74.51291472417532,135.25924621878357,443,26883,68.57681433635973,-1,862.6661613839464,917.8284470310272,1176.2779105204925,394.5705537132155,1012.2689783342478,55.29366157255225,1579.349919610027,131.84784458946908,20,benign
10.722689157852429,299.40325351547,229.01180370033705,30.223594393752077,47.029326366253805,105.91583083258544,53.40554391864337,443,26883,121.4573455409432,-1,1.854202939497791,910.8523728446578,5310.592460415298,139.92965257253053,560.5372692726517,53.1784202773334,244.09731495717037,192.44506716493058,60,benign
11.618162963547038,1079.3433775561189,4770.288858621205,10265.603932388602,355.688023445957,662.2516788772916,982.9422683023801,22,26883,168.61486651146527,-1,2755.7502731174404,943.8736291743986,12004.394648675867,205.79313408901118,72.83302243928904,39.88104600666919,1740.9054284966608,103.02383452502222,20,malicious
9.496074947007418,175.1770839775673,1238.000630174991,599.7900987770022,32.89323148321121,74.82157287669966,288.3296458890702,443,29200,103.09656705093442,29200,1704.2955715010821,354.0484166573057,6476.27887947304,342.5772852188419,306.96873413866166,21.329082113875742,919.3768178123566,174.98801070786558,60,benign
634.8529797018925,962.2176769979324,6946.113849636191,9925.234172091377,261.403683867257,456.36153124534263,660.0960337933988,8080,29200,145.89251700231526,14600,3924.6001050162713,168.30148333713868,543.0091869970778,74.0274856635314,480.9885377579869,72.09473424824833,14170.298362588394,60.12098045900519,40,malicious
1042.8109003189488,1102.926737183624,2346.4772471289007,60818.7822927874,200.879541492843,536.5194350515192,808.0319060015232,8080,26883,402.1627958521941,65535,612.4378011073027,840.8177062938743,526.2117532612549,101.89239495393957,1184.3405344773946,81.02380186008588,252.7490519529207,65.84208707425893,60,malicious
18.513785652457344,175.2521967847767,151.82653286834613,491.2192685568642,24.832632903804182,57.16381934460941,68.17522491039941,22,-1,70.39751325473955,14600,383.86085167850683,1204.1349812276828,1807.6548678827337,232.09575712884376,1263.9997921433542,5.664725913653291,3681.1727931337014,71.84061216602231,32,benign
7.494765764673154,225.62607739003357,1107.2235891847654,561.4510996192816,38.67326875648517,48.7912502664406,73.27317193428493,80,29200,109.43452314456952,65535,1248.5659946592398,661.3639176793396,2023.8443362031817,288.12265019328134,590.9779477777575,66.05052273239417,13.54699710594971,95.23994471078355,40,benign
46.22226374453678,191.3778392162872,216.04881491691384,717.6524487635018,46.1430038868469,106.14343463603691,199.19739576432568,80,26883,21.372535006646526,65535,1199.4448606570547,1278.6632630813885,798.0087188327749,294.23379833758673,465.5262295879753,95.94402909948747,1528.1984084882224,37.31620442503721,60,benign
58.502654096724456,1046.9062291905288,5181.766911405286,23815.580982129122,346.05830865831877,1082.4707656097316,842.3713799441632,80,29200,571.1128863683921,65535,822.4513587152577,363.4175142411634,231.3277787106681,289.8877145834485,1353.792078422973,39.547735509449986,1090.047475992254,50.7691450711167,20,malicious
119.50697488490239,1174.3536269947592,4532.417406599921,44700.86490718612,199.22382153349218,1035.0882293955851,732.3536794637937,8080,29200,269.26621985911174,14600,3570.414847831267,126.58235088394154,513.3621758372182,191.2292099429714,434.1381205491684,44.639445004540356,1998.4440246631796,192.72614932824553,20,malicious
35.29637675891002,319.00838332166126,1332.6540731742612,1266.4076405427072,28.30325215078732,53.3347107650259,81.73136727061218,80,8192,74.70629258822936,29200,1670.892495287712,223.861065973442,2300.6860351720766,353.78638263881925,152.05362711842875,42.77836668722771,912.5643710463992,172.54240702521014,60,benign
9.874896463286023,331.31093174717614,624.7127583195104,208.86404332038575,20.0696419865235,86.42348780641915,51.885280485933976,53,-1,62.85299186380321,0,3090.6702490793614,241.39824380445373,7074.3193901535515,146.3024835658999,1034.8629708269032,27.81661676825887,1053.1734329798155,39.7439351570937,32,benign
10.982077128668974,236.38817005687886,646.7424019255112,172.81751486079006,33.11598478413465,105.28852674305925,157.6542749657913,53,29200,141.48892186447034,0,562.9769495674559,971.9756089189282,3187.117429311102,20.62508753145059,727.7443406278799,8.778981207872826,160.1681236313348,158.02628449125407,32,benign
603.436327908224,879.6084589103733,6417.297068888386,65561.61164983019,382.13682635779617,323.66178975063104,746.1838442771648,21,26883,355.66160460788313,29200,1519.8429302577983,518.4240243007187,2644.9994002197236,351.7196728205734,126.86106888640977,86.27121571460587,769.0155546442386,66.33895219900697,20,malicious
1.9726143707736223,232.38677971908587,1356.7535423179693,1141.9471282556551,46.20636875981134,43.582975784750566,113.5877140035368,443,-1,49.17860995755854,65535,3544.638373194115,1222.4071455530766,3030.7841267968633,145.86331987211776,418.71440268227883,22.49940187863383,1760.2614965724792,171.48901158728071,32,benign
29.38820304842053,242.45625617960593,908.2263024459478,382.90908836740925,17.114029186248413,48.980926422283204,77.70652859254247,443,-1,143.48433671040016,14600,2094.8781784937573,742.9984649895326,4194.202489828018,132.48556549861422,957.3228798639608,48.295660525868435,4391.710405547181,59.56491968580637,60,benign
1788.5763484236084,793.1948941926637,2577.875561606368,122361.54021973671,153.97805976955246,1190.689845678071,451.8248419305964,22,65535,460.89076174686545,-1,6345.788919579086,294.2638817227382,7270.516311515762,328.59998844300696,243.58482652714557,73.76087358780829,1392.535890763569,61.93808872385715,32,malicious
258.09274216413473,973.4455959618149,3440.179360137251,35602.41152113209,322.51306601272046,791.9760554122678,878.9617055239715,3389,29200,263.5568252785464,29200,4366.166378894303,1449.0024579314284,1167.8508164148348,190.80019361547016,1243.3198378148109,78.13903363214865,637.2563359017971,138.53348001574648,32,malicious
48.672546108516,189.3524621416728,739.7013609796622,652.3125765647382,47.62150538864153,27.808587219392113,120.16397262309546,22,29200,57.73213750907261,14600,1036.759235846762,873.2390093874895,1058.0791799516962,360.3785421214313,1341.948805010394,51.11244538682729,1006.2741159566959,84.49289952906545,32,benign
9.635048133431182,228.21993074184718,219.6924013872891,1014.5620145348264,30.50005175444104,110.13401817101307,266.0398647844996,443,26883,79.22863433807794,29200,1545.7782539101909,820.6503242271793,512.3519498875334,263.7746888652515,1442.0560348479257,67.60386642534749,769.1310146062157,115.6346958724191,40,benign
91.23193273041502,238.3112623969329,845.4150348086432,1166.7025989992562,27.390612782634815,55.55191410388949,154.68429618984354,443,8192,41.68377118204908,0,4408.0281674035,229.36278970899107,20733.373830277742,296.5300382054875,331.8744821810822,29.967273014931184,1127.8188124170042,69.27305535139386,20,benign
2038.313189268402,1119.71448610481,3874.59967886123,6690.118061414376,298.073037810042,849.6279042669896,497.5384793921845,80,26883,201.60106025752577,14600,872.0699362242344,407.2048437391556,2379.148494569861,24.3966967167989,1215.9117236484954,10.048827551788875,503.2608035701819,192.02020841199462,20,malicious
185.58481481727378,1039.890161203805,2013.8131550366616,44022.150112352945,241.2554376512638,683.452710821357,940.6356539173394,22,29200,230.97821483274032,-1,941.8520602846385,87.4041540598273,2845.0131507611686,370.6691339912681,626.012840161181,32.840913697178046,3189.064497215777,61.91330816792332,60,malicious
49.504530697746546,251.0147363624013,1381.4730435580861,57.105701823881,44.43459701761317,13.538801513972317,275.09029903216623,443,65535,23.132575550764653,-1,1508.8761770354088,952.8832185570179,2819.5895418654254,133.70105849793265,452.3838849969165,57.954832117113966,2483.8256290291033,114.77017094651188,20,benign
12.357633359845453,269.60120458498005,1166.7509427794582,62.8973734783301,24.18350110242193,78.24845423891716,65.47449887545541,80,-1,71.71407435749558,14600,1364.6110280782286,477.689910371945,6847.6535677836155,362.154325573054,192.49157365930273,78.92510755419231,289.24868582288815,70.97671503486421,32,benign
5.551365132478868,227.27376416155948,935.3867903618731,1318.7286452309063,36.18615683535124,62.31345812286447,115.1036231106916,53,-1,90.57341348953601,29200,1327.345681907741,1086.5587764004604,17431.096764412843,357.9039874654924,451.45589006635095,8.497074478360966,111.66054527848274,59.18807541164942,32,benign
20.643508901446943,138.8242715959984,986.9862353519969,668.3176945188446,14.89256656892769,116.7816504629181,148.5356035593112,53,65535,34.93192108012883,0,3489.752064416601,382.8437601072693,12464.46518657698,170.66544734062603,346.44600328899645,45.384136669253394,108.46094392553876,175.86900214037385,32,benign
4.675875480076222,222.10336785872278,1251.8651581054369,111.22845535398174,47.82541235669893,52.66774141679559,55.18494072668124,443,29200,79.71250666976294,-1,1064.4435183595078,1009.7213316358955,670.246396878043,309.5621199993732,137.58022497387373,42.179196060403314,2889.5734890558133,193.2229685751575,20,benign
47.902931118797305,223.63563611161462,316.043784619598,153.84124343039755,44.53747234078953,39.56917149595,259.8154605852397,443,26883,129.9514002543413,65535,31.966963829985303,717.0852783859423,3348.269351309651,397.3179990395951,293.2777925602021,45.36058281516363,1812.684346985968,84.84622083395878,32,benign
265.12580124034355,1493.6277931061215,2288.7363562263913,5750.52793908882,210.49412475143657,673.6433616931375,908.7821965011562,21,26883,219.931753888821,14600,5706.341646518006,149.03930626644436,2730.5172433727466,253.7591671540424,1080.1790060732403,5.550099392060693,2870.209858828026,76.3294744537635,32,malicious
18.90625277353047,270.18297167042743,1230.6992439126395,479.8360221712452,27.387217271526758,58.523652067136226,124.37421036080325,80,8192,116.82914633659475,14600,190.43286969322995,1303.6785953023455,381.96077503548946,44.387762691924564,1369.1114260604136,58.70512534831496,2856.191312405972,35.45100022331403,32,benign
19.202344779448627,348.1146130720123,1178.8585070596205,661.5362443403143,23.093805116634627,107.20658458769401,278.2803027437909,80,65535,121.93290164504405,14600,453.9064270910949,1231.9728786150276,429.3623127626241,85.30493266910655,517.4088341416843,59.18206985694212,1089.4323716739175,84.13516922123605,20,benign
11.642407121221737,248.21793434060442,1353.6995144147188,659.8859196312383,25.322619907170058,37.7240796262619,211.1208040643284,80,29200,44.551844034963835,-1,351.96148301732427,1358.703034925311,2341.5830782867342,184.6408145055323,1121.8353846141836,19.314051695069722,4600.77183629026,26.83660279431031,60,benign
19.14628510147771,216.78461735316404,567.3848685185029,1070.1571304709264,6.411376950249481,84.20305810517434,116.3999317290895,443,8192,148.3179331865953,0,1772.6451247155533,368.3961182188612,6462.83608870004,309.4427283474677,1377.1171042584035,7.678963181325093,1112.8960446091457,184.0352154239369,40,benign
401.43081510978413,1133.2612371987973,5737.772444729369,66595.08715579906,333.0605612403907,839.8612557778995,552.1981893072137,8080,-1,504.00823597911,29200,201.94691484304516,475.8792142397804,4464.426364179755,70.92816419404487,1464.776214364966,80.02892595659816,963.1172536567854,113.46138164561282,20,malicious
537.5817871393001,921.5245865209286,7844.3953953294495,15421.55887516214,119.28303285979389,723.4443131357817,494.66870139556414,22,8192,266.2545923245726,65535,4098.98792051317,750.3895902694732,343.1916038351698,125.98602549529319,945.0485505984428,37.95240741463199,3015.163303444557,158.43323943469588,32,malicious
914.4855529923791,746.171765944824,7081.458388689573,48998.94416255038,134.11780600459062,1007.2753025907538,597.8996935512635,21,8192,280.47516152241985,0,264.3572856521573,737.0062101001298,10922.694885054349,27.954170122463154,1151.9006777924596,6.081735167413626,10489.552601401303,149.1169712425779,60,malicious
25.82831643491675,220.37027456261563,653.56447367635,100.50343796139548,13.757004160795947,81.02988208390369,213.8753169186004,53,65535,22.839523098015555,-1,1898.6496976765154,912.3740155168305,3616.9984595339643,196.53131855848036,658.3281379402817,83.51586779099569,162.92911363022915,87.56393546196938,40,benign
397.15598987443633,1133.4853458477348,2502.263609858085,28864.03466711673,171.39940526623639,508.45221760135803,535.1725338347223,22,29200,443.9723294860349,-1,715.3890640373365,140.67319963913303,2507.915633798436,95.98215236633574,72.06871744257492,7.978543394070748,2453.2428733574966,162.72110456139288,20,malicious
74.63242183748451,1299.5113734197946,6589.241160943699,11423.86841268632,279.6704078178932,1116.2041643588334,892.1194764587713,22,29200,212.9433487796736,14600,2676.8886604110094,388.37411013740183,9645.179364378268,204.83722821512933,767.5352114198666,4.135561757215789,2912.945336370725,52.30346505204399,60,malicious
40.22117741279108,269.4726485084408,633.4526916671592,462.98449336015483,15.914523304183119,88.05067977588173,219.61214801959918,53,29200,92.73149994964558,65535,61.493958224537415,1373.0800888810236,22484.37948406034,396.5275671869794,711.1204984821089,19.35465332815497,2105.2306887033433,114.65906252785405,40,benign
21.81978012330246,1099.5227238862972,4859.492607570579,56609.951146700936,306.96463500551533,1199.7335706687634,675.3087325681231,22,8192,189.80033676885495,65535,1610.5955224057273,1310.5550496682984,13697.810852477149,139.80134774573054,986.4115659222623,46.67031770285348,1518.2844428695853,170.34856890355036,32,malicious
314.2878196551873,907.7343097394659,7265.259269397513,7086.710677908879,105.80503627108615,514.2545430121376,681.687192463467,22,8192,410.4859189903006,29200,2123.5533699373636,702.947512204178,1303.8210403069452,287.9155804506062,1228.339533890303,23.687969079338657,287.7793786315411,152.50712355977302,60,malicious
16.446004987465763,325.5983770703288,997.9573383001352,746.1992051783934,34.84265508170717,51.74158719261423,298.8788363008875,53,29200,107.21197933624433,14600,957.024000732531,70.00684704276097,2448.8077376114993,378.2292928545641,1495.142773777359,36.208009439091384,1131.861631238681,76.39035849548952,20,benign
11.744559235073869,266.8124644109113,194.03797335748854,119.48692679889591,47.656199999631724,17.360057453603346,155.31085475489854,443,65535,119.02093308044567,65535,417.5250493864493,305.7787250521381,7141.621704881047,262.96167140454645,1475.8465268275806,39.32263039631253,29.273651308809683,153.42567645669968,20,benign
530.7455420401509,1158.1044204826626,6306.37988633343,9040.607318106915,116.18369753122938,336.3490127319443,715.3375629060911,21,29200,386.92088530637807,29200,32.274839844421,1441.94838705396,8565.374946577957,334.7848062864024,1254.6669425231614,95.97681004846493,286.2694799768426,176.38125106725144,40,malicious
12.956175824810632,212.00144356453205,615.2461636743761,270.3949829046472,37.29480003276325,24.39416992292182,195.8540323174512,22,26883,111.41470793504382,29200,245.53071951496955,834.1037048090674,3532.3249224893684,88.11692539292532,264.84983322463466,13.047498075773278,44.46265213824206,197.26158475487028,60,benign
226.69804075635167,1385.5713178204396,7689.527015699954,13903.513246109434,268.7402059467523,736.2382928359061,676.9883486228955,80,65535,234.14399121676325,0,947.6532200397714,1458.5695570988344,6048.6244570866465,203.07779683102393,1346.7595970936895,4.704618550431006,2063.3561921344044,84.97494502056811,40,malicious
30.64392515031404,294.561838721825,1059.4332142746675,1082.3753730726987,28.727588622661276,88.66466875735065,133.44217331760493,22,26883,51.52983364098671,14600,817.9483197734232,644.6302713069939,11968.784145702644,201.03124582585176,1211.213404664281,41.87837712293645,458.50496357292053,78.46411027263873,32,benign
459.7379656240609,1089.7814572782597,3696.236049306979,45828.21609781222,396.04996263317923,1029.5660201802739,465.09882626565206,8080,-1,501.30361658934424,65535,5369.907360880168,237.28748595477214,1634.4102163724374,394.23880725953575,1388.990476847066,94.40308018187218,2013.306936086488,64.89175583436341,40,malicious
20.54076600766754,199.06880380943304,1343.285530009622,25.982272984277298,22.210201850813124,92.11376634047537,173.45743254290312,53,8192,133.80565638362094,14600,294.2101694125184,269.43479690281174,4537.20563222839,42.39826629380648,100.42215802250203,66.55563607090012,893.9085547300771,41.506868172368314,20,benign
784.3522763954486,1109.76135386174,4815.807117098584,64381.19111074783,122.56561065009174,1183.026107529451,627.7907720529519,21,29200,299.48818190108284,29200,135.08661324456168,112.82933222961604,4221.5741095161975,347.1342638726642,1180.39397038786,36.55438986117967,3127.0940838808465,38.67770672844198,32,malicious
4.691151824906729,289.17240179425613,779.4987913862575,61.894051808241755,14.109738064364688,115.57337880115246,184.91148093757684,80,8192,114.6106961614258,-1,266.1334665483589,1462.6533846009443,1013.9513195143867,376.72404637287895,1197.6379856151427,54.458719250942664,12602.11039140201,171.2967962069085,40,benign
1.5142081257354718,288.5377785537185,1409.9939981372725,52.74254087267907,26.384217673781592,109.06497412904992,196.0206718892869,443,-1,43.62036818261771,14600,429.28260265112885,708.3453807793709,177.44521433118052,175.37050873288322,471.57995284555966,28.410910639719177,4766.21615715429,27.846014541860338,20,benign
14.147487074735155,245.1857392075903,1450.4599853209716,1186.6337065866312,32.756674048159724,12.651207629029948,244.8419297942366,80,29200,95.94159943189753,65535,1801.2198832073802,1314.0670090669098,10314.178941656735,281.44631641195514,148.35871279754159,47.15669434926988,325.23750651345756,40.85699432304273,32,benign
3054.883040147784,855.5953631351915,3910.1255732189015,801.2741081955086,249.82182320218328,810.0909737329256,510.7210907543138,3389,29200,558.8912304095913,65535,800.9992614549071,354.44155149838804,716.3763721222209,281.74143741554377,1413.7341891727015,12.968435447626959,19.2923528810735,22.420389503415606,32,malicious
17.637710635522208,192.33499862675075,1083.6693191395134,230.76861964803007,14.910718774701358,14.526064307791824,254.93239843449484,80,26883,65.95406535678882,14600,1190.6423607185795,667.6520017982365,2901.2977554199992,196.3041061448155,606.9118726212622,20.566718684334806,322.4016133639195,35.061364648270825,20,benign
448.12708531218806,1171.004754319631,2451.375058030728,78326.84368504063,255.15254438781201,736.6090436011224,790.0827957065868,22,8192,371.0452865560705,65535,472.62965481213604,410.6833346443766,15960.126510006241,366.78430400236937,603.5814684202227,20.10291216102654,1384.7948311314376,75.21093620369294,40,malicious
29.006711845181094,257.3818496263835,996.1521520580395,858.5898200434942,8.037994313153035,85.84838740707089,52.426318277402586,443,26883,103.02198703000876,14600,3450.4897150057477,742.478965228178,3095.072377356744,173.95209494128466,177.1089549143488,56.480312400354606,104.865355654955,89.95069272065844,60,benign
492.6826108188308,1032.4793613526276,6439.001416843881,45946.88934204233,222.71922706331497,1061.6042156923484,856.3250552963254,22,26883,471.49936914931624,-1,35.11184359628475,1249.0077294735236,2814.256315107639,106.31691136248772,1484.1503064235812,85.77597827716325,84.1003939747807,116.96541129232864,20,malicious
23.14983124452298,302.5659345465666,1065.4908070712431,234.1886167928694,41.56681510552753,69.46031726099682,262.29869299066354,80,26883,105.61489675209772,14600,903.2008612566179,496.0639125288919,5541.744106071482,396.13554096288414,524.850580469225,20.41003336614253,64.19994514837575,162.2321432036478,20,benign
877.121757500772,1098.6275459161764,5160.462138147213,42835.08307634623,376.0247620949326,659.3923153128251,896.6579282985987,21,26883,348.8075583356109,-1,974.4810213036903,450.9425615182412,157.70996445041573,313.72265034125496,317.828996543931,67.79532033152674,294.2708382360122,119.6564005478282,60,malicious
3.010226669072731,263.5465716148074,598.4242869147272,847.08748690032,48.09446656758489,97.36338559589878,200.44317209644993,53,8192,24.031626608633992,0,2670.953790895436,1348.7388997208689,2467.607149864316,390.61232919860197,1317.9425934712633,39.759926252903725,841.0890656771737,79.40042796203511,32,benign
1615.2910942948731,1119.6397606149776,3871.158185471582,36686.410716538245,181.19053039878725,462.59787191588305,566.3484344823771,3389,65535,357.0432861059618,29200,2606.805256499679,1349.850781419841,1502.5284407042593,315.21126482414786,437.1595054573922,62.250467977648114,3341.779282077491,144.1332022541629,60,malicious
2.658838583551691,258.9207363726344,1479.9930781671424,12.722695607567651,29.924101856258567,42.038176891145135,95.89606804809196,53,29200,145.3283328310641,0,6360.802126107679,651.9869094515508,76.44664106441056,380.86961701931386,97.29857746164255,11.422009769820729,3299.8101936876587,195.46934300222327,60,benign
6.069593461289731,188.80004315101007,1099.7550467818896,690.3124085638367,8.838807237578841,32.01592994061194,124.10761591685058,22,-1,94.51738584540259,29200,2507.382237029449,1104.8558069944659,7582.4221220697755,78.85946593223812,1426.636040243091,69.49207616043856,469.1010576929253,106.61743407562795,20,benign
3.3329517538135267,265.88862379732353,539.3275233216725,286.74745440095074,21.036859496895776,66.89335157558871,283.4997231821743,22,26883,75.6645744752311,65535,4199.977865035605,1294.8368731804883,21646.072847487212,297.7193612601625,684.8563258615897,2.3232583983944344,1681.2396407716874,24.979646866452548,60,benign
11.609012273992882,192.4390789355102,201.10397763633907,974.4186807166064,44.12095839228122,117.03164133979446,234.49228796937606,22,26883,60.522600902119834,29200,1603.334953534439,581.033321694122,5061.326736049905,85.02824972857266,653.697947068256,40.82227064675374,167.1959568978399,165.0732454254818,60,benign
29.141063761311337,196.27132606155936,250.05292329111913,17.90339706376001,22.30932180197402,48.88780164190341,295.6040801037751,443,29200,107.88547049607276,29200,1103.3154565355799,375.28882542293974,3512.0680602401467,293.43009487438815,1005.7755926794084,52.82883202956003,723.6324222274604,23.02933048490898,60,benign
372.0545413985615,1234.3770471661853,3782.7593339306286,45321.22036588595,180.78129392940048,766.3033197166415,853.5132355066062,21,26883,442.37443514718655,65535,2940.5087723995007,494.61808251169987,2965.2208874137987,215.59880030740536,474.0392588728781,92.74098593454815,393.1958367053843,98.29479848131925,32,malicious
57.274387057847186,841.2123563659993,7955.215413387737,128445.34033604304,339.9884693839116,1134.3649559711043,757.2100482806622,8080,65535,526.3551397620935,0,1326.0884422951717,516.5676448715363,6114.610225460477,264.97566301882125,662.8298186178245,94.53080602373404,90.18390633468691,79.48841697195184,20,malicious
15.568569848826783,197.07120755449947,1133.8821710509553,648.4552524705093,11.684113532553932,107.360295909548,254.8405178719727,22,29200,98.22522156988295,14600,2516.307785280766,116.93371641822091,1713.484857740428,322.07409583388096,1105.0131656303574,18.40724330177753,1180.1447512846523,67.80879976742462,32,benign
16.480248049953154,162.66532520116638,1434.4016274916444,1679.5938997548012,5.372925508163371,45.646998811296776,115.20361152789219,53,65535,99.55334275695347,14600,754.6050473973856,199.17452342039257,614.8311067258169,138.7749404271042,805.8289467189178,69.0757181616214,6886.189105071045,91.39602679718845,32,benign
313.01058753662386,1368.4917003121113,5118.466716892479,23516.592975853277,214.22200239040865,682.2689387821695,800.7250300155072,80,-1,284.042672581661,14600,2660.380281915631,1488.1829004380597,20214.822993549114,29.189200273740806,911.2703454304634,3.6845971063267258,2189.9325631878087,122.76525435570525,32,malicious
1940.376188798934,703.8633526376518,4653.094422245125,14663.980306056277,171.29411359205608,375.9046704384406,401.8275175524593,8080,26883,415.45536852231106,0,1456.3936265705345,400.2068246887702,5397.142583022718,133.08781401271688,503.6279861891792,37.86841681641704,233.7979220951726,137.1703300537031,40,malicious
10.863251371431076,256.09702448310526,881.8555973743713,53.40328372950937,43.396549934700865,42.664829506965994,263.3427618625391,443,-1,42.35066145821882,65535,442.8491628783281,488.9852329113338,32812.760808087914,109.10318853515615,368.0197458284609,83.4506485067628,305.8156666720977,71.00175215491313,60,benign
3.6301706160097242,276.68093076328495,1042.1881125595203,142.25286839675547,28.788086027241885,99.64814783365591,73.57752459192753,80,65535,116.98843664116815,29200,2498.428527681746,1441.2691322163128,2897.9858302561775,240.22685222541543,628.228753281058,2.743048871527165,1627.0624348606011,169.56143592969508,60,benign
4.490746481811631,279.26854227286543,529.9667417415562,813.804325101922,10.51242394420516,44.85164072216325,256.7978202865154,53,65535,103.25606160645796,65535,724.1727828619968,363.6221142679004,14869.422839712208,95.66055194424025,1043.7578417165068,94.46672705483648,190.03052063966965,70.3028466302337,32,benign
4.786931288895009,254.3270874332332,649.7538992895327,945.5819437056829,12.07349784148387,108.38485153560963,212.17705330489287,53,65535,52.60309440060582,14600,302.4834688815568,498.7310458784622,460.5362085554223,254.29481850873685,1226.527625917893,63.78961750885561,3385.4515375886535,139.11980864902733,60,benign
12.712527083358689,265.5877626442167,1425.5268878665572,755.5764965307378,17.32519613994418,61.38658251033475,299.63907540944854,443,65535,23.968114681974114,0,5121.287641203754,1237.1836545579158,2945.600619590172,97.73815100573866,449.3119315948568,2.3695165969903287,13592.442349860132,44.54113770431467,32,benign
250.18062427028,1552.313265935392,1854.14614745999,19621.863348899667,370.1963616163386,933.5081526044522,465.83234233634647,80,29200,484.6154285461668,14600,3221.930097362874,341.2310427120537,4141.053571407452,387.5737470801781,73.33378647140873,41.22148868860044,3126.8918679270373,69.23780947656883,32,malicious
72.80590749319222,326.1461885327453,847.3439491381284,119.51875545165369,5.200798277005964,40.74697522474413,245.6412322580428,80,65535,106.78639978464444,65535,211.47048324211414,748.5102558322692,2896.5302502639315,130.6082873666598,525.0951957866482,61.828845411917065,419.41656400610873,172.75531006219745,20,benign
72.06648293181775,1335.2949236191107,5830.074157526682,19047.214778262743,295.8756834934752,339.57020663709136,559.5844624063625,22,65535,439.6043898207118,0,116.94906039638276,1129.515189729388,18477.551744408203,265.66896466655595,1243.678745018774,59.62937697603421,2503.542355811532,163.10725432728316,40,malicious
17.75528095972987,397.60038159566295,706.5732902788408,591.2155908703132,33.496545558246105,52.4809050016713,248.09257445411103,80,65535,103.95153558214773,65535,4330.122963283591,97.1077984306018,12380.354816845678,136.74770807428334,678.6736753465182,9.533198768052953,1678.9966983511572,69.08221627325567,60,benign
1971.0277969952863,1036.1611739808116,6585.832307104712,10383.25310329441,179.11007238093185,943.5046178224876,430.5267416680922,8080,8192,488.4586920366991,29200,445.60099961753434,471.18096807541383,2523.3948758574875,168.66309096747094,607.4175670064266,35.42881621160452,1392.3265676563685,164.29385002069034,40,malicious
16.58787458759352,1089.1050879334061,2045.4135029789331,194405.26643118795,329.009750495822,396.9575668893516,869.2363884667827,8080,26883,399.7055423155352,0,3593.007043418623,1246.4138096073823,2168.2920680493526,173.7019229474412,120.54692556259236,36.65893023428399,8832.255338614103,36.12006252116945,40,malicious
650.6877165497309,1216.7980428110934,6026.597682809621,12178.195662872073,280.7241470365561,1186.6402003043274,844.2101622938137,21,65535,520.6760897676252,29200,1132.1415634193102,306.7608632303078,5661.612932483788,350.01353513854474,715.254170789791,41.37578699105732,1654.5254325072453,158.38140297316866,60,malicious
753.8953649319703,869.5971185669592,6268.117815668756,1559.0186365300979,304.9101178955158,522.0080175476453,973.1927174261343,21,-1,492.6469884115265,14600,1438.5405644970174,784.6476208520969,1650.732133334047,176.60982932015912,333.22209721236976,58.470154520010276,1212.170592332097,170.25558500733473,32,malicious
158.68235550682567,1370.5432831817666,1982.405171960829,6292.66843198554,230.56633514219993,916.9438362345717,735.9990424310931,22,65535,546.2453440140359,0,397.63666393350456,270.6952208412523,869.4482474813015,348.4074696285879,159.6773715837602,78.27956655144523,1221.276716894249,101.40709407208544,32,malicious
162.11685942637044,1174.8444209410313,4582.901974857301,63480.037586668055,318.2128470316286,298.22572323,524.5580013876829,3389,29200,346.15675879860464,29200,11165.404645485232,627.0023251117718,8778.079621823703,40.434065175077244,1376.4432447218792,13.40727600388666,4949.400742948431,102.02947267377374,32,malicious
593.9627830307167,823.836911305807,4725.371123511489,3401.3329647259916,167.8120239415621,499.609495833031,555.7476393233708,22,26883,202.8041710959201,65535,9.847904619907155,845.2674970796442,1778.251305201766,126.4073154256592,265.49949157227877,81.14341881600123,6.709118703713381,94.74091134904513,60,malicious
44.45592550940052,353.87154269664086,1161.989391282148,350.26235138253827,27.783979615886256,96.39372772296136,169.5513528367095,22,8192,82.7662831639386,14600,3612.852209542762,108.83370373690926,544.9214371293822,182.32682325529535,1067.685337639783,68.78105361085638,3091.395241476466,174.3030883738253,40,benign
1.8754193521652052,238.94601238529592,1379.883899925461,496.10022436493733,43.348863388659964,117.57867675189323,97.25245180745478,443,26883,114.57988600814645,29200,505.5929878708617,178.81212711232217,6165.765190762389,85.97200506253066,847.422133161312,24.888093759390884,111.33411202056615,61.93139336751962,60,benign
5.1390780133576595,319.1551683589555,458.44369317288823,129.57941553993146,24.430226964674972,117.75845139699037,157.7028118095289,443,8192,75.10324972537808,29200,523.1160083660567,689.8908295003871,2988.4666931465968,361.6347469642734,909.8008396947962,92.6960759153101,794.36758544198,152.86612562406287,20,benign
352.65737562222506,873.0248856305054,4234.558677690935,28827.006264310236,335.1090537617346,1173.1669484196514,785.3062973022961,80,8192,264.1382316162428,14600,2889.3702185528223,351.45217141038904,16883.939472262176,318.1468027467166,311.3013485076813,9.752088072595678,2360.496128016923,97.67435968252747,60,malicious
47.50955936353678,1415.1743161717636,5526.269393980075,767.0318696935667,235.18254533572866,448.9528737868776,771.35257857715,80,8192,307.6223728191809,-1,740.0241837244685,476.3394761264126,1263.294788781383,79.01239264227786,554.2703188905109,78.32423946666466,3188.863056221466,186.10047735083265,40,malicious
50.79868114503908,312.7621569618261,390.9580720136198,124.3798384963203,34.783082247912404,99.59957633547552,293.3026315268872,22,29200,88.27168352697714,-1,2583.801385071289,1043.0860667584143,9128.867973880124,47.51756953320893,799.3288015096657,18.04247915978755,1075.9645967215367,74.49788247554329,40,benign
37.18201051151456,1005.6960730432704,5714.847347097443,5868.944863828364,309.6539851884559,843.1737661713668,650.3068598333851,22,65535,396.7285833031603,14600,720.431573885057,50.85261791486615,5743.777358537152,56.944279087391564,1483.9647488079308,64.03398919201018,660.0207587856578,72.25072521674238,20,malicious
705.6855823619667,1094.906956477405,3681.974121873948,1960.4519699083107,240.73108051054857,739.6456905911078,761.9308417243888,80,-1,190.3671918749758,14600,774.5451342914927,780.9971325146129,20638.790721053596,149.23272642455967,1396.1906421420058,92.619530461,2505.9328332252003,64.19060636162456,20,malicious
4.4671705530373504,253.72710070599928,543.7135623343167,1408.737976242056,16.430550666915448,45.6712154959054,106.79197246279494,22,65535,129.00443061434623,14600,2053.0350217174737,1167.692616067162,10693.474720136166,191.60571135197523,1175.5547109484262,90.27263518850319,104.77931492082261,41.99730545337707,60,benign
19.71845711122101,284.7929218249785,204.55272272245455,73.08984897488014,9.48633169989801,95.47954800724722,143.10617604326515,80,26883,72.29487805881041,14600,447.8763013460521,280.3664879415409,5284.3877078986625,289.78661387725117,237.15561178612353,40.660891264693824,1845.4033792368941,27.37883671532422,20,benign
27.475999424181367,278.8211637739029,830.0204286778987,13.241155202714642,11.343089913000613,86.8137293122072,74.93896329144329,80,26883,40.74361526761055,-1,2175.606961677884,334.9294989670041,6676.373421550408,105.17815137065226,460.97179362496775,21.63651234769851,1340.3950962751105,64.22586559928169,20,benign
166.97736487672864,643.3475905389328,3095.9718293938267,10454.704396302914,226.53511818309693,883.2278832129299,420.40801855138295,3389,65535,404.4435856167347,-1,131.76287137853748,788.9112055810778,6630.875813199145,89.68366207009775,560.5505295034038,86.0311897566327,973.2708199583892,147.810782257437,40,malicious
293.23018852500104,1142.8880465024822,7435.874670109303,31979.035586531878,250.83017252389624,723.6018992272091,998.1926060156538,80,65535,520.1157851803906,0,254.26055623895866,1270.885587387554,12660.987789655312,52.21147635891353,744.0091499243487,69.22132435797519,36.93299053412927,89.27773466884723,40,malicious
1.8794050287944908,249.35913180335086,1094.2072479533244,107.11067379368579,13.193294516880071,16.516951040094845,283.4463808774502,53,29200,105.26895835402365,65535,2250.198284181058,983.318871150199,6166.782378952435,312.56174115219807,215.4459319910556,4.390270588690493,2080.614604598529,25.722657928448996,20,benign
9.98874712274691,272.3243364282545,1190.5858670134655,35.03605664498186,15.395134035972735,104.35310782973131,192.98227869453137,22,-1,21.180736964821,29200,2278.22477964675,84.99506326260814,2513.5510047911084,34.764388457929385,527.3003057347125,13.919029258510761,1060.1348511277542,196.36130306276237,60,benign
66.47565645168359,263.12482956023337,1149.6061351875635,579.4857365582029,44.6932024287114,98.40260782830548,134.46043071399328,53,29200,125.53024857469123,-1,328.065353162844,661.0896198598039,2171.3976036179624,193.34470164874912,1482.0047833535184,79.67897395600727,6892.249629209557,70.85680476685636,32,benign
135.21551729237078,1412.8220056066948,4273.367155956075,22824.49947651664,273.46020874252577,973.2524703031131,578.1258166108396,8080,26883,375.6612994606087,29200,560.0504364018813,1445.3479403325057,7598.051077459061,290.0440449505419,81.08828951483645,11.98527296675218,2555.177154106516,24.844528020193607,60,malicious
3.385949501873351,285.38845620385865,845.8096172177909,1590.841177046992,42.827896392358234,111.4278468868046,57.88660990174739,53,26883,99.86311128374838,-1,4660.861262284752,803.7708689423538,4641.904300228798,41.388337706891974,284.0051313839617,97.00060712641138,1933.1113173776412,25.45573040953484,32,benign
55.706373003338996,741.532063473215,3891.353857134855,2242.3881929967392,184.69125878342282,745.2883987114211,449.1873222193536,3389,65535,345.706382763754,14600,2762.05827309674,692.625756264147,6367.403693033435,362.81904317349375,1205.6536391882346,60.41634698251983,1064.3886588043763,30.3709628361513,40,malicious
488.893047913102,1044.2352285582365,5319.322600370571,136351.08395519023,191.91664759297302,455.9487894776677,448.2045732091949,21,-1,501.1770395981296,65535,21.952405352791267,587.8944576787535,7689.704902748814,95.17084790386643,1477.360225671804,98.59990868402865,1076.0214386977461,191.32327655550606,60,malicious
153.5964360802246,1064.4359974443148,6075.021367678781,29015.01272232186,316.8085053188996,774.6687731565404,448.5583623394224,80,8192,587.7384570328159,29200,610.3560420469332,911.5326873222286,6501.333539533672,105.88122907593235,215.25757332189926,57.170304663530935,1567.800679060225,199.9776987000837,20,malicious
79.02717893380554,252.69322956771387,321.31982378696716,16.07074599105145,25.27176086430123,79.84982021649597,271.8748646780638,22,26883,83.19574847186954,65535,2002.435225991979,1165.8070446950571,658.1496960813397,349.4947503146529,288.84289271858813,0.02147630331980066,5897.039963173368,150.08549435765988,60,benign
466.0339172898892,1112.0308300987579,3065.0212129541555,114996.74718225723,165.71289133541137,536.1267464290886,837.7482717878246,8080,29200,542.156051640292,-1,266.8909661609151,1370.8931948125219,9352.61341557615,163.87132236374921,1299.8204498385185,60.620781444087335,268.62885023912776,31.00954294688845,40,malicious
245.19468557200818,774.8491679732654,7006.277222065807,18196.78075602384,256.3075432920685,913.8772299480897,981.5266564626644,21,8192,413.2013571849184,14600,3900.826716283913,1451.448385146706,1506.6169295427253,298.8449968479536,1173.8709697383217,3.270839114393631,205.02588435648335,108.65360877307583,60,malicious
21.470647332360354,248.96617251238652,161.77370098312753,88.80568609085772,42.70635927368005,25.472954751509295,243.29411885234586,22,65535,28.979580639028587,14600,3858.856034282531,1014.376751448853,5375.032525102328,290.9038732594878,887.5172418150485,90.00508810352673,479.0184590252078,86.21995475513523,20,benign
27.829641410019676,195.4111083099433,1402.48473430396,349.4400191153136,16.63209007924777,117.40872433376838,219.77260674981616,22,65535,70.01601246418056,0,6600.603513204526,552.1612043996745,3684.186532429413,121.97394936182903,1415.4436566934623,89.15430952624718,1863.919050906985,27.728577267787138,32,benign
45.786233855322756,1032.7331048369738,3494.2751123891185,109994.90869169377,233.1983254844188,906.0263162609181,592.6859726272857,21,29200,138.96276207525133,0,295.02698408296175,267.38998427661454,3848.3582859870335,285.41291700576795,657.2145219834272,67.99551283755554,744.9723057399818,22.24286278755504,32,malicious
19.149793913743288,264.1967385786937,118.86453868739665,705.1669655413164,47.06713759666386,74.83452934625332,248.61248232217562,80,8192,124.99055468300415,0,840.6122137373264,482.4435335422451,3711.4515315815543,281.2540402735678,373.0303214438085,65.86157608808996,328.693693910279,159.29613347707055,32,benign
27.440102769767044,214.35993958324087,1056.3955392793682,681.7400725966971,43.26042773328084,119.46349816537108,168.8132588087239,22,-1,134.10436542952402,29200,5617.277138901496,476.9926962090931,2307.9081367417193,166.29701103810234,1306.595024762695,12.099672622856472,1369.6727685962226,88.62927397511903,40,benign
221.39739714853775,1302.572105299224,5067.779179561574,25426.73071941238,256.6223097146064,1166.901810586769,492.4363194098901,80,-1,254.838641829064,14600,1575.2366130187343,1376.6122064962742,8674.7291241017,205.02377389943516,462.8092482451774,10.471777695400542,358.4714909288727,27.89842005233344,32,malicious
437.8494432567314,922.7010364560701,6240.8010546622045,8301.860231111976,241.48402725293596,1118.0956210132608,824.0591763284385,22,8192,564.11874903906,65535,1933.1461690995814,533.6035398578247,5372.291663732038,123.73694408663314,1434.7618615948456,50.624799874065076,5448.32140390036,158.19849009791093,60,malicious
37.917181251462296,179.58240818222401,1212.0454393545888,143.9059081163898,15.712093949630138,114.67700737452947,182.41565459294515,53,29200,120.295710945236,-1,306.41960654789324,1174.6609790229866,2872.0286698222226,25.090880096484927,1310.7420969568495,50.360344280192656,630.1774472549746,52.78919700049088,60,benign
15.288509285944151,192.19901784923601,1373.7508579214377,522.670347037796,42.82334267048376,100.0742927904274,65.98111588771525,443,26883,148.90209914437887,65535,3294.4970235874034,981.1185571261932,214.23130827704665,348.59391952888336,151.5993626231345,96.97982664387162,3301.0390690262357,164.63563442654524,32,benign
46.709349897687645,210.32024695345345,430.9914968883447,244.11451942558665,28.314440842786723,118.76397660158236,86.91967632946555,443,29200,36.26969085761239,-1,540.52731951866,1447.827830462822,1671.418411312156,340.7405397393383,948.6887664816564,94.66394879972117,1196.9217542257131,108.99671929666589,20,benign
429.44260680625274,978.4907041817555,6448.701116391587,31209.420521953518,131.97944201686715,974.2021240630205,842.2848193528807,22,65535,537.7611492566432,0,122.4301403877117,599.2864753318848,5043.397579925395,37.05546857200646,1402.266160418693,15.248300880794197,437.31094170254346,196.70493320812125,40,malicious
89.47063600576803,909.7220987453487,4409.413537795899,16316.74636880584,172.3613404362266,709.0657708541203,512.833117333836,21,8192,546.165782717927,-1,707.9361193196452,1376.7492450504756,444.01126714421696,167.47287348203122,892.71897300744,10.520456032510406,1055.4822968140743,50.81559299787918,32,malicious
262.7395838184044,1085.4871057967134,6217.8684193938,1904.5574378577292,195.5049373754363,812.4238482777126,612.9175471020772,21,-1,481.43712390000013,29200,1074.9520987758676,189.4687293732145,6257.634128387862,84.23982844176852,335.6776172365658,5.923295183717325,183.31657347985387,168.1928045992155,60,malicious
21.126031288256357,233.20900961553468,199.42329462083134,691.2878370818584,40.95813929915461,84.65434308908934,80.8584384511584,443,65535,133.4880044861489,65535,847.3465737644678,1024.739936566667,7920.848258688966,103.90273587312056,1169.5100891980537,73.58139000110948,1119.7664550718628,55.956076762813346,20,benign
841.1390465718385,1437.8416917442648,6255.483640760078,42141.00909689386,156.0000026560668,1025.5960441930274,794.9847428707524,21,8192,541.7739780954602,65535,1250.1342515858412,1079.386245012387,5845.668163946694,154.76087062319476,478.12234581672914,92.01120171011206,404.01062867212005,183.31233262228108,32,malicious
648.2263362485318,1190.6948922353251,5901.280102591153,20740.395328948845,249.26419006725638,1125.5159589137083,422.3538996971027,21,8192,428.4856305417652,-1,645.8192727037288,329.16482287389346,2447.16764072602,380.51886916015525,349.7879091941347,28.201849407413405,5183.7351032334545,155.4986882059875,32,malicious
51.97458702264589,173.537839722701,392.32190508244827,114.223186898775,23.741170866063747,46.91766415972943,122.57627532553757,443,8192,123.60418560375601,65535,93.96187911777717,1117.8039453609933,318.7424174837223,173.7409891167386,436.65565601055886,83.98336466969073,2425.5599967965754,39.66229091828602,32,benign
688.7203491975094,1210.0345886914236,7799.6709325473485,36928.04096916046,339.6050267796786,340.4577382968299,950.4390644355705,21,26883,457.45288981166766,29200,9987.703694520911,955.9135526007384,572.6897996370719,394.2759674274255,977.0011612667671,63.81602694386035,3006.2345486814406,184.18190318409324,20,malicious
64.0136672560617,1326.2590147469712,4049.7930422913337,19939.086536146315,125.05361747055085,871.1448358019638,926.6030613230402,22,8192,533.8847834901949,-1,5179.133759620061,396.03713205399936,6001.495747851846,83.69060952399111,289.14070686636524,49.49911506081088,1387.1149018310764,145.84346003974878,60,malicious
6.167349093800905,981.2145588842469,4999.9187797843915,1970.0221645766992,119.01114574868724,1018.3537633958805,640.0096278391698,3389,65535,255.70999358495777,14600,949.58861785926,594.7616332739965,1058.4583409897193,63.638232557372916,1185.1314629988603,6.872592860437043,2846.3771357568708,31.329807312503785,60,malicious
0.9147383183196107,253.39655436502875,830.8196607234313,144.73466090057562,32.99698470039448,96.35566006602181,99.62455525648762,80,29200,44.14145184720254,65535,582.0540930276525,1291.3203601722357,10267.962078167397,329.83238605359753,153.24407090713942,80.37762525484527,10615.4955882033,63.689752781402134,40,benign
956.6568327524507,938.9233179067072,6844.704320841036,5569.564002935291,132.60852886164218,321.0904277165761,589.654221574266,80,29200,256.36709033295034,29200,2124.4827197051823,858.2298843170712,589.0814747489978,253.2466277459864,1147.173885881163,57.093575092552854,1879.9526468991742,76.4874674522029,60,malicious
21.24220834444298,189.10001271289943,144.05828918908367,1794.411605364981,34.81270541111056,86.91615085504235,82.0319049443826,443,65535,123.20517072703257,0,3956.0519705666397,218.70092448709943,5718.759247844876,369.11728467207007,274.7293164007457,4.252492969713916,379.7058152323795,126.50759930121622,20,benign
10.807797683183914,164.1908302923747,364.7379466386271,217.63388920401337,17.49808081694377,97.15272907125319,115.12036485734352,443,65535,108.17973927834981,-1,3528.7048731262366,781.7863482295679,1262.0957786925194,372.4121741756488,673.0875023542768,74.15854158469755,217.83642040227198,197.03200958158942,60,benign
223.30568726386014,1135.0296010669645,6265.231986421874,35959.969603754456,195.8234007641281,905.1023252802285,879.2411965094923,80,-1,354.73621963625465,14600,2728.413837304975,602.1499028996712,3950.788663570105,30.231353701728498,1494.1033420510662,53.64937273505037,8361.423278927043,121.2297131596298,60,malicious
5.1365577371680065,280.22818438407177,418.1846903219014,210.48067774588,40.517580778049755,73.63221733580424,250.57506839437735,443,29200,107.15202288355835,65535,6959.790113479647,1088.2749424713,2946.2601824133058,330.34986669016126,780.7777363912677,19.886125067413097,592.8406913085173,92.11754718993888,20,benign
13.424031054787593,234.69731229213338,710.637144542599,146.84327141569634,33.135386742342575,84.03960090631004,207.51189943753,80,26883,21.110568623816857,-1,691.8646293088656,347.53946010248603,3085.7238821582496,170.50487821256377,563.5284466643915,75.57928035046665,2994.0937127167495,195.20878405802276,40,benign
8.83535104801432,1003.4844603561305,6656.499312037381,2862.548727730169,108.96362380818482,878.6200246964402,412.31122381636385,8080,29200,514.2544803364032,0,468.9894623053812,1309.082204971427,15146.092342084827,293.0767796212576,449.4529287924645,1.5082326634850096,1075.2915210185986,71.42427138029603,20,malicious
449.2019867912917,1247.897652378513,5110.398174925805,131640.8754232797,346.2865739322129,1072.7486706359166,459.7546777366981,8080,8192,377.50783077518986,14600,2112.4180465606964,274.606456690042,153.65309442485736,194.3296187894867,745.6341562599655,47.89296521192582,1.7877013957393248,122.79638283254087,60,malicious
467.38266886677667,1177.5501179207565,7366.5520583236785,24042.758650909884,193.9266716874858,1105.1348432842105,814.6728870371745,21,65535,568.1837545405111,29200,1409.3262476976772,622.2374701335555,1728.6253854032295,342.5614162086886,588.6903554677255,72.57338590643515,238.85158823885354,58.03481609517069,60,malicious
441.4509227630489,1338.2270208028483,7108.569078778237,1238.6436761819873,150.21200303044094,525.7927198823304,879.720284480433,80,-1,393.9332693396995,0,843.6815600372888,811.1128363697934,7570.308618049422,200.12258376323945,344.5287954224857,30.375672233836216,740.5970362725931,32.777409376006624,60,malicious
22.28792508813421,1248.4640927396736,4764.675734782776,99833.37274497254,390.26135374030974,353.2133284254676,742.2046045577548,21,8192,367.4082123104729,-1,554.8792445790407,449.13619604648926,1506.5645829501443,230.87660043711955,174.49278120088712,99.20576684386015,2464.2412371803393,199.4784764729681,20,malicious
10.578464424799936,348.58132546395484,1163.7294186771044,211.0821697355694,44.08941051480986,115.21767720550098,162.7902411143922,22,8192,126.16437926076196,0,3488.695615742802,1112.6460732569442,1374.3953317491234,80.28493630638454,1108.0824850181784,79.33696525993868,796.334127929312,82.06695005590136,40,benign
0.22144401702052535,273.99677620611203,1022.0301803827878,191.31752162634373,25.222843231376483,12.811563027421233,111.79710577310163,53,-1,138.93943180543368,65535,273.2354861567917,693.9986882847287,944.7022326734325,363.78072973210874,598.4829792154662,59.88495531085759,950.0809794481235,122.5898686050371,60,benign
1045.993819472483,1541.219159248441,3757.47982516066,7598.254692442768,371.90793515259213,619.7989074197822,824.0487841669571,8080,65535,241.9868498234202,-1,433.4482573184535,434.3167980299763,3124.103078845672,203.12805951461476,330.843437538324,60.873318432205096,2621.4654498418345,25.53982561507842,40,malicious
173.2943010262507,980.2659630847832,3602.653439244338,27460.390434176104,282.77774530545656,534.1496381160504,819.2527044462878,22,65535,520.0288661724255,0,313.0444481323184,432.31116007527214,3853.910799666147,263.63775504131945,1369.750261534582,34.52130850232392,246.4964694137159,149.86447758587414,40,malicious
28.455231283319808,1010.2941111653355,7814.530638377467,2600.4561276627055,179.68499200500403,829.4107031557014,591.870086699275,80,26883,531.8124310716804,-1,2198.260834007439,349.53037842689474,2673.572739644271,168.5702758153877,341.5508517317951,12.369146347394844,3451.165261315674,49.82557586850223,60,malicious
933.7120683697966,1171.4885840865174,3734.725465850698,45852.20716857983,105.01439426617847,782.7335309973149,998.4797787871084,22,29200,575.29879327297,0,4827.300239453311,485.8651501356448,17460.127242801434,44.32363683581584,970.0103134401716,39.65369258606769,1770.6429781748334,23.418010089210178,60,malicious
741.3522771263488,1085.654671460239,3561.877427537768,23149.697445920992,120.22931604387918,597.6033585021105,871.1337811938618,22,29200,554.4501928097001,29200,117.33979559317511,180.36292274590397,1449.3624363335348,366.8032044558518,699.4416193319787,64.9348028113331,46.14591920969417,168.28938937534858,32,malicious
25.960919772775675,1268.3429829663387,4399.188807089136,48993.74727586085,298.4824283234709,377.08692972050807,641.5265444206938,21,8192,498.9710521541114,0,1308.8056226270935,1106.7729799758654,11236.268520880927,218.61093757542264,1362.4305888899046,57.70602840248941,1160.56530276033,139.21831150324255,20,malicious
12.181435977200598,212.23221273158276,1221.0524388850472,251.99552101406582,23.972853684206093,66.77101524597268,141.92830388894416,22,8192,35.58987056824303,65535,2468.8509964950454,605.20375757418,5379.0995375996845,27.98778541793893,656.9766871176994,25.075434957669763,6736.497429182276,82.9347975114731,20,benign
25.27839330135183,235.61081300563367,1299.95944616742,480.065869157437,9.64183751826938,81.86411139516754,276.6215354418366,22,-1,80.88902356912948,0,746.6547426581067,1097.381895973448,977.5162358594134,162.55912268710875,577.3210099395727,12.449901942307084,919.1836708459778,156.67332647572184,60,benign
11.93975735787091,160.19781504827694,1178.5891425359903,195.19962371990712,38.64954769548465,30.0091119177204,227.12312045025234,22,29200,35.663399176061034,-1,161.77796614843606,593.4734548947033,9842.453691329656,223.10692883703598,461.2785844130364,53.33803809535013,718.4248632923112,191.35218626107212,40,benign
605.0798883849694,1349.7190857500598,3050.692715212919,15983.508173874825,278.433102993195,596.7925853728206,551.2888917777332,22,29200,274.46657559772416,14600,895.4714312818304,985.2010088197767,337.864991806139,321.9006125382175,197.52269599370064,69.46785698316353,3054.4875043142533,181.43976908988827,20,malicious
4.735264083124419,214.05192418225704,1363.8239741373718,8.460660437455813,34.37408187953039,66.63291522641596,205.77010983892922,80,65535,28.153247636862147,0,3773.016404553779,1155.999662068287,7084.7514038785275,271.6406728028046,938.929772977968,39.57683379251499,1245.0206165440686,164.85075412685902,20,benign
579.9293468415458,1017.3542122250894,3479.7739767248245,361.3100138659727,365.56878489030163,780.9124361805158,965.4987352630966,22,65535,492.47476291201394,14600,1275.4394429499323,188.8497899762796,546.1062392991232,367.69766105108954,1245.2084603803078,3.5535257539236142,5121.391954375926,77.0589129029297,20,malicious
633.7290435141116,1387.5106344955484,6919.6887937465835,14551.986933076081,207.5244135579645,589.2398070680204,962.7141948152334,3389,65535,485.21541114928226,0,147.6734140830369,100.03589651255756,549.3267587360931,205.50893255569528,597.6122857633259,33.61532983671267,349.95770949499365,148.2452242835093,60,malicious
591.1211327091788,622.4759893387895,6608.163229415611,70113.79535683051,109.0720132319812,1080.9830388572686,692.9699547582742,80,65535,452.0143020818952,-1,76.21837870293731,356.61914078704444,2599.412756234813,336.7819370587566,305.76059607554566,84.27726585068551,9472.10095275482,121.76432670420948,20,malicious
3.6187369056174985,290.60555044624795,1363.566854489412,113.24886799343119,13.643467804687619,51.4412265421533,127.63665431925101,80,-1,28.477520849110256,65535,925.0910887552197,102.31664299160559,2411.5304671133813,277.1265408966639,491.39538330162725,48.37806787117703,5391.966318423076,155.33976153791977,32,benign
291.88335728097434,1296.9342301493448,4870.143271980701,15133.79036850133,247.1704182853552,392.09419544836965,525.4677389158275,21,26883,228.5674543593455,-1,596.262032354595,624.7562220141755,555.809240561941,358.84784513846927,352.8524631532086,71.99208175321058,922.105987441673,42.35108056965849,60,malicious
20.57392194716963,302.21180432501137,1223.0653481117542,90.3282352466571,40.328177202235366,84.74255113441795,218.56791916918425,80,29200,115.44007034208988,65535,185.77055803942503,984.3658725458687,3624.75168436094,232.55477392665074,1131.0437311579346,79.57343197146754,573.6307142409026,153.67830970016925,60,benign
4.054256406785226,251.99308084016994,1078.617154271281,146.14712975154137,32.094497364869696,66.01238681260693,189.91733943672756,443,65535,133.05388299548272,65535,1697.8852585461382,403.5670399380785,1350.0839466763478,324.0452525862903,930.556679271657,40.838460686481085,3339.5492152200163,164.64771990695328,40,benign
624.5416965927554,861.8300127473074,6725.632545195085,69377.23483480165,199.8272363481474,487.0411397164428,576.3236157464461,80,26883,337.85988934512727,65535,488.72530559582253,776.0252824364727,963.3885445973938,64.3925333929023,1273.502329289667,36.63453427581079,442.11092122768673,98.05643643929547,40,malicious
307.6962887277694,1110.6923131464912,6826.8800167616955,1186.2482293667379,134.87241869324018,910.4574696550817,843.9278477628523,80,65535,249.17664592252896,14600,2886.6885904222054,505.5134282777661,31.319522664153467,124.56158607349202,183.89172331863918,68.74632144364267,425.1006721610665,72.20455880865313,32,malicious
39.25850473991901,1275.7679777866829,5858.2776868983565,10859.364222670914,353.7334694751929,1080.9300901987963,829.606373650279,3389,65535,269.30654387773427,0,1089.3932541483227,1418.3653478655315,13429.477500940076,243.90249227323514,1330.1491634332892,64.87645703518878,1430.768816572579,185.55647881882746,60,malicious
106.14408524891998,1220.71669774244,3455.2934138683363,9361.641093811539,196.7093695087395,519.2154029805623,390.7356032836129,22,26883,273.67047726867213,0,1800.1651051915403,1142.390718408072,1307.9819597586645,188.38116064715237,1010.6095772809492,34.665806306275925,422.81711864350314,190.75974158591794,40,malicious
1144.1408846425004,1222.9769035038819,7859.152378165858,6212.119787220375,300.19639373771224,520.7208044702185,511.8647952044895,3389,26883,239.54864282171656,-1,2653.3740030639706,186.1104076609123,1577.722260964794,391.2511280079913,1293.7945382601858,6.051682392046276,1418.5418526797391,73.27295814278109,20,malicious
297.8660293192295,1241.60846021532,5131.208952928237,33509.935183229245,124.5573816328104,473.75483665525087,484.3798231369406,8080,26883,132.65716615475023,65535,1993.9700936878078,1485.419479783252,2816.5953903455134,59.10416324186162,801.003198262155,41.760265769265104,4409.628765706625,36.296901633570926,32,malicious
32.30673202390588,239.04936897190214,1219.679147995262,49.72995100351984,39.33181496485703,108.14374758172147,206.67307723655955,53,26883,114.055251877772,-1,4281.9919210693415,1184.4760546627635,908.246392563786,292.71296093183736,392.76481646616423,72.67867237428648,2249.794812088774,182.34785362741079,20,benign
0.8120921066804633,231.29070370809166,144.39300377891408,359.2771290854649,6.657794325780735,34.570675541293355,292.73310662209275,80,26883,138.9489953188251,65535,3744.2777325736683,868.8064503660532,18676.772741921457,207.8799866376996,792.9760262819605,24.854140551729753,1055.0396354046181,119.72646534683196,40,benign
2.947804142618863,335.86053340715887,953.8594763882813,199.54096798156348,9.80324202965236,15.262001646547583,99.54869114234447,80,8192,114.9352642917489,14600,1287.5474957821514,978.1680797297082,119.58572642226486,135.02548563166962,810.4703702810933,58.028849892671886,485.1026239388699,173.45627360332335,40,benign
3.801781341348601,143.24125236257345,1034.0533120773403,196.7928978047207,43.81562898816439,72.07632182769257,230.44575224004703,22,29200,46.417534997716864,0,3308.1271810536573,486.92648112173896,790.5690081442684,99.115345090944,373.4236351372559,36.21729834222306,790.4020231199432,113.16887097155671,32,benign
1.7331364977224064,226.52195521992752,1223.580880761942,384.71316254819556,29.8462403256036,49.38500035996181,97.39143197347511,80,65535,21.08458441389043,-1,363.45463665411927,402.7150551060487,5671.274561581967,343.1359213096924,144.91902460606445,18.596175774200574,1531.0121417088328,107.58951557709025,60,benign
140.95122468599334,1258.3511263032558,6732.953938887263,34235.8348016029,159.81647038798022,538.039679123567,903.1560506901178,80,-1,439.05057702896454,65535,1251.7890742899951,1068.7196120174056,9324.277701405688,83.01309300875977,735.224464638617,22.116893364557257,2724.4909777422113,141.8061906353647,20,malicious
603.6375937340188,1525.2721347939591,2033.5738994965127,5551.104827063079,153.8168095379168,452.1713941580517,622.9563177980918,22,29200,359.29832280314207,65535,223.68190280252205,138.0840629007095,4438.438460588805,265.1873878659733,892.9057227002152,14.826593072323735,3292.900608646528,38.757806430536846,60,malicious
38.61098453228908,1398.2479246458608,5837.664337861459,57399.45574372992,361.8063190408234,705.3386060306715,535.4647499346306,80,26883,339.8668391302159,-1,2550.5076876785424,455.7938728805019,1919.0083389351287,334.8166315497552,1223.2580362048386,47.820502019689556,1199.6623742741394,90.81248949442264,20,malicious
1181.5884067707862,969.0345152246736,4083.288075874542,16124.000625045184,378.3934197575513,918.528031333479,921.8280213794892,3389,8192,566.9097207129548,0,1136.2690942994793,468.39879343440924,3049.483016761484,392.75882010907486,1111.508427226749,98.2518078428244,7827.193351852413,169.5689823468027,60,malicious
13.269354238046112,220.78194054946306,1372.0837113936086,704.6231121220015,9.449679498266054,68.28254254220758,243.23652955259703,22,29200,139.36021088421512,29200,1282.6281356178856,772.6394002102082,2528.3757809070917,274.39447657737173,1286.0844021737419,9.27160465127539,3514.4937105975996,92.01349154284274,32,benign
927.0513584192788,924.4166549170967,5036.899059419686,14378.313014360396,141.51304786270953,1000.7518204215556,405.1480377189523,3389,8192,384.1037835955561,29200,2626.6224578042843,609.6606709406285,4859.7962712502795,67.92379967349882,608.2814139216536,24.8442552885488,936.2457487281198,46.875626615110846,60,malicious
4.56736931102715,196.29923391433164,541.1748708423194,63.69158559750461,19.044736436075596,55.41917250091256,262.31340789602075,443,65535,57.13284594170187,0,8.284378275420941,1398.5742943276134,6519.414729891596,25.271986695910392,1482.9983026727894,39.18185276726373,1384.1242293586429,47.49696285187225,32,benign
6.6377891589814695,182.92573500465417,731.1448978376303,251.90803935610467,17.11921490612636,109.52927950207318,192.2804217539697,443,29200,55.32120262118396,0,9390.937328618413,1167.4254535973068,11785.490105505789,338.8463710418145,934.8068141863894,5.983561495290601,15.30325778040054,190.01561449733134,20,benign
51.76082518441646,283.490360270976,187.92815837505782,437.2166029038662,41.359974031505345,41.36615897945566,156.06045261651403,80,29200,67.18811954507,14600,725.7866646707645,210.3378474880231,27863.17367135778,363.16788625891405,492.17569678653746,81.8131675485245,185.34786150897676,197.87582290425112,60,benign
11.469973303484247,130.89915041977773,198.76716278088992,139.07297922775507,47.31357186190059,75.89475758335519,61.624944968055274,22,65535,63.123847246204974,14600,162.06955722117667,1107.2658950096848,2230.1592054514067,61.32152372473235,636.052339980692,68.36119420515786,370.52857718988673,95.50516206973336,20,benign
115.33632975840003,1034.618803445216,5646.826392569358,8433.978612405253,391.38894802499317,787.7490529786605,717.0597391093661,3389,65535,232.99473026490898,29200,345.3164637856971,274.6377663274127,61.78236506328406,369.43389019606184,1320.7096177234432,9.07308282762086,1552.2471817425105,162.3905355966408,40,malicious
5.722253783170093,223.95662961915434,244.37776346013558,357.42508642333763,19.320372451167586,65.9289455341159,163.71664398333598,80,-1,52.6786344443926,-1,2867.957072939327,1091.111230676786,3063.2082708146067,308.09869788179503,593.4887774510088,80.71019368187044,901.6437529802511,160.40891507202662,32,benign
195.15507771386768,1207.6047824320442,2536.2376422233065,12386.73443650453,284.0648344663641,1048.9291248823065,529.4217517702048,22,26883,353.6960937208572,0,3832.8613742235393,194.23550636887833,1684.0181578583706,97.30207851091392,840.9506907750429,19.89668720746156,282.867222080487,87.63067071735819,20,malicious
1.4404166673656795,224.03354995266642,1168.6718693944538,138.23132310088647,33.84434872699612,56.57601903100236,148.95846902352304,22,26883,64.69002608850181,65535,2218.627704399663,1462.6790782914725,11154.688026365613,190.00590643746634,328.1652817551033,6.291075247466738,4133.986850176471,155.83379088179814,60,benign
319.51264622220043,735.1424995072116,6012.762663918846,24573.491558138805,132.61962436124452,869.8375650495043,772.9591463240397,21,26883,485.71902633633294,29200,2173.8983938925057,965.6835152884087,1885.5925552129938,111.20443626344824,768.6700434338294,89.59853197587555,573.4190968519098,91.89912806910117,60,malicious
21.463861544239926,226.16014470041506,441.7724636902111,1332.9184971275195,34.566541829475085,26.99794604992568,186.58704505178596,80,29200,21.882523320999336,14600,3693.7281581579764,952.1221407320094,3361.5821827035456,344.0422019936589,680.9494990191952,8.140138819943864,1363.9963766961969,190.0788371061895,40,benign
0.012446940574782336,364.416903151002,1408.7894718338605,405.54422792516266,41.64827856459097,37.11598235743318,240.23253103730985,53,65535,119.72373671612765,0,4576.471744125983,363.6792376252289,7851.367408574663,205.33291182928218,1050.097819185637,86.91519636706077,35.58832351797167,86.33738312674164,60,benign
18.277071354578432,319.05748674973,931.242856162977,70.57412763853752,6.837243616901926,31.758294828425218,122.59987530817963,443,65535,68.47170892603486,65535,1090.97989131844,576.6184724362611,9876.08318856122,178.4212011566394,1225.0942316006215,13.945920291061986,478.2579208974199,99.52183907394942,60,benign
2.7403857813990182,241.85518482098806,545.240571955906,24.475042756473275,26.65435142803797,80.19300410120553,104.35747681315742,22,26883,144.80143059982908,65535,1248.764847386322,1287.5277394605662,1787.0779087880876,128.0371621013242,304.67482262261416,86.65599055366484,3796.2884184190316,51.93605367883602,40,benign
19.597106895827004,1046.964445223335,4972.178597806194,40270.20081648284,317.6527160491097,463.19027477395963,608.4115419097909,8080,65535,235.3413967071977,14600,2536.1994875269766,426.24634484429447,961.5275090224964,258.87831994439256,131.9914506222857,83.22723466469593,277.1454852669776,145.9941067289699,32,malicious
13.345199196485549,194.16395284134128,194.22544481622435,107.09421149467987,15.127878349616273,105.74069617448279,66.95007316812263,22,26883,50.694028956218695,0,649.3607630745751,767.7548677094302,1337.7100231130207,248.33167269669394,874.3673846307004,82.12686735765841,3814.853130088464,178.53481483662097,60,benign
135.0733539056294,934.0110815001769,4862.921340746396,58506.44134096097,198.81374021337447,870.7614597132479,858.4919810429304,8080,26883,492.9072707285792,29200,400.97405553908266,282.5889594665736,2807.394355909979,87.26186441900578,372.568013990876,76.2089906149111,1243.4739348596079,101.34193187998729,32,malicious
0.06145139597481594,202.2655877679221,1341.532887410954,347.643921448456,45.96746400489979,107.75556209904195,293.48528095207075,53,8192,25.686255203503848,0,3897.3969263778554,1076.1650030296498,394.553728219661,327.367698144675,838.6617100445918,9.025801534797361,495.5160987445877,118.65326616482812,32,benign
30.93216313237395,213.75875406356795,1298.3671213490838,560.5171847297681,21.102856333734433,110.17027593338901,206.47383596670625,53,65535,70.30074292206149,29200,1839.0565324918514,1451.333650168356,1667.984336213754,288.7185345703138,1237.2234311365783,27.894268393842548,7303.655039126968,144.61518215047056,32,benign
167.54374394980795,1035.1039388443141,5639.634357231879,108912.40078153234,137.96526813756924,978.8604416035615,453.0971173662347,8080,65535,470.53412455231233,0,31.530237276825883,1421.0520713169174,720.6168390639988,70.30170778415797,1184.525178171995,46.02838047218274,203.46593609819604,90.74433047544444,32,malicious
1.3585993190874501,235.45637723872264,270.83080182018534,398.33484731595485,12.111379920302431,96.04433443829194,178.46051114085336,80,29200,137.39313640508612,29200,1667.5229775664823,680.9518004085849,1724.738416047126,204.90553592794777,593.4509526453916,48.31614546433598,2450.4169431873142,60.84704153151454,32,benign
14.202943156860943,316.29945301225325,935.5768892948187,302.0156459163429,34.0609452139097,55.77325867882518,55.075662823237764,22,29200,140.5352506829334,29200,3573.7909490027905,794.228347513841,6268.538899547549,276.29310456582084,972.3120103939929,15.701611550638317,71.93435323773319,171.38356762271346,60,benign
396.63296639563725,868.8338156350972,7306.477284248872,12932.00678188577,320.6286118665504,1184.973245401649,779.8902747441723,8080,29200,273.7600109962742,14600,673.3228051459856,747.2659028483388,1364.0049619638908,173.86280659196905,1381.8824624848464,64.7474222004365,210.7088189951096,131.76466755677274,20,malicious
576.662042968561,966.6834416427512,1997.5392259248033,1561.0455074204938,143.05515469730315,681.1406703032869,690.0440932885356,80,65535,374.80498233643556,29200,3305.1089840236714,191.2044227247895,4236.439845714303,301.5101355841309,356.9616786396361,38.27107207330908,2542.455516430823,111.81701020374415,20,malicious
498.0140236522021,1150.2175182029325,4872.022040598288,73713.37787064446,383.50937870361975,642.3006994654734,983.4074983293445,80,29200,228.37650815333993,14600,1569.2614938248896,614.6249615960742,8155.35364800399,246.06196572006132,1103.6105496652674,92.50794561244695,34.19065852649031,29.595836137861898,40,malicious
9.581372202094073,251.12842856750328,883.7812002169118,263.7903701277355,30.433733180880758,119.83483911280257,123.96824068343766,22,-1,111.79405533603071,0,3034.9385232202917,1311.0609168184992,2382.8476745836742,384.2646577402396,395.74609582939763,93.22906040341132,1846.2165345184947,134.95416995847557,60,benign
4.9656377193710055,183.16717655800136,869.7764695664009,1353.9698251851887,18.253150457824383,54.131697750354625,74.96786109161158,53,29200,120.7191945854881,-1,580.4562184756704,1374.9942869574888,8461.427212145654,33.23210833314616,951.5485092623995,23.435125710982597,164.3138556687332,186.385629481508,20,benign
259.4808136838341,1444.9820037390555,7728.2245551627175,28788.461298142174,340.12894463944275,851.7428437137053,810.2775328517655,22,-1,442.24485854610026,65535,32.4809852325675,135.12886405605974,4079.3856415718856,84.97803829812312,728.1322425864852,49.01497012356487,1113.958930624889,110.00221806922151,20,malicious
103.83650115483785,1000.6273220124675,7023.896028072007,44820.489368808536,240.05112519833796,567.4652054310532,431.45192187174024,22,8192,311.36404772616334,14600,446.16377378144807,322.026667849012,1020.8974514401204,179.45721277809855,345.0809984003958,91.59132401697015,4408.272777363609,120.78719538387524,40,malicious
15.042452400348905,233.47194246191495,477.0001468338351,108.70617512570072,49.97982852797477,112.51773784084477,222.54049945954176,80,8192,32.37099545852962,29200,2747.9056840632074,1293.0438102100622,1319.7227256133415,365.2076961217201,80.4473454887998,58.50866978949758,6292.3689031596705,100.31943772289715,32,benign
281.6761462373613,1181.2890823045402,3536.508826661769,6306.168376495291,360.9887485491446,793.2385584102357,524.1435009987823,21,8192,364.71409012708585,65535,198.66786842016324,1052.1011905848404,2657.235703928323,100.09918691698932,836.9775249109389,56.246013784098245,2351.229987541294,46.27607627214512,32,malicious
1352.900553790512,925.2605769560973,7602.798540605209,5982.43461306081,104.40079387746326,557.0838801988934,991.3065550984437,21,8192,524.4431242812866,65535,978.2381236338372,640.0638654523566,506.33249558511415,257.59894873040935,125.69387908581058,27.17093614973336,5813.276054054334,41.96491211266724,20,malicious
30.370037896588354,877.6283553842189,5315.3426563872945,21910.222159770066,384.5201048058112,769.5735294489793,780.1582483418399,21,-1,284.6796379063144,0,261.38573527608014,1070.161262277623,5648.914738420299,24.706289558124627,1174.8313227134652,44.59463459976865,917.4050836817044,65.5683687789981,20,malicious
21.182697507056876,161.00134689161456,767.5751398035596,998.8387286809627,28.145929826127777,53.01793302020754,208.12757205224403,80,29200,109.19613961288051,14600,802.5145321110159,599.2459319059456,411.5915780257539,48.830868001917366,523.8640474534623,83.85475601460683,2047.2932038245983,78.1463672653691,60,benign
201.4318255815968,1422.23327081313,6073.112138390417,26627.294871644724,167.33332404517384,1068.0741259567553,681.3041562841622,22,65535,517.3541633788582,14600,2999.8138936264572,1086.841161131644,1587.047555396196,229.60450225246018,168.0661260442601,92.31421531357343,1285.220026727745,148.24865321402817,32,malicious
35.27134902831795,363.5557687069658,674.3889045281084,5.478003803226155,12.437235090580177,49.56709958438251,125.82218259685783,22,29200,142.75711350646364,14600,6003.5267873052735,608.5172934568064,314.9884565840959,232.8740999766116,286.5623227092635,61.861489819280614,200.0407026718759,164.81381167648405,40,benign
144.2694349921999,1053.1685825275733,3807.3200416247064,1601.6953201280792,222.84645585199237,673.9093351184133,545.9265662372892,22,29200,505.285031429608,65535,2982.289574805864,567.6960427005639,2953.444513970737,216.3674053085144,362.94775214888483,77.06214931761541,1551.2868369120108,94.62209687425255,60,malicious
11.07509554576314,279.38071480969614,609.3864480676474,394.4893381661478,49.37099980617992,68.91749123883295,285.3589828349202,53,29200,76.02410907661118,14600,1031.0122490334888,881.5046753139762,7541.099073682785,390.6298546123011,695.4099283264559,88.36287028838758,3870.7270296071074,97.1440455698912,32,benign
27.337313994528483,214.12216300741883,356.75476590198014,0.5819846535940547,40.82235500582404,12.552532516597825,232.1839391371432,443,-1,34.43207615829983,29200,378.154272722001,595.6551037089948,2270.260368853114,202.0262005358464,789.8742391415556,94.05709761070382,1905.1182445988902,165.99462942018144,20,benign
453.2669769991423,985.9066752999889,2775.07089422711,47310.28801637782,152.51214644952253,337.0462571135601,801.9143111278679,21,29200,387.5265851481028,29200,2269.0879134402117,817.2525664375486,2837.590408300707,53.42077572964726,1114.421471264692,36.72039655357421,933.960870909938,135.83174316752996,60,malicious
18.584371801996046,311.2637044363744,722.3173015861768,382.8227876799732,34.500264412116955,88.7601932167059,171.97087903613237,53,29200,44.34291002633776,-1,1555.9452829738716,1404.1303642796086,1865.0821826596139,59.9143205670814,433.0623049384111,7.359771049578168,2503.455528008164,105.32664089290964,40,benign
10.61857253092543,210.2170251543792,468.4711673910065,415.80193088426836,46.036531241575716,27.110182598700888,254.36378722094548,443,8192,84.91214151749286,-1,746.6530435940308,379.70237098284366,894.8029601208677,128.5918354170272,699.3091977182034,79.44579230916831,2820.9963380502245,140.61372405852632,40,benign
4.231019928179801,243.16695103743567,1325.800411131065,1022.8817738055145,32.82535072746255,52.11086243767665,126.49041248497632,22,8192,126.94728098424682,65535,906.0120657788183,1476.5301840868822,2691.1124659790325,135.85529719739424,233.86387807643376,59.481299830354295,265.06039902325534,193.70789118560566,40,benign
5.848754410654927,215.8365267388316,776.8199101004232,299.8901821881356,34.11081507581026,83.82925291137362,156.94345855971198,80,29200,74.59821196594902,0,4018.64794652542,686.2436485119399,5195.868674788827,304.2717046416739,693.4951020555461,2.734334937045413,1676.9463321915484,50.807271553178964,60,benign
41.316975521325304,1306.5617909718517,3898.745540870814,8945.013961214854,272.64441893327296,336.42086697521046,684.6895006296321,21,26883,254.56478899554946,-1,106.66177347128863,800.6114369953949,227.06329370297738,193.40500084351245,1466.5401293963034,86.07992233827689,1705.7238662752256,160.86220444556474,60,malicious
9.36272238617249,283.0053615366742,843.9236977326858,145.4644823041916,39.44802461271793,58.25404076681102,210.78551889969796,22,29200,101.40651499243938,29200,1696.404805287221,1348.4864496036428,4415.831790299462,209.66838895304062,116.10773426061371,40.88466642683593,655.8202541508906,185.8426954403204,60,benign
51.26109775953201,225.97363340292503,879.3196976068272,370.96316857863803,23.52431920094233,66.56886725088225,209.93382654196316,80,65535,55.39149275322801,65535,3050.1809805177413,70.42048588898129,16921.584711196625,394.9726161521699,111.39879971292574,30.617316461984878,519.2217502411486,117.60193041890432,60,benign
1776.9204133129388,922.4432616280099,3356.4662463379436,46202.02561844993,180.09787708813877,356.1827822024775,816.8750404244634,8080,-1,342.13494158448816,0,2124.56014304781,170.39249463704408,2729.880163821922,343.64292679804953,353.9340117151267,26.1875236060932,3119.060916694312,57.44919405162784,60,malicious
257.43722900866607,1138.3186300247703,2705.134893108084,1653.8377121852284,127.16885976446241,709.8171234561528,528.0050394787199,3389,26883,474.25903024420654,-1,4597.923281806895,1043.7393087766086,1462.6228790537184,73.82560546197553,1042.1290260429055,50.61906585866117,2384.3723886696507,113.44728989226229,32,malicious
684.9117469133381,1107.6170017629722,2502.1734502744525,11623.285450683654,124.27493345955651,703.2136021520179,668.0855160895767,3389,26883,302.263384504583,14600,3720.5655562910565,557.3398493883964,6959.939001752612,390.11759704239995,1365.2941774117012,25.765977382127293,4580.813360039927,153.29001542968746,20,malicious
3.4224067540727336,267.5873108275057,1402.938789575445,170.97091480494544,39.48891267546861,68.00675340621274,125.88074274881212,53,65535,42.3339325791366,14600,648.0496740324849,640.3432776478893,1424.2850358681426,365.3374683934496,1009.6567411947217,74.00594348882956,503.1648951640548,99.72207955351061,60,benign
23.98651743727079,297.3667303696905,474.16617980217416,313.3661700892409,22.204635798103087,98.20025972116652,206.3558029178532,53,8192,21.101447549936236,-1,1233.2524259106801,1122.7808040542816,7732.386402752905,92.45037465538725,336.9070393803549,65.2292787000144,3754.954546595197,192.2341544166195,20,benign
176.29743290923068,1193.7350264299084,6212.85433303372,1277.1806167992447,278.447313945287,675.8477688863029,459.90991006893444,22,-1,508.7355636724949,14600,153.36284156221953,852.0975814993033,3994.4951433313954,218.54003963811198,168.8247260381416,71.03411588869383,2745.2366990342534,187.65853332787455,32,malicious
29.02120870421347,259.5994108251153,504.33643875547307,1002.5020980313437,45.87428319330786,97.09834401393542,142.23050073277855,22,-1,21.266307850370865,29200,41.06002682842957,928.8831000588314,3188.0097324943176,277.9578933931492,1498.4231834502107,90.46391573471361,5849.4022347592145,78.521042790514,60,benign
21.374258653960897,214.66397473570726,1102.6510176043519,913.1130257552397,27.525288017405565,27.68486475349259,79.67590804349067,443,8192,71.41412421649359,29200,1747.523895873993,659.2294958583558,4814.453282540153,304.8495984888898,868.6292316638079,4.032879559262625,3140.8481932618242,185.53784490527806,20,benign
900.247834023121,1010.5689641599865,4005.782394558143,2658.0583444150234,290.44568687459207,548.0108462013792,565.0796892820413,21,26883,310.841772031499,0,310.1818443208427,367.71093035742916,1754.2981737385285,233.79905364627717,245.8687411071541,15.35804898188502,5940.075536401581,67.28202974536103,40,malicious
78.27537159872261,1256.9866627114723,7571.99070233806,113236.91613699905,210.6513842238319,925.0608272525196,881.3030910334991,8080,26883,232.4367083745141,29200,3134.176942076169,311.84065634771247,2011.3161635505041,57.451907298922116,634.7678454182418,90.54792188022904,4492.965982471415,47.81310325105534,60,malicious
6.713572271111384,226.3016409286625,1292.139776311055,140.96739168703925,25.628241160234065,53.65641404793089,152.96333780824006,80,65535,34.60436972734951,65535,2054.542678823611,52.761104513723204,750.2234626125206,326.71320432563806,115.09979490007959,93.28234426541388,4883.767334447732,38.346432020605434,40,benign
0.10359945132536377,234.226824360334,1329.2969425446618,556.3718580269273,47.967786256809,106.61885610886594,229.92517693951524,443,-1,62.42557798899896,0,1196.0150990521975,199.29408239626235,10776.078009387822,52.83438751683375,971.1073938966471,24.085156626397275,384.8630299615042,142.90755276111167,60,benign
8.923802749758288,274.6332768930618,160.7233662438586,185.84746051810484,40.360771004947935,24.116137333641042,255.8231763849732,80,65535,131.8548447948053,65535,1247.3908874623899,1321.7031152311029,11385.475612670862,360.09043086703775,672.4067827401983,83.09244084396707,125.49271181330634,154.67683167550743,32,benign
607.5738478393382,1156.9346705293874,7175.353085739857,10235.36447858635,228.1208263498289,507.93685364490693,560.4715745555156,22,29200,492.70578457420316,-1,1520.2016432436887,1164.264297312426,1848.7383415415063,171.22793835662654,152.35502843960273,31.3649168542928,60.32374723552504,177.25424830789746,60,malicious
384.3939166349445,789.1587566656528,2228.171146566904,14977.64340260529,169.02106102630097,897.2833970528835,481.72069820939026,21,65535,466.4568354360924,0,919.2930798839691,460.9073009190984,4473.897325241623,199.0256723705079,355.7519881027961,59.07355322702854,2950.128060587817,56.13581060672382,40,malicious
329.77415721709826,1093.9533189321169,4994.353589352426,16620.06965260089,378.6704018487559,790.31173079067,863.7254990660222,22,65535,456.06684860002565,29200,2548.574160724276,590.524446121672,12873.060708554387,254.9859422225334,401.44690912782045,24.7408041755926,810.1606753234814,52.63911562874473,60,malicious
10.941746948482379,214.62959407194302,1029.1445318012043,1886.7329254844515,26.558435061389485,31.185308906195054,259.1161316101697,22,26883,115.43763486800408,0,1420.8161168851457,1201.2654224355342,12395.937328761724,20.64975449921668,859.2754036798227,63.96037656522265,2519.0663146873203,51.06701343500987,32,benign
34.43031089294869,282.1760442842185,197.00225653439452,73.47060298505428,42.67122889463328,83.28006864494179,268.1368303538576,443,29200,66.41150678236832,0,1603.2333572185096,977.018663567992,3991.148749991946,65.90724049675404,1449.7439353866962,85.52856308845476,1837.5372100030222,35.06437716787396,32,benign
875.1202158029222,1137.3410642867912,4927.954519299205,15319.98822269574,235.68689972698394,289.0048097632931,885.0255266857121,22,26883,476.0187000034562,14600,357.2505003057454,641.7471944366702,720.3743747138412,374.41716309708045,1417.6196985945578,24.763575402473204,80.51377332465162,69.96413774062097,32,malicious
19.93757176775342,286.381200914826,691.8858927535288,2011.088336969995,26.740924855039854,29.460577276293545,110.8854327289591,53,26883,136.07994870127476,65535,1234.101593252814,399.5420284232203,2614.3871888522644,50.10129778029291,993.4003251991385,93.99267574415313,65.4666515622318,133.49986498669307,32,benign
162.5419670569795,1149.534956165824,2130.3673780335316,32861.57403995799,377.8750114563987,1184.4782924904116,596.3871891778513,80,8192,449.54527098077375,0,2571.887240076624,933.9213777474415,8877.688270333776,326.8936614403412,388.47267874182904,27.14815370929169,2755.355399599103,44.35533331465512,20,malicious
106.43491300046513,1206.2852035306578,5597.860276974945,107611.70163002201,119.7393024006269,978.7236785783753,693.2468707765046,3389,8192,278.25031850373546,14600,490.7940036942588,1339.7253932588026,2204.3359614090036,319.0632963274307,319.7304505552387,91.48772570376056,3079.7747305126895,86.66229245940418,32,malicious
629.788350878044,1627.89235198744,2984.479533070066,48908.174927418426,194.94547617219297,1088.4787630458682,435.8782588096852,80,8192,269.4489194928784,14600,150.75321697301095,1059.8138576192914,16718.34106484723,43.17992830055317,1481.2007732718903,82.66850208861139,2372.099248412947,152.6460652660351,32,malicious
2.043550863359116,219.86204342219472,904.116863844208,49.6650054217022,21.201673363283565,38.301505042955455,157.93930501457058,443,29200,52.552911471966446,0,11817.928581531172,105.4013952990968,2993.1443750444573,155.02564020375183,917.6635038770635,7.415684884441864,162.1961795370105,163.22998170559308,32,benign
456.2320649187688,986.5911317619629,4979.005137046209,45.02485375780535,206.1099939564661,1142.7255608652536,520.6806754265488,8080,-1,571.1231765517189,65535,366.0405368839461,1422.3738237398134,1320.3429773756623,101.3083326133738,751.1366186357222,64.01749215228746,480.5686965976762,95.82199437835577,40,malicious
391.04830460796506,1117.6346651948495,7572.864217742048,146781.02600646517,336.0521713118224,746.3251878354456,453.0295870665603,21,8192,157.74373243490706,0,6262.129925976525,971.3058723440415,476.46325683734995,348.5283432314278,261.4126955405976,42.17243069354637,5653.921089037193,50.676412515859376,40,malicious
1896.878743071679,1143.9987444164249,7220.589451889724,34710.964584491085,175.10725929943945,685.3329467937174,773.0183398922745,22,8192,202.24501665341427,0,617.8806253089392,1021.1294687431082,8125.531511033996,339.0822583773333,349.1022684834822,53.03380296104208,606.958518716283,180.9516681295107,60,malicious
780.2521505469391,1242.7740751954177,4599.07801923156,42862.47711082041,233.49586468161277,568.2323619839823,827.2601301180739,22,26883,465.8469687169068,-1,1463.083499336168,932.2804238019568,3450.3651477135495,233.7964402515163,395.72609348343593,45.20593467961513,466.1863814721618,34.559998528171285,40,malicious
259.0311019122338,1223.2383631864084,5757.155237662821,2188.813294861027,141.75804662161752,634.8733215854677,717.5073505639909,21,-1,174.67223332851876,65535,1150.09932755527,1094.2991201998407,558.4560855034721,390.97209070795753,306.8462004020334,23.23945543249607,824.930404560584,111.99162735668631,20,malicious
4.1126201123106485,315.80572752726596,1353.878559966177,1222.6115592023846,48.99946528151047,64.03119727794072,277.22416239353186,22,26883,89.36329433024285,29200,316.17525076503006,987.016706365548,3079.0465581003564,353.9305187818227,371.71163027109054,13.566864410078738,635.7263517220421,152.70862957513077,20,benign
15.975134859456935,319.4248573732522,598.2686578330256,618.851733101641,17.981298234101168,73.8686930620907,151.51756785530557,53,65535,45.6392808004062,14600,1308.967989785108,511.9072178902166,55.01955848522277,131.87694599724605,433.07430694372596,24.252811375081286,388.8912226032656,27.12328252652348,20,benign
10.13749016363729,1225.0840209557468,6647.956732212623,21818.91312486307,231.76758029095905,432.779033835866,805.014411356312,22,65535,424.9598658768913,14600,1811.0676124978763,862.8238014660952,667.3154712904991,89.39272035202951,744.8232308425397,8.07620013469178,1621.9444036899665,168.50313431564172,32,malicious
28.140630267067856,271.1953432652041,736.3114611340542,289.519038183192,8.599922543067681,45.66104739448914,123.66886268003003,22,26883,39.75103982192705,65535,825.3479669663536,1109.3780088585306,3778.764303804743,287.6782741380668,154.1191256454942,65.421461241428,58.43441038408542,82.88551210297813,40,benign
17.344282568500955,331.7871842626607,1413.5708643863447,458.831665054197,46.137439669846195,14.145413419523509,96.52224486714162,443,29200,98.48304577425644,65535,334.94635100293516,641.4161149432097,613.6845935108782,368.7278764380821,796.7358231167269,43.43878347247549,754.2615473277464,33.07749643718827,20,benign
541.3973620371512,1048.2407630766522,2776.6408698323658,4622.987482631822,305.16315389264685,898.3122548520234,656.817900588291,21,-1,145.62593864389856,29200,1477.8984347957482,723.2370109152154,3192.307537832054,333.1435489034863,279.4417006926333,48.53890252272352,1474.7978504856235,133.29243039826025,40,malicious
74.59179908424366,271.4824036595893,1035.2167302362934,380.4357138347376,20.787230396328187,40.23052497000441,190.53171995894473,22,8192,57.929651362286926,0,1456.6943381539722,885.629348084296,5510.711693929118,82.60521124980431,1059.7721908949366,55.06910087352329,914.8695193167379,142.28106486411588,40,benign
639.789998282237,1229.4246790482366,5498.704341547869,67235.61145017574,324.7576660483747,812.6921761384632,987.2324672397901,3389,-1,131.59455548855982,0,110.33273876229941,913.0926532830102,2586.5802754316887,246.56694111046178,99.65651846548478,15.460643747559432,412.44275427016254,93.70813384320955,20,malicious
614.745811597558,1226.3200222910536,6360.50747967221,71286.37631573142,287.3116021994051,950.811968390361,881.0911423670361,22,-1,547.9748486659469,65535,10.91686808371363,279.13189892971855,9376.508878487339,293.6286900969193,291.0436896864377,74.62167159535102,447.7280826557589,25.744194725626844,32,malicious
32.95893483093108,1273.752178763693,6429.451036946551,19942.129917563903,238.86919395911295,447.23057741845247,996.376113143814,8080,8192,438.7348392990421,0,1243.8850030512472,100.98021006884235,1105.2566173182329,391.81486329346257,949.1982522421845,27.398225989590507,1850.495473252541,150.5078919250184,32,malicious
9.739394300028412,279.4961826157103,779.461219808136,576.139082803315,27.52914223912324,36.205386857450506,273.4308081826646,53,65535,138.32331011559467,14600,186.4770485617112,357.15373198755543,12183.265917549914,236.36251861422184,1373.5855520021744,8.410499807862848,1411.8982923554568,152.41610740177626,40,benign
9.91067501454538,208.80087325743446,531.857678420263,351.78547814476684,27.351063600521126,75.85405935160348,180.47700052840906,80,29200,135.21510402926046,29200,1478.3310014896128,600.3690420947785,6946.262003363199,181.06432356362248,1412.0247305867313,5.829139131979932,472.7823055476474,198.15391322358076,40,benign
44.747331388496,329.984739591283,114.3205529162227,831.933220953379,30.090242203286373,31.82600645288186,231.74514961365364,22,8192,72.06302597999951,0,670.8381506709175,648.7708019570117,5342.352475777597,137.80590492796114,1416.2819579591219,21.019910566140364,184.22926987208476,155.74734869699415,40,benign
22.98012667987289,240.9882584485175,130.960894951429,286.2576902064791,24.737669865820234,99.4834687988287,296.87631885120487,22,8192,132.3357072854559,-1,6440.679221713712,1288.6055056143075,2052.10571130738,291.49607773227314,680.2790714237776,51.95027056779309,7345.186595848041,82.05430522788139,32,benign
1.6527041242864802,126.10796967179667,1195.0267425078973,187.31054748437222,37.99402203477556,56.54611662662418,79.85540551634983,53,26883,29.084027362611568,29200,2011.9511599144143,1272.0503973784578,1895.7596107225188,351.9229144190791,1160.5396582530884,3.1006994247097297,1213.9895920195727,180.99540637190398,60,benign
389.1442825974537,1331.255166013866,1951.6007377047667,26002.22415814264,148.40052900264854,729.4667006678853,804.9248698645019,21,29200,173.6332062023931,14600,801.255533011237,1377.7028295307523,21039.65376681801,266.3669403478308,1168.4157397867334,7.7008212374138685,4480.910231895686,22.13536041250262,20,malicious
6.3883981739289535,180.67695464931523,815.9890155851778,648.2740708595004,10.51041361547539,78.75783616808276,232.36401495743186,22,26883,25.66433071652485,29200,5032.305045128371,1168.3570136582152,2111.8955380737816,378.2601002191786,658.0625228577666,94.72994147789126,12651.700643734745,113.05270943333112,20,benign
15.82194856239682,190.4037020352564,573.2907283069776,63.64439564742934,20.73679440201779,47.944788968145154,187.66447555898895,80,-1,85.8702581758059,0,1317.7342852843526,1432.4337273833814,2412.8297641330805,307.9636919140989,1143.0437287588677,64.52103030550916,12214.727265302954,147.04858111732352,60,benign
2.644442448754636,259.68424197062586,1332.324378926813,1630.286943545448,39.37782205456905,104.72119899541592,295.87518394478684,80,-1,123.02579877498732,65535,538.8268347618754,411.62967309176383,2556.5425989751334,183.45427501776743,530.7414665446631,60.441282201318415,896.5359045974917,39.72135672114059,32,benign
785.8730203822524,1079.1678895518592,7210.022607310838,12704.404587254126,304.91558088992826,1007.3544419348461,767.3862567324924,21,65535,297.9077365930645,65535,1200.205093708571,785.9356139572162,1645.8929304103906,161.12396381276852,151.904968078131,71.83440665651815,2607.389732957511,22.211717181522506,40,malicious
8.002264319253293,345.82979043783666,1200.1331374577383,1283.055412032495,5.498474768245403,56.016097563833206,87.79578063002637,443,-1,69.9302159938541,-1,1281.2761100766518,619.577250234343,6220.213911355411,373.22724146862765,316.5270406593488,65.19853541504798,2270.1681170478582,167.18100014652848,20,benign
46.93983794276356,240.50081457823853,622.1431077985625,28.480647083118384,22.98756034878892,95.10053863317374,244.20772286906103,80,8192,98.71180647379427,0,5288.051950094155,501.14690771245574,4760.012807181764,212.54069076224815,369.1617218221173,53.02873656879802,2213.5159898881216,193.0744876404035,40,benign
795.3573501274594,947.8566742354537,7149.788187797993,23274.28469733553,213.72795609302972,939.6291802772827,545.5814209168308,21,26883,371.77666100301167,14600,2864.6532263974113,1159.7037647913023,3075.601718957081,230.85649128862073,720.2852969739774,99.17474272310615,1618.31856729256,36.116627534547746,40,malicious
6.657857008745614,242.01125753409045,937.7299318374436,666.807084275064,35.85385950102203,45.70519110075572,245.7913364169547,53,26883,43.7608550755053,29200,96.6465465526028,1107.6044178752927,9139.852914806754,190.4878635546347,226.41801634399755,13.020265619929027,6.43534970161882,129.3406535235048,60,benign
1707.7128951483678,1273.1956657027192,6591.892340240443,8169.334121281237,266.39875399669484,1194.8628215166088,535.437606643071,8080,8192,312.1870486297414,0,2856.475080378315,64.23718641862285,1420.054388892241,303.5130425700535,1174.338749920002,5.856029349850489,258.75898936743675,34.190302499421165,32,malicious
15.932695761194271,217.9956596559839,1131.023631259342,68.47460138164465,20.939107189665716,112.96940114820191,163.81877239310825,22,-1,125.07581671790132,14600,388.9489460206772,1106.2666978834768,217.72971861960806,375.4628796114375,472.4595241669435,16.024154981198222,1759.522008693587,131.09300146201537,40,benign
430.90698128830996,1012.922974278318,4814.382186504433,11265.974648577943,111.31632813413904,709.4830738333303,997.450776596628,3389,8192,517.963305033991,65535,3517.44929850288,88.29680558942735,16041.10693725107,363.39505260855265,771.9419649205745,4.178587118733823,3511.9823326091077,100.08262273477087,32,malicious
641.0591165998585,666.3101567543933,3069.708712833446,16760.221960703697,305.1477153609378,1021.6878586184989,619.433227527903,80,-1,475.3931859741644,65535,26.295056282270902,840.319744983784,4437.503482410373,223.3778874930793,733.0302840695606,1.440121366222824,602.2456274368427,115.069554537154,32,malicious
56.47392122150254,229.33414571262438,269.64786241923673,97.38163482681456,32.522631560659875,30.81744273703504,67.6769380737864,53,-1,32.20400951568751,29200,7211.613500130303,1041.4998128333027,2576.583056630698,266.972686905252,1311.8612874235093,16.371829453645958,402.8187697662925,49.99329511426501,40,benign
25.791426552537168,227.84194254547347,1031.050525934542,407.79441840782204,6.822003596977227,60.33149494256479,87.10875765818092,443,26883,62.688589808004735,14600,2140.6287926410773,1257.0622729324946,1356.7049754834015,115.68484283533986,1300.4552953155514,57.214791820534025,1463.9248316439669,37.89733030274124,40,benign
29.476282401158397,317.4353957017187,438.5767793730218,397.57185572360567,13.253713137437353,84.98139615354589,235.4985310645329,80,29200,32.37910367047465,0,153.31132271350432,375.5334528055681,4832.975582750811,37.34009087136508,492.3584560231055,88.9809823584546,4504.197360628202,115.94782413947158,32,benign
98.06274088510001,1425.7896422071358,4703.220541250383,35887.23950345236,302.68482969846093,338.81086269687944,818.2391083995265,3389,29200,418.3628420317596,0,87.73793455256008,104.31606849257386,2411.1684603240174,335.3806348060976,611.1915113005251,49.344930779585916,486.2528737837323,57.902486575946554,20,malicious
3.273424842458405,233.81291363093894,533.6989815721341,2602.990134181741,8.703265124041215,72.1868689870694,232.11703133861516,80,65535,105.04055907071648,65535,132.12790528122295,1110.8205480936995,19200.11980538126,329.7556095106371,569.1000710338933,66.63314061716447,1389.4787759369588,164.39348225027015,60,benign
193.99047843942913,1215.3202460722223,5213.741603725191,2702.5748065791577,283.56323971981544,1068.3225127758908,887.1603489848469,80,8192,525.3434628132959,0,242.284448170864,412.08654884848465,684.3553803637076,377.65977182800486,1249.4970150288407,17.989089037603488,1916.588023883375,38.0744302044544,60,malicious
53.95623662062099,238.48317576113237,1130.9513940345362,135.4471386073803,33.715254918384005,24.337277515379444,195.85283941346586,443,-1,99.42649140407342,0,1146.0750763979092,905.1388342729247,4615.899488410616,23.743162103173393,97.38343163631686,56.9565488732148,248.82492478307915,49.42334811941974,20,benign
950.9794909991957,954.6071679627861,4075.817503118818,19207.87308912224,199.5414791317221,942.6467865377011,737.5739928750043,8080,8192,231.56999312791942,29200,128.56243296900647,1445.8057710616072,1444.230866432726,273.83513886974333,1335.86321725568,47.19249389338127,1700.9058361460893,121.57091648875382,60,malicious
28.991599485393795,213.36178650573515,1053.2004685295815,285.54593031267234,14.097668289832995,61.587633661377424,86.95386688211188,80,-1,127.94516871737791,65535,780.2134425584487,281.83452754626614,3667.4941710246194,201.78785602374504,300.62724869803816,73.21608462529441,2809.5505060919204,159.06832916399185,20,benign
6.35126050777863,199.04111514037402,280.6517569817522,365.5067152699774,41.39445038033491,50.95567981136181,104.79954467404346,80,65535,48.88504548724413,-1,110.60737079666151,181.40254505029876,22.00374721941069,196.4362026496618,352.8045475803939,51.73054335223137,2272.11086018667,132.25766979883903,60,benign
1068.9036319234376,977.8286466106717,2173.696127162853,17496.587587546146,359.03053047832884,611.996145318853,819.4114559014281,3389,-1,140.75047044757522,29200,11835.228881395904,995.4428129509917,3581.194975852942,218.07210249887024,741.3150994137784,27.896088114437735,2092.2275834231846,189.51545332211447,32,malicious
86.19956885072541,186.06528784039733,674.5561234143274,158.29186230826377,5.789662648075989,104.87613615281782,57.45443652027086,22,26883,40.343624843504344,29200,273.7450015408898,841.0751687883646,20238.549349140314,397.0366487791423,1076.2025958807658,80.37972467575194,5168.042565516556,168.10522659675124,60,benign
597.0119764457736,1141.2495325699151,3145.8691263688543,24482.548223599082,236.07733129289483,901.3129800815132,470.73436455587705,80,65535,472.2745147287529,-1,2534.198886491973,839.1258425409846,6250.9967848554,70.25243972560965,572.0712545160533,50.73698121306081,2459.877080778808,146.3325754483921,20,malicious
193.4285754674755,1176.2864102517829,4470.434195825303,11554.032796297113,251.12235778527537,784.3878159264837,987.4293282267159,8080,29200,460.71268984494975,-1,322.44217020392523,1340.842252263197,9253.91015182315,155.14498589879855,891.0386854206134,87.49497915380935,3937.928041358659,54.462930803926966,32,malicious
13.173436818384923,335.7760344772971,741.1359968144714,588.2876597365612,38.118002766037044,87.35692888912564,155.41659198498286,22,8192,82.49584702644935,-1,584.8753316604622,1329.3179062992126,60.03496123129985,357.7601424557203,1239.980029953511,68.89976767083854,546.9921857111286,146.26854941898972,60,benign
140.23681374659677,988.8610625872537,5341.439556942267,26387.13919296503,366.41932317882254,901.3795533635813,488.2117257459963,8080,65535,242.52725465904783,65535,677.073158738997,1271.184707576147,9202.189772733687,147.61392670907549,172.6597175832408,58.1178969333028,931.5855775581634,28.565331507725368,60,malicious
8.504721579823077,220.30996233001983,235.31020041793505,207.04124227535343,23.48698554968853,96.38350519209037,206.44532607553387,80,8192,122.32979692872041,0,7658.726217405259,1471.819517512915,16560.63828720951,157.5804107067447,1404.7648892943448,19.739344069577726,1308.4554146544722,111.1822388157616,40,benign
262.41214879842386,1226.2267217659776,4704.614227617289,15396.949815728485,210.6216428301595,971.4023406547637,758.3482962855762,80,29200,558.2057046979255,29200,1693.070998847974,577.8431466389022,2847.5329537052626,194.45594234328314,164.5932660045164,23.75879727504675,2559.1663233859026,60.0338095389297,20,malicious
20.013054433357276,263.0306442985369,759.7521410289056,444.60126498877304,5.214897519350643,33.906073827382315,66.66885525593625,80,26883,111.49556031572133,-1,770.4088283853196,1207.409376340292,369.5652237593129,334.0396510930097,271.4079961378533,66.90082244589493,1666.8779134414629,37.682378932866314,32,benign
43.86805082895791,220.36102847287123,513.8910794917184,1085.193114782479,35.73828878702555,69.9496206017773,278.3688269756807,443,26883,140.62864539278368,0,3605.215587435444,288.58003305588807,7400.99904574634,373.3287222111569,204.34984019234648,17.43714345180485,252.96355726230013,165.45520911166014,40,benign
55.96304265231996,140.013856901752,324.4137686421226,166.65456805738214,25.31221130318641,38.54778996362185,168.45744762409194,80,65535,102.30072977346543,-1,379.8494543657935,408.7862244726943,493.85214373823885,29.96909580549335,1254.0088780822116,46.24137632330431,1691.4641522393094,95.94777795052255,32,benign
37.48094738862913,295.62257714740286,1336.2676714182091,100.28680814894447,27.199805068072322,25.973365261729807,117.96870683208594,80,65535,88.95722008326777,0,148.13733406124226,1187.203811359709,941.5956746871288,148.27103411837928,643.6908490353754,21.62747649493041,108.29536978897464,72.65488054053648,32,benign
177.14922226979687,1192.2979869190085,2838.7315776043497,1593.73696267364,319.7141695345315,1050.9732756639764,638.3069356721717,21,65535,385.33143956833135,-1,2808.4329952086264,548.7860997384937,2306.204111442769,166.39421162299305,776.7875106096682,4.456940415874023,2724.60538031545,75.95403454992743,40,malicious
57.338633123665204,1232.8558161628248,6217.689505557478,19469.772827399484,105.98036369407444,285.8529597330765,744.1244948036552,21,29200,256.6833758249504,-1,721.3364538630995,359.9201853721845,192.11503890825983,202.1917773007272,89.2431668725994,81.23332002675691,2260.915124779449,70.82174929064169,60,malicious
134.95224874071994,1005.6769665848245,7963.742897630033,9309.052237746426,215.37828391408902,427.1572351436545,600.360514910857,3389,65535,300.3956227706818,65535,5078.369730504352,1184.4051825265906,3046.3887357399303,122.13545794353682,746.9774384375653,48.86591931686793,2656.0424109095397,79.90029485649303,40,malicious
15.971564366020822,320.25391396553573,461.762401861017,95.83794289529587,31.417843224301212,40.12774190536571,91.55709432188618,80,65535,116.97761469321557,14600,2104.291156249968,810.5232191718966,8195.50940607488,109.95143695182614,738.5000364343309,20.520087308878544,224.0647039906067,30.575698695322693,20,benign
144.21291739934807,1238.2807989291491,7298.283358524082,17224.48518096543,364.10102773711424,1039.4868451874331,941.2415802704331,21,65535,411.4843826431297,65535,1284.3498717767009,683.445672210266,81.62689720928898,360.49101429634703,152.16683584606767,20.548559191202077,4873.887814212931,119.76491794147651,40,malicious
5.182172465891658,260.50509544623293,593.2803002952611,153.91785226600035,7.218980949065044,64.4902218876046,92.8773615739747,53,29200,25.374628639927995,29200,890.3763170834276,90.2699453753908,2329.684849204758,249.23465553456577,897.5580009394273,38.20611461777103,13041.36471114827,23.26365369920548,60,benign
557.2936174891654,1193.228666819047,7109.636433613552,911.0176078561913,268.16018458586825,889.1850482185936,767.9364540733527,21,-1,450.7034571451716,0,478.9674646382177,1343.1651381887261,213.0364322438131,87.40537760279854,182.2979453312761,67.08384689023569,1781.2800107757032,184.22967675781516,32,malicious
227.96314188134974,871.5793043345755,5582.462234796176,35554.966892959055,235.47620070269582,487.92352974709365,763.1724312641777,22,8192,139.67284894416483,0,3490.689100996662,1210.4669786972129,443.3328001027863,156.42776389350004,1074.8410316397615,7.027012669524058,97.65227524627316,120.41854635035364,20,malicious
14.288024286324728,328.48613270443525,1283.8215126338168,270.6350097886364,23.177759627825242,20.877833805257218,52.42701633805218,22,29200,40.9893543521669,65535,2858.823302176186,539.6752894408515,4323.233028159048,227.21640664977988,453.2315319807339,0.8824808264809247,1270.5493144975603,171.722696258814,20,benign
160.6386078771939,1011.7070000823701,3241.584074331657,6008.9525328468,294.8345263752313,623.6995153822309,490.0388598597788,22,-1,415.82962910448646,65535,4311.628689563967,411.70176086630715,3199.8497974476886,48.56710527742378,241.09674203876187,52.78200394207937,1824.0448223853741,46.884887025772215,20,malicious
119.29213893453333,967.6058390030709,4729.675861840695,12819.294853126057,132.25698038768746,423.2157020524527,790.2250076606701,3389,65535,489.3788508103048,29200,1799.9922231717728,106.05188073702831,1003.7060931346462,281.2024698736183,1159.3476487559292,32.60762273129786,3254.116867276151,160.58844844385254,40,malicious
3.0840892066898866,196.63646455816047,354.0579731026116,280.13834166930957,5.689501821510223,23.57576825299494,133.61706301199627,80,26883,57.168070675270734,0,401.6528801282281,693.8076794932705,2650.6546314739576,258.64366018456474,1335.429214953237,69.94188909506593,2013.5606096692381,167.3179699310835,32,benign
29.42481787859613,208.46810926936982,720.7794476104003,484.7263915400089,26.61052071060211,13.668762858493146,180.26398462183775,443,65535,29.094215798876082,29200,1384.4135997571734,667.024278460213,15855.217528099536,391.38223832960824,468.4328494380272,49.77598217671545,3346.7092732653887,105.81062466572162,40,benign
286.6403139224252,1261.0779238724379,7592.095734427576,11998.076117873192,146.09322065521803,950.1165194598113,441.767437865274,8080,26883,411.36647801730595,14600,650.1271544337326,804.9080265737139,1397.0432109218611,84.92872376466707,332.7943712634449,33.63538328142638,3103.8577708260054,99.07614920528286,40,malicious
7.473345600705777,220.5619015213532,786.7229885631062,1263.7024050332373,29.55130305453851,82.73645050417272,116.4791203442709,443,29200,92.2882992809877,29200,28.755116696860604,777.3245831829336,4667.88622207946,263.52465794522385,1008.021733412298,29.720883893056683,384.07676425194535,142.96423685932928,20,benign
45.27874955295808,225.00581484551068,281.1192261843124,15.64328606854281,27.630643979709422,62.74112992807052,246.41720766886363,22,-1,127.30037339712233,-1,6893.117991566639,515.3539214125094,773.5796198603285,315.72126838924135,1184.9925244725214,19.021178808573648,5000.331868436645,93.07812068717267,60,benign
1.0176651352565502,245.88597556710627,162.64527208992328,230.69899052446794,45.84441408958908,89.00166398680423,181.179717327018,443,26883,137.07288953712464,29200,1488.404308701445,636.0973891418482,714.4092538839429,287.9934607815032,489.69843075993805,30.130654119738466,97.87205230373581,165.2032530994326,20,benign
141.08582654529505,1339.394825612804,1898.2936294072006,81192.91688168664,398.6619838428332,559.5821035290403,543.8002339141485,21,26883,501.1494058597613,14600,261.84079460553534,400.7917811742914,4344.860623047368,26.815473750571563,1379.4293327285602,19.789731675137823,654.9215512252481,31.082466015316495,60,malicious
1184.1847249661955,1672.9715046258302,5939.605858695186,126997.90069488378,185.65299789566834,794.0906593977,582.8827031770055,3389,26883,541.5810189038154,65535,744.8529034659268,633.8906628642445,11998.349839721595,312.12228033965147,70.3610931691451,86.96492228572555,4584.024500565577,43.427728084716954,40,malicious
11.254732156055292,118.87577761964246,585.2728470253987,230.90733945382513,17.994754743937552,57.96450888222124,126.10498429889648,22,29200,58.451752074141915,14600,925.798185845868,1323.769291599426,7399.646371200634,88.0205417186703,479.84665425241974,59.54329662180016,8074.889450648338,196.8757008433399,20,benign
980.7578829828843,938.5850203642192,7106.440119311315,18037.57554586476,321.74247857558214,1107.9881993543008,519.9678131108858,80,29200,168.26041785222804,29200,1484.772260437263,1087.1350124628934,4692.169399690007,232.85221288560209,784.264867617306,38.61242908285498,1189.992756274323,188.7905619292346,60,malicious
38.9777070681142,995.273748239605,2357.8314692656136,5542.410579922924,306.6664903848866,689.9631714271668,976.2588862054628,8080,29200,254.52734879981864,14600,941.8129230449758,481.79691345923266,1157.6610752030308,371.22974223882204,1299.3692969453894,0.3628932741216895,64.26140578450587,161.45899895913033,32,malicious
9.365556473808192,1175.5036498268937,6142.754492171765,1155.5022497567165,351.19294208854626,320.6440182653656,493.00886237075554,21,-1,541.1863981005403,0,2675.3382886084332,592.5604183813987,7813.554289569052,153.13595544289777,784.5837614314465,81.24126328777199,385.46589924346114,163.89670560252824,40,malicious
7.853384419937395,361.44581669727353,774.4133842302776,18.110511260855773,5.225600349885954,48.23272750133675,219.25298215415316,22,29200,110.81193168204271,65535,416.16855628924446,841.6690243501279,1102.4045483818572,56.936878699386696,1274.0993609727307,27.233159331181568,1476.3134754347682,93.43591293307239,60,benign
26.20688297907101,241.50910705654627,1238.5937918926288,180.87785829565095,8.166446297187344,101.58282282312686,235.564855187437,53,-1,87.23534483480609,65535,1280.1812363420363,1405.6572248060654,1309.005722513924,194.60467918573178,1277.742361864523,89.75830789362394,1915.9887632343398,116.2085659436015,60,benign
2110.246170526168,898.5458071997316,3741.3188279369606,3477.9045035750396,166.16966734165803,649.5085695336832,965.9743417995124,21,29200,521.7107098003348,-1,5670.7403921026025,1294.7838643384334,15491.013274063313,211.98809586444744,1236.5246640880514,85.50292345074641,2530.9166639141145,96.43641474558763,32,malicious
8.34728026621591,260.9530051387839,716.0841826549079,489.3952973326751,18.627446864976722,99.24964846065028,221.3563479216476,22,8192,117.84510481497162,0,2082.192733251812,189.90140063806672,19245.080186560925,80.41014841744409,954.6111783419956,17.382628251102716,743.5275949636098,67.64950082056095,32,benign
24.364803061377383,1253.6204018657986,7672.959328988649,14382.194787738565,396.77092529255407,937.2648219087679,522.1052477643913,22,-1,515.1125579134252,65535,553.264735077992,149.7901947379381,2725.9804694500363,122.21851130487558,1243.2458588461561,86.53766047043867,510.62740585676494,88.93936544834682,32,malicious
28.93894347446908,182.79753591059142,804.8187725457658,49.640201932161645,45.83611671269496,81.81737966966506,60.67833489715031,443,26883,143.95743306289242,0,3966.757319157737,601.7934612148084,3749.064373269984,276.2526266047109,83.2439117147041,35.16872535541648,413.1894413152635,78.34656464626374,20,benign
8.273207944337074,225.7114776264467,529.2530754679017,1257.628492814014,12.544683532188047,89.02577527345292,292.8170802535651,80,-1,24.59848533655706,0,1179.1878767751534,460.0786052233089,4776.301767126304,261.35995859895434,546.7819970374526,95.4909911292562,569.4615242274076,48.919729519786706,60,benign
503.70692143241376,1242.8459318390605,4796.533957686805,2102.2246354781414,216.72752485998723,300.00788091377785,881.2966563109509,3389,-1,445.9713886405774,-1,951.0405252252569,848.949927486686,1508.769821437993,383.387452336499,1255.8446873128562,10.215680509035908,485.95587224021216,179.10181450602727,40,malicious
58.39432568348765,955.679495977553,6813.593753882512,2178.384058953265,285.5386695490357,494.6557170989985,806.2329938118426,8080,65535,353.84437973222487,14600,1600.8830046497096,1002.0769098075143,899.2404439282224,223.999561108805,304.29953875903465,45.81309762052423,280.2747513911026,159.39289582720667,32,malicious
419.17195506175386,1142.2705154866542,6132.689039518689,48933.68398261496,316.7409775424603,1172.9372419750698,673.881627755853,80,29200,268.4831324283797,14600,2858.321726149882,1475.435926997661,12370.137536627091,54.45710460253823,1198.7535089358548,42.79300321277897,452.2404351797792,99.17248000883733,40,malicious
4.248130167677341,263.1107288569068,866.9072306123899,1456.064292118416,10.576890836602834,83.23971139091934,82.14491173489573,22,65535,94.73791757623685,29200,1093.6217808108786,1020.3472780298611,15971.082206070441,395.18849296066884,1194.838201357485,18.821419386543447,1664.9725677709796,30.201723959387003,32,benign
117.24554015528614,1005.9421125270825,5987.224239595401,77476.78081155056,229.43724940127245,499.15521721545144,601.8184317707836,80,26883,490.2871128051752,29200,188.91633707560152,284.9057594973842,4497.242092904923,171.58278829265993,1025.8168547201367,47.53930750386345,4109.88102533211,129.5185241651164,60,malicious
24.142625909001193,252.6070426189046,408.01809716871264,626.9558822993671,17.92265755715603,52.017308143131764,276.4941438873935,80,8192,131.61585344295275,65535,255.26810080862327,944.1898383333622,2300.7155749287563,158.0220349671039,670.9840642976952,46.47377968037046,612.893243037814,28.189977063050858,20,benign
13.916104661438764,246.20291369073024,603.5138052591931,341.19262193899533,30.322832522419066,35.055444573304186,207.66136324477637,22,26883,91.1455544119321,65535,1205.7716645677274,457.2168550837831,1579.0831122991294,148.98482989651737,162.42031506780182,33.728087277486274,2808.4054462741874,67.04605969145646,40,benign
950.6430772432044,1203.739912972518,4658.395652588657,17644.56397015411,117.86901279425442,744.1871710985464,915.9058485867411,80,26883,482.74385063552427,-1,2180.856252267335,1188.2433812130516,3573.86324499732,227.14640869692784,113.50114562947846,72.54484559883878,2821.513577894213,59.2691194180657,20,malicious
4.913673706683767,1367.6965055633918,2779.0374929730906,29143.295897973534,126.8982016907546,918.0766478258367,885.9875585406967,3389,65535,264.7166290647252,29200,1048.325556702464,1012.3833333886865,3030.5429301090453,247.87896737035211,664.2505511994402,93.60789811044603,1811.4624834468673,28.149671967982027,60,malicious
1811.896970647981,1199.402502057101,7365.133753580344,9757.376608810031,213.0025964073326,377.6913494111344,461.2206098362236,80,26883,149.033906156952,65535,742.147534344868,534.9450969188016,4917.124115106004,375.5200704644982,344.7353645000947,46.75089104337856,128.5205874771058,67.46164870555893,20,malicious
631.0892125796348,1253.0486009255976,3721.9739870129297,289.040162243959,292.8278066536518,793.0638445124177,858.4655208337601,80,29200,268.3854445543943,29200,1859.8407190902187,94.30285027973795,8079.873925602114,305.14303055046486,803.5485880107676,29.30084365217651,1445.7363343192014,177.12814314378872,60,malicious
11.334844812619343,254.98820968028778,380.31131766620535,1354.2674941679345,39.382501600654166,62.40657803171944,104.41692500017581,53,26883,79.6264081747487,65535,908.4288524052465,534.7518414599767,2118.170631983792,85.75470039405404,1095.3564986860329,49.561718327321515,2138.4306861047494,113.73568120857541,60,benign
2.1704238933087785,297.708183043046,535.4075948580553,243.16072293261777,17.77672509269486,74.97441135328613,202.10211746564826,443,8192,76.57925390110904,65535,269.4227154969679,264.11825252830977,10053.539745665423,113.24359568784102,1048.7986351296488,4.401531545450144,3903.760640425508,31.55333193071596,32,benign
0.5291996145738186,198.76095003887383,569.0624160413176,404.18116823100166,36.23414333143772,99.80269490029798,57.8542262932142,443,-1,46.27847139003742,29200,303.70039714859803,884.7565456541721,2978.4938268368383,342.70938762299545,100.02502794101659,0.3417571111296036,1708.697993624998,48.70647539113524,60,benign
17.17004626735164,296.82341604727105,1365.2262808503838,4.014203862350227,29.054608514076037,35.36189749005358,276.0770685314881,443,65535,131.66138726094528,14600,6271.866581960402,283.6883901699768,9989.24593367089,170.88594720956053,329.16247988341416,60.85876251493589,3540.8642682493573,87.44838630524752,60,benign
314.28186717376417,1102.4590515054776,6992.5796861313975,46988.024838995516,193.71247446928692,1113.8816052192706,628.4493295200289,22,65535,281.19409581874515,-1,572.4068095054009,455.7948089772133,2827.106996974205,376.2244830196225,256.57890119020806,21.59676803578551,198.87466462732758,101.10471805240799,40,malicious
3.297738351231887,243.43969073830118,511.65602203832844,424.7129202602099,10.354177662217037,99.60106902703933,263.73500335254397,80,26883,27.084378147166884,29200,842.1709199386672,139.9125169150127,2108.058634853835,119.75242251390382,877.7152778790705,30.972250133628087,380.9620246487192,59.587441423794544,60,benign
1116.7334839262737,1044.6445558873968,3243.9329589086747,51252.9688992382,164.14303900330415,686.9223703051306,682.6956802076838,3389,26883,594.7966271475689,-1,1171.9375924503424,912.1802759894159,971.9953096160693,43.777563188316535,609.8322598872105,7.8473774393886035,4420.701628710765,114.00590302268277,32,malicious
7.591277598872031,222.80917989055393,1447.6766810796262,182.03405567041528,43.47381047089523,40.237805037241856,67.89427649177524,80,29200,108.14247886287816,14600,4346.748849777342,1317.9947333417158,14598.208955050844,264.0598341172314,932.4265889473528,61.26063869968378,1362.9283213193075,109.28617148952652,32,benign
477.3114233343321,1317.9022405229714,7054.729003501144,28583.269586330232,317.10613341941894,536.205955225894,430.0780865092359,80,26883,273.69950297700433,65535,805.7470629020753,786.3587864647571,7348.904376156012,161.40127480394034,754.9670844506339,45.54666274642748,1764.5223859670243,120.01072691077603,32,malicious
29.52536609798826,261.9824042607272,1449.3082308979303,155.66539534501396,47.06065524229665,33.710032574940286,54.407383951881584,80,65535,64.23342008170853,14600,3770.246260077832,1128.4702172469867,778.0411797611252,322.60499885417806,64.26085901159537,84.53237234698548,425.37609747348205,54.43292416593689,40,benign
28.7655563924735,236.1114846988433,1361.1634023465228,498.7471351628467,26.88807585802829,70.53150032939726,170.57752378543643,80,29200,32.00596030151476,14600,151.72337251839977,167.73183036964213,8702.454953593655,57.495199336290966,306.83430487658006,7.585883174273079,689.8511982550863,81.22865134772152,32,benign
2.3075870621049526,227.65756787869805,789.7621122368352,200.3822142153173,23.77988983770854,114.29507277090147,207.8260707806662,53,29200,50.61580850565073,29200,6503.815338602973,1214.884791611403,2852.8370895363546,83.24097671822501,461.9003667332953,84.64702246093427,434.0382147729088,172.12921902337797,40,benign
1178.0133970507059,1052.965432738933,2439.9008052458653,6740.529504287419,138.36806103815536,297.20763352060175,810.6174475654153,8080,-1,204.63491175972993,0,640.8740295180904,312.149035980716,12448.014444095206,286.8536288907964,1175.4091747246712,34.44348258413724,2864.1922344805275,69.21083868310691,20,malicious
8.825085648557506,204.42196724455926,681.8947216605386,214.62240937366641,15.939666729184477,58.68036790435029,264.3723517086357,53,29200,142.8289134651836,65535,420.4664034049953,1405.5762712195854,158.29165345005651,108.60087135856976,1348.2625638195668,46.28173548662473,4537.323132159179,65.06089440592609,32,benign
684.4281302579421,1095.9220895425624,6866.197655470161,14093.946056793926,382.64090826426184,636.6810217080955,766.2620421497661,3389,8192,370.7847888463937,65535,1336.0400628577806,1426.5533642096254,1723.6420971591629,333.23313030213683,882.6064019996988,74.23806163363523,997.9501911861925,121.95550816358511,20,malicious
13.779049434657258,246.7462022984603,511.9751762580474,484.575025355352,29.6204960168119,44.159325519202994,76.83651428567458,53,65535,26.685736230941075,14600,395.85296334031955,526.8081300374575,2477.450426693242,199.36392908456958,994.0047192104488,9.01596854256227,349.0462552397642,68.10129319441245,40,benign
0.054875716228534835,198.72602464887464,1393.7582784082776,101.03279245809819,13.562736253312927,46.68813358286482,83.25159090332916,443,-1,95.34476767889586,65535,707.5213482614421,1162.7674877559364,1591.8490464461427,80.17406437415241,1103.213147375782,66.4102177044536,774.2697285248809,72.51302818048023,40,benign
55.02219214028794,249.43228875628407,1277.391876583214,281.9883390395537,18.884074284522832,38.77965719610145,83.37172784956508,53,26883,109.6208126840508,0,116.57480083097808,1498.7408996189815,276.23507332807867,105.66357748273066,1392.698097428253,48.196084618366065,4955.997072703428,33.85352144142077,40,benign
25.830575511231725,1030.4931254228857,2237.6932327467207,17426.441749661382,228.6053723270424,621.7714279396291,454.1152691844766,80,26883,391.25297306420043,65535,1456.0566511552404,264.9731834241229,98.46039855813078,257.22829389599053,870.6436310910884,37.396067315948876,631.0695978893854,170.49256726502597,20,malicious
16.639531465907076,182.04573646051006,1465.8325347269138,1236.8743984860143,45.27411867646263,87.97255233565227,296.50196118073563,443,-1,111.7385245855647,14600,806.5648483957935,1223.5777024047552,8500.712178853846,79.02028045084162,978.9571409409581,93.45308143521886,918.061114360651,91.34608399306488,32,benign
257.6196480098786,1238.6674967416673,3719.1358758433234,10259.643193064021,212.54061300850793,398.92325642281617,973.0375443094051,80,8192,352.7212248404979,-1,302.5685302968164,1255.2604516571669,6534.401574848113,124.23014891420468,861.632908165604,50.53396309555609,1595.7711076692729,177.9857840153733,32,malicious
116.27979925288427,1167.6817688054334,2944.14626580167,12619.01735072165,158.02951134085237,1076.3605718535896,939.2784686504244,3389,8192,138.7821305003125,29200,3864.3446671234324,426.3520492773917,751.0976497499789,284.45705870153404,55.30070722673679,21.264674845790488,1417.8620716592482,31.474567566723987,40,malicious
9.309825795870472,252.48884692118816,1483.2255197496518,960.1072306358309,11.592429821789276,94.93873695707214,61.06649279054284,53,26883,101.92923521848668,0,1134.7970295020057,615.2300207294684,6123.5852165820625,335.55263357794,720.0825618937188,59.15410681625679,1091.8710780725264,141.52682382024665,60,benign
1299.0640474453114,1410.403240724073,7175.664140100082,12644.865165234874,327.3854513410939,368.2233253688526,714.1977169491754,80,8192,495.7703537465457,65535,2412.4324557070026,640.9780839560806,853.2893454707335,316.22885186514867,396.3538569300775,96.4020895628259,383.9556041701104,158.74315885669716,60,malicious
276.75217232617587,938.6296900231695,7077.601941249399,8985.971983850704,329.38702493973835,656.7081360938362,602.2861156723641,80,29200,338.47094179137673,29200,658.9952491297719,1081.0954298368056,2493.326513089899,74.14024571506462,444.77967540873544,25.382073382720282,1901.9613587055812,191.53383405357636,20,malicious
11.78451156849702,367.8521161937172,696.8322202376096,161.9144403223864,20.310226886166575,23.54773278375667,238.7616491698912,22,-1,146.41687183967596,0,629.4858078632053,165.03495079513706,2729.4319821643357,383.8456963684707,104.29132682873745,1.7726538224036248,3647.4798345309446,95.57756833296159,32,benign
30.840405813238654,231.6825879515759,1174.7101061252263,132.68155117412692,48.397334914571275,19.509017526250897,72.02493803220251,22,65535,121.29048288728302,0,1629.3446765911867,735.5483315842315,2705.741115721684,116.31665807862926,326.8493205554038,24.407020207430673,115.20794789461891,59.58513824241315,20,benign
11.918215853206837,156.52299274370262,651.5101335272843,775.1836451608245,26.616701150445007,21.146817472954524,168.46053630548914,53,29200,32.76201929297979,14600,2047.408703916825,1006.0972192064974,3543.913516029413,45.83982094360813,187.82735728603103,36.014769422152916,1754.795120375583,89.40873096883612,40,benign
52.02598660061967,358.65928476722274,125.87085145571784,1171.1803134781542,30.01052391280735,67.19674959027711,138.86071215995278,80,-1,90.71581618672533,0,1636.3696610003603,230.45115723785236,947.6045969669696,226.0350230811133,502.8378673437446,59.66456085817978,106.30956351472832,134.23826384509664,40,benign
47.08418455558486,1010.9340363793881,7625.488152620735,18673.95891742625,367.8513889570957,1000.1957577726216,647.899235007313,22,29200,325.3662974854817,-1,2470.9269330985517,712.6796729857431,7297.270600382256,392.2673184366654,1434.0983859472599,8.379950282228721,3883.419089595492,27.045598794652392,40,malicious
29.733665802496056,1143.0549144570389,4887.899367143895,59328.735124713014,146.21555459971125,1128.7264730460518,866.7841363475362,8080,-1,181.18913740540808,65535,1297.171926843245,734.4969339135392,276.40996876035587,127.46638035378169,1089.2164960656703,12.214047268691298,441.2915272338866,183.24072963508343,60,malicious
25.208552774874782,288.9459210965478,1003.4820437892827,391.221711922521,38.25417972090678,75.45569318689294,289.71973801145185,80,26883,68.84927040588121,14600,785.2983773971569,129.1801114142258,1305.9539017035695,169.31468725338163,1205.0099803140022,71.35387056497323,1177.9087895655277,57.206299238792084,20,benign
16.591590372450547,237.8382722521993,325.37883310138454,307.30940073725503,13.529223579986594,36.413717452440366,227.7788234982953,22,-1,127.1253555898842,29200,361.3221287488969,1392.0154551858498,1680.3322677378724,20.89549326705804,332.2435684541459,36.756434252540906,9141.862777586191,179.4002277663526,32,benign
2421.6703689142364,1289.0082509842687,4916.514052219926,27682.296388151528,261.4317132879029,539.7761739432963,712.1677642210964,21,8192,265.7845772456982,0,105.62816721478616,524.1898082024228,1264.1121686908118,98.56245389176208,487.8296028258038,63.144271731554724,1682.6447502940816,78.24449047879489,20,malicious
62.975621887170966,1022.2458640635367,2706.0005496212775,12443.519275199402,231.47978204473867,1001.3997840223452,795.8697163541221,3389,-1,212.34233612462123,0,660.1782525361285,1009.4436914686997,1205.0640470848757,201.2326882621869,1358.3693449286961,68.25413479523338,351.68254802567367,151.29399898215996,32,malicious
237.59967291478907,1026.9857728252982,4963.584730774918,7472.722905862277,276.39037612876916,322.9241892792629,989.2952524073401,22,8192,190.84055517594697,0,1369.3619779426788,1022.9299180030224,7006.390180422009,325.822289975169,992.7002383441157,92.84144974610234,19.33878181866326,86.10681491125418,40,malicious
495.34627399264565,1056.4984722598563,2060.0145174859613,34386.09646351245,140.7384491543284,1036.3011305012706,662.037706789895,80,-1,504.68504402141633,-1,623.5224592397776,509.94665915161744,10382.297292763827,124.9226959377926,1110.0325387817218,55.197991016076145,3798.3273166722183,74.38866052128341,32,malicious
97.27980327095676,301.6145068056913,907.5764461563632,295.4467702906983,13.52997916429699,85.22981109584147,173.17120721782436,80,8192,70.83275589414419,29200,4859.597013585496,675.068397191361,17134.832005027936,32.49593129643799,841.9358523283172,93.41022838532585,3085.0341178341696,114.5866085483869,32,benign
14.845403071571939,246.5413430781755,466.3791647459013,61.65136692017783,48.15481556875091,21.83916189420342,79.05540424493134,53,26883,126.23075813346334,14600,4440.095053989402,324.5413923859447,13374.644412517011,72.45645568113672,134.32686487731726,89.11969162704546,2153.4552402960176,182.80706441525558,60,benign
0.23856045442391555,238.4126115606502,139.072879173371,737.7230937766865,38.574751945294075,18.584138326700028,65.24323517217044,22,29200,60.392225496562354,65535,5639.961944454458,502.77376107809727,977.1023373867861,326.09583013460525,1478.4512415620454,25.03929620234755,420.8239960754685,20.997927130606783,20,benign
1017.2872961147654,1456.4184782327666,3556.450256802738,19528.79492937939,239.74798546573197,960.0950772128496,604.1209967953141,80,26883,323.0633130762596,-1,12419.141369825124,1173.936585811299,4457.21337023066,369.6460839536722,125.4636196426731,86.75228866633267,294.5256526092608,126.32852871521324,20,malicious
12.863897667777156,243.6391579379248,989.9693603340993,212.2233031074483,21.578031981043733,95.43357709377014,209.41003884747857,53,26883,73.73330883402335,0,2454.2623301507897,1413.8721705958803,3380.2707066198413,113.93869982760094,1200.877776369798,44.66713393583416,5432.99958908989,151.546297447656,32,benign
13.769841782910596,281.30828284441844,343.28946697981803,210.9244721101193,14.762866209017938,34.18515200871262,100.07879336142382,22,29200,102.82315530190473,0,1134.4346610650905,434.793700232596,31864.85583706733,170.74572076561202,845.4679661531808,10.668488841801915,679.7763367139404,197.10356033248613,60,benign
66.50827478711452,316.55611531082593,272.8081167543402,159.861432542091,12.855425448110413,34.524806922622155,169.57964875009486,22,-1,74.79421499590053,14600,9.803666236119723,1120.9156404237176,2434.045462584153,69.46061557058432,849.2792816154513,76.47878200205079,485.24060068970186,171.27300126209917,40,benign
1921.9787319507823,1461.220724470641,3902.795828026074,54779.059373293545,324.01330213013136,290.08704291722535,942.7666378693561,21,8192,552.8879287315777,65535,2924.8272494964303,1263.0325644765503,8639.703724020781,90.0844555666231,1166.3372165264627,10.26012746425935,1253.1873956916045,193.46387121718328,32,malicious
26.91272948949986,165.95071970576174,1401.0526342525777,233.030642771411,45.59538669279307,78.40469656196386,165.02429952994885,53,26883,37.83048680024665,65535,4741.997043247818,1414.1928593092068,254.2854917824088,269.6880027795098,1417.7215585447434,24.246163819917456,1181.4606889790884,92.90898428453161,32,benign
20.077013971988166,187.94639307595358,1018.7770565988457,278.65290849499087,28.994684843173317,73.32189610482772,142.6081524390014,80,26883,99.59639174836538,65535,3711.3253441352763,790.5458963703766,1589.9179907760374,351.9548817561592,1286.6031258941032,82.43520386835776,531.0036983051757,30.64728331929845,40,benign
378.08199868941665,1391.5868443178658,5132.064170903506,49301.54902454328,232.9996138836677,281.5947477909342,650.1798821311941,22,29200,143.54212623588924,65535,1273.5389580145627,685.6529708714482,6108.074089201469,293.33942813713975,151.35322425849486,11.200148505715257,1414.3224705744283,30.9246446970867,20,malicious
2.7215775072617667,268.9433782446332,356.2758102950856,388.4346932879655,11.076783693411969,13.173193991537728,181.57334290189246,53,-1,71.54469176899937,0,2039.0421647301364,200.22564025092368,1531.3346782060987,283.37622235064106,425.0685600308573,85.59757947998247,747.2674915047083,91.24637756602894,40,benign
48.33168640862483,238.42107532616066,627.771988515641,451.1956727876452,15.269076579883828,36.77391623511692,165.48047545954222,80,26883,99.82989359767917,14600,1859.2819474971618,175.53481920674065,4727.655087716953,344.64624634629797,1457.044320014559,86.30244570865797,1096.990677939761,83.80808988887986,20,benign
16.710874432293274,247.65017174241808,1076.8182960833617,1914.1082087309364,25.984579924354307,71.58932452968567,105.4606586463394,80,8192,94.01265660863916,29200,82.0082352342014,625.2274297127547,7105.718811502131,165.25371152342296,381.72916431599094,93.4776771454106,63.86528509716281,101.96318828146154,60,benign
872.7325920000176,980.8998216670369,5560.378833587678,27515.934037004787,177.29183842912983,448.05393422044415,937.6965423789032,3389,65535,403.9955806653472,65535,5946.391089530247,1049.4060120457711,1358.550711961545,303.3937435080268,563.7129750952101,81.59535762365283,3489.6950660780212,186.57933480849383,60,malicious
0.5234251652295301,196.57061106003763,1399.891791508057,147.7725719009153,49.65402035183803,91.3452515962667,162.14252210493717,22,26883,131.44524965562954,29200,975.0869093505892,836.5308779737842,2585.16899129108,96.20447214293844,409.9774601850136,40.530909700398674,1136.3940424369114,75.835683333856,40,benign
172.59801179345558,947.4563787725448,3260.1296720582186,55594.60019305687,223.57769663880157,289.86907157837254,946.0069046768273,8080,26883,518.684590088842,29200,129.80294492976458,189.00685807235422,1200.0562371560482,397.8361220059192,557.099959279909,68.45975484615386,1481.312744335983,130.59560039374242,32,malicious
12.93097876789455,243.7823232982151,794.5280928443512,275.1302636882997,48.20895821832498,104.06429053693634,72.87881085121057,53,8192,126.92233722715751,65535,447.5831029970463,118.4919656199911,4100.152395634935,282.5920715729187,1335.8981655212804,73.35554929558606,137.7047904975511,198.44353808967657,60,benign
155.86611253476522,983.9930558177364,4462.27808405784,22583.28336385769,243.64703850371782,369.1893581620088,403.5566720816892,80,29200,264.8065151577793,29200,3429.82170907512,964.9698596792728,1359.684486659517,76.08479885797148,1019.3510639621269,86.33052379306231,798.9516255214071,127.04526430953833,32,malicious
7.917807117807686,142.6211349170921,1386.3902240065552,372.3092996235413,21.369599430112284,111.24502204962658,244.43622373693321,53,65535,143.77859149244966,0,1393.1708787217058,246.53399694627143,2605.183440367934,78.48804030011804,1017.5677405584347,57.64288575098462,53.871412760418636,87.6568229836096,32,benign
8.909817346091874,1145.1427196653135,4551.124438947623,25328.790880302036,228.7025013044852,314.36299890005864,447.2920018982927,3389,-1,568.7725422494823,29200,3692.5002390097184,1155.8672593288115,2707.4743336089946,116.55271168108021,995.4575083759706,42.88988578053946,2342.0666081420645,154.3195155188141,60,malicious
695.0737307354927,932.6984793646754,5270.787701924736,8187.779328801945,281.04040734242744,695.008500145381,446.44414545334007,3389,29200,174.93347127356193,65535,1620.421512634852,1112.3932958235368,3706.2090483897337,44.35876062192625,1338.049350228418,96.84944606343123,714.7132998272,76.45030581633347,32,malicious
30.72980040656798,286.5079611689365,1212.200449043564,80.2068335929809,45.28283532775348,116.95268412681489,121.42587326571653,443,26883,125.63608394531911,65535,285.0028641267324,1130.5466649411967,2179.5220069384445,216.43838200236877,1200.2962089990006,0.02403485739193023,272.7388601160978,65.11242323853637,32,benign
45.16252550142249,231.59185048619847,1371.478989358333,290.40908194993915,39.552344622336065,67.33584156396608,207.3432957395633,53,8192,108.00788277137552,14600,6337.615804864302,1172.3231750712448,7312.286354078812,347.5977949052999,1092.5470161916908,62.6548289363867,902.9107748841594,127.06156185155936,60,benign
14.633485804075539,191.23735838383857,855.0664536298291,329.5666460524914,34.26990124931673,52.46966102703874,89.24573585037413,443,26883,82.7462522181061,14600,1.8876850552828215,549.4773705359173,3333.011061326569,231.45733644681212,1497.1590848670342,63.52832116264305,859.7308166249413,198.41513033696612,32,benign
1514.6626311529976,1296.599179818204,3991.7369020382084,33385.01685946408,170.37251485729354,948.8564343341761,415.8835053809542,80,-1,523.3017516031468,65535,4208.269907945431,848.4858109303448,668.7767293636001,94.8803372443822,1281.6293851971254,29.175341833131807,371.1271093973132,145.4642365750361,20,malicious
12.758696902763242,165.31102001350587,289.5637850452034,1216.781230577515,32.90817412244296,65.72253288520264,158.19222727706517,22,26883,120.60780788742873,65535,941.8952173854587,1462.1200227393056,8580.708326794786,43.116303215227774,606.8203205523812,86.99452591278697,635.8872327872414,113.9249804416272,32,benign
319.1193864528568,961.2739129587134,2436.8754164610855,32907.112043314366,233.24141524227738,908.6187183597909,812.0638396723602,80,65535,424.39573871649054,14600,79.5601069858671,1144.01120308192,790.5121859539626,341.93883981522964,147.32696952704038,9.023843023375056,529.9172382657752,97.79162144006563,40,malicious
6.798797787726002,253.233976004273,821.3028539956414,165.8221257489341,48.401513377853924,104.7112315800601,270.98026158301866,22,8192,118.8341846648773,-1,2527.420764649376,1320.3834398192091,404.6133347542682,131.41109947398803,632.5606937296635,3.787531603848049,2278.3842473537998,25.98992359810456,60,benign
342.50460593061456,1264.0723675583993,3045.398696355929,14641.586667014193,395.6326391488172,810.5472032842345,441.465827027209,80,65535,374.31975812840324,29200,997.343232390562,1209.366970898791,10040.553231807642,363.04062679116186,863.2474464119582,1.2038277962104216,4398.033824335495,99.40282265196046,60,malicious
200.5112474545647,1096.0633986497294,7624.977711897214,4526.442379861479,351.3455596358831,1163.888898961096,529.9194772212062,22,8192,470.1679993832299,29200,5059.709673951848,276.8869248890428,6889.748263016237,222.8919301259266,180.78761897657208,8.802897646068041,2889.6679204215616,66.91062052848537,60,malicious
9.279353311180099,264.43027847872594,619.0449220473581,1989.3111825676667,47.35896230354101,16.137551096873928,147.36623534615302,53,65535,82.17606780081186,29200,405.77503537664256,217.91593114022263,1278.7006038134118,223.0698410274991,951.4868689780203,92.13386402707003,1696.522418481032,144.1970273505751,40,benign
26.02562450920715,1144.0680484501722,6943.438511687961,19000.080929780128,131.30268066690127,798.7546472675053,456.3973451272619,21,29200,563.609427941134,-1,592.9082316332544,874.5741346389101,2005.9107050000182,314.7292690580989,1228.9401492520506,25.72090157211533,191.72389197886235,145.800602336055,60,malicious
539.587749363525,1187.3653136607693,5409.25216649568,45013.64337348718,255.6715311691932,1176.675513137709,438.73818672737804,21,8192,213.0570306815102,0,874.3131098010512,1042.0968960311666,8033.372590540392,309.1163784867079,1316.8179236254039,32.83990815267423,657.8765768589176,28.534645257977324,60,malicious
31.653970779065432,269.22770077978635,165.03439688419897,637.3662607463721,8.170913637137033,48.72854957868821,212.36716137664865,80,8192,47.90728794381717,29200,1121.1897453067318,253.9842567238563,22646.887690719872,369.15706995819147,771.913372811183,56.151090450350296,2685.7830384205877,107.58265525194511,20,benign
10.143933909647291,340.7107863720275,676.3270502195521,501.9989507599468,47.49917630960345,63.106614230476715,248.3803418780825,22,26883,98.69311434629209,-1,605.5083219051996,785.3872494158666,5703.467636623024,361.0498479648437,369.23422959677265,26.15141537485006,2946.212070072613,189.57665898825303,40,benign
3.069235843749523,297.72544853085395,511.3332889871719,878.3735440050361,27.132367966313325,117.20625910524433,163.91807379781773,22,26883,84.00485293206992,65535,1091.2904357273612,518.8749192068932,7518.32564853756,88.3326161071539,670.7998260218217,9.08618395396047,1676.867776421764,143.70438029497097,60,benign
35.576418572649914,241.03364519649824,542.0629182792788,955.0522304120998,21.895736782450882,86.5348597053528,72.90001959850719,80,29200,143.92214447528346,29200,1122.7858611327817,656.9071293599274,1026.040139661453,147.80981770116142,513.2450969890002,27.967880350964847,6318.530486338806,116.40972154752023,60,benign
1510.8995560612543,1175.1069099488443,7721.233082198464,21569.321123302296,306.61401676568113,712.5695018954293,455.3592540079921,21,8192,140.0738918746268,29200,2073.4767125382723,676.5215386647977,20992.50346088829,356.4941626270876,383.5962109350965,25.30538247874896,1441.8858639240616,196.58662723468774,40,malicious
375.44905172312775,1005.8728712091182,4725.9905992985805,724.7428012889968,197.2864594761544,343.79938633466867,778.7184499994427,21,65535,542.9128015461654,29200,2095.3690005825906,1188.2633516386195,5010.285637323543,395.5966814917773,1108.9044914756003,78.19533467765929,786.1760172005677,181.32601332937634,40,malicious
22.797908508141912,118.91410215125228,1342.517252596243,914.3686134785323,28.63796751459393,56.013366722513474,287.9385246643659,22,26883,128.90297667561495,0,865.6397102731738,1359.0900931267086,5513.062322539651,369.1941810979113,331.87680770626224,81.49851846280728,388.2575470009236,141.49819643335047,32,benign
13.54488716366144,191.88246059733086,910.6690479406964,914.6955901618506,40.20829702379403,21.238793758110425,205.44833293887868,53,26883,70.41791111704828,0,2272.9105126014574,348.3073486485887,10279.655929574028,209.98630679671837,539.5084828498993,12.737723451399308,1210.3583054690675,25.72220899729073,40,benign
5.595956438805802,252.90586083401118,1466.8307791414343,95.25309203590047,48.290550462278894,84.38006245401053,135.80396531426334,80,29200,25.76934471696363,29200,1005.3992822599664,1354.2325193502547,6677.403358920856,242.84373044491127,689.9628385707857,96.70272886024345,4343.264185888878,104.08915155824184,60,benign
34.7747423789185,184.9702712681044,752.7081272025059,284.81466982420136,46.15735134349448,62.6945188597319,63.05404978131694,443,-1,67.62972090039526,29200,4411.7333427214735,1129.9432657197112,1848.541423133481,339.57111144987977,117.89089793469661,96.85541175314351,74.11896462779897,170.38105868608582,60,benign
2.391387517096145,204.24789818068712,1122.2357840701184,63.05745257232809,45.16963014892972,18.721470920302536,294.0582300966463,22,29200,40.84164215767162,14600,1325.5086218253828,843.6070780710464,2313.5371915422415,345.8885130795373,252.99630481364036,74.5855942144503,7932.116422114922,113.0555539974562,60,benign
6.022522416751618,216.1587201990935,200.64037399216886,10.930491863164223,14.688033201870168,64.63036766704163,58.6769026786625,53,65535,107.95649549421547,29200,2999.2260424647534,989.6161878219825,14.541351576931689,330.7397669726825,223.6881518877038,91.87293962597506,2638.048072508937,63.370974219891714,40,benign
29.036478337344626,887.4803793583683,5181.195125199092,5537.917569416077,233.61651487848027,1033.6409754341373,688.2130310456793,8080,8192,515.2597810387506,0,926.5965783855042,1110.2161326060984,7074.097917817959,393.9009842344792,363.70117140722544,59.01409317824958,2299.1695135010073,132.2593898569753,32,malicious
5.127095827396491,335.94805974775704,354.03936198813983,38.6643600243411,31.488034067439717,87.41015838426662,198.32742770322386,443,65535,48.8927189499703,-1,1710.6479898865962,273.2976145419457,6661.291737350238,112.49015621184179,503.04853665324043,51.250251538369305,1135.168384994768,21.688578362231993,60,benign
207.86936680559296,674.5490343363616,4427.455799237232,64563.06959570033,317.19002396216456,961.4168075468366,852.9397961951356,3389,29200,521.3661751198163,14600,5039.745783611758,590.4491823948695,2696.548064107364,29.86351886531902,775.9064674245443,13.373623315901618,3560.2334894353958,194.06752780832883,60,malicious
759.4199951236553,803.4897204087888,3487.7398525606823,1951.2735097014008,275.23302084732006,288.2859675139222,417.5965280626918,3389,65535,483.8962599818509,0,3395.8663096953665,446.4605610326901,1445.165906659704,153.89901262537896,102.93905216009017,57.39547674131457,2396.6859214833,45.718300504296465,20,malicious
34.654801308668205,240.11570516054638,413.77729397638967,266.35796253917323,14.321136166779056,59.338846298176676,202.80245208590063,53,26883,112.2092386000686,65535,772.6033256514078,697.4056436247826,5917.44753108706,143.90457645327763,939.6720970943874,44.649659457881,2771.859242662246,89.2167101018156,32,benign
562.5308063119853,794.9752336830064,4690.465701933758,16617.850696107587,163.03677445395806,911.323385969799,584.6159445805293,3389,26883,478.22164340172503,14600,147.04527777355912,194.46713358199392,2566.6190993541577,92.54825562578546,793.9613246724689,10.094656934629997,492.4386886556803,38.69970801991957,32,malicious
2.791727412701727,270.8728874808371,1498.7780876099982,822.742155920838,48.381049508885695,76.44439154188628,168.89267069381475,443,29200,72.44881838098243,-1,39.331146249045965,1082.31231592174,3732.955172276059,311.5677864192786,1137.499163479395,64.83398532558562,1780.8230554634201,80.76744939588039,40,benign
21.289744497988682,258.01765941094135,831.0493138817651,346.0329569517742,13.763832660887404,70.9653861217341,85.84443303448936,53,29200,100.11035944019466,14600,3708.590077785532,935.6960249949634,3012.5541576448236,73.5329719925912,601.4710081001595,38.30354632391008,1659.965033350107,147.33027069179903,60,benign
427.73884449702393,652.6547345824192,4909.22979788514,10379.738795242085,348.98505692239144,539.7467086065728,403.07335375047086,22,8192,382.2043886025357,0,921.4687490176495,474.0119178014519,1170.092702414666,375.88389191309653,706.0780697204207,47.19642106492918,2570.859088728422,23.291301387735885,40,malicious
507.7485892478231,753.4366568624505,3006.720626891044,549.9607014500864,210.50086856332268,473.37236032370856,942.8040468066813,3389,-1,591.7101706413671,29200,308.1293035268523,1050.4321833242789,4827.265831993322,164.419738289119,976.5069318721637,8.3535393613144,1480.8156924464681,100.15867596106663,20,malicious
32.991399183078386,948.3129858641566,4183.628587171394,11573.660386859645,199.20570235522908,1089.2732807696957,481.5352125131168,22,26883,301.6396449105631,65535,4449.503431329607,639.1521211213106,1845.1615097612198,227.01548452191065,956.6830558644212,34.07798586995532,2398.9379358606757,57.02882382486658,40,malicious
15.015148270046195,352.7981170217556,1368.5143458427433,271.76171299783556,33.62741156122399,63.843032177577605,206.90564031209064,53,26883,109.9549653648099,-1,1266.4858097317604,69.51819005635409,11409.554578034036,247.27474076087117,1239.5298961831124,43.77543917264062,4291.544397593058,153.35125415917238,32,benign
808.0984685940496,1024.7732328032805,4145.4920406506835,25682.79714239957,182.86081905604863,855.8560247847956,755.4904925952228,8080,-1,501.29397564293964,14600,3541.7837558911597,384.24678087264334,13289.025025049512,257.757968984769,791.1975664670467,75.04362759385651,308.90839614561713,63.403724496696725,32,malicious
98.87670420340855,1142.8319483550265,4275.920737040793,37320.32463301546,183.10965276667787,429.1582773680199,714.722988395869,22,-1,396.8779903430072,14600,123.96829080714821,245.68844544604482,8975.130043358717,26.411831687610515,1228.2182817956768,31.359975864440603,2593.179173046635,104.13384997814812,40,malicious
30.656142828337522,196.5654603959155,1280.8827878206025,744.7302886232457,11.046465298410217,70.5690425868395,61.95603939145132,80,26883,98.93131472645072,0,5588.737900325894,985.5456481585721,1947.597351134034,346.73691430333565,759.7287288114577,85.16957734681905,547.7104432940274,67.63909146378629,60,benign
44.483855102701696,237.67424686215335,829.7092276585169,675.7011313271429,27.023115640948543,36.90381859762202,213.28321659305726,80,29200,68.15773982992903,0,7568.577184670431,1248.1494249148607,5095.36990950095,279.7482078928605,695.1891170949973,75.62449831596217,234.71458917166254,119.51693873094848,20,benign
306.3406911427841,954.3161326986641,4470.839498560236,19710.901544586108,386.68191322296167,298.34436399200155,560.7938347184906,3389,-1,328.92729389193795,14600,505.26655646475535,627.0780832576097,652.0040354093506,175.81633409964238,1492.3845919422731,71.70127807327586,1177.705956037893,53.77830784844412,60,malicious
2604.915524945477,1297.4271980301003,2742.2912942380044,7661.922089887403,258.12099868460433,1138.8939176234571,625.3102765059623,21,-1,192.5105713183881,0,5892.2151193738955,375.8475763780391,537.1545626849124,98.49844067372601,1045.6854529592583,78.64201191435609,371.86647759647127,157.53723752861123,40,malicious
16.120151362671166,288.96782915812014,1469.9762407891028,265.3738987732478,33.935571659972666,97.51045314683594,98.7768045428664,22,29200,129.79610219448858,29200,2684.0063919394643,1143.3753083392448,1105.5206663839265,43.954887821891575,1361.4382310973747,60.103743767165454,184.27404470378914,91.755985483462,20,benign
56.74430850445856,197.6094578469305,841.8413945188058,431.0733889296649,45.437947368217806,26.01783238983176,67.85908660379678,443,26883,35.31091218074798,-1,2552.2665633659576,1233.1000047786035,6272.983274147688,101.37944771381002,1029.567634527581,99.85458610576059,505.9624797937485,107.82584384086756,40,benign
174.4050550143415,1190.8417675512544,5452.602716110856,19088.328178153257,117.70943244532506,730.5230311560003,604.3752636898372,80,8192,393.04612403090044,14600,2272.793931940042,901.7044910567179,5928.221888054472,255.82859980798406,242.47953610730636,73.26272479289891,94.3121793282448,120.29137881068823,60,malicious
17.78852770308784,272.6032916029935,960.2250991541222,713.0061303955417,39.84674833893219,61.00515006125384,289.87782587209136,53,8192,45.08962546469244,0,1769.7003988893223,1100.7311755505082,5479.850736163028,61.7422465795732,108.05773269271914,50.236395220399324,3476.4993984538673,168.1159463834184,20,benign
291.7797617329036,1079.5859497737445,5533.083224259729,84596.43570665362,153.66924420821334,659.6347884878448,460.8111305962706,8080,8192,185.4480251652265,-1,3167.5220453939974,96.52592923585578,148.66597823563887,210.03147147982213,362.26247399363297,87.82694674527778,5486.644451357234,125.77179990576761,60,malicious
174.30728678286457,809.760730448741,3355.048089484364,5000.877666579698,373.60189321779524,311.4807053127371,811.089648602517,8080,-1,384.8756785210694,14600,768.6965852871602,1125.2947017705026,5869.589705581157,107.12446351503836,1263.285547384764,56.14092603140806,2339.4426880167134,136.60359585984662,20,malicious
29.152172484647103,236.50663978928586,1464.4974115912212,921.6073640069046,30.983865284761475,52.396602296904234,174.28936686918206,443,26883,21.048835330056452,29200,517.3309198209254,1181.56687807319,8224.60424435426,171.56588622261472,1248.059755426091,21.99015011904836,1054.5582018824969,49.33612652475438,32,benign
50.06834193602497,183.791665338665,653.7985681130679,224.31155144542788,49.32813169928331,71.21763312912213,178.28587804876466,80,8192,111.68957941776826,65535,511.37858073291375,595.5835541861995,4316.312355604613,186.7554221115295,671.6160885576354,51.88986953618322,2408.2364500050335,175.60693208609953,60,benign
533.033460035655,1172.9914475671783,5982.895669401128,82915.42506320497,242.936514301184,380.76849974532894,607.7121915931957,21,-1,363.4180502299631,29200,5135.484257018849,518.1585738984417,1905.2317801577576,258.51054440083,1158.1370641900346,52.24359380823492,157.75785067959637,80.71419042193753,32,malicious
297.5213257703754,1071.7930808100477,5361.532700156487,29436.980280550346,190.95695439692867,398.0067305860658,904.4450088630391,3389,8192,270.3812488254465,65535,966.6950189692019,388.2334293672244,930.7593062297153,41.19165103326442,333.4655785351638,8.773142290918056,2417.1420434785214,185.91771414677245,32,malicious
19.777828413324563,147.66130166297046,889.5472732413017,2788.003537431211,7.704013563934025,75.07732401535017,157.40234335795378,53,-1,93.73417332167303,0,2285.5753050233343,89.60952117038465,3872.6653279842462,272.54246698612326,1333.8411287639392,72.61036679379154,1372.2654266632774,167.50036980002142,40,benign
210.4671943162168,744.7948180747015,6397.913609376294,530.6785851663664,333.15702719215574,1172.626653149563,993.7020175481626,80,65535,366.59304232531207,65535,2927.4870131956222,655.7404968347194,9452.921649624262,90.26821213465762,1295.364041663142,28.714253590103446,119.9830140265694,159.76599758226337,60,malicious
1.733720252031187,247.45905299297144,1104.0964650564865,99.58148401997329,41.24411644860877,19.976288994134514,267.1491597249245,22,29200,129.7674208429799,0,1939.2796966528629,1137.604081980439,5908.6824958711595,72.68135350979938,1274.5445027775822,3.3645996446995285,3147.6344371175283,105.59179200681952,40,benign
12.781130080678288,243.39147001483985,198.03522241112208,1445.9280775617913,42.38471104562677,59.785934844160785,73.70904034037707,80,26883,147.02816692641537,29200,2299.6464836439745,562.5334276475693,299.28663380458806,315.23900734051944,1023.5766990717258,0.637473791992671,1646.647325559368,40.02398556809905,60,benign
411.18005819751863,907.1990711188639,7392.323129719358,21460.087998748215,105.29032972943212,701.3930747770781,983.6657723611552,3389,65535,500.40416819814595,65535,2025.1370070118444,1414.9356395872699,4046.188763568903,395.50450270028944,1210.9180957764083,36.38528402805541,8880.245001180703,118.94796263393496,60,malicious
1.1870321269191535,263.58953098761054,956.653716879694,129.7286962435989,28.78937076121688,74.99750580220851,157.5255337338512,443,65535,145.2785071798587,14600,798.2313804899799,131.8413082039531,173.44450814970523,71.81454795586401,379.4989145688003,48.58884449477587,82.47449155350141,81.04776501501283,60,benign
28.972974428509065,973.2008156725218,7329.177615435042,9570.367529025372,228.73858207738454,977.7033602298923,736.7206202788175,80,-1,405.0091021122214,0,3193.113620957108,75.75363446314668,2780.994639703356,196.08305465226135,287.33040090648933,63.083329247244656,627.0279826773218,165.97380626776763,32,malicious
415.93974914332216,708.5506712132619,2744.2922666992326,20269.518801300204,363.35012865244204,846.6418957728403,636.5493442316218,22,26883,326.0362469309818,65535,5577.416218022858,1255.9289212283231,6140.039191981207,216.92192052218167,1160.760165527493,83.22184139578194,0.0174176711369865,126.33512244791848,60,malicious
397.3331004690117,969.5592081573033,7870.152322640849,35463.95331786116,307.15357270684547,1152.4926514475972,831.4273233148274,3389,26883,537.3762904337384,14600,7978.606679154482,922.4341844283409,209.6992378485294,72.36381917788447,738.3593394473742,47.673477832538026,3585.8504578962848,56.161949847672545,40,malicious
32.21060087255285,255.84753368938394,1214.1394679967416,1155.6784966254415,35.11917717170301,63.1949979794881,188.9792505831039,443,65535,29.115928357650397,29200,451.94863020801466,490.8581408399046,15584.317814317783,22.93994843689231,987.9461994969226,38.51631224050423,879.6927217242521,191.98107684529984,20,benign
210.23678329166188,1398.596961135341,3257.322408263817,50634.46631448499,222.99984946052092,634.7347348599001,956.9845983275061,3389,26883,528.0241613090685,-1,4500.4774491515545,1111.1171200187603,2489.3633345369053,342.0148281399387,1493.7511314881533,82.13811518374918,932.9926775608394,76.17124956807152,40,malicious
802.4945106760825,1003.3979690871844,6133.068790958408,3980.71967117619,399.0031294354001,966.3458613194185,862.1272717756237,3389,26883,170.52549791818296,29200,4176.341420329874,841.6087908844991,5801.786409887733,199.76214206426977,805.4367422652833,92.708735917419,399.1452487027629,69.51566332085687,32,malicious
25.85246437735245,145.7639258547668,465.9390890483613,2068.0204465659835,33.15589367118993,51.01329988323019,185.82823338167876,22,29200,91.7805418492953,29200,7551.220414706265,1273.7248450341094,2481.933601106022,92.09865806258699,202.54059352312186,93.66235096976217,228.27294800688875,131.7315885838908,60,benign
290.642560065359,1177.5738889943036,3713.47790810833,44942.373172668806,385.1691526426069,626.982825627903,973.1835440793451,8080,26883,560.7173235630075,-1,4704.881702152276,1484.6545450350843,1620.8464015991015,150.5941030673967,174.59536944139236,3.8904956061868723,673.1461660935078,22.75028203285816,32,malicious
150.8528765191238,1246.2002138441615,7934.998738456212,90097.3977700268,329.5165495792614,262.0510997238545,904.6260313768817,8080,8192,148.81432398602897,-1,113.51680548681723,1149.8714758084411,7937.02233591022,185.85103724837742,1197.5428101055775,82.15318243663768,234.93733263938867,138.0885336907321,60,malicious
1431.189257176562,1147.2738415519282,7307.058893716268,2505.002549580612,263.6216268665625,696.8110049827075,804.5960292014215,3389,8192,571.1028274593062,29200,266.36151466006714,150.93932353133746,1654.8314916661895,325.9900542262759,419.89723065481,4.565257300240344,242.1834335870086,102.71537615181245,20,malicious
7.082767730760037,274.60288087587594,841.8084651094556,783.660714136444,10.874307733808074,113.53253723214169,112.91321807799972,53,8192,108.66381215210465,14600,3590.4959525613804,1104.4477374949959,1919.855756345021,315.65309300890397,1207.4763553568205,36.23858712601717,263.15736180692863,158.01520132389876,60,benign
31.648994626810378,234.24698947296335,1460.4270774659904,1105.9567705330282,49.492465428099024,50.415187341524344,175.08541667204406,80,29200,77.27782280277766,29200,3144.413907990964,1466.328586235107,6557.125694353673,183.27883575222893,639.9584467258388,91.25566645935102,698.9378534855215,33.25860881735578,40,benign
374.79034908761787,945.1257310104604,2838.909048723105,17513.754386052424,389.82639355205725,621.3573579095162,692.7166174002161,22,26883,555.4787442147883,-1,845.9603618493354,240.9551410682095,1791.5360857036794,153.00698301173534,1270.0864505898464,4.722226959177012,2667.5826410973114,50.74113204472283,60,malicious
240.7395111573712,915.9663211358055,2487.82094348687,33829.392575812075,322.11748450011237,954.9026363739932,763.6212543939453,80,26883,497.7555725722807,-1,1776.142889381742,961.7980243823475,2465.4298109227175,324.43243297886386,451.2986029329424,8.82003204856927,551.3570264954794,114.07097505093331,32,malicious
2.803829715718976,226.94751479804648,542.5708600706787,81.09599584553469,31.351358735419367,17.38938396294654,199.16548393322807,443,-1,46.65005624970217,29200,297.3437113320281,626.3482073556002,2939.0725264781186,182.90191388066137,701.0451454816388,59.75133057011012,5361.415957341804,100.15473857118675,32,benign
1015.9493981097309,966.084650804152,4779.9270528965935,11153.675365663827,276.0192085912225,1187.2083200474317,494.870492851347,21,-1,573.0709812357198,29200,2666.7772680194244,1410.200024090941,2865.947989192247,163.9234372390933,841.2360130037023,98.16582759693138,2271.000548947673,61.71078698436492,60,malicious
50.738915747559915,314.34472067697845,200.56741289464986,5.777481568141308,30.19739351142931,51.01471518166425,275.7047108339692,80,-1,68.51713890486594,65535,6980.410685845814,134.79520482315817,1394.9076415329434,305.4364522256861,106.47376152954955,15.98192083296862,8836.372177183557,133.1268976121812,20,benign
927.1561870304611,794.0349463553443,6061.753428486653,120253.67212748136,272.70268169754536,559.1908373569526,521.7537610909175,80,65535,491.4821234099314,65535,340.0312334409274,1071.2501269349,250.81010952420172,128.23758784653316,642.9311414408772,17.55041312645753,2218.01499235156,140.52454861768626,40,malicious
61.39114079266814,1073.3664844303446,1925.8053484733452,98942.19288368891,209.35655919451324,319.4347220847607,577.095163113585,22,65535,235.2715500661763,0,1976.7881435264899,1012.6537167340485,710.6604665084934,343.2377459978789,639.2369257686397,83.46750249518772,704.7145772441075,26.76817761136649,40,malicious
1.8976582111389386,261.8249174679851,863.4897264848745,684.0077676889213,37.7419850475997,66.68375028961785,180.95973297605877,53,29200,64.52857533948097,0,59.58682869870424,995.5042191451545,28594.743741062633,249.17426984359037,992.0713770136299,71.78176338684156,1216.9612279678072,190.10269321859346,20,benign
1014.6721481190576,1060.5211035214304,4836.703443513256,11359.847460638573,367.9717335806772,1047.3366628321096,598.1542083985553,3389,26883,559.2162146701361,0,2404.6097813233227,274.3878596978791,323.47702138783546,183.60176956310693,1182.1713310506605,96.98875057188478,340.67525485244386,55.550123965026486,40,malicious
28.319759660006234,223.58174600989443,1176.2197202421135,503.42173657935905,31.02116879955942,42.67688499652347,91.87501894198078,53,65535,135.6954887446197,14600,787.7316140447625,221.7581303471861,5697.659315135876,257.49552088959007,492.40121053849026,81.68148551217976,3904.5237730345298,74.50055727842367,40,benign
447.0185887405737,1266.816888676709,7926.351826309076,27644.234710077137,181.81105986736077,608.3790863295269,707.6494677520977,3389,29200,183.98865951445435,29200,363.7063101920423,130.76355750568717,3313.039195953279,109.62203567890744,559.9873811482985,65.64587149894088,3039.1969911012134,151.95933031761177,60,malicious
28.203445179621035,265.9360939330257,1256.1667419225107,286.1218825867154,38.58168968716039,71.08991330510322,66.48360151674535,22,29200,132.16334215854658,-1,2386.4182818307067,155.23328558988092,414.55040531858486,355.11614369131996,75.04027725237391,25.888153603863294,4265.9409297117045,178.95704305192533,20,benign
33.85593780113837,1042.4127497812854,3947.821579843897,18158.602917301265,148.94432247502996,893.4796091654537,697.8061584293978,8080,29200,132.0535421780291,0,6367.042007839092,1045.0704557151003,5424.047741029012,70.12540216926043,1481.0406481286097,85.47573669835491,3123.570786024336,146.61865943965108,20,malicious
28.68453947498978,129.60284819939926,960.4279030527749,36.9468730579246,46.5904094451624,83.1814460322165,118.54631690305315,443,26883,40.787589552059764,29200,5503.917346809232,1422.3990579846861,4589.827800328464,116.49404960209806,607.3196274136706,73.74594187215197,676.9280545744252,60.147014005869444,20,benign
34.267895727360866,221.21029043905094,706.484988653992,47.829654277858054,30.135472146751074,67.02006755339752,188.2011025463283,53,29200,23.294865582809248,-1,2314.5566834215,813.7774718387041,294.0208668457076,225.108937075473,220.76940151940008,23.375576008831,965.4487115458575,34.70800622925838,20,benign
1006.6837956732296,953.7130318978316,7914.494233903888,53088.87675417548,159.62680379550426,1066.667952829764,849.4021317108111,8080,-1,273.85386009759213,-1,809.8318751585456,1080.0784990117427,2656.947161534011,289.58508103629975,503.71396515740355,83.89316705129026,6478.961633384582,171.85769127565075,60,malicious
21.08315515091954,383.8246177318839,1038.058263096501,214.45247414461255,44.782362882980905,113.4545593143483,69.95461888852093,53,65535,77.19298071614452,0,3784.202375528839,1290.12098591109,4811.260361870104,103.46254246588124,852.5925286329336,82.08629110641938,945.4695412637649,148.81595228792605,60,benign
63.24949372676829,182.72268066979387,435.33260027650266,123.39420507148395,43.482286274158554,71.85495596737402,163.46286881110834,80,-1,60.10326742186472,0,333.1691636164201,343.307410222185,5702.09283727001,394.1914318077513,1206.3013174871155,22.088107680979817,1534.3016929423763,57.777222598053534,60,benign
0.8025868358504656,262.52231540862283,864.3731912413517,51.58079817651955,38.74695336385427,41.49303065935956,276.74037129552346,53,8192,82.62051276442321,-1,286.93964053279376,371.945105648876,9166.799192744931,199.45400690203783,147.81768308811007,8.561764038902698,655.1617555720344,85.22414169011496,32,benign
0.6890859537569771,256.32942087115566,1028.5138407602503,365.867136677724,40.06938733427455,72.60411510246853,57.488522083888256,80,8192,76.70957501526716,65535,4292.5996442673695,1071.4500817165194,4220.843464850969,286.03026632114825,730.680024916158,72.77291538506681,1133.7057158324017,97.91908750595623,60,benign
12.167609988719514,202.0288490760554,457.33224364659134,481.9837211482491,48.895539197310526,112.7722520963403,145.06194775611448,443,26883,124.49915960027448,65535,5.184385532876655,707.0729592973182,4137.293115088578,194.5593998357395,1121.1990818653162,68.855275673152,1198.137909936553,86.56231668201046,32,benign
18.01367984562749,270.2461168897291,270.62178174116104,821.1826967842659,19.307655917177563,30.752290513988562,68.68320841446719,80,8192,134.58871558794505,14600,2379.0550158643305,817.4658072780195,2460.9579663434515,150.44712991374664,601.9381585410526,6.323473201988006,677.0833952893236,68.38736268364944,20,benign
18.927472632886563,232.27197692927405,824.6213586410547,301.7546981681459,42.864751055024215,12.017524341440584,227.0305096484436,22,8192,28.935234289661675,65535,870.9539434130389,157.8235945255982,219.7540389649684,185.75730498514486,115.76655311421933,8.772798915649405,1188.9396693984959,127.25879530604713,60,benign
6.933852184679975,250.59373699499793,252.42002509406257,1110.5518166725176,21.976935057897215,69.92830837902343,223.35929843613914,22,29200,144.63548366145557,14600,78.83471915115979,471.03421843841056,4219.008424721082,389.5147786236716,259.9912183081344,5.188464172533358,1389.9913472435608,142.18008329259385,32,benign
1612.4480498592472,1136.561769100311,3615.3574401158676,986.9536728714027,119.55985703114428,948.4215208573423,702.9935067872957,3389,29200,498.9268956765773,29200,160.34263046070348,99.53427375468846,13314.036657557286,107.96022964075885,1160.597537860987,6.055602303166962,634.3947389568799,197.97986882712624,60,malicious
945.4117076314175,980.9336290103154,3420.9246796610087,31803.25729975874,209.7256639296746,545.9252226217211,669.6666627450581,3389,8192,462.4514093520528,0,140.83536115194076,1349.1149024462377,9277.612824910966,348.77988265757233,1209.877116115078,48.18081190383124,2909.56760033099,176.7636505881792,20,malicious
610.5236699931975,925.7918834919031,6564.3988855596635,23476.716719873446,111.35890209945016,605.5025645844523,859.4978597884826,21,65535,366.1422815245788,-1,121.1988148695933,1260.1692664658465,2912.3009674562877,117.7188764122853,118.67871479797262,38.1236143253245,189.15813419469333,124.14804497461562,32,malicious
9.37720043378633,290.5018021716858,351.7889395778521,753.449643195875,27.51258697664956,29.657577556775003,282.0747599175505,443,29200,80.80228636786725,-1,1175.1706308789403,515.3272051799336,1500.4028150573333,393.0303639109843,1220.2512128381854,79.55419173404867,1107.5549200177688,113.69444456606519,40,benign
18.740080077207857,300.9324408650185,941.5151627309097,628.1525997294293,5.590822275951247,70.5403390445621,134.4982167506888,22,26883,64.93634403585443,65535,715.7905222969979,121.756990137771,447.15631522743985,249.89836944523773,1053.837280640646,42.60927347696698,2753.6645757869283,141.93401963704446,60,benign
69.99074844696369,318.1789883041263,1118.6668228519866,403.95406433832915,45.430332760900974,29.297118966553185,209.75777626044484,22,65535,82.06323718940853,29200,5181.568857171655,979.9774986386844,1449.6182368571294,250.20072280629626,283.10712886291896,26.66716687114613,1246.1724829319473,158.67813979868305,20,benign
102.16943956114551,977.7767992202112,7933.341781665954,49431.1563112814,280.0233443850319,885.3443193064322,648.3114974149817,22,65535,419.33845752756594,65535,1457.2191019750494,469.2747518612851,567.628792170288,192.05522695870843,1486.4307901669372,77.99914510436923,1268.6136429026421,126.97490298088307,20,malicious
32.757712397555444,198.66320513128858,981.1503848417492,753.4497253526725,45.49731503169201,43.24816714009772,125.95518418008135,22,26883,125.27355877264695,29200,2665.493531907072,1022.5177142470887,889.1839319258983,291.4126298902875,876.4106426177,4.149092283308031,3496.0992833945147,104.4969500885148,60,benign
158.27952788098898,1098.4894513216764,5347.459942345366,25504.47362586932,115.51122719769268,482.28741708839925,868.7206147467983,80,29200,330.33150803524256,-1,2311.046867584244,406.7516680708887,1217.3282937995994,56.73760657711801,1192.580131571807,21.537776735272885,814.3590093383556,109.66968663544812,60,malicious
995.64291678758,947.7913272922519,4446.941277254066,36798.019945692016,337.78573829251854,868.5212125807614,942.4739259488312,80,29200,230.33393336132838,29200,4903.973017646689,1131.5113768457866,5591.199676068428,192.69633080531915,665.0025548715424,22.614351058034476,778.1951391832258,178.30520635381495,60,malicious
1389.594832233333,1329.6738508058259,6324.22257291476,155744.66690219782,226.27127335409432,895.3452799937052,917.4572383965411,22,26883,300.3738261852044,14600,2108.484842263052,387.8837696649313,1296.9987739078042,220.73375824290355,1085.6322785868988,72.91161622149932,983.969390527607,135.25622338207205,32,malicious
26.28416167729666,333.15373598135244,1226.2988856274,718.4468786376133,33.61137750183526,72.05244554328272,287.6484156305856,443,65535,132.10055420694204,65535,188.58278258337748,1028.9174017247396,1323.1043987308908,325.0966853684875,851.6942122492352,60.873397121856875,1737.606374356752,68.17200220481179,60,benign
730.2534141322287,1181.2384834265056,3012.2652718479494,3763.637112599659,344.6693931756637,910.8152007350534,427.06248334850017,22,8192,291.545562123941,29200,301.9357507390732,1026.4328045690645,1034.1652682940378,356.2852019573529,407.70739543075024,64.36212254416212,2503.8035524388793,83.1379196100913,60,malicious
1.338492583443763,315.8137400880609,170.40750857577032,1197.3533677223224,49.59887135405605,70.60103877092577,128.94739823181567,443,65535,143.8683605315025,0,323.76765004092664,345.81559958273806,1971.4331479355285,388.1547843371972,210.07450591802967,17.174779979303445,1414.6964163593655,79.8734981899259,20,benign
703.4940346603692,1430.9821124676112,2365.16063406582,25213.231785311877,259.80725970602236,744.1842483297684,831.5180119490512,3389,65535,181.41656720240186,0,4406.838072259951,138.06348388310676,1206.6212787143186,346.56107615916846,1051.2619902409288,14.275047892932024,225.41051284983521,47.13419477665189,40,malicious
58.406287944112584,258.5502273957087,1037.3622403191998,790.3729359813779,13.190873656927995,62.08245343425253,152.50713152174833,443,29200,69.70779144218147,65535,1811.6904227001255,90.43233196501788,269.77814777550935,237.37238377834194,1459.751655261905,92.28328794868894,454.2282275605237,177.81170131949693,60,benign
472.20757198971364,1221.695644135321,4360.431289803736,42798.27675824055,301.1782203581385,1073.784358922726,728.7384637227566,3389,26883,557.6071965218624,65535,752.8447531879996,1126.1196339500161,3658.333184667611,50.285348108768076,1292.8767533302364,92.20760652139981,1306.4765291820888,178.02485675992088,20,malicious
1.5806486425662878,190.28350335347193,1239.6488558241845,547.1212108619618,43.39647729533786,58.28205862633329,203.47656144164642,22,26883,76.33392706543891,14600,487.5786297707476,1249.5404874436765,424.7821612783923,300.31192205595755,753.9791926582046,33.11124710577379,603.6665316331154,43.666716659481864,20,benign
96.09747038054151,1000.2282440733594,3192.2127160780115,65722.0475584585,331.82581324672446,270.6169524715324,838.3112817276397,21,29200,351.08016674504665,-1,595.0508521343805,190.43035464212923,2877.73196554842,41.87027110874128,629.6709770516842,75.05190466405722,2328.2468536736933,86.32363524068577,32,malicious
931.6874318242042,852.0007479875824,3333.959659521657,58141.23053785496,381.750874703746,385.5205035472774,883.8836402120462,8080,29200,554.9426070500922,65535,58.16233042921361,77.99676496049982,943.6680689385794,367.52821734928995,774.9638571260547,0.9144994337553003,3789.9163849491774,29.771539995614546,20,malicious
3.753920832331281,213.47348156443036,740.7571927089882,775.0677325677135,40.43291828972591,47.47969769327756,231.72512958089348,80,26883,81.77892701557839,14600,42.647070493683245,1228.4692534279786,1976.7198147955805,365.3744431780559,1076.932162326234,49.53519632809561,5846.886403938895,51.21326282629959,20,benign
493.88937180676214,612.5531755319689,5040.992799390695,7072.604492511831,390.1733256178001,402.14995228825615,554.8223006407692,80,65535,295.63115872983826,14600,761.201748950476,76.94657445418959,2483.8562017313116,36.20063077181964,1314.8060437709053,14.703972821727795,96.95468875219103,58.53502167229527,40,malicious
10.915786321931172,249.69557624408185,673.6400905052654,509.6709473705776,12.432254559039016,73.24244159411892,100.76254384595686,443,26883,135.82018975314566,14600,303.7841781837797,1294.5350504794576,5917.086419411821,273.75077112834975,1120.2523255713027,32.196039592694895,2898.9290805394944,60.11515147116522,32,benign
1675.552924618164,847.0319315215336,4239.618801025537,56126.123630518225,133.373585697671,768.0656392663278,777.7268905250871,22,65535,446.93335964121906,14600,3610.488851243574,1219.208514361007,4843.087496904814,190.104814573494,1212.3490060672332,82.11248018241875,1092.1058117137711,101.22586019847331,60,malicious
445.0615715483565,1023.6561959033418,7770.9048231358765,30801.734862619545,145.5976511752389,450.32454767263744,719.9072149405063,80,8192,567.0214842971577,14600,499.8506536762432,1228.9665416822716,3149.584266733484,377.8245725403877,1030.5491634208565,66.33592282776638,501.20831214714036,146.28185100718034,40,malicious
974.9443268140545,1135.550285320778,6832.162258737274,38367.25268368826,328.9711974676543,437.7909736783108,615.022745988657,3389,29200,401.38626446122953,0,465.0017692300935,320.23417608237986,6885.606191202184,328.91351475989086,151.2940957820212,85.93331532982262,837.3445671189096,34.386878685313775,60,malicious
208.78609895786687,1081.9340802400104,4289.8288809186015,16839.249467514142,315.0127553499286,930.667182952937,995.4984613955115,8080,26883,441.1771498688705,-1,3.624485687495604,1065.7301840386688,3857.926503621313,280.038986274873,106.62135465141492,1.2081175303591651,1771.6546212885453,71.93652331845882,32,malicious
1144.5293575693095,1129.841559392606,4345.917976050628,4320.934778686348,399.81488521475677,1032.2429228641777,476.02562937957623,22,29200,405.8179489736664,-1,2359.847744122939,1096.5998338492243,826.9092072834603,140.69019418276469,1139.0586009286612,3.3540060617569534,24.602306090581465,138.98653514969754,40,malicious
12.313833874134472,244.9871981029365,839.8035338224231,44.833747922587015,30.770788552918518,72.16368776329338,95.31741515309642,53,-1,145.55886148548177,0,891.7968717571952,1042.1732381799707,5172.262288448214,305.5989679791281,752.2564372127604,14.41687767972063,725.4783528447076,124.22681147536639,20,benign
48.39636205562198,242.80227382542643,560.1251029082835,381.05348843824163,46.67076670962272,34.62052103967132,216.48160805638355,80,8192,120.47324882786947,14600,8370.4268767867,300.3836455517337,1185.874586792651,86.96624010389654,1202.0930206749042,45.39377095171881,5100.0190824245165,27.50061738028311,20,benign
557.162284093576,1105.933733148899,6971.68914983691,223.46362431506367,359.3867455212194,338.398993374821,482.3205391060624,80,8192,253.4091125893097,29200,655.6157128894403,547.3148771875585,6527.552172818461,225.82927360561243,576.3105065582052,6.168216055707065,4025.0365408991265,102.21741474244106,60,malicious
913.4108552782104,1113.104105264496,2257.154095342028,53232.39366406883,109.64875971420986,895.4386349068388,506.12623630840164,8080,8192,474.5497285633828,-1,823.4656599045484,252.56206144483613,105.93788092034153,163.39958618243466,936.693703285113,10.694270006266981,3984.016424197193,99.52775603902616,20,malicious
33.17667091197055,244.26265198080566,277.9328434538001,83.68329402812356,23.64875916661858,16.241262960182524,235.45419016493022,22,26883,28.022682760963228,29200,2312.002422642982,284.88926331397033,3718.375796668554,69.09188958703818,452.57603974518906,16.841692190912603,2082.6941886567074,43.951451980743684,40,benign
289.94486836676134,1117.6971928158591,4983.163436865989,40429.891182252584,266.2347059895112,640.3871678260637,493.5878580973373,8080,65535,516.1396770214133,29200,4229.421955945012,462.3140765675729,1924.8224280042334,371.50775914187864,1283.0158465535987,92.40517576269674,2099.1191994134006,192.4629038169645,60,malicious
52.22344123357373,284.5807884815397,805.5714674290574,1310.3901531098284,39.018920685479294,111.91771614003619,245.25458999320028,53,65535,87.82175111525768,29200,1934.812339149116,1225.2634348344209,1352.107579721202,396.4952647051114,690.5113514097557,81.30126526076475,1143.2661462055937,163.3723866093923,20,benign
1322.348166726575,691.6854091049796,3865.4305270953478,34494.40194135629,125.97731560338538,894.044698018513,925.5933436451996,22,26883,538.5523424367855,29200,187.15734913158147,1140.0794016360785,6478.359477578873,53.56906277994296,68.77646264705825,92.44881638816398,3353.0665503332752,32.82912949453949,60,malicious
5.838245124520668,189.80086776945512,1499.7343173894144,824.5457868215548,22.26905895672014,40.95509606837999,185.34121951977727,443,65535,98.43383123480395,29200,273.959426183894,1125.7382272800635,3472.9862131607288,210.6986047721189,1388.1172168928395,83.09800750242869,2038.7908096795516,31.439655279153456,20,benign
774.7400675884293,1395.9610802116872,3831.9019368849413,15856.881310763365,360.09194976044233,837.1433519934376,638.7246443634076,80,-1,214.49486551273355,29200,1225.090014230276,202.0711348872531,7958.529434155871,137.07473177781316,371.0183759050868,5.102225330942989,1152.771994196751,165.82896846269568,20,malicious
10.11566580723931,227.8650554815456,483.8435321446641,240.43301590633772,28.928593642877917,108.05759453098457,264.8013780092102,53,8192,23.41915220259554,29200,203.370967157748,1062.0158599580295,9188.97432726685,55.2029556960936,981.7772795474174,19.44325632916414,5194.8995344697305,172.97578357526987,40,benign
11.139055930860565,301.3464241408762,619.0979107867585,439.13412146894547,6.247036489082431,68.70031262540545,62.834769805410986,53,26883,116.88298060046142,0,769.3673274021445,544.5378600935953,961.3691296216883,283.8259244021226,391.5269905368491,66.03092311313748,1925.5417111192946,53.39570385626197,60,benign
48.21619030092918,190.79925256060818,1143.0404921912293,130.13446039809986,27.53229932110598,47.02606633873843,188.3367293394579,443,8192,24.574679212613074,-1,1087.8941030023184,1228.2182770996556,3918.5878223316395,171.34372605123176,1495.1942970578418,20.241836728715924,2467.339203534278,139.69917163284163,60,benign
69.64690359929001,186.7662369077721,1252.7154747999336,582.2302853310543,33.448024378722835,51.07422864044389,74.85020401768998,443,29200,102.67774942219047,65535,775.1454804343637,540.494237821152,7844.963053299672,390.8806568833393,727.5918976474642,13.796922411294222,298.28508221710905,89.92003175661539,20,benign
592.4264978927256,1156.2614181029003,2146.0373207009425,215429.68420294792,327.5090395183153,557.629795700146,500.8718788385,80,-1,445.7854723205861,65535,3263.0781596075553,265.86624565049294,62.27213459120556,269.03748953056754,68.49286560432719,4.084967464438771,922.4875437653563,45.030949967040755,20,malicious
23.16989337575744,187.26496702033427,705.5865638921332,829.8171080607775,47.07879851043467,22.47296301454056,275.366586030769,443,26883,53.003423161752195,14600,351.02386136993096,1199.4611171368306,1013.0440839368017,179.80192996762446,771.9808187491128,52.11444290277964,3158.515817477307,84.05530766824387,60,benign
34.456938511156324,288.723479132576,854.391947558172,331.58438067573775,15.865360029811255,42.952189348493285,82.53952909524017,80,29200,128.7351797499218,-1,4199.795093536448,242.69059417504758,7847.299925337793,243.94868131450323,1417.7644447800046,77.84572432980397,2396.101731493966,161.99582365241963,32,benign
792.4212974661816,944.097856273481,3117.62219238891,54327.673315726126,167.91426513015256,750.7974592886746,502.18375506424326,22,26883,539.3952201513292,14600,3132.7418165927543,305.1859199992557,2577.0952851531247,172.88026288207672,520.1406459135427,62.182822149407954,8093.6299960740325,27.439338778253664,32,malicious
15.031222385741767,263.86928800617227,935.1450108056763,55.280427762072975,46.49872162711,105.57123154141168,87.52949167980867,53,-1,109.08632430292006,65535,1905.1475977961566,182.83613444670004,5092.479030593843,247.69356967262001,493.02374291195923,54.715764189291185,3427.469164421521,131.14045179657597,20,benign
231.79582106477565,874.4123326396206,5788.682665945327,23545.08687605092,362.9063854307952,403.0242739453227,867.7311433660473,3389,65535,311.92879848379044,14600,1728.2520570965107,533.7633907042762,2194.513306128325,136.29695483547957,546.4179756804879,96.79500165009007,2435.674735835487,181.8314216199587,32,malicious
216.5146415812521,997.3388639126939,5168.360527811732,37385.59102814017,300.8270115238092,804.2831447830748,774.6759883974948,80,29200,331.192846707424,65535,3142.237689548427,155.95640899886558,696.8624708719626,36.02990209220889,1135.257558449095,98.72760155468502,1871.897330305642,128.16143556634387,20,malicious
1324.2199474315755,1228.2072859786476,2774.4850475459175,1648.4553500560658,117.43914718327574,658.5115622057782,783.360270524362,80,-1,236.9958700591502,14600,2040.1300059220798,731.3617562356906,3251.744858577111,63.35159171240496,1133.0086553622882,13.38246439632076,1550.5225122151205,63.56302426600814,60,malicious
71.72220295635996,1125.1838735785905,5287.196940805179,13276.524571541602,114.51972210779263,484.79683880425694,947.9808964446985,80,-1,324.64984600960224,-1,258.27290251311024,846.056978324801,1463.0917026188247,152.3379141330571,1035.2457041527937,80.81370651793495,8199.568049851643,167.10038349065044,20,malicious
20.682982276078835,269.40707408656914,615.4363134683508,295.643274639452,6.598646345192915,40.97399453600265,63.43375509326089,443,26883,116.20212006943002,14600,1410.4417813721989,469.95883267881345,15121.637839058512,89.4848543371321,1211.8585987063445,26.54224199650669,4176.948121391476,158.16587274471212,40,benign
218.2829827987591,858.1075503342489,7274.952614408676,6009.957708903507,385.5128985734697,925.6997834094427,529.0453041716652,21,8192,564.9377825157867,29200,7101.778699045604,957.0806935729934,6028.9912626341065,168.8084163348692,1109.976829431872,49.83493031659625,987.930424954395,149.08004968515678,32,malicious
36.42423041008077,217.60628048499325,246.221610333589,947.5431691825481,29.986776100192728,67.04851228936442,253.21358201161848,443,26883,31.799232694360445,65535,78.30814702976313,1157.644016950377,902.3205709699961,133.06546698637666,94.3892127146238,98.4283295793393,1203.5856499368876,130.3422326125463,32,benign
11.421172417122092,190.2475191219288,1199.2769094065295,816.1594992505075,43.4252308267624,117.96516786947208,242.87271854324698,53,26883,126.94856907902079,-1,711.0268821195698,718.45776322363,5343.267467711189,243.78895603559965,828.364519514234,0.7426484433248559,4798.402927200665,130.28008304149486,60,benign
917.0393962574551,825.4882825955253,7182.34543283133,75764.07017266721,226.55971889256978,1052.390151769983,524.8813233684554,3389,8192,293.94737307146886,65535,1647.074182254251,539.4874794787446,14291.692999419287,126.54234075354935,1390.6738923431708,22.831492310307276,1364.8371063475743,76.48293232964457,32,malicious
526.4349582001546,958.551264529287,5586.991612917983,77773.43451940983,219.309546834255,1100.3011877027811,399.4664293197965,80,26883,461.06212758914154,29200,1287.5605598462903,895.8724129670817,2712.347214419532,222.7542741009945,1052.6775407422658,66.87765156288964,1494.718923670591,163.68031958635683,20,malicious
96.83916618195043,1321.3681796236913,4865.41119726243,33303.486401601374,191.82173813158005,969.0825058061877,566.6178475225238,3389,29200,171.71827182004435,65535,2224.534575442981,1019.4310573700935,4989.70864732795,86.48977280479767,1336.9935802558396,88.1347889729676,1086.4330410995592,122.74810194484978,32,malicious
903.383516099603,1168.7349874264794,7993.609463666611,2300.1277385734206,200.31236997674384,444.54286429388765,959.7110128651817,80,-1,165.9581234004216,29200,81.16355653479754,1408.6104364839764,1924.6305140625602,327.62679128798953,1494.9500841994382,38.422089269476025,2142.1417812300756,49.30292392126795,32,malicious
287.4891831159205,1265.1392681656998,6718.549008443822,76.07249940066542,271.86893216839064,1048.0481811251584,801.8046116112936,22,8192,302.82603603577047,0,3004.392749924423,601.0980489612642,5712.9712384577615,342.52731955542555,1197.7650005172923,78.67568718275015,4345.016653298034,80.90713440539795,32,malicious
321.26598038096733,1162.9704482585696,4812.979593232752,22510.285186332192,221.11415645045992,613.9465193462712,960.1755012829851,3389,65535,320.31453870682356,-1,202.26205435045432,1144.4142293890063,7071.073080755823,24.473608554972493,195.73715310470735,0.4257199254240507,3261.3755356710603,47.35689582762496,40,malicious
5.94435980204933,287.1178615267905,587.3999319969801,71.61139463698484,18.837374655267254,97.1556114141259,162.9026022382731,443,8192,71.37008250370494,0,1627.5615797159505,175.5513649653475,3685.6396442525242,33.73826166252714,915.0948978576221,55.72675735652323,976.0505990309941,165.8274524272629,60,benign
173.49104536695134,1072.7691642760965,7457.681728638805,70822.95367553366,216.13434922762,721.8479528228745,851.8047415769593,3389,8192,438.8282169966354,65535,2109.0313271793448,694.2772461318822,3987.591815617412,241.37486600889451,1158.8691328894042,77.13646501494078,1121.1575489974923,33.04358462850465,40,malicious
920.5244413479442,1227.749500659651,4695.829881319298,40992.49650569534,393.3762157800688,642.8486574641522,630.5526929741625,3389,8192,225.21987619017222,0,193.4395604681942,371.850395091834,12812.650292780763,276.8341214379248,174.78346064209654,19.289512550837816,231.74588976429965,181.69411391593857,20,malicious
71.87610669711435,297.37245093266597,824.1891025265808,2.086564323058482,40.48378634667447,88.88119402314064,57.951643528238236,443,65535,48.1883871047505,29200,479.9022913424337,907.3141798159996,7283.142765175707,100.18050115987319,922.5096076717116,34.5998332725098,1130.7182602209566,74.26893143528089,32,benign
145.66422887433643,952.4016909548584,4770.276879256255,13021.628961184835,382.75532195268113,532.2523758083801,391.30781155244205,22,-1,189.10868941940817,-1,3658.6703592170184,1328.0776732591096,68.57023386805045,142.9805005734321,885.0245977330196,71.53193494133242,1261.3676593857385,32.66446330508263,60,malicious
23.655018841728964,343.0353133880419,1378.608127789846,617.8059609899808,37.34025531448879,103.79436951066005,226.73754826189008,80,29200,118.5775315792826,29200,2736.241675557478,222.90795026325264,12120.602760063999,104.63617383216764,1208.2875108694652,51.65752497853193,4378.15066518609,23.399884963500565,20,benign
125.80838671114654,1305.7035962283096,1842.8459357303484,84057.49413281801,270.96265975735776,301.16099062749834,984.4005769858218,8080,8192,351.2840300803765,-1,563.8101530010737,352.406363595777,3974.253053460082,391.37179009643194,751.6996443724817,60.93247591179735,3846.806748673129,69.91739630382783,32,malicious
10.266847005111995,1206.139337799967,5205.523693924779,45172.76199180256,356.3633727654094,475.36642254556784,500.49272656944487,21,-1,316.24201639716523,-1,599.049015040708,1497.1472717968823,29.015497543831888,261.1640306361053,853.3691399950039,93.23871185218644,5993.7665447424515,167.69264093543794,32,malicious
16.576642541230154,286.4479253611618,222.88339675950533,576.521228787415,33.929850668365454,74.18381349446041,258.89583933289487,80,65535,149.4416998796045,14600,6113.037367142005,601.8684476888718,11660.71390724321,101.09857877714106,820.6158290859905,84.67156871917219,1732.1012204397275,30.050887846070875,60,benign
2045.0578090871325,1033.9951981064091,6809.729525392245,2283.0616804038195,121.25950039346623,673.9370028252183,701.3141486941408,3389,26883,578.2642003050274,29200,3258.364536950926,58.06994497269428,5146.993969387471,245.52803467413364,675.2850105752373,88.23353415849783,448.68666617041197,43.623542270648784,32,malicious
8.829690337220306,312.49756599526506,1330.3809926253628,329.43165419001156,5.107814508272146,18.44740096191856,126.5683383503175,53,29200,122.38419956008471,14600,681.035885802086,766.410786393775,1521.2432341477393,276.5107266886153,1216.5520387756046,48.99692807592493,39.348351412384616,141.48361046395735,20,benign
16.537373207152775,329.384611001989,236.23459153657902,33.62973454806929,30.602879252045085,31.718574294564473,91.16917965803121,53,26883,122.746209779028,0,164.37971026115798,1107.8832780994346,4118.204019827422,218.05023459415352,1272.94558357082,49.42122031671131,1366.1971379375339,112.39147376894218,32,benign
25.2449907869967,222.86771551512868,696.3125282189613,104.09808508055877,31.609306087555836,100.27556035576634,244.13834629583175,53,-1,111.46296873987244,-1,1990.2165409763882,1155.8590092806978,10685.54817918241,302.2338842476682,210.4618426355595,65.17049499436042,887.6256937428639,48.895445447562786,20,benign
14.60442079108091,317.7301171067853,279.0594239009701,10.749195180007781,21.993596551825885,68.35669587712442,230.8944711852914,80,29200,133.15382958607128,14600,897.0936388727256,697.6865500996553,2460.824355755702,294.4241954473929,405.2935244112319,36.594630378977946,1214.3772987528926,73.33668894656665,32,benign
2.0605967753440773,339.50657277401785,911.1865111635427,734.9972849255574,29.170613330480773,78.28975317117657,280.0416908650195,443,29200,27.314139286841566,14600,665.2994293740519,1052.867055822061,2419.4427702377347,133.71573913486935,310.12812273170164,2.1984235770400318,3684.287538729126,155.20878002394443,60,benign
50.697604476357306,209.34829529520076,460.4965373778753,242.85489840332838,9.366860674572813,34.77421784265388,101.23978680959878,53,8192,73.7512476177348,29200,3543.195434081619,184.8388302905208,2640.586383940346,142.57936097652902,112.57329311036614,35.75248072987684,2394.875254021706,162.71870478076124,20,benign
3531.4717728022747,1163.31820451949,1943.812254856864,18554.193023379463,196.89991134584852,717.2208479960375,962.9267592166667,8080,-1,481.0976677762934,-1,1323.350187990413,393.2665553338496,600.2554001555071,142.60358803448625,824.2836226557432,74.66058010945044,1409.2547637486769,136.49440849918685,20,malicious
38.48266972164183,273.18127839717357,1245.0997435686147,315.50448972957315,23.549897511854038,117.30175892877514,284.89542849744214,80,65535,74.86369826363247,29200,834.2546034717193,439.27364312052543,2648.9985368271705,280.4792007430272,695.05233275974,97.36322718267255,986.2289853652163,101.13147364734601,60,benign
31.533114177604453,219.34062245283246,1266.3515524056183,1142.8977427426157,28.313410397276517,13.929380986444325,175.37359479464544,53,65535,39.79664594860125,65535,971.4322427476966,1429.1621869412045,7155.142182006899,190.73849242427463,292.12018929649105,68.15674725064149,3011.7690516136054,69.77301731785049,40,benign
24.886052174363144,331.236000746808,461.7111255413173,703.4439059929064,36.08586461028575,94.69680469913207,164.89457467541274,22,8192,52.394804784431074,29200,3608.1815282810867,85.1648030714391,4613.642043380168,236.80847193635935,642.7355403810984,75.2934672278888,159.1020289357148,24.593609394142423,32,benign
166.4277917199729,1142.6892336255498,3248.345180671323,28013.03116684068,123.45696582126513,1183.0442705640614,483.5032253148205,8080,26883,354.9198080043562,0,965.4764416921034,341.11254021711926,3528.0130053497983,175.38473911289,471.1471418159675,39.60798577626481,1711.938090568553,90.82275119728783,20,malicious
3394.945970630151,1356.0847254504886,4531.684691543531,6826.398578905684,204.99122196942128,881.4815678077297,633.9849154295259,21,65535,536.5550470101703,14600,2215.1139096647157,1495.1287147870746,6732.08549080628,315.42406986060627,1219.3310414978994,15.477091079829275,1127.2513313073646,165.50822936235667,60,malicious
914.0259365425203,1124.1730404564594,7942.451167180005,30873.33550963384,294.4144744064296,546.1326143532426,674.4798490253163,22,29200,162.73025161125264,0,437.6952440293001,1366.346255232873,8099.001716667523,220.95336842080008,775.6335715713991,24.695070939497842,3069.488529908682,30.9037159055354,32,malicious
240.14754271860778,1190.7736115621015,2182.4924092197816,6293.212510188804,286.8908327529257,977.4680177129051,463.2874161105128,8080,29200,251.0617170386985,-1,928.143316018441,915.721330509705,5347.588618297743,113.5240605879929,1167.0112985250262,44.22891246342222,1517.2987787845518,184.55914610170467,32,malicious
977.8857230037381,854.6539013754629,3261.101585414526,6853.340516221226,105.15247214155295,307.34366588186236,677.9026050898717,22,29200,440.48881354324897,14600,4929.462167736003,1073.1558496761402,1953.8528424434294,195.2542862452758,687.3195550697802,30.946562165971404,750.4960454596819,32.84394384025831,40,malicious
7.9501215125258575,252.01504891096715,1253.404067788038,740.3139347792542,27.55239372951668,84.68453193532119,202.08530148576267,443,29200,62.98438560566541,65535,1754.2620198413438,116.17031888767232,5670.654126178003,67.87664167877884,1440.3701025630053,26.993663150786983,584.6677635330749,155.53883515024336,32,benign
17.151745344206695,251.43263496847123,239.2653551699829,131.9039016518397,35.414773720508805,103.58543834940428,149.96872768194413,80,29200,115.43515091775777,0,5414.004912989257,1373.3784239854283,438.7747573680721,187.3850919357713,824.9575846239768,85.72447171811784,1400.6399077485923,187.21257075660284,20,benign
35.87028376120677,226.26266116427325,836.3669489982098,645.339574253644,14.755803412680962,76.28528747319376,102.4088854253576,80,65535,85.98822297148445,0,2931.968752857649,966.8818423069828,43.42958978313601,217.9025610050195,953.2106718099876,29.438695419265482,4350.945279471867,180.17318992577157,20,benign
25.920644962510142,244.92069229238712,1459.7261641464786,499.9676427884232,25.876155579895435,45.39939073822838,246.35629116353746,80,-1,50.16003835848247,14600,32.49508816534196,175.89281657763604,5071.053895662529,375.4265139718901,166.8841666062033,19.3971743330277,5475.17640627557,182.85398529577455,40,benign
0.45154757297647585,295.6913504319134,155.7529302034614,88.07421681480854,17.07512079667692,39.65723827333916,271.10006736910395,53,65535,28.855932496536465,0,1273.0012253629452,764.7977765531889,3130.989643973635,178.3290256319516,83.96903129896816,22.519656273802013,2249.0986755065164,64.09448941982052,60,benign
22.220705994734253,244.1112674194993,599.0430541345595,1824.790830896999,37.382280243320515,106.965226418629,244.2423914070069,443,26883,35.953477361220834,0,3585.3689633503914,616.41797402616,1745.5283607562328,173.90063919974648,666.0229203412107,60.48338375984748,718.9733897281405,145.09208167793548,40,benign
51.20851455237585,214.2579347725316,960.8651564361849,1221.1188722175075,6.6873637859012485,22.43076296704307,244.396856520429,80,29200,82.57902780992595,29200,85.0360984071432,507.8589093847442,11138.414396419148,63.53042096487176,483.8327467959569,74.73188044961536,11010.832719643422,145.18568516829373,20,benign
6.74579145205099,278.1244444067847,584.0656564663825,47.225437657229776,37.036802331110145,92.45897279226575,209.66691410538502,22,26883,72.65593011071002,29200,2476.9801952982343,51.17838880501552,3942.1852614107142,148.0066438058697,507.28214946655567,6.391903245049269,1033.6190933971843,49.09496240208635,40,benign
249.23072580985567,1124.8766681749057,3840.531855910879,104839.51051127267,334.7551803879155,1109.6754363060725,451.37196048079466,80,65535,419.6666648312523,-1,3644.5046248858507,888.6441666878484,5136.0780440857625,136.81813411975207,629.0683757097942,82.66649277353565,774.5096250921522,114.74363063759418,20,malicious
391.2848393224817,650.3125978870243,3422.8585865257473,6094.943892233933,328.9876441978844,403.7614174584238,495.74703207610895,80,65535,144.58053290099602,0,2535.2314234716127,770.7219386398042,1416.7218550648197,389.9772893676387,638.6272671692441,57.21581846166034,1154.97182488757,124.3253783456476,20,malicious
1908.6347063621554,1134.6741965412234,2536.7198364015912,43858.66347000823,384.67335207905853,373.65781540559266,966.7287038848251,21,-1,527.1672841843993,29200,1394.9966582736079,1262.9410040287862,3273.6879365847053,232.9461688486031,785.2437354003025,94.05548126016697,3164.1092208834407,78.53855170043755,32,malicious
697.360612929336,932.6509029958659,6634.012407067687,49313.76444665947,285.3571904973593,1157.5729059683435,602.8614047669435,22,29200,325.4859001903368,-1,825.0521874753032,877.3868744298131,11984.637772279108,354.81510986031765,854.4442896905333,24.536411069273356,2177.2639600011935,59.39338417550493,32,malicious
481.45564378067314,1349.2509722671539,2537.6295256572907,28272.983195732326,387.98601242956397,947.9527009574464,826.3924371945322,22,29200,242.5945492937139,65535,4228.696676801908,247.15398823045578,2472.8789358463823,287.0067017086395,1499.7165506962592,26.878036603231305,117.2305838993275,189.3737929657847,40,malicious
398.3851777505649,1088.3448921816403,5609.140029188512,23197.575198723083,180.85289917932408,1144.95947978828,491.61036723176323,3389,29200,330.4819929575996,14600,1223.4488539073675,579.6737983867133,4085.379417275204,162.77808957345616,1256.650494360106,0.9554469367600404,503.4221047540579,161.5589682089127,32,malicious
200.47047142457575,1402.0600435976107,3842.4836962214704,142.75951145107393,206.83426569615864,1075.8745200837575,613.4631361654195,3389,8192,546.6789481652434,14600,520.5628065453312,1174.2172418820483,1976.9672453935273,57.35298583878206,791.4797965640366,17.643468470954137,1678.7615148526545,75.95435187694159,32,malicious
16.10231333350707,317.25384189301514,985.2984568072546,1813.2719913801766,33.14639728366471,100.35172785643711,99.23101495448893,53,29200,104.66310060939645,0,244.482777869376,423.8902223740129,1249.973653882343,42.37314017474469,960.2337765613007,67.86423970171128,6410.014063782763,88.1607634114173,32,benign
616.0316470442161,1132.4990191649797,7599.764183304618,108995.99918602555,387.2785127395545,725.7622814439982,521.8455694121587,22,26883,589.2492360942454,-1,2025.079026818807,819.1592394044975,544.3097743247365,153.03385565070687,1139.8271874278732,91.03770440354867,92.59584224476545,47.85358587589862,60,malicious
10.649448866998231,257.99121810011326,1434.0938194592677,709.7159995278229,29.52944917045305,97.10347276824625,158.11739677553425,22,26883,55.5419090112285,0,1183.8846609240811,139.3348926756448,4681.158702065304,197.39208435857995,971.6430122116308,86.86945500978554,201.9564728473147,79.49308813939894,40,benign
48.40567394869389,203.10171861342795,642.1511726906105,344.9985664881897,40.246821098819225,104.61522010100587,163.06301549286272,22,65535,101.73312972734351,14600,770.8928084091735,822.6615332873865,114.04783485009148,105.18571725756325,1433.7548998590203,64.41139263202665,72.67071566847194,163.85969528924858,32,benign
635.7149407116552,1176.4816623079907,5179.146619725496,17808.116252457665,275.0295804253924,376.24171973653824,784.7005091185481,3389,8192,513.7352597927077,-1,1693.3918353581598,1282.8909126622727,3128.97337498441,273.55040710148126,1053.547881198902,72.15293339724354,11.06274005926328,187.9659112927098,20,malicious
361.96298421572413,1220.213893985197,5384.8886682737075,10250.203526735266,365.7736766551817,672.7550482835552,587.274542306882,80,65535,352.5490962480187,-1,1449.793845683602,847.587965063487,8771.215722740404,20.710934122857882,415.26063547396706,65.48651669437456,7221.463359185564,113.81313718218898,60,malicious
5.838704352007448,272.3135754249873,809.4200074275891,303.49252424687285,10.632754390235991,76.70402201508438,186.63875416877335,80,-1,132.5794448052951,0,1464.489271310273,526.7782996047213,2887.4535240503474,239.1848351617102,642.7968702949338,32.71502181023218,1372.350935851549,80.74379858846336,20,benign
3.7732977588048815,294.5723161319123,1463.8719063984065,119.00599573439403,40.25343782201691,40.68229960146762,171.48119885049573,53,8192,24.677655642443035,65535,449.93451201436585,91.69394809028547,1081.3220981044963,263.8647588173389,1351.9380056218185,49.15102594461842,3869.4576377671406,133.9583660010406,20,benign
23.196605982675294,223.85470376802104,186.79797277145093,287.78110114563464,46.92541487287442,103.147421162519,56.68501715513245,80,8192,102.40618587083436,14600,2886.576377721074,1169.374926860695,5085.863048186448,189.4689674340023,1077.9645568545961,21.88092477478214,326.7208062277968,167.25768789965383,32,benign
429.9679152164017,1114.9052343030667,4336.662874519896,23048.184530344904,298.5296833216263,913.0138747429127,418.4134558777482,80,65535,448.2254719339988,0,129.11871511215602,554.6692639255672,366.4653654526851,109.57912873040682,498.75730146027115,58.22487749328321,2929.643646603461,100.58324963311954,20,malicious
213.56821953883602,1222.026567035708,4050.3289495749823,19146.956247764738,218.86596483243002,460.5396917302577,463.3914023234953,8080,29200,273.90101228669454,0,1741.0799220686276,976.6833497891262,3980.1982127080214,321.3061411447245,508.66229263568323,16.75997540548536,30.369998040602905,99.70031884376512,32,malicious
297.0662806669421,1140.2939730395938,5462.2170320577825,62604.23328263056,291.5914338898717,679.293511224725,493.88347274537193,21,-1,139.6151321368876,14600,625.879784065465,707.2015112351781,141.07355189945545,279.873592201494,712.3397576553302,65.9677585947123,373.5263230254351,24.696108601124344,32,malicious
162.4341327002216,1229.2725388085178,7920.949057828693,44602.11734801126,357.7534233842924,680.7605510314534,674.9038102551267,22,65535,397.4577027340635,14600,179.36764784838294,261.94588524004325,15633.368486475598,104.8227023646123,448.4349878155825,78.52653734971732,318.5687372276232,45.974503016600366,40,malicious
9.682784863899242,253.20574184216792,1067.7887584712946,866.3063119952277,43.84213461399197,97.85548160585074,194.6635068966727,443,26883,48.59170716929927,65535,5172.247974607818,526.402836123641,15780.972793565496,169.55247036879817,406.4799270371422,63.10538002619458,1284.5890637790753,104.838448022829,20,benign
45.888161091334545,275.2044252875913,951.2764750491858,61.26245077272801,5.801779609025468,119.86808511402916,287.28792534764943,443,26883,27.459234081409384,65535,757.8748120267537,1188.7546467249642,1824.9029928509106,331.7516509888896,1106.1521213146098,68.62404870218877,2673.3304736715645,133.90931851712372,40,benign
1260.733246801369,821.436747779373,3083.6352007344117,46706.02976774161,328.80998862224556,521.6763928273502,697.7281636528494,3389,26883,283.65983682142985,29200,433.4227055444255,581.3677147257965,462.1710419780517,277.6180469449676,252.36997621533425,80.75567866052413,1143.4418846977164,42.98182167677467,20,malicious
1042.6862250142558,1425.2098800097972,7625.893771083646,72061.10037359249,137.77643666961782,884.9787103543663,490.0708208579608,3389,65535,238.64879765303382,29200,1160.8236859729568,621.2614165325596,12440.131360914254,287.13981506190305,832.345229174414,84.36278584049627,6036.841725861922,88.71546752343663,40,malicious
1.731827427432287,230.89297773006334,330.82376693515187,53.724266761506854,5.619403063589013,104.29361164338916,89.19951220206677,80,65535,99.67780037304466,14600,1727.358352251153,145.6390362762861,10115.797080160299,56.537395660144284,699.2224499828731,18.883089375287287,3672.996617690968,62.99129405727078,20,benign
13.784272945702696,180.59686506847433,1494.2161538186556,484.2707230076924,32.087102823950595,34.48765369745665,263.7407234685571,443,65535,72.2178404103763,0,804.7877333984525,155.18829822236106,1368.678982423581,320.4518043283406,733.8832140517735,42.32631541860263,9.352161063102484,104.46419839115156,32,benign
170.47498440795556,1122.9710146085595,3532.4210270046196,16197.35779186016,135.45143018083553,833.595601067211,721.2098912293912,8080,29200,164.83863738383002,0,3108.786233869989,1417.0744052736234,3576.101440914473,182.04251165492983,116.22730684744896,16.827438321534405,1303.363999464891,129.41338366674177,20,malicious
8.31957478614161,323.9284051478994,1446.0275323464098,30.5014334064593,25.229033289944148,29.427136781989482,131.941198455105,22,8192,116.70568397348896,29200,40.38373421524982,615.5044259873204,1364.3565171323478,325.7548660892195,1497.7639833406242,58.36647154811533,1000.6438838748617,103.0082065422273,60,benign
13.12488103230131,337.9409402261436,401.7583338764558,259.620075603754,24.231683704911404,27.883131109015345,235.5176628226714,80,29200,88.39769640735055,65535,461.87764738541483,287.6088290518323,2105.234493630144,384.10149788973,970.7615266803282,73.4748251276774,634.979056195809,56.29225440270125,40,benign
365.5290900778773,626.9516250931172,4886.259601765263,14654.75218284989,214.98758818259222,483.0525467993547,785.6773408519451,80,26883,317.6911530833328,14600,1038.3570541634324,754.3735794388505,4111.73472226693,254.535552662688,1333.481857962873,31.232564716381404,1221.1027435087944,64.749060619533,40,malicious
458.1502678621675,1417.8574572374287,6762.3152402448595,9132.59394616352,176.1579195070825,752.8851271927251,741.4704060717936,8080,65535,484.36178473887713,14600,226.42900861966174,434.4549169083092,3098.1043216349112,182.5300318376492,585.2368754867982,60.06681983611607,1903.591202192572,36.33944648576145,40,malicious
13.499922250577058,251.5884904643948,231.48165628112963,400.14118216661615,9.070014092549446,21.5825623826997,81.94063798408814,443,-1,76.85876321550293,65535,627.9432943906821,403.6498359689283,2901.7713768172916,81.84065131709814,1215.0770669453927,31.494336187232207,3970.1060995558437,94.11973997993317,40,benign
806.7546795384283,1182.9722799952103,6630.955829484495,10689.334709493298,138.71874669117688,772.4379503426486,625.2761585284804,22,8192,155.13191281855381,0,154.96006676110744,145.46716175239615,5141.278000310073,139.67900415402988,98.94317580664772,67.58850034089285,2589.738027107751,167.86861127567312,60,malicious
3.377505710737755,257.1953431947912,668.4129287764875,312.7213699120486,11.146925924099882,16.837705324569956,233.53125099422633,22,65535,115.38158947682336,-1,57.71206053571065,1466.9173967659358,4112.6653860990655,171.82476400667923,1239.934770791948,16.887004782550395,529.4225495034495,80.19871732759424,40,benign
0.3060170928667531,311.8177995320026,1354.933792111237,11.887687576851418,27.895114095419956,49.909219129118355,62.04418083465889,53,29200,94.93142561745044,0,2723.610842767366,1240.5473682500942,4424.975026032658,355.82453407659926,1031.4196207539603,50.24773972240821,414.3771173207158,80.64677943126352,60,benign
740.1613514311754,1074.6752603091436,6651.341824288615,26276.895328157698,348.23148421099677,360.8992887221297,572.2866099838704,3389,65535,242.94006327123248,29200,2617.4912437146595,1467.2933620501576,9024.481375376257,198.1969165243632,1137.0640713104394,68.7450318083289,1503.9464801681097,48.86706836870472,40,malicious
685.283445767242,941.6507092689089,6024.2391424811285,26145.112360203122,279.59012022310753,654.2113934461845,819.9274925596885,22,-1,455.7847501969158,29200,3974.504952305698,1042.1771358093465,25879.10489243476,388.151739092779,419.75531026949375,76.96428521233828,5378.65667037136,167.20723401100904,40,malicious
18.850274569503764,232.89735548680508,150.47714658335755,22.813171520300262,12.625519732954096,46.41096621634869,167.80190555844825,22,8192,105.34588267738572,0,171.0742914946084,69.11955642936601,3393.5659193504825,33.88376856920273,667.6136235255922,41.808269548945354,2626.063157387884,63.77748527014465,40,benign
656.4168587466,1107.9924866888898,7383.680061603265,42629.071506389584,266.0594879109992,438.20457666015517,772.8050293898858,3389,-1,558.9018285247886,-1,971.7743880269688,1455.480742319304,93.54814661525809,137.92119977245244,1491.0072171360832,17.26674057037325,261.62725421097383,190.532314988514,60,malicious
17.838351407428966,216.24173739550983,553.2364225974003,162.6072602579559,49.22186414834975,30.623978893896226,298.118218611526,443,-1,125.9376449180241,29200,773.9045028727586,221.33829119038606,1152.675080374166,397.1167126589918,177.54394130540686,96.4425308214803,16.673357786380308,108.47214053296479,20,benign
5.499530959837894,297.50819575950425,802.6578977344586,700.9925927099018,31.86531925984181,58.12087801711165,243.95565842120212,22,8192,23.4928608337447,0,2573.7921104733405,771.8401274910627,8354.222011995847,112.1476745218756,456.6212888243146,5.1888484211750185,3790.078451490868,147.32119708078858,40,benign
371.7771549656448,1130.9442790055991,4122.646726183524,36153.835034595446,336.16881168465204,298.10832689930794,865.7304575483049,22,29200,362.36337603015556,-1,1309.479076346082,149.22200561832747,3224.4092434612426,67.1075636321928,1081.4685460821743,95.4061660534641,3796.2098521677076,172.18231246597333,60,malicious
488.00790742366496,1478.9170192618112,4916.256635814756,66435.54005858359,361.79429145187663,1181.3862779403667,516.9175856862987,8080,26883,313.13540524147567,-1,3288.8238378286223,118.18850350307358,8412.778912023921,143.68025026352012,1011.0466134563002,42.16138719230397,905.6935476210957,50.2889267818272,60,malicious
3.4408771119003774,295.48573653520225,327.3680437147319,405.0679692725133,13.041374488222683,72.70897134626404,206.21226659307925,53,65535,141.60216918378694,-1,11.440723331286213,700.6725680978982,3267.5305270738963,140.02456419452943,1477.8458084514189,82.3832816950773,2655.0360133757194,197.42837377607842,32,benign
973.8658778283326,1100.3422580137783,4593.911549607834,47376.05055281103,334.4135596902821,547.1542936731862,871.8533559152152,8080,8192,320.36472702119033,0,473.443074413038,284.1437598212695,8347.137585982895,243.8314526041068,846.6460386464837,81.77680761694872,9833.512140133073,178.01759600265146,40,malicious
764.9833990380778,902.0728095219092,7725.558267996669,14895.258710540926,260.2364862436532,1008.5380541220032,662.07160505147,21,-1,524.1772055894891,-1,4358.319750324275,298.2869022596485,450.13927381957797,303.0922798197078,1038.3236401981458,40.739574712082074,775.0397867291618,198.53477201397172,60,malicious
9.074380863487171,312.7455503619821,343.1108860417044,175.53564661397587,46.37174134646965,105.72160741363417,273.2202849000222,443,-1,25.158440659237613,-1,1618.7962029825355,485.15256693587537,2007.2978162286222,223.17008271541263,935.9500452532733,42.845429843211654,743.3104015251375,29.838361236585026,20,benign
1090.650714474075,947.3293587910618,7991.446376726069,37362.12694393085,315.67731512403066,744.0896943677778,916.111949700725,8080,-1,379.28140427198207,14600,83.4821736790661,523.006124548875,3257.024508040237,31.94909374755366,1104.5310839845197,41.48545841901389,464.8783556109694,145.96546428508543,60,malicious
990.8194284473219,1169.947909750835,3296.2979587923237,8262.71447955609,283.45791279627457,606.5352354514733,880.3863462268462,22,65535,175.19555321547963,29200,1400.815281213899,1231.323277111152,1827.4889811497812,230.51685400288895,1453.36887969339,70.03819189328863,3121.272083033644,102.25730667384474,40,malicious
676.2934350762519,1110.6541468141745,6951.443475555322,9556.049123105222,343.27166068631817,769.8465504046974,471.7184565385617,8080,26883,457.41805050842015,14600,2349.4711169925727,201.694024499378,750.0454985404507,222.53454676336293,464.1705449137353,56.92030049111258,985.2994691156281,129.91860650912608,40,malicious
2.4589265473399076,372.378261143757,1147.0417421514596,112.50717876951475,39.20451588742845,59.91423694502145,126.65241000857343,53,-1,74.28439887999406,-1,1771.3585963784524,1235.1063095720133,9804.10939980483,319.91411999465623,961.9063763176947,44.76278050991272,2428.2059695311527,147.34426336123585,60,benign
60.46757642637786,268.05198963713593,108.72927506862548,210.7684171367628,14.227412855230094,56.6745466661969,80.61203371979366,22,-1,144.52447244839757,0,3328.6813806361756,364.1870678128593,4361.590812123727,188.98955008332064,95.82756868764466,49.311785200314084,1149.8141865872174,135.69085621950248,60,benign
16.17845488009726,231.82705761149745,728.994451730679,26.01379801435987,18.673897212175596,110.39410593976773,220.49815604522107,22,29200,148.66230072951873,14600,834.2859029070605,551.0016338198334,682.0975967432139,244.46121688324052,1428.9242613696656,5.075362921183668,555.0492184248752,45.78427843891863,20,benign
783.9942860607262,1056.0242824843451,5325.111795427925,44341.54845769814,145.8747756667993,992.3871492792914,636.4362593063032,8080,-1,585.4270561435521,65535,227.92714009935975,588.3508505368796,2731.3706641036006,163.38984922133682,792.8997601545194,10.98790190447777,117.41183256013976,89.21028339903268,20,malicious
1352.2309832155943,1314.6035733373515,3751.5383730112653,321.2722579772766,399.1540323255345,1008.3847625973639,428.13558162161075,80,26883,394.3480540747862,0,771.3069315113146,232.25914363739088,8769.776129610938,82.31613012500344,648.5028820129919,66.72563114125056,2097.145048629891,129.56056561717648,40,malicious
336.1227020982028,692.2638191907542,3934.216522663465,10062.194063137644,224.6337839455096,559.8699430593973,618.4550016315237,8080,-1,235.01274180988423,29200,2585.127392426171,938.4941897522322,1475.7475031551296,320.4625357108869,736.643289007808,13.35049423344341,3380.594342899873,87.56420871297482,40,malicious
190.20793871264218,1058.3455518230771,4428.27829440031,2284.824559965512,135.2919572449944,1108.8487758382541,899.6848779933105,22,26883,267.32412804950866,29200,368.3444245355875,1042.3380817681386,1231.5081457134072,246.4364678085989,475.6232505597418,18.826408307169153,4413.195871707985,59.65586298525243,60,malicious
17.036005307501007,305.6082705954092,1123.488916337586,495.5871907797588,40.68298951650056,55.18910192897074,183.59142005064712,80,65535,86.18615441689522,-1,5151.759693444012,292.9965306579138,8943.594635602274,156.0747917540587,248.27296778543382,16.448247143896733,21.96486243047937,144.71066399500307,60,benign
6.62435104524589,172.070566184599,184.56795803990724,184.6192315064348,39.28350007172947,38.98784375421481,281.5631317239613,53,-1,61.80201553365686,29200,109.87022169056658,624.697714600273,7152.154840390063,355.9980503593538,453.22087726020465,40.66618045916122,846.7369918189833,23.15091540100717,60,benign
158.2059222474067,950.4269947344379,3446.704792700548,31079.51513759679,396.0664934906717,835.065574093851,768.6227337753113,80,65535,375.60301502121604,65535,4185.164571773591,73.76052325472224,1356.1593493745554,341.6882261746182,681.4882858351334,56.35157785031779,4603.368423078061,173.67846605567007,40,malicious
835.5600129529186,849.5684261726706,6602.601885504334,14228.836778760418,107.22608358780387,753.1852282441873,520.8291350066602,21,-1,443.4050171934283,0,3539.173992516354,564.3557117359073,10163.255516112784,188.40027412176804,1242.8530028011642,34.73307214585193,7180.023675462428,83.17535796460305,32,malicious
220.68017676485206,1105.8253750655629,2988.267670685751,14786.440646484749,367.1074900910111,922.1671021626379,727.4062537275431,3389,-1,538.0989977302227,0,380.0680360876136,352.2769687084563,1481.5795301992894,106.52185071298481,865.1607653330607,17.541661514982177,4379.177315318392,78.43158141419305,40,malicious
1935.5565958706081,883.469552317081,6329.131812825587,19077.007637814157,131.3952501714769,1036.9930554313737,505.1611927360201,21,29200,154.63152325000226,29200,2182.6856744084325,725.3805805212143,3510.6647901710285,88.34205032230466,890.3877233272218,54.44291827470802,3105.9131347923676,43.678864065742076,40,malicious
338.9326541430076,951.8122908324598,7993.693031403,61935.574181060605,183.92295254889575,814.5080993550785,722.9040293236562,80,65535,586.3961775231085,65535,358.96730902607646,1203.5710146670897,391.8105316550339,261.3036519744338,691.2624752242491,13.65264485936235,422.44271723919735,52.7408204756698,40,malicious
369.01257229899255,1177.041492625456,4459.696708525351,6694.057129655356,267.85408030688126,586.0900507368897,964.6058856909967,21,29200,418.87201935783804,14600,439.6110028630181,1474.2305731326474,10102.434935068231,386.8407865641264,1282.5565569031912,36.88449284007,93.7944229286235,51.79591362617432,60,malicious
183.42020888025948,805.0326896627774,3221.633387957743,74760.90459854786,380.80101342344983,263.4299198973095,477.0440711018647,22,65535,419.8914346311754,0,1619.2421362447562,1461.6581241745469,12014.85266818288,28.70312579100581,860.8205673010203,97.96818013393136,1923.1069549185884,137.88765408799293,60,malicious
69.857593929285,264.6252067462739,638.6568028806726,616.7510183996009,19.379148359423795,97.93061273005002,136.363689525985,22,29200,65.71564972647144,29200,9344.475659703006,982.5545817616913,961.0650015213254,106.55283118419348,1398.8738970361003,78.72386961199658,1267.0148214842739,115.65120178808739,60,benign
17.6015626651014,202.78252822737903,1447.9857330399843,1116.4578824045632,15.783477629929765,50.57615394125128,252.3543025999871,443,26883,51.05368321107042,29200,1121.1216563902747,243.45996532792364,8425.335754128546,176.1333337101256,692.5621626552193,67.29143342730364,1717.387466714574,60.546050769449664,40,benign
304.0512968665827,1367.057873438018,5473.799108106805,93162.69637571985,396.76613181803947,622.1510853010948,799.2600729357923,3389,29200,403.536652378657,14600,1383.2682101632947,326.29046877807684,4589.30868231829,341.51785769743265,1125.486384496972,55.85989778111553,2410.3104657754957,181.41573156873963,60,malicious
982.8811623007069,1290.601569496919,2215.8539789035754,2156.9850469233784,229.7181099035568,303.3083123750489,521.4406738364742,8080,29200,377.2771990702795,65535,6765.288358674753,79.29600063085228,6169.941538284938,305.7068230759926,1265.4380783765068,29.801460948773308,903.1715004185371,63.82254432402181,32,malicious
246.5183288129938,1275.6752399865072,4204.547726085249,17302.262814691523,249.35705991746227,528.3729875408274,957.0293130542599,3389,65535,338.2914484484735,29200,1577.5443666640715,998.6827444828104,5508.368231525349,56.50526099634943,415.354069018358,82.80211003537725,892.2135432124109,40.640707152407074,60,malicious
20.16350922108821,295.04008503492787,1397.2695442292763,522.98743714385,17.193766935333706,49.387839920740454,177.4503744320814,22,8192,104.21237589992806,14600,1789.212342801862,763.9239477234063,2409.6066740675433,342.377135087318,1181.1357572139302,30.5681865006024,2480.821413735473,104.98582064730427,40,benign
30.217997287068705,204.48064021737952,1354.952560684806,215.250822589841,8.310113262890084,101.8717441386593,183.61382944920783,80,8192,62.64393126942255,14600,1868.9404152328302,1333.0116579236046,3102.7877158980614,170.84351274731227,961.2093458253453,82.2694632932402,142.7471471199746,128.40950632901013,32,benign
276.488900062999,1402.2253160241748,4920.622527088888,119165.9938571221,125.3414232946165,1078.5966902568514,930.5863777997628,21,29200,367.7495583505422,29200,87.75893046560229,1392.7576318529784,1303.489020465172,121.05479512822299,862.4426134403229,50.53516564186249,6258.659097296066,28.591972138175965,32,malicious
6.459875510947501,207.49403450260516,974.874988825891,3.8943558532397993,12.67119359945847,13.58157997763216,216.61998396066977,443,-1,83.31647898149365,65535,1699.175489282732,710.6618404827157,3807.121866206299,294.27611166389937,222.48019307508062,52.78742545555743,202.74062615956106,88.77947768352371,40,benign
12.40681904087124,225.5215724397455,662.056673389679,440.19278144048707,46.67546858225569,44.675797612901746,176.02796335678994,22,-1,138.50409803349862,-1,508.9866402260549,883.4653702091332,31610.940219886226,102.67711823323978,984.8130482745889,85.4905272814831,2798.6715699981046,170.72488399796353,32,benign
3.951633586664603,219.21313090564746,376.54194979866145,746.5035091792525,7.509233941375527,57.93547478708738,283.08892349145424,22,8192,147.76012144861824,29200,2294.324985665232,1160.1295221956998,6511.4841813199555,191.41048417654395,351.7251213599736,35.07983720776351,790.2300288148684,49.675168133888235,20,benign
835.4657365104499,1001.6948502157322,6593.884035893873,29865.401538964437,209.52478798971015,703.9816405269371,468.1321836298146,22,-1,446.6226028298004,-1,2043.4812192429588,1100.5155672952296,926.264526279376,67.24810123990349,646.4237899176376,23.88396441136351,1034.7262809342753,176.4169873463614,20,malicious
897.3476490034578,1352.074719431406,5873.401160824938,24657.07527043461,245.47149445635094,891.444149654375,575.1628974633162,3389,8192,186.69836259403957,14600,479.7399598515163,291.05871402194794,7278.124043529991,394.88036308371306,271.64694611297966,54.218054281472526,4561.570203541754,60.26875099059057,32,malicious
2.8752735298594727,270.9962669562704,677.1222406288508,1478.4761600242878,29.767129603367078,24.606121177590687,201.23801587924845,53,65535,148.06189503174562,0,258.00108506775155,1143.793782461889,10117.720003214663,291.7700954621601,1007.3724051141918,96.0589523033728,1997.944388840619,101.06654502132928,20,benign
680.7371246154369,1009.3026981550719,6858.772456090141,26702.968046011636,232.40325989259722,1091.5043004264007,467.52794417399275,21,26883,521.8140092935022,-1,2439.758347186435,250.28790672431563,3069.1924415800995,245.83231851920928,740.6376213989142,94.0238580392341,1322.541974755991,175.6596391528242,40,malicious
79.80847288602169,887.0271191665338,4416.8173798871085,13083.248729544275,337.52519516607344,521.4721540734745,662.2419117361355,21,29200,570.6547056068976,0,151.2078113682939,832.4480790970359,3800.7427474078704,176.3081732937231,402.7760446569189,51.11608354871247,1541.8549648324883,168.64840535770833,60,malicious
10.185071296719377,249.49169088856044,813.5068294208364,293.1344421690245,29.128540871015588,82.9233959893851,282.0247573436791,22,8192,95.39997753019314,-1,2898.95709846154,820.447189356938,3687.431399885781,133.72641860536754,515.5615552335181,6.794325562864745,1250.2650364089686,175.14731244039132,20,benign
149.70923436804475,1033.3513188770708,7195.632764277552,825.0502433427132,112.84898416847057,597.6219389110353,961.0407593459632,8080,26883,251.58738467139148,65535,1739.6443031060974,560.9036211378918,6280.154846043036,173.75995262690577,189.38936944311018,30.41707885700958,2184.1454452756166,174.1981362852378,20,malicious
31.679524903754455,370.03665357187543,452.94774494601734,630.5677194991274,41.37443148560207,10.433390204933886,52.09302534650113,80,-1,138.07827143691014,29200,1039.2370034573607,743.5734402731076,2946.2158469393803,76.89135801127064,392.8081899705298,98.9361315925399,1111.2524745612354,127.35500583938375,20,benign
1.405351688649414,255.81007340133104,829.0469989277763,525.4051473904292,17.003834835556198,80.89371342756428,122.01795089754096,22,29200,52.01694580175872,-1,5583.920212785481,256.7690556247629,1781.0333776490068,139.96949962847407,82.41366473291134,24.131322440110548,44.38291914352646,22.133986827331377,60,benign
9.272655601825354,222.13675626980574,335.0095953982823,976.9901350126552,31.205175291365983,63.646112395759324,70.32948202215917,80,29200,97.24346943372547,14600,468.53610166899836,391.6972019714652,1096.136386854795,283.43357803911545,84.52016945460826,93.2860487661892,1209.3815242989215,136.34730755405423,32,benign
3.5627791639373845,215.56670625928732,1224.3496594938342,223.33984196898342,27.18111379079909,80.84895619900624,103.29150000412808,22,-1,128.76384135651583,29200,300.2888530075354,615.1563554938923,3333.850996938005,388.7708126165863,1023.6045323085486,59.95343783462679,582.2706999228267,132.49300761165003,60,benign
21.465719580742913,204.3160178446101,1278.7305707690198,235.34605984181442,27.0534150962024,30.606145739556446,198.846184382772,80,-1,144.10716190732842,29200,1771.1613645207456,407.2404378677743,1407.535313838793,158.1447200130089,873.5241913788024,23.859784673480643,5411.692183591965,179.14125785345368,60,benign
694.1561330517133,1065.225387413104,6318.7321171931235,46027.21076750283,165.27159598902696,975.4262734850705,574.6327103942323,8080,8192,386.245862743488,65535,6667.5065413799675,531.923556907807,11705.437026002406,216.68738799003688,509.51691740544976,35.554794080925134,2279.7716781303684,124.42241991788596,40,malicious
3.448525962824619,212.59626052582266,657.486568119846,169.1542766214753,17.734163116541378,103.00876295253398,163.63939738866236,80,29200,148.05031257402692,-1,818.0045613212334,187.63448592130192,13806.51650847804,122.6881860585063,516.2111201466535,98.84052022727538,4686.514057891655,106.69836240548968,20,benign
41.69925274224403,208.62059752873708,1043.3312691104588,78.46620302932345,44.568685699807716,86.60948665979447,108.94293494558676,443,8192,109.61784984469313,0,594.6408816218723,620.2366229553821,14014.75206523169,315.7912726640486,948.1039939124578,30.514924183332692,2518.480473732444,136.07666111843503,20,benign
1233.5367287930947,1063.5341450687993,7925.082028156116,225.7912474966655,192.8451549764193,418.61954894364,434.41570384457964,3389,26883,266.0923805171658,29200,776.1010253355375,1465.8651791146979,10173.202530493056,180.74118221964844,776.8673723144251,67.50014816410629,276.9594486337055,76.54597831047866,20,malicious
74.15484204915582,1216.341813471455,5675.479357979857,50541.09416010919,311.50693728724104,1084.0047770395488,615.3241075874889,3389,65535,364.1629499874248,29200,368.3087172647467,428.0897766436433,1461.6340673678058,148.24605595635325,358.56209416012234,93.93062611763737,150.20688875739643,65.98574669823105,60,malicious
3.9111919169937868,977.1137823610416,3997.6183370839,2123.47692153189,364.135959791247,631.4994920674624,528.5985970567563,22,26883,375.74351561968626,0,5613.142525615584,1464.0072943833895,17.72388754800034,361.16531777453866,1258.1317020336119,75.40103027362493,6302.89056627061,54.05193637427555,60,malicious
28.433131241995966,214.4077767593128,969.387492706517,908.7325736741368,31.717561657444087,110.17799175704417,80.12819043768411,22,29200,97.36938449015526,29200,41.961717980499294,883.9553782965554,7003.96405477409,125.25525328542388,1383.1297310646069,3.6553324964966993,4844.884366794122,174.18226733004667,40,benign
722.6770841909198,1186.5122446642201,4887.839027274804,62831.386512759214,201.2858950191283,640.0418592098431,708.4251716903473,22,29200,209.8484502705835,65535,3.356761924065093,843.5329844573986,7230.659516714113,183.12482687046287,506.77496377180813,30.46007034320446,3379.656344333012,176.46449916960785,32,malicious
430.9425139511584,1230.9110560699721,7776.072879390985,11211.72321245883,108.62416949233541,393.929863302384,782.7573977514986,8080,-1,218.09432657717298,-1,6910.135834566171,677.8977488906257,10437.416345996888,30.529639137267477,1480.882952346089,39.022027509894166,2178.8271809485927,29.138469739105787,60,malicious
151.9098861486035,758.2979974661919,2355.845024830362,9881.972651862909,398.54853022780145,661.512500787816,948.410809238435,21,-1,417.3066273825282,29200,904.0063491766422,94.21206544697883,3675.3264443669236,156.31863780477832,1349.1839152649356,63.85931282851969,4531.785958963405,23.449621835522567,32,malicious
201.7082431984676,1278.7357312501704,2351.546122743587,69772.96120650692,115.84630821683123,328.83870845228836,601.0833429719518,21,8192,277.4790519823339,-1,781.4850285853148,811.1133471865534,18656.07696978168,366.2193823071883,1038.6843179439597,96.2365303065738,764.5061120717213,71.91825156996154,32,malicious
7.14218720127715,231.47144086525282,762.6802515250621,333.25961313658155,26.807762483955592,31.23588642108699,116.88380368883601,80,-1,80.8685387795356,29200,3229.957372334228,1201.9507579539868,1113.3646359856066,191.24848455447918,1105.0894960761866,48.17509266478475,936.1893091520388,169.42571365922956,40,benign
18.185701505237397,265.12883409415116,1429.7718277337851,816.189193865473,43.15938252668038,17.610737002937896,155.8075796100157,443,65535,146.8949955416606,65535,3103.1978774192094,1144.1088525430366,4390.692789524577,356.9554235160476,324.88671785979824,72.7326482942833,2904.4532703624245,98.98913932560946,40,benign
269.99736031761904,850.5753862637821,7129.600712111617,5293.453645992327,374.571590242383,1192.796310851295,899.9290372508485,21,8192,156.26150189341297,29200,1356.182564794578,655.3252437676797,103.81381193675195,322.23409507731895,370.6966455047579,78.99846908465646,894.9046439781613,181.13317209567782,60,malicious
1481.5988405454857,1081.5859732761196,5524.217875434242,9277.69654707898,163.89973686966306,1104.7016513432263,626.4383833944273,8080,26883,573.9331704218416,14600,1671.1303424376335,924.1354736948012,7531.954253533621,160.58326598343118,326.1977214799712,45.82106966380339,4881.208853643116,67.10386093790757,60,malicious
44.007385493780546,201.43848552819878,193.3236455916219,947.1672466607283,7.168014676329626,21.447240075656353,293.86139357632413,80,-1,135.6148247083944,29200,431.5729018149263,307.98859501312467,22008.71780653327,369.65494827569876,763.7096603748419,72.27264206398299,183.83396177067624,51.947774755773494,20,benign
1620.9729414400167,1136.58040158648,4903.048664460745,2307.1428747143073,303.97271004542074,565.0735358361676,523.3945423591233,80,65535,590.6738877890173,65535,2584.9936813064146,324.0013780642576,7966.7454161807445,90.9213202532845,1103.2162156609472,5.888246210628045,5102.583169651724,107.794702181217,60,malicious
26.104198772304077,211.8619034901325,252.20552449917898,13.115068791540414,33.020263025521416,75.53250662077214,198.07317271964956,80,-1,56.3782652724332,14600,1878.6242288779501,777.2931568265454,3012.854899444966,175.60880627999578,539.9793282191179,80.88948427542675,1160.0027273891635,148.7720470872411,20,benign
68.65612836108384,303.98993110408367,233.72599395007592,737.6610157653009,13.366501185234835,66.58955234055944,192.12792553181615,80,-1,23.77902255584112,-1,1.6659278053728384,57.2496434269202,2825.962297202429,235.46274631515357,395.1809740428045,88.84504766548748,170.14508922486166,175.8916292944574,20,benign
14.669341467154016,205.79597028508135,527.7812908973132,1242.9620892870403,18.239526878430365,77.19791001871462,157.2864243011917,53,-1,103.12374598036527,0,2097.0270512470215,611.6789242391561,5622.2980799611,281.7604033537041,232.3910232997028,99.68439282198132,502.4271638094979,24.03521094246227,32,benign
921.2816927466082,848.9503550586066,1860.7661258929088,79352.8756239572,381.3623227292534,377.01690686919216,436.5795583362217,8080,29200,331.300274314038,65535,997.5733919877647,304.92004800605275,599.4445350293868,320.53970154976923,573.5593306569833,75.84039411713684,7096.650861041974,164.3964096573223,60,malicious
311.03905211088653,1086.996303653362,7699.949307583438,5786.950819982413,238.6328531149663,611.4942402711495,960.7759630773176,21,8192,461.1000773897006,-1,3208.90019048333,1212.1789864965488,5973.013434877707,133.94168433598355,653.0004487006337,64.28775707396458,5126.0253216928195,51.53350073745716,20,malicious
1.5606619135736557,213.52012207993542,647.5058720385999,271.01342558594774,43.305371700497055,51.638430716756034,154.9064731869731,80,8192,96.32471275501203,0,2660.0414577082524,434.5342918711528,9407.096228368802,205.76826851441422,123.11845617918318,21.69404794268074,259.36071545826303,38.0394888845194,40,benign
321.6105185312511,1158.5532906955195,4317.849459858644,50550.91787298235,360.08483712335834,751.1240674028847,465.2955964710837,21,-1,418.25499016342445,65535,2080.012089064584,1027.1557555974096,1833.9445942980972,329.0894957021251,1249.0686590930727,3.30519136075067,576.4061757167456,38.94107016902362,32,malicious
680.2588224795342,1325.6871899873672,6455.552570762742,29686.349262169624,109.97611682215941,971.5876343017069,446.0403662018231,8080,29200,170.68903681706666,14600,4248.498665275328,749.4621663092569,969.4775008656112,158.2436743946728,928.1108725643096,54.80200106532892,1626.1104189657237,146.56791779744444,32,malicious
52.514520028938854,268.5997344357994,335.9721786525886,1191.614552186177,44.469442234209986,13.571089292739888,144.88193265024842,80,-1,64.66725792499787,29200,1008.4109821645957,1093.0403159873379,4983.138547994658,371.9972665516902,207.91923404702555,81.54241817096569,3215.9562515963416,119.40402904366519,20,benign
511.2888090805982,786.8472248953997,7493.891077707161,36194.08684160694,227.92511377373154,511.60194555897016,411.7245520238538,8080,26883,150.0037403721509,-1,888.4373903825062,1213.5971230191694,10.568279782299538,140.57883832345814,746.3551763842016,53.18753739911317,45.862815615759075,38.878301698713386,20,malicious
40.37038252113106,1314.754605145185,3594.160115629821,34754.81763245973,352.1902668532498,801.0013828194599,940.1506415585382,3389,26883,140.90163771801326,29200,1667.7410337257704,355.17643145297865,12785.862096905315,128.21688973257312,1162.4286131423441,36.5094486625549,6893.936595610692,115.7197793900068,60,malicious
8.72341844508722,249.34544380208555,1361.7699665372566,852.417795582923,47.58141624784267,68.55395670091262,243.6146795006662,80,-1,55.753148588189575,-1,561.4592118946935,1235.1792703166002,679.5619150121503,337.98488302303457,1329.9058738457975,70.61776388952285,2496.9387698258224,115.04785319190474,32,benign
44.158890085834834,1006.6339803579552,3576.584283597248,4404.683614032292,146.67180774696124,461.60530476224403,894.3628334843598,8080,29200,433.0173088582304,-1,147.258970215178,787.2721204972028,1954.417819854338,364.347873013504,1094.177973929017,6.253470541903983,710.4369889618652,67.92908058163889,20,malicious
245.57882247723077,1126.185146458634,4562.974845780862,47941.25474957733,151.7149926078556,566.7080472187403,844.9605906080412,3389,-1,468.62065302557875,29200,660.6677008535395,627.1893892144897,5069.772031233813,125.60154105897729,658.9732177076794,63.484870876000635,1477.2917034092497,157.81637737805755,60,malicious
421.8023053695726,547.8799923768182,7367.1993699278155,24108.37984553471,311.81965390056655,443.00382812661513,508.9656127824892,21,8192,484.9354445199441,65535,8762.527160602225,919.7995922797087,12615.502585732895,344.6340160977319,1407.4112259000974,67.37967043630577,6265.068547916266,174.4903555474752,40,malicious
5.736937171949915,300.7906267027046,759.110036903928,434.26774155596434,46.386553318700464,74.65211002207165,58.03737099217267,22,8192,126.50125696231531,14600,1010.1663066185671,1304.943677036898,9200.038450358674,212.7391260075168,1424.7936324360958,89.16988142771137,1812.2487053643279,80.12354368833235,20,benign
525.1687915973877,1042.6619603092834,3132.838976863271,36543.79383857862,179.8048802965506,873.191791993437,551.413995603104,80,26883,503.8799944938049,0,3419.1976041223365,439.18649680483287,4709.130518033507,129.82782180175076,842.8659384334242,66.62964545324796,652.9023235464734,135.25800684507593,32,malicious
29.43122493208928,208.2730299904332,359.46181125150036,212.18748791377894,7.035639015882981,106.10829865201481,98.80902045612348,80,-1,140.3432943144536,29200,2746.5530758486834,397.96870001773914,3788.60471678423,229.31875716185323,712.9956201863388,18.619401210362273,3402.1965821856884,66.14842379532318,60,benign
11.19442666110138,97.8900173222168,1238.3657494556578,450.2022074226313,39.51653014549712,44.15601528617474,143.84619278541695,80,65535,75.63408890677991,14600,963.1565440519323,153.08366725164024,316.96240876103695,323.0706366468352,1048.3235643647824,8.717039345220023,390.04353035744566,54.556953285109756,20,benign
3.1288456866930177,300.157649654297,867.1028274596155,107.86128341494864,44.810941243196226,94.43360620407121,226.61069619425413,22,8192,50.96193496727058,65535,1330.2920797884926,167.6800223811207,7055.652690484448,96.95617900261978,747.2079489780496,1.4947967707217846,1312.6688462614447,45.53900072425442,60,benign
33.242537432137055,283.79434936656247,116.51601987210742,285.4455152171762,16.44495387364297,41.93514079015218,256.60367736080883,53,8192,25.721780818232304,-1,634.2617611439048,1098.1493171616078,322.5565944576503,63.79409673855522,944.7572132850803,84.00289271223717,993.1374003077293,95.6902713691782,20,benign
274.40762758016655,865.7857831825552,4661.210822454435,6771.11390753825,168.87825857248038,1177.671887000124,706.5704236886352,8080,65535,533.1566578103024,-1,203.22290632194037,1178.4639570934492,1120.0022626304988,252.77071724130818,1255.1813365095743,1.5429808997413974,3233.5817019697424,37.21470991608132,40,malicious
385.7067236123898,860.9410079309117,3628.0394163661995,14368.65862436514,150.77334957830138,1168.5322965405671,462.43095854840834,22,26883,277.26386753436475,65535,1057.758745492121,1147.949764272446,6671.440431421116,59.452933763983914,79.5219893395202,46.37227426184187,442.18528363974303,98.59873881532985,32,malicious
253.69399887227794,879.4547287180694,3572.7937564197728,3545.4817942128575,139.1718219286452,968.9163247054236,946.1672303526187,3389,29200,278.64146281950036,29200,2128.4091647904374,363.0357305734364,2054.295661381973,266.1567572196278,907.8393180763924,85.40891417755422,21.10992456631293,146.22173266041773,32,malicious
107.01930545769932,793.2614036328855,2609.7667532355517,29372.11890031319,162.47983025559364,823.613161819633,855.6324550869737,22,29200,187.36505902923253,-1,3574.50669190896,397.3159253446106,516.6680166268441,353.4289257106406,295.74829463113826,71.61643707397094,1953.633002943806,124.0195189813045,60,malicious
944.3598902672712,890.7453259222914,5746.415948158123,14155.275840586077,234.94610271764253,863.1984282447798,801.5573759627746,21,29200,150.95310349043316,65535,7494.319757268765,223.84128338435966,4509.3662943891895,133.23460455521933,342.63575669443924,70.81921495341595,983.2860210058742,25.010706524198696,60,malicious
14.9479832368025,292.1363095046335,1314.8787070505996,228.3196732633029,28.54319155386101,91.13932309847014,273.03472421895935,80,-1,34.907852910037946,65535,415.0620089967294,1355.4682913076517,935.7286203204876,318.6377292871405,1113.3567155526537,81.17293063747944,820.9305972140262,123.34818768384238,60,benign
482.16485647511337,1037.0980948544793,2185.958367672436,60162.442209851535,126.89257900439914,815.5959613846777,678.0353362196056,80,26883,152.6074000990407,-1,3934.4697950485547,987.8891449913326,7411.852842445997,83.02273117118989,843.056165142746,0.7101720945466683,3574.7000705896953,45.66308975352064,32,malicious
12.060314378791553,282.9586088545501,1472.697718944671,506.25096782822663,26.54061693045776,90.53320357036453,241.61249462314845,22,26883,90.74869053834891,0,1441.1067238930202,576.3835114711802,11106.312875316904,330.6738500710859,263.3376004223895,24.96612739880424,2118.0232391405007,170.56471572139628,32,benign
157.03617080626,836.8150287586923,5986.79952970723,18052.977519596825,382.0245675833504,995.5282651125679,738.5159198579216,80,65535,241.44960565464072,29200,33.65742581955477,1301.4037461817477,15958.475739952202,133.9188875797463,80.82276001300878,54.31308410251627,2962.4947691654006,165.65539755559774,32,malicious
134.11256993002576,1191.9702025295512,2422.9130565759574,6506.269557675547,197.2771295817195,390.6697293969487,717.8590641647559,3389,8192,521.7041858616544,-1,2206.4762779067723,574.4353301655191,5329.843128025006,32.23891704285298,578.3449553178774,29.479610095054408,1480.0158544913234,195.2866328649809,40,malicious
391.4106016424506,996.3703151078877,5038.439063045738,24617.089744449913,206.8434066449692,970.2925254151864,708.7336217528019,21,-1,344.61586260572557,0,1139.322877804182,652.5653959580029,4274.209758110964,351.6716058372853,750.3372037882048,19.680629259163098,1957.5765148901173,121.12609142848639,20,malicious
1263.2740779593905,1050.7516659463965,3923.557804331522,19276.165867624382,254.99856072954665,368.13144997435734,907.3238198205381,8080,29200,333.80420083281695,-1,1752.1400759935711,421.5896006910092,10.035853997899565,107.87923436048284,133.92169625981376,19.301627006922338,2403.170245760918,148.14741142153514,40,malicious
23.58253302785195,255.03584916569028,740.2492923667992,266.3135279731096,13.782704932550716,111.0960708874896,252.1841559331092,443,-1,88.22723386008626,14600,1718.4032057986722,297.02735709625074,5132.249066230601,326.7996422493322,639.6386500364291,24.74771307759974,1966.7399083414068,30.045335868973375,20,benign
10.264658277351131,325.50741051654376,479.95870324776484,620.5825278260543,19.712081456935785,38.04015017671806,187.1138733855203,22,26883,145.08905168857208,65535,967.453849405705,534.1175605496743,1117.8537925756793,303.46425195313003,1325.9689693521714,4.581223618572016,2906.5236570581005,62.88952431177272,20,benign
471.3427439410799,1338.8070770659438,3677.2048795573073,84535.04887591132,273.3140844244604,1046.0651965374113,968.6642071664395,8080,8192,223.38164006251543,-1,2199.2901659890454,1342.706646844876,1093.0535354663464,373.6971282275392,1325.4139535829697,80.97416701614165,1259.480549175924,121.08442187613834,60,malicious
4.7868794549074325,261.4156483683446,1161.8899862820836,501.31030478733186,5.6873686045185226,16.873049044661336,164.33145847310476,80,65535,56.07036918313907,-1,5787.603220952895,1388.6504050554768,2164.341039602338,35.08852760854258,1463.936325602697,88.74242145848194,1020.3269773016883,70.38045738199284,40,benign
5.343452677851919,310.8529950703185,977.7504293113866,1692.434907567628,27.6697533718725,56.4766422476995,275.43105823097227,443,29200,142.50740592149128,29200,2556.057943798649,306.07144088554736,149.83611795211385,59.69196801250069,625.1041336013413,97.93720291724037,590.7535828867123,176.8420188383256,40,benign
166.41342048646095,1171.2565260988767,4206.2403951947945,10848.806186631124,149.60239719653197,1030.2855126254926,588.397263175623,21,65535,360.69026397204976,14600,12.917359047564675,1260.042675675368,1821.2534773397554,188.0003821424985,554.5491854335784,95.74124605206306,13.21480173143646,85.11987128986515,40,malicious
227.1916647566511,948.0957808143144,6051.642738712836,50170.209088146534,232.44618766204843,779.5768264430309,643.7794313577306,8080,26883,291.74694257663043,0,768.4271958777497,139.3112453521627,4544.900949372273,269.75700848389096,236.13532614939473,80.49641550569099,3039.779053058771,162.34290894630183,40,malicious
165.3852424906362,1108.1071934303943,7820.386020847234,27729.8132395754,190.06080495965864,467.3033588781651,705.9242419034864,21,26883,189.988740387314,29200,332.0239946463145,1470.013518215443,1038.0820243297555,312.6468373701653,321.4278288256595,74.41282613823911,898.369094569844,145.86285614065918,32,malicious
90.98523627156632,1231.5983034264464,4054.612296094141,4583.505223273497,132.51576347676075,966.1266395993597,932.2071335020559,80,8192,335.1148959574118,14600,670.584710527391,860.8678379792311,1922.748704053058,316.0004439060119,1468.169572979774,91.39500547285941,179.78853347530674,57.15437699697711,40,malicious
4.7081239460616375,203.2840693867854,1311.426700761577,129.12787793512626,27.35287497787637,85.41031318217136,167.11133070538142,443,26883,75.78415614910256,-1,861.487034091587,1278.352541606136,2093.8624324459834,290.3277719218724,364.02468813905574,79.76922618626372,1177.6021958132555,57.62625387730961,32,benign
1.539469540797929,233.81762621451463,100.50560186846592,39.42349189550243,8.89587519824996,53.194732380607604,203.55974547094007,443,65535,54.047350585507964,-1,740.4671734508844,1269.1177622917794,2331.862182029869,215.02953379768084,847.2844299622668,86.1226072141591,4692.915599650938,147.86805730707883,32,benign
823.4584389463918,1158.4932349719943,2206.796091118122,15022.424749154485,182.72137654065196,269.95760175210523,470.96872708961155,21,-1,422.5339349097511,-1,1877.9431835044522,1344.1940871264733,17517.50386605928,126.99061305368285,765.8547941411198,43.0377308479867,1081.7200282853473,77.55321987620934,32,malicious
276.03286062095094,868.6862519073735,4732.597195761117,6566.695574027274,293.38060222990725,831.4338054492011,751.3974998738779,21,-1,159.78127738244476,0,2903.3989032246745,1123.312154688078,9005.826924351863,364.0964323440282,515.2976226373613,6.9811104415586245,3899.1982573966175,105.99136268524481,20,malicious
806.3718595706229,1450.184167725846,3031.7365485313817,8117.33319662664,244.0432456296501,1089.7951477928095,917.1887466348466,8080,26883,521.7614711631963,14600,4879.021405901005,663.0446346047001,152.48927152510367,99.5882724236176,1044.6762934743501,2.6358925633835795,400.46048742851644,76.1424287656815,60,malicious
8.325976151352522,299.91110259972487,180.22251145103303,118.96353395065678,29.23349138691684,87.90944506880888,54.19273127467979,53,29200,125.23610342443669,-1,6929.527574856098,677.0746377261279,384.2223204554887,44.709215853188034,1155.8563370886807,93.97961919644031,7841.205776296761,42.09049010050255,60,benign
55.15902543966929,303.39323584906924,606.2210195520483,504.9677605710937,12.998188456535111,74.82519950808901,198.30075343513633,80,8192,63.617940759804334,29200,167.0503035633691,825.3730129999301,351.05796449224965,265.69144557904656,822.6712124039183,52.77787635231099,1373.3866540794174,107.74271684991031,32,benign
0.731394611178367,237.4623393889181,658.3349482170801,432.21688615897517,16.75836090206284,35.389884783460886,146.49466261858913,443,65535,57.53200103337169,14600,43.51841540010273,1315.5483141373293,3087.145428943166,248.18879600376403,1085.1577181222024,94.03627701252873,602.2413796430043,63.14654909018808,32,benign
818.2800730392604,1095.0800837973054,3312.9409699240628,3444.1476756010943,226.63665382427763,382.8871359574732,439.72283907598205,80,-1,198.62419292737934,65535,561.7602202883488,70.699191993425,10187.352915496456,318.10251516375797,918.9993840501961,59.20599496715785,4030.3281040825,120.85771963599986,60,malicious
32.74878345170437,218.05382364500608,1264.6594236278008,327.6687446039177,41.16873900464697,112.69309637960241,159.74475966968976,22,26883,132.26438163429015,-1,50.82250464848831,1100.1781296789825,3378.298363507274,387.1559645132795,1100.3895481685886,87.4842608468319,10130.37883134495,51.93269897726853,32,benign
78.79601298179308,1023.4590985648366,4099.141211622642,23006.349580837723,255.01062014898662,734.2329476692172,744.212147652892,21,-1,401.0372903170474,14600,1917.7605351693442,1399.3803040673545,1506.739950854602,261.61570768451384,599.3866956039981,22.582564057825905,621.1848595287871,85.45348893917594,32,malicious
8.50584992214846,214.96163062977314,401.9039204586882,181.836039427924,30.9732461265937,59.67059074256432,243.8100121692322,22,26883,50.310811021709185,29200,1349.3834768542117,256.0554504651245,4081.0867156987165,357.89198224394306,1099.3607750236285,54.824247337958155,624.4058219279339,84.37808688650229,32,benign
2.246388741140332,262.6558776110096,1354.1673780578453,743.4994742186435,26.672651581312543,81.90011871582959,171.62166767891347,22,8192,63.47220123311167,0,327.27333279718283,959.8034739123026,3658.658790733098,385.75969444962783,899.9580931259031,35.98492699930065,6811.929154154726,150.33559641731011,40,benign
189.7932634146128,1168.0383666304376,7618.476640841154,17685.12994210053,167.2112003977206,546.478235019385,744.0465825868903,21,29200,300.6112751680829,29200,2246.1482594294994,641.4582951059593,12068.134182351225,321.4263825379929,66.42968344097747,51.190253490484906,2416.1820488165613,116.28594670149428,60,malicious
1136.3042888043938,1049.8241353880908,5610.584075065959,55563.51329620633,273.74670535567145,990.8956449558491,505.94207734395667,3389,26883,382.9675017330957,0,7008.071556447127,1281.1179369527551,1712.4600300125114,99.62371312681044,857.3648438175916,19.570739542955064,1524.3207259129426,103.03593644640104,40,malicious
203.07295067502199,1234.9725408532154,2039.9161880950521,31647.526935794926,107.95746195518578,513.0379790037778,407.9658484350233,22,-1,176.40747529167865,14600,159.62583244674386,742.2256586175109,7508.82020555263,310.07807279287914,822.1528443533279,31.326008513644933,1005.5961971696257,180.59616602370065,20,malicious
545.8237858360943,1031.389665471126,6058.537404854306,1943.1155093740317,355.11666061544133,1017.4591973730489,782.1828741627235,8080,26883,571.601145319453,14600,254.64916905491754,437.9906535710834,1570.4060846068562,296.8026176055182,651.5203062161283,77.60548505817275,536.4567721257174,166.9816181599535,40,malicious
5.974038111035749,174.72833784917893,1241.170825675081,399.2113722628872,27.05417865968802,78.19835447796483,160.2183059297763,53,26883,30.87242090386186,14600,5867.14384830858,79.73428341406165,13775.784525126277,326.767667196755,306.15628517135815,40.33573565192244,3242.026621655001,67.34105590758793,20,benign
3.4168030410948047,213.47683216739088,899.9043997384389,528.996108005953,6.8738842044013015,13.189356097216322,70.97466100860413,80,8192,25.60950205155296,14600,2653.475900767823,178.97195963354423,541.1792215979235,256.2131887089619,643.8330300540082,89.57115306780715,1673.6049059829156,52.54621694668728,60,benign
15.622048296019429,275.87359777143604,962.3311179508509,1294.5739973527725,45.80644035171531,88.56420914487843,173.51712569583077,53,8192,43.7269082566675,29200,110.32574657703219,357.1083436546644,3150.4393019201793,234.90191632387885,914.8298743864075,45.579149617989486,301.3892918953306,90.61411875740049,20,benign
1146.1991428309436,856.852537894095,5778.096005688227,1574.1429208562893,271.9483766166695,697.9906635733122,425.05332608772767,8080,-1,576.3567575260995,-1,1881.2926088829688,331.78050688257224,19.744673356655884,62.45426733233329,971.0763273642222,95.74787420616249,1511.9955258997581,76.30008300701445,40,malicious
729.2495637488917,1287.877168483326,4149.163065216548,154044.17671795536,171.9876126222677,646.0335813073247,979.9095763086716,8080,29200,179.7190878251481,0,288.2829366029653,1014.711258440586,7461.240708894029,61.13979349071361,1299.8834903987963,4.589769905270391,786.8236745328095,162.90648094908477,40,malicious
4.323250011536019,202.01358572462192,727.3122161986624,148.79445586461156,46.55517230195664,70.10216216632075,237.21443912530546,53,8192,129.25341615623702,29200,3670.9153428941536,1154.3368028928878,3276.0255338134407,390.70138904779515,200.283942622675,44.54408050954357,3901.7531773169344,67.83738079861186,32,benign
14.375453338097744,247.4089003634167,248.2397825116782,665.7992802239245,24.044473033781273,111.93144627997016,248.87683624058081,53,-1,60.42492408358244,14600,1686.3723148451763,1372.3834190670002,2131.9330952351615,94.6319302524327,880.1431087699867,56.31702456757372,1598.393924831617,130.28930201375522,40,benign
2262.240851794275,1183.9469590141719,2528.0536470070074,13176.475979546267,223.2707888757413,610.3233074225109,613.4203165349186,80,-1,590.056264024608,29200,1134.5760601743204,1391.4510521886257,10079.505811900757,50.914700879477415,1416.267264544025,0.0148560867141323,1343.6688288310306,62.1243708348861,32,malicious
30.323566257361904,356.86725938097436,653.8002267853976,254.72536377850912,7.63533089262051,24.27210531691361,111.14527936054748,22,65535,59.89305381132229,65535,445.45253449063154,1270.5302127700754,2504.374699462757,196.12035427085735,666.525197904196,66.7206341548661,2202.590629082901,76.90816772020206,20,benign
320.08298608579184,1254.8389391280482,2859.9149312322343,27808.427370415535,264.506403036127,574.8121168990306,522.9697411198547,80,8192,375.5790169690962,29200,1469.6140957328412,1499.8944078247405,19641.71302109735,365.5425044050412,843.9707412671136,8.82748318340527,4484.493175771396,37.493482581507386,20,malicious
191.1422274441403,1274.10843764901,3850.0923791682576,32611.74519299523,115.75871570877831,510.4516017207666,846.1883101653451,21,26883,258.61720386364436,29200,5240.085452639592,832.6790672047707,6221.337813917846,229.11507421104176,1369.9676525079335,4.442888408147239,3029.9020314967065,198.36134704996036,32,malicious
38.31740329429905,240.9380477996361,400.1056068773592,650.9756242933162,46.64119191982296,103.00690776176602,125.07797940487751,22,65535,90.59786235292202,65535,2795.637445287847,838.6979998585253,3727.71216546611,196.87614259633244,410.5388071280912,21.39815226516275,422.92857084688495,121.73735610009568,32,benign
23.039613024349258,228.9690875829708,453.0198828664582,265.1469480549249,17.608296255814704,12.525326822280636,148.88476648532193,22,8192,136.78847225844072,-1,5460.447024562675,1028.7163711362887,2352.856056937585,340.5097222261821,688.652088006971,92.65579852413836,1260.9298060458152,97.17062313626585,32,benign
35.72584900801148,192.1406416227235,666.078858726547,993.0723680996869,25.40549610862623,22.896761087152946,92.92719638148691,80,26883,72.34146644746306,14600,1756.762588100889,320.5607819891385,591.7747713351429,353.3545320747279,517.9154219101499,87.42438977403222,908.0369107172504,181.91920998806793,32,benign
732.0841161488562,997.8225240369899,4086.0440602368417,99329.01084945921,331.6094020441836,370.2811488953739,577.7933944786653,3389,8192,575.4787248717353,0,10057.402779791932,227.93821941104713,12769.597982611844,231.128465056713,415.19974798456155,43.328903714881726,6269.577238175032,67.46643554699347,60,malicious
1.9511801914823907,267.8936852756356,446.46110672307844,282.9797580371441,47.542439735622196,119.47431410448004,141.29973071207672,80,29200,103.44640275123643,29200,2160.4919918643704,1204.8529291894126,1787.0202598583944,345.4245759084093,735.422229798777,98.82706385652268,1033.9247521130108,126.99461827378083,60,benign
785.4956968639071,847.5889604367226,5450.742816515314,1668.2992923972904,173.64836980983387,1173.156788158707,473.0519078094561,80,-1,345.18306058020505,65535,1544.2996372287953,496.48859322000567,4353.512736215608,129.7159114549227,78.85471052643402,9.003264897163355,1391.4559070877435,102.1214277120615,40,malicious
13.298948483995296,224.38894804437513,1187.183398933539,1276.5942395305908,15.863359587349748,39.18149021597489,297.539685230669,443,29200,67.49275840782227,65535,6332.111123325393,1150.2607101428498,1771.4287700052412,59.60450687008017,1137.2810861962262,43.44681487957469,1738.6218407824122,82.81385477168219,32,benign
3.960439324707354,248.14432084868673,536.5850772744166,157.36456866905678,33.115206951157525,100.43834935495497,279.6095386299015,22,65535,43.78435083189565,14600,449.8673205002611,699.7929626467374,2038.131101839783,217.57426436254997,791.473084419069,20.65012111348382,591.9777539452522,62.33303662355409,40,benign
0.9669236679464809,221.36054050862765,339.1669338894618,640.3880045326835,40.06917385244014,61.7724683229582,95.43737210283582,80,29200,140.36811626997934,-1,195.1816051966296,533.5879102732532,1607.557796982628,195.10488799534713,1239.8278107810231,79.42481175199298,1389.1986759773993,98.32108656737863,40,benign
649.6899278093089,931.9150391699924,7125.180590397518,8277.093669192875,273.48043018403825,857.5307275625037,714.6985398234398,3389,29200,279.17538839898225,14600,7892.44222225103,833.748844273447,683.5300101234149,215.6107943702835,887.2811741338928,55.92289876912617,265.3452835208685,88.77471482010259,60,malicious
317.7932831056426,1209.0959217774441,7717.347573452244,14602.34554771076,209.39421110539024,622.3958390557918,940.8741948200872,22,65535,165.24226020126204,0,61.27744886399506,300.3136552725696,1429.139137695976,38.1820868231508,1112.0212289718463,59.5010642898043,1007.7586876350482,195.35518642537642,32,malicious
8.427663295228081,223.36290755438614,873.9771761864965,1883.2883629181472,33.7604280006539,32.976786974795445,139.4846612557689,53,-1,113.88152386152578,14600,1534.074953086611,712.0565984155255,1971.385436729759,46.32715362556291,755.1295756979395,3.4438887202572044,10426.237916966493,131.90859391633774,40,benign
36.20101028547081,263.7107340149029,747.2280577686006,177.68720826117686,25.812702826972643,82.79711166649129,244.93393036234477,22,8192,68.04975832162532,0,20.491645984800897,1037.9151381492638,8238.229330590293,58.529788511424655,1156.5491494264004,38.73627049221137,1677.337394311706,73.38749702190015,60,benign
16.582874891920586,1768.9064992606627,3271.2153573770765,429.6300053424794,212.25093801831292,1151.9214720515006,479.21058130410063,22,26883,433.1006412123449,65535,2136.1647519457083,1434.1330489313234,20941.226159413607,189.94032122311435,359.57235126631764,42.9799985113859,2019.106049344057,156.88840327882906,32,malicious
21.95946135223883,237.00284840074556,1405.6926101496917,34.6973034502855,13.10592977279543,40.890626135079884,186.1024265799665,80,26883,57.13028842884845,14600,1595.7926347289522,814.0570178439385,8707.715873706513,319.971339980713,84.30859372392615,89.87753623568138,1772.351987805064,194.97169964350226,32,benign
3.460047263247377,169.40043419866237,205.94809887287042,462.44716888020105,41.50377469616266,103.64374211629887,132.66995107782296,53,65535,128.60059193425838,0,2852.2159172091165,507.8906160939691,1511.2940414467246,70.65893009492467,472.8945737459748,86.08615919490028,89.46847534117417,143.3979232877521,40,benign
3.148719631588993,1133.3076911653259,5182.1989748397245,21514.050978238938,213.50875231523952,574.5682828576357,682.5372296163816,22,-1,353.6968089319943,29200,2321.7238855046717,1416.1264464119422,21863.62535961795,172.81880941624436,788.1364081613848,0.5576849773270887,3361.6425742574443,46.09511517282564,32,malicious
139.74941087875808,1146.8598281360767,6689.895130760725,6049.58473016766,139.5390847724639,652.0668537025302,597.5720102542864,80,-1,528.5040685025452,14600,2762.2506487964206,531.9260033439584,3039.7512090957216,137.36895204661388,381.13392967592756,75.96989105158754,568.365973285472,190.14494776277226,20,malicious
1.0416041007178631,299.4090529931455,409.23833645456034,1154.7630968899543,7.609171193732471,79.04318984679396,262.2266235230883,53,65535,131.19174161158716,29200,1433.6633524511053,1228.1767426547683,1092.9390247837935,159.9041601990608,862.7505911155299,89.40876233201296,285.13036409477087,185.58857361438595,20,benign
31.294623061860577,204.97088347266606,734.5710166690708,744.3488347949826,13.527618030575633,83.33811915172448,54.47654722841012,80,26883,57.61177521347416,29200,46.78841656759289,726.9735953670731,3131.216504335711,23.71847657281398,1040.0998673672143,61.598869437164595,9131.916901224728,99.68330543563864,40,benign
0.007234803057834945,229.75493627444058,1018.457858258841,1071.194204537194,47.74028004224772,100.79322096183667,92.23745318007774,22,65535,74.07605305086337,29200,674.137524001554,1246.8824565716645,7054.0179020507685,232.44585741429213,1404.5579779550908,70.6688976345061,2665.347799033779,162.7081932245056,20,benign
19.791082149704668,234.30035544110805,324.8487769284121,93.09645760824746,5.373510310408201,37.99193205016302,130.08879114974246,22,29200,88.97492864007715,14600,3125.420300233586,1448.157702705003,8416.956181451844,247.36786693719222,61.012738534279904,82.82313853585784,4776.584019689143,146.08134592723684,20,benign
8.683103579622683,300.10887631191986,959.6263762028203,392.2363239854985,44.95027150654353,94.588917680589,80.33024275690494,22,29200,35.66689935883321,29200,713.1601433671506,1332.1746758142554,2240.1476995006096,104.4721326730819,1430.9306368478915,1.9580870034686226,899.5364601861783,144.92451971376823,60,benign
31.203594057870983,176.7201398428512,705.9405654166941,1077.6688696575488,16.77620578984964,86.66184754306836,50.65298634886995,22,29200,144.30673496917,-1,12.403895695599699,222.93605010927428,342.3368378585476,91.4987525509457,917.4289345145289,79.43984097454117,1205.299754134799,169.96059896977542,32,benign
44.92051901485763,1105.9883800271093,3607.5929119728826,25491.554466750466,361.29974011745264,336.7949852418194,750.9729962328679,22,26883,509.2004874553675,65535,994.9096416646239,91.3095893671123,1378.8681440593612,140.46096032080231,496.14387301194654,79.0663539054593,1066.1553737967147,184.9224264570783,60,malicious
8.173752334242305,254.39610417982206,354.9327560061832,368.3868403473338,12.159567645239491,99.08768421395081,267.8204125826601,80,-1,115.63928519594752,14600,1137.3248641400348,54.00602679400183,6790.989053379331,370.70451696397345,775.9251768713119,21.05821156520482,1535.759482242136,147.55139055208844,20,benign
12.82904152706524,300.9690364025543,121.88570759600017,408.49631076357,12.759110300696802,59.06512461863896,271.74605483611015,443,26883,56.66535370258565,-1,772.0931134911247,573.7404410427897,14888.81921946589,38.41552763502645,414.7051928110867,33.918604975620156,4978.409160543481,110.23001504533121,40,benign
1.0103412389147202,266.8148007751512,794.571158857443,44.752951457852156,42.34903936766443,31.084403405799748,288.94991422596877,22,-1,141.79256197357466,-1,2724.6000226121246,412.87233357369365,3463.1843920831275,122.84773388219895,168.69971651230247,78.28888807061517,827.1866828189492,165.77326488509962,40,benign
443.5409080066735,1567.7663749781816,3314.7476923645618,27780.027806852453,162.73344492844214,796.4210610979566,771.357542516059,3389,29200,228.16638443544673,14600,1041.674306381251,1242.1506622531779,7893.230486556086,64.14297904815402,1001.4565509971674,2.896602463056641,6670.4088389463095,36.10783541798088,60,malicious
151.25439492356267,1269.4178628146308,6211.333938665158,2042.2652805542145,270.2694302071229,281.43010233793575,634.0046894269863,21,8192,439.5825582233568,65535,571.4922467019345,502.73271614621996,159.53986426254696,344.7548182437622,722.6828070667731,29.00329004454094,288.4650035332149,126.34865478042212,40,malicious
9.079185778541365,184.63070298511656,118.53423141907786,1615.989755636012,12.882018071006819,96.71462854974178,103.58903563242887,53,26883,78.59560183818796,0,2225.155359850768,781.9898745588016,1952.6171474105192,333.48945006743355,931.3614906514201,87.3353778557595,2629.020746020413,115.74897912842306,20,benign
0.2607849762073501,262.1176646216654,1390.0208764843444,135.5901128154979,36.12668334746674,31.872573883322183,198.2879139542248,443,8192,54.87649089873623,-1,1204.309919633806,102.02674551241495,85.54711173523721,93.17460423604821,368.15638468440636,49.94963208561558,5038.594300399487,199.54059761767664,32,benign
24.035492154629363,288.3046412219588,639.5458357221419,7.210506542826967,7.4411447852455375,25.782740954165824,245.22462171388509,22,-1,63.621637229913816,65535,2059.0439995717466,310.18478564997883,2438.354762695504,21.42715021487245,725.3152380746989,49.64914827128655,1972.2860197654616,102.4296726570508,20,benign
4.822893474756637,247.6268296620819,388.5410840750686,412.07009343354576,27.16762253240998,26.36028614095807,158.85382736912976,53,-1,75.73229720060942,65535,1599.593036732942,264.89337738078405,7270.897097017452,255.43001977702014,622.9130848231612,45.953145023035255,556.1126363115059,181.0946495324275,32,benign
178.52563288874745,1253.1955626730523,4214.869676155107,8119.50186111695,213.74195747344334,317.41183424934474,548.8015173182118,80,8192,315.10212288424725,-1,2896.1866943630343,1289.8986738358494,189.71039094256142,68.79457935388955,1047.544689716402,48.218419596115794,815.056950907408,64.24230793251934,40,malicious
81.76805194334145,181.70328996777047,697.0072450094367,0.14051913225872026,13.454390077303831,20.807105851550318,110.29600043078383,80,8192,101.37489099308135,14600,1091.6276999870831,1119.1148814118094,1953.1382416837432,276.00689523671247,301.0029983789576,63.83394516343892,1038.1228888033952,178.71842450333963,60,benign
559.7833129282046,695.753276072986,5865.8244148491585,2971.6298665158874,156.61736432623067,671.4747106247705,901.4233032972687,22,65535,391.19612636138424,-1,1613.8765218432588,581.278259283113,1543.5235490990565,38.76435618796252,1188.1473681782825,4.965334669522392,1940.9995056507682,179.42079748002064,40,malicious
1370.4507498075438,1257.1250682846196,3685.505877904893,12244.882863638155,211.65261028235307,1171.7786982810949,805.8420425699726,8080,8192,198.58926535846348,-1,170.91139734128507,254.86800781042982,3017.3960625906197,94.07148747568671,60.264641096310584,13.457772929867884,5320.167571137172,59.75556761444268,32,malicious
496.66149594268205,1330.5521882447583,3125.702737520679,68683.30821018794,240.04790756407917,849.1438013366114,630.5223180573124,80,26883,538.2363198884942,0,3059.5245063435473,535.6703776377176,4975.396407550641,264.5611935695103,1402.3889193557957,30.158901515223413,350.5701048503247,149.9126663527981,20,malicious
29.009053334463673,299.36774382035344,1419.7182701051836,461.7353262727576,20.73746809065333,39.323299291019325,232.697384345276,443,8192,102.89955384732546,14600,4679.502691680683,433.26215235282075,2801.835228421774,278.043914774143,270.5307628260691,88.94711256193585,3118.026508429865,199.28844432766127,60,benign
85.57606051272714,782.3297560205694,2975.6235852800733,78942.9722792767,258.09226244653905,1189.1116187167643,475.6488112125419,3389,65535,268.7725790919553,14600,4867.908215666658,596.3111211959425,6157.35070055406,61.28325451777958,1039.8567120051573,88.56697466642896,1368.802003263138,118.92405621120304,20,malicious
137.9684351936158,730.195124444281,3722.1996621501057,120425.30710023998,362.45365313684914,700.7127829798086,882.4276499063983,3389,-1,485.27586215537883,0,4126.052522206455,576.2559351888488,892.6979864053433,165.17360409947563,363.9269009630815,9.210202050097571,229.32363753582032,69.44725588512361,40,malicious
1061.6568180677116,1146.8769419577752,6006.612869064158,6027.194305414614,198.06179136187683,901.1181149811008,494.268894055843,80,65535,363.55880529092,0,1751.4495002607111,720.3100312033172,163.19620225675325,115.0924181059275,531.2942740455571,34.73378490905592,2466.223287907891,98.05208380765082,32,malicious
889.4009725988036,1168.717494125332,6236.729584345155,54835.10638711418,280.43435612050746,923.0607275026842,773.7829837763293,3389,-1,489.04479502818816,65535,4753.068814555147,174.5182475812231,8367.801256850804,261.6141975518225,478.82295978305876,55.18318553778943,316.61916611885954,24.641571161433497,32,malicious
1183.6255516066196,886.9620133435278,2459.7559856685853,52431.539975258675,165.67340469713304,437.07161360588003,590.3249126752937,22,29200,431.68930578974545,14600,708.1597351360739,845.6090655120598,4722.662624671421,45.0465026027429,952.8114517349608,54.420251436534826,422.99962123512523,25.403815279019618,32,malicious
15.954247942698936,188.25975262468387,1420.9137904262368,39.56056660139615,39.890965183854604,55.59242340703956,263.4751508606849,22,8192,38.51723850085439,29200,1908.250279416666,873.6759686611248,1776.0247235700497,288.3796672471317,1428.1024005537924,1.3577610363674997,127.08483695413841,139.9174528836376,40,benign
586.1236320382109,873.3466833523042,6183.483867606129,11214.103672924412,246.32677212967974,347.9275534334915,962.2171071759373,80,26883,476.53735274924,65535,3824.157569493255,733.30880252432,7823.812868679606,155.6122235342705,1256.3423675464508,81.70719587033304,1317.9301910757545,152.32110997568506,20,malicious
15.533783693854286,355.2784820289064,877.3974619856451,219.57656814266053,29.12999241233015,53.71530161196817,212.103236324059,443,26883,73.73158007679362,65535,1678.399960093932,1449.3675401092908,6321.42808407058,100.96575625758454,373.1766885947914,60.52051553128568,1220.90814962842,88.16208189357407,60,benign
23.43581217600187,168.97969862319786,1244.7289364655267,109.24480822518534,43.879046914797726,109.95467156835637,125.18326401343789,80,26883,25.560136513682455,29200,790.6750369212521,198.71847986658338,12160.926247931411,259.40600815324143,741.3475908609465,53.5501226118731,4329.92104438378,119.84599412010775,60,benign
720.0365091862129,1025.7430955399557,6988.434605538919,36009.60806020059,326.4213099607532,812.2924059255782,462.54159197579804,21,-1,429.99982125455796,65535,2953.2812418492854,1387.2021049538212,536.0405541026988,242.6537747403746,845.22434330398,21.592943453190607,1816.5263647982538,153.71287094972385,20,malicious
23.443970780382323,267.938619792422,472.05627726522897,2226.8015206355703,14.266804195010076,20.51030964192711,170.31480169764674,80,-1,111.13499431029967,65535,136.68761133903683,298.94731551305455,9150.509543592529,57.32977735834533,175.2874544475295,71.09195767388596,470.6152519334589,166.47425763983506,20,benign
220.0788544413208,779.0026234845293,1885.3569513683371,5483.628210248959,227.0410134872426,438.7326031089789,968.8027412860451,80,29200,378.79647288092616,0,6972.731653758085,1354.4519188279312,1586.7834853933282,291.9275964378216,713.1280240365625,51.723717095925494,2881.3536768707063,151.54215487042572,32,malicious
9.342051826201823,281.608795124633,905.0993000721764,292.4953158843926,44.713244124148765,84.92889911889456,113.23980373907479,443,26883,130.84112906141343,0,400.7626517325544,661.1075295127719,15305.356025580344,350.9091497267266,1384.4721676963372,28.84569108965096,723.6390943115938,115.85072799296643,60,benign
407.4484277170764,1071.0933571576954,7171.252146871861,102199.15462757362,140.35854096181282,559.3768139959727,406.2622967891982,80,29200,487.87698403340124,29200,1253.0558520740992,966.5573108847021,860.6805158142492,115.4792482979786,1393.0886499938886,20.35218595367857,884.3569021391082,153.4398230683003,20,malicious
57.34597869079003,1323.5718229768552,4183.599026663345,14323.378851471934,126.80370609267179,1011.8003272554187,481.05077721157124,21,65535,192.15465236824235,-1,302.4856395708466,968.0894063420674,966.8818006244961,84.8325212180254,1057.7180183149922,78.10228530597246,5786.6109074652695,139.0224956270976,32,malicious
27.584749454508856,315.80466292556656,1120.5888987418894,1298.0367305938248,38.70563207268007,90.83708654560029,268.1006925789775,22,65535,115.0288995554883,0,1319.9622758323808,569.9285144367228,2063.8289073855694,82.02222956611172,331.4571391497785,35.02336292723527,1175.3684476405283,99.65221363428412,32,benign
3.9423494362883065,1251.2090706091096,1848.4584710844229,43342.368414682656,387.5866397550073,865.7445987212844,769.9572133131169,80,8192,139.4940641270016,65535,1374.104765741099,1054.3697808970946,12474.670040135392,172.83818024716865,1446.1445570997985,24.945423023333635,434.48156221903054,45.78571123269903,60,malicious
10.498447069639083,230.49791940747144,1462.0549464764542,588.3981043514037,36.39691797919194,13.687968621868013,93.69663320969688,53,26883,66.89052037731275,65535,1697.418889991614,389.5832081118343,26795.925184646854,95.86166357918756,1288.3676535410586,52.052619257944365,303.5581917549482,143.3043977111973,60,benign
102.65836369447784,854.2661639852456,6059.517556488584,7177.241079336322,126.7722723181121,1189.1641670426613,757.8057586994438,8080,29200,157.25755513963648,65535,532.6273879530199,1492.6631191214276,1816.683548214701,181.69320749134283,231.3898679482788,25.96331348493627,932.5574748205765,102.01890119722056,32,malicious
134.69541171103842,1042.3978706479609,2965.1041250609337,4750.6758739442075,197.0439287088144,340.1194858565932,632.4825290999329,8080,29200,534.3480064617061,65535,3288.2057690436113,441.3682007280395,16003.226980018555,318.7180388848761,389.53123316621475,65.65812116183113,1394.6139544890689,52.864877701480026,32,malicious
347.2493901314991,1042.3063787402984,4761.68386071056,31354.608016054077,270.34036297030775,1080.6750385308435,394.96919426761235,80,8192,386.0363679292821,0,391.8930516912935,1272.5902408699815,1621.0626065939832,342.16382929337243,303.18849515990024,83.06624278780663,4944.593323674117,93.86299844774959,60,malicious
202.32329883328913,871.4396697442075,5603.89422075754,7691.963783260587,124.16779075299846,671.7088394194543,851.7610282177884,80,8192,559.0501125832213,65535,501.6309563015856,270.2540496407191,7805.386240103726,178.3782563546281,704.065420596902,26.06133989943611,459.3691781315078,33.305137827015734,32,malicious
24.57070297940261,273.68991572641227,973.210023385262,975.9546705159229,19.55392160330414,83.00860309841028,268.81371162981617,80,-1,80.68191341989916,29200,603.1395751912114,1346.7395427029298,4907.223847285441,184.08917439918395,403.99269023710673,3.801863791253024,1327.519594987752,69.4114212891946,20,benign
1.5584484113702564,235.52089898378836,588.6924218522512,481.9413565692221,20.807261212197147,89.17349400264781,176.53931260981093,80,8192,101.51294093083037,29200,6706.017841385223,1498.894625292377,341.8372741491676,283.7326950646816,615.6104067007676,94.87835298693281,5217.06855797309,177.58497774440877,60,benign
72.47876480877079,1017.2494928702689,1886.2986022899004,79075.65495220921,214.12742699051284,955.2020500883117,895.72429269193,8080,-1,165.91676372740253,65535,4496.593852985406,832.6397324343809,6698.564050333283,42.47242983652888,1209.9306764700077,87.33534365855614,2328.9515289273127,31.15354409753897,32,malicious
7.227600105801368,319.58760373732264,348.9133671226416,775.3229550312872,37.5093842101574,77.77584504917584,108.37705792586937,22,8192,47.30810027962607,-1,545.91011817396,1294.4149322734932,1050.0462341735717,143.06953552716982,1098.5875855930005,1.0023656997975028,280.48515384043486,47.217937929630054,20,benign
993.7436513642828,1499.0486795911145,2172.517828423404,41894.75700718425,232.77016105944364,353.7177479987499,494.06607780693747,8080,26883,569.8256594815969,0,6421.84488923495,169.52249542902433,2646.075249339797,310.26834991456025,880.3304510055434,11.627419747211965,1342.8596767266624,158.25933658238796,20,malicious
0.5519908336195467,257.45662562416777,263.98803007800575,67.16795087932726,33.902320559816665,78.05480195657489,77.35175536627624,443,8192,149.63221407880113,65535,529.0158966840885,486.9558390927577,6658.182917114815,240.11447329215468,503.40726292425103,0.6827082850532129,421.65433395287397,187.16159038907747,40,benign
434.8817722733783,842.085119168501,2355.873339417093,1399.9099991657954,146.1782624961434,616.2607704561517,642.6607806683526,8080,-1,562.7437025139518,0,1237.2585212896233,1084.5119427771092,1238.5531725058274,153.94695371116114,622.7921574376619,55.138958868814356,1936.581661200074,143.34473665390837,20,malicious
6.189038550430222,940.8348815927079,7823.7285110101975,43375.45335982831,338.23790307039974,1174.711788188792,630.7299239577384,21,8192,473.3763471505004,29200,1107.3177477989382,1234.0727221583747,79.28928183695031,302.3145531832857,722.4189524529593,68.45839784220085,2015.132473492149,25.83396618018724,32,malicious
500.0227012731561,1012.8509203996168,3826.463804260381,98436.82865289623,263.8712838584946,1041.839603787615,588.6081512624266,80,-1,161.04597157203156,0,1227.5785676361013,605.9442216578909,9719.939981261325,233.99222985588932,286.32529287552694,15.433193500232512,1562.1767680758937,89.73449513897113,20,malicious
34.192603805736674,213.14323543617354,1421.6880432320388,209.83864201478553,43.25195717200629,90.2199869302933,90.08523487140556,53,65535,35.68625328928515,14600,3425.443162595381,477.31630660276005,1965.8771188826931,291.3642391497795,1155.7109680077103,25.186162372237586,370.9857936164967,199.83392738538979,60,benign
14.907333918039171,232.014826404048,1094.8088355042212,17.6041599521889,8.852388116202452,107.99876487628158,114.4053922611362,443,29200,93.35598846204073,65535,2403.35895264964,1313.266607967406,2264.4515860953884,179.56569668842454,894.5883639328858,35.84904460389035,2289.089639792557,155.39848166660548,60,benign
7.396359137548152,261.2696381835655,478.05248821876967,318.969865840786,38.608572370828576,43.583180591560186,113.9612467063157,22,26883,134.51510348109366,14600,273.9805810246598,983.5704993780425,1492.5862047291844,323.9948104896669,353.4375831470853,5.51551025426985,2430.533869539554,151.3299521590887,40,benign
414.34048090209455,962.5214041041797,4318.183447452291,22187.405918091394,362.4495459612473,996.0893420843853,862.9348436460898,8080,8192,340.073486910362,65535,6249.599817932589,413.41916006845304,1221.490611584265,287.66307940945643,387.8869573708223,92.04611655723647,825.8423491045282,94.66382539911092,20,malicious
5.656623355367788,204.7999674450693,363.6523548405043,256.6170813181615,42.252085134210944,109.74130562870678,122.55113575425193,443,8192,149.23978796580766,-1,1536.9404980029578,111.67515765877482,13741.401087657574,192.09285477923487,641.7808961038482,56.86071698701824,1625.012963864302,80.21391312598891,40,benign
163.6673275440714,1029.049965951521,5907.88278748972,71739.41980870804,391.20280568091874,997.9106891886794,789.3499496462321,22,65535,348.14566850303504,65535,625.5830720862143,833.0526403263818,2667.611889598723,295.48971981532776,662.0444200744691,68.95889174029348,122.89802607921115,52.34110364274333,60,malicious
106.48981098194733,368.7984526048612,167.39936851014303,26.243630579614805,9.720789737186777,48.04283595415137,258.63082518717425,22,-1,135.48569754391758,-1,1311.6696169426696,515.8398546570961,3778.141025868783,303.5029447229943,92.92661238173582,29.670507803465142,2741.033239773796,94.25273242874668,20,benign
19.414695474171953,330.61491976542646,670.7980704264107,53.09679723960972,38.490958670440264,12.846203442379274,276.8663664039732,443,8192,103.98974900071119,29200,3202.435006675595,1062.0611211260489,3251.2815304846886,127.07603740898301,959.9473905558866,91.22626140497377,853.7674746558267,159.90850498522533,32,benign
3.0976588504766567,188.45466814918882,376.9706800487456,138.92602305884253,10.135260489754899,107.5616426072713,86.72442993703518,80,65535,63.13978834235979,0,1894.9473598190336,541.4233345375831,15267.222352943032,152.561723803092,1390.8891445554398,29.58579312288958,1293.2231366744072,181.26846349457492,20,benign
239.00220839995595,1251.8023865121243,3387.2614830799375,20901.535286803934,256.64063890690727,853.4850949170382,978.7193362328616,8080,-1,388.3173066351461,0,4123.639238881779,341.90143822757256,5826.734893464302,36.37463345586404,1375.327382587327,27.541779705086654,833.4273031510301,130.80179493836317,60,malicious
9.86886440551999,246.7019589730302,1105.4136138474955,63.406231640738014,5.69856372305143,54.91190371871841,105.36451920363001,80,-1,100.79859834174748,14600,337.49984827704844,722.4362870072187,1733.693214236658,111.68928602363835,1109.3313128120192,88.0784228286099,5611.731061315054,56.35409139665508,32,benign
14.998572533103093,262.3214046589546,1246.695243348499,1450.1529926780386,46.7754758738935,73.2603073994524,168.0716642762402,80,8192,78.68968263030351,14600,99.33982053321353,519.2591146912081,15789.54605514357,372.1372557966376,834.7823215465993,84.34773396198428,1210.0978635650351,134.64921030246768,20,benign
1048.1813821062894,1280.5297340962968,5682.954694403472,26908.444234571456,158.68129533467746,978.2983669051704,771.3351490545322,21,26883,369.4179975997739,-1,544.3698801799968,1446.4466784127897,12174.381669934652,324.72726499037225,80.4867148264914,0.056922603246711834,1449.598560737024,186.9185901196744,20,malicious
55.0605606837492,214.32126195922558,1188.1107327713994,404.09486039046794,14.079578129044098,39.25001095696702,75.71976026393565,22,-1,41.56641078511913,14600,554.8741303973247,924.8634840139949,3904.789576393581,30.856947458086086,791.5123465473093,26.362970284399456,3803.601606381968,41.41038915271375,32,benign
820.5790723013187,1131.3999010363643,3412.339841347401,13045.268265959776,263.42779940238535,589.6217607471334,527.083095528568,8080,29200,196.86207218707432,65535,1942.071343526807,664.1022539848288,7645.785662967727,103.7604774489562,1129.746121910062,35.1082902408966,2406.763509025045,29.702248681510895,20,malicious
2.6720849767616843,362.4103138950717,1047.121466936302,133.59672934969137,14.308779391671454,12.558593834299236,176.20367437410488,22,26883,34.88759255045754,65535,1157.7935656039338,752.3266752772905,1682.6583520435518,215.28675374973972,832.1357160027379,44.41318018807772,1827.713782923818,97.35075822828098,40,benign
498.60181881088056,887.1505444774922,3051.36669383107,62703.14663074725,235.75043619617014,853.0355008149857,565.1931501057686,3389,-1,347.9513200578366,-1,2726.293837282424,1370.3290554288349,5788.307534373435,185.06823697687852,799.9954882568152,34.45598109876043,1925.4153854404685,86.70672497587098,40,malicious
224.19003715341643,819.1089603661958,2959.9304539932564,36705.62082358724,276.94528806871915,757.9070048030873,718.7930697918836,3389,26883,473.9846577993371,29200,1524.7884984957038,1126.4292935853537,14129.523482988587,320.54250676398965,135.36492773836915,64.4272175517988,606.9447267642119,114.35939370446101,40,malicious
822.9323450618625,1079.663707214207,5183.938737294157,22726.956928518444,359.8429924826623,1032.3300721346325,610.6602537791086,3389,29200,229.30786287056603,-1,1279.2335319158815,1233.237188172985,785.8603245403322,205.3501225235505,1144.026657470099,7.995485913989686,3336.4348861546687,24.29585914895356,32,malicious
5.473089262953181,173.04681301689777,739.3635648983164,134.74063025063083,49.78735670679513,114.34092949101014,117.46408906904439,80,8192,49.66813745452067,29200,1171.410150125257,327.91298439303796,1507.6624613398958,188.4541905989677,1144.786499897142,98.8954979327154,120.19337244670065,143.11749979837845,60,benign
1607.6244829763045,884.6561881163043,5225.726267572136,7123.676418248696,108.71301393425608,679.2919820972857,841.9654720451374,21,65535,228.36972135432575,-1,550.7450552969419,351.19878444462597,10250.456782375048,104.39413816044268,692.076620241489,16.59411934123326,4642.743112091907,180.415861281252,40,malicious
7.865092778901172,306.75621690551293,1285.0171602074656,88.71891652780549,22.054713061953915,53.79269027158679,283.39542904704683,80,29200,108.84409666040195,65535,6381.124994747907,1444.4699118146943,2325.9592351895326,134.6972377068783,1117.4672882437612,48.5937109006567,276.7397088245001,55.37354803192818,60,benign
16.207231077400987,156.1184071689097,192.7536819172662,131.16967151199515,47.91806880279333,40.2575356836081,125.60938360020909,443,8192,22.167460541328403,14600,33.091747782003424,659.8949008964601,15693.740673312617,102.83279112360538,938.7868084446991,68.93666702952521,229.29004253360307,91.55568704966744,40,benign
5.851735550097345,270.1103756148256,857.8238402304482,174.92491245210806,42.233017103910306,21.30550826607677,247.39660954520664,443,8192,27.09244140095563,-1,3068.7061239696372,1288.678355992106,6409.244996378568,386.3051885525453,718.1400147993877,3.9525610671575784,4588.974956436431,115.59635328996504,40,benign
566.391428635187,1273.3898044940915,4082.2874372405263,4518.383670111332,252.3710810616607,651.8619264960266,463.131949583945,22,65535,161.46108968642588,0,273.894694018987,1177.1608617064292,6542.558637969242,317.03995570566815,205.61932870303252,33.95577289164016,2284.088758122436,140.54887987733284,32,malicious
304.96253226724815,1095.6789942584423,6525.364248707259,29590.325613050543,160.0583224643137,758.4458392643578,425.18048788813985,3389,-1,445.280371268998,0,1514.010631200167,645.2940840148311,5595.7394025827,106.60714438225558,278.3473813363842,65.70837673949609,796.8453575058912,38.68899045362144,40,malicious
979.0925633778464,1064.2603031027772,5300.999453330833,228.79814350191924,378.68963012848866,1166.6392283588625,990.5579057002909,80,65535,351.89862078436636,65535,985.4451279058131,355.7286346711757,8302.15261601189,119.13060653858565,410.2356772449915,64.54539282294074,1083.4918542238224,47.33714944278438,60,malicious
11.236492261357167,187.22964306578032,126.27872525734504,1256.1284388596762,43.26572966559567,11.272093265403745,194.91777690551984,22,29200,46.84470424321947,29200,1153.5043977730663,822.4967852783279,5691.527182950425,244.73385285774773,1374.6512819237173,61.39424018819304,1109.661339136597,144.5539192433319,40,benign
3.306799320542398,1169.063530760389,6262.478748909335,59054.50160098578,311.1437506337163,1141.4566479062032,823.3649462312746,22,26883,372.78261119009215,-1,3624.244807935151,412.56965876254037,5853.668205150492,162.72927569915163,1441.7531628648076,78.11721914327036,11.967715210658728,144.37966559587858,20,malicious
10.535266079979825,315.036047303978,757.338351734678,75.09024260327276,12.2215057913602,98.98345820956987,192.55465004081293,443,8192,20.61919364594108,0,295.03657324493497,114.5515748403092,2203.535131143113,124.12008988061743,845.8259248107055,56.110740829920914,490.4308183389405,61.954657042411206,60,benign
852.2845869607795,940.6439048569885,2316.1638442839853,6698.032730292514,326.95654031079033,284.2541489352225,999.633446801268,8080,29200,432.20952911286406,-1,8221.81461660498,1403.5293713546987,3903.1475018853153,67.19324197203362,125.43135368439125,55.35904751200611,268.9749574341291,32.642224735063145,32,malicious
2139.97551115426,1156.197667938209,6295.252686443879,26599.315367715615,271.09605508120126,1125.34099234906,612.610317601846,3389,26883,253.6450534993224,0,2244.252395335589,631.5964203331168,24428.806444647395,29.405500992933884,139.93603760864704,17.71143923454799,379.4995752347476,184.7953436783495,60,malicious
22.967644996739242,971.6272171312579,6344.638742155179,44138.74439663115,127.9364816337868,846.4295094096874,804.8618568023948,3389,-1,458.10659431269005,29200,5.2812313235562485,1053.4059459066557,9491.887195546667,40.86872846537397,507.8617788437573,98.04597336224671,932.2417868422557,120.88307923357006,40,malicious
35.67146047813219,897.1381267827214,4367.458571346286,2598.1045587702315,387.68787817511094,1098.6051899753584,724.5353249663991,22,26883,182.31915386618846,65535,3432.661706760242,952.693226921029,5639.50023848422,333.96107685093585,568.9749934831909,61.407235398652205,974.3752356212635,176.82913008104086,40,malicious
115.04556795782665,800.198135541647,7031.040268555677,25773.630838008357,395.4192853543919,1013.053406351751,422.9832640692143,3389,8192,246.8055376397676,-1,5558.421357900182,128.92090944929106,6038.3349835525505,52.48754934750062,289.2671255697584,64.19693125643371,1833.454759834831,72.8451619219648,60,malicious
247.14931347077552,932.8806919538438,7308.721469597187,1467.5308222793926,310.0795464104747,694.5985790761822,587.0214812030811,3389,29200,189.13511693484264,-1,290.97656469057773,989.525455807178,1851.24261225976,24.947432499757042,238.08812749982488,63.19248337267156,11881.612357746539,141.08147766029538,60,malicious
158.7036172157728,1494.824871841602,6348.75283738714,17674.464204518532,369.2040819189204,1095.4003485244011,682.8138688498432,21,29200,162.59185922035084,0,1858.7694980077974,1086.5347117850874,148.33449353577961,213.07549041917048,974.7501522958617,27.443094473446717,3546.528405222833,159.19944225899678,40,malicious
80.62613991992669,1389.140668086565,2799.256539762797,19140.7710432903,396.7291336389851,926.8736652228405,557.3972908293674,80,26883,528.0128781676223,29200,2393.2851245631914,149.13308851005033,320.82379158504335,187.39220219329275,541.0155358771499,60.649094754024425,716.5346210831567,160.99533610458633,60,malicious
592.3197563792818,1214.915163392591,6612.734343029969,20202.54036093087,166.2056843943579,886.9770605895775,952.8471114301046,21,65535,176.35897053389812,0,5452.717533998794,427.53297590638067,5757.431950504678,225.91291038865342,709.9167312327969,25.564489944517245,1266.669841509871,122.2289724547883,32,malicious
3.731663305119656,191.11591552754973,1009.778966286907,382.2243565785132,22.034696043081958,73.72887276262746,174.6965961171623,22,65535,119.43517110705668,0,1716.2396671098518,1341.0993657820754,3480.6706151894955,327.2533939265547,1146.19772295804,8.972462409568639,1526.7816584757784,177.62344065256147,40,benign
26.958235530651958,1358.1464860907972,7210.687017781026,2493.3551590209954,211.14207650951778,644.1169924548279,422.197112676042,22,8192,237.51492457248673,0,1587.4688364246272,1093.8198600853907,2836.598009038163,66.14150965914209,727.1726727444435,91.60407383888557,2268.533528987788,115.86756831113733,40,malicious
10.556973821754024,231.73773767926923,730.850480710935,154.6204112884953,48.179952558269406,97.13787342164562,53.593646840155785,53,26883,62.68290279934419,0,4469.59780091336,1440.7879642752425,4779.579993152477,312.6715988854501,731.2319973873877,62.912894634968964,1108.5231995192835,32.457515547139394,60,benign
9.342828119357886,233.05264435459281,1234.9473273546264,234.8983993060913,19.383369192575095,39.10829587776901,59.35003993950146,80,29200,147.85650964482983,29200,12.077118107189552,804.3481720400428,1006.7628637266035,95.52965513093417,739.130180605397,84.93300949624519,3640.7165597203575,99.14520730423149,20,benign
397.8839674436251,1293.0427814856469,6071.5011246524045,9950.044359396561,115.847823206368,468.55488353026385,767.9743513102904,21,26883,523.6770310935536,29200,2412.167799504312,194.31940156851604,5940.682756106576,100.41969541066918,1246.8195192763555,70.22790588117995,2963.4223251351095,188.8118026237016,32,malicious
103.0442961381958,1032.2948806446848,6424.9212147374765,35176.63851359424,235.89309203938544,625.235016505341,874.814361570023,21,8192,415.9110469018219,0,370.8627294075147,631.3455998844798,3211.319853650596,94.57327148944543,125.35611151689457,28.674340007656753,3018.9156236583626,41.62620545876327,40,malicious
6.824372687815234,252.2708460525666,838.7145696329727,144.96955527590706,7.362347155251807,97.55413100969113,232.09356302965867,80,65535,60.770807254953134,-1,1703.8556860294188,487.5210467853028,7601.714812256189,167.06605940633563,653.2255357370628,87.05784499262663,1141.4616443601687,197.81266956700927,20,benign
142.86516019628627,869.7197008315787,1998.7728531078146,18225.108735227077,129.31991242545828,1054.7720290368206,650.2501771631809,21,-1,457.2685137993515,65535,2584.6328776069977,858.8257274959452,32897.19840024355,232.38593687305564,83.35674495902497,80.55253969371444,4536.446544437982,193.5566614552682,40,malicious
3.6632839238208175,246.49159098080148,355.78736577706445,367.2311927424892,19.582770034714088,59.16602833662843,170.37956093835945,443,8192,63.9324596709252,29200,1051.1216009259902,240.69908130957657,15195.64129245933,102.39813444896247,832.3858296647599,78.57922304317748,2089.166896371225,117.5454027467771,20,benign
147.7095317358393,996.4925974507645,1864.8526779530443,32189.99965341072,199.62945450118053,601.6974147448808,672.741913110413,22,8192,383.4093567280487,14600,4581.028041093742,1187.9700204392066,5497.29394925272,231.291688058605,1394.3147914129263,77.81929304303057,448.49136654796945,96.28437368567617,20,malicious
1.269456690571372,195.11308645606005,229.45426312534812,350.08393029690995,30.718508530966112,56.48890783344596,273.9637670623885,53,29200,100.14863575074291,65535,1648.1789064735522,1327.7263248043698,14169.20559826478,74.38200359225392,370.51591814178016,99.632361023164,1127.498316367135,188.67199495241195,40,benign
60.56553076402735,339.5593998033353,715.2688546172684,88.81356482769189,30.958147251742208,103.4024968169287,287.885339792682,443,26883,73.43039835259592,14600,1746.8000520507474,447.95021612628005,7894.146547457734,60.95122441043762,341.47215924759416,50.06955130043333,1315.3885722650416,190.45012343853597,60,benign
641.7157119511223,1353.7312619317559,5124.46768020001,37393.613003472616,164.39239082730853,546.643769880148,961.2810167050624,21,26883,330.87454373321606,0,3294.936428463635,661.1290849645434,6783.6586454618,369.0004842332386,210.59050786225623,56.57200798774327,235.75374557076302,21.95338074669288,20,malicious
1457.6421418310256,1128.0927588758898,7137.484997132749,87361.65312791929,159.06147326686312,1100.881050264156,679.6831797806644,80,65535,530.7489145384484,65535,450.11466248317794,765.0752308410162,4199.928695894065,47.00089359998738,737.1607954445323,87.358565315471,816.7786650843195,119.1304506262201,32,malicious
113.46534881345602,742.711372937567,7515.429003740528,49732.004489985025,324.3449688024211,1003.9836827773138,590.2864465963808,80,29200,475.8858213104351,0,60.667297956650536,335.91163974484925,2129.9412319974026,355.50817224930086,381.7808371100267,47.87096961633593,5608.617117745658,136.124296014737,60,malicious
29.03584382076768,245.601647855972,1258.3118749529958,568.3227880110718,35.8281534065252,67.46624231383772,162.91174059454005,53,26883,94.82359954881612,-1,2745.8929319184617,579.4063368061989,9338.430722512729,138.75628414427158,1377.568382813136,66.6589168811362,3893.502991580636,27.481947181194865,32,benign
2008.4599341913515,920.8489274362054,5256.497293332169,6141.637827214706,316.2614313481463,775.5298777807893,853.8115593034942,8080,8192,135.57933950883987,0,2155.010888547088,310.8550362704227,6515.7754644115275,177.9585047698895,935.53656044193,77.0491283127301,238.0432027361593,119.12544181040307,20,malicious
573.8526368875972,822.9740297288718,2004.23219242163,62259.88619947204,342.7803585826286,1136.1476695094204,418.5606025245262,22,8192,435.0155587421052,14600,1498.1496851619959,787.9311221746872,325.6747973024442,148.4289706430992,286.1800808059985,33.05253465140662,5195.1319313942795,21.358793894311955,32,malicious
47.47892868774299,244.1616047190384,1147.6539792811782,292.2459674875704,34.784283652434794,73.97362539450077,110.9359028096417,443,65535,32.35202195809438,0,2649.5974941480004,223.42888130058307,954.8709753262176,33.28204868379072,692.5568439597306,17.21700925943206,758.8750274700575,180.75260057362976,20,benign
4.633748253196767,301.8360403147542,1083.4893026926934,279.17054993552307,11.403350757150946,107.6615042604887,137.88636323075656,80,65535,69.32349882026435,14600,1119.1785712996334,1064.8909848980702,767.8401092116859,380.9205298269895,604.338174014773,77.97985577905882,1378.4245633745759,56.644506960097054,32,benign
328.8000858514752,1221.3312057264334,3044.0768647685036,11237.533109500922,359.9001448351551,1021.5917212094129,396.7875947247855,3389,65535,460.044305989675,-1,11198.140359322744,352.7154575638667,2163.8009828022086,338.6947009361201,588.5818834638994,9.799545142802534,15.002961153439413,22.360367302607322,32,malicious
35.61603250918966,289.27002488769483,1459.902474526967,2040.3803196169376,18.24210332019537,60.96861855072367,264.8242468525176,80,8192,125.70662213997358,65535,238.0757804249629,413.7124519836747,6779.234066366527,185.58798677681412,1041.904450798311,17.168159605098698,2499.2416260192795,66.11903082577132,60,benign
0.7057142681586613,248.92247113182532,724.020194834656,733.272253999532,20.067588846083794,26.034347767818605,169.5169192112201,53,65535,98.59690620741378,0,1835.1948612171946,402.97954504773406,9152.254235630955,142.14378796448858,300.93280816225,66.7405038871396,5033.9310291286465,38.44848061408766,40,benign
0.09563497865960413,301.6357417987165,462.5141518874393,390.917458081871,38.80213870223194,107.64882950354121,299.92433068494023,53,65535,20.814250356338185,65535,1299.7069336383627,779.8637047519819,3093.8106970316003,237.03364050992053,995.5599169763578,21.50854561739782,2735.510196608547,90.11380736673259,20,benign
556.9154813879945,1175.2981565576304,3847.393004886605,1039.6242027626038,179.98341092976383,898.0613896005623,927.3066153123491,22,29200,411.5718415102245,14600,712.2276574864195,1463.262393978636,83.05204239505143,90.4187455264576,411.705697987987,13.510690444993234,1902.5101608889552,130.6039428729116,40,malicious
11.158772070363764,316.6309408794972,679.2853280725132,656.5952020742405,36.85132052626158,100.43814015029271,237.56563038704695,22,-1,92.1376988243195,-1,807.8804957558698,1457.930082475855,735.673142489452,368.92760244648565,684.30933474117,79.88435023487831,1294.7545990771405,33.926501601805676,60,benign
275.6834119706236,1195.802095195681,7954.823958317116,56780.37958826586,228.25856093734131,1021.7795370413529,866.4557254494848,21,29200,444.75749021855523,14600,723.5555083568028,613.6833838978706,2367.137041062787,252.34496054690933,294.05510200558746,78.92825937357813,3556.1311471458307,67.82997180794912,40,malicious
316.8186679705184,1144.0951991408053,1825.6504411030128,35570.05499276286,269.2236324899055,476.2879545901331,646.1599796352248,22,8192,375.96640975922935,0,4427.60350934113,1013.6417879461154,259.17771238961114,45.60842833932961,802.4119366075535,58.789806043993195,2002.5698785458558,57.28733251195025,60,malicious
1.5551245163628182,287.90327198442753,990.5522343476299,994.5302551473452,37.76681147742171,115.09836494463613,68.73552693247696,80,29200,122.38389661196189,14600,5109.19192793772,738.1043968781446,1503.054111113927,310.14419726422096,928.7735551894345,68.2079399575044,4587.183894907365,171.000753325667,32,benign
721.4391768162677,1065.2702125335,4522.472118026497,29020.696912531806,173.36899799365239,459.9903297864108,396.2989265229065,80,65535,336.0590644827996,14600,3640.03249043387,543.3823654864726,2604.5220486188146,106.57496495450538,1287.3880941740397,49.135622274502,550.6736721012317,191.88439301381175,60,malicious
2.614834188761137,300.68377296012045,173.8224869112288,841.790404435597,28.34976264789191,45.234639110586755,187.1392505305215,443,29200,93.2678270295012,-1,2822.801649870494,850.3545140094329,2676.148596370403,154.62187922718007,1050.2774336865932,36.90415961676536,1321.0710127588345,173.05865615845076,40,benign
0.08899592512749092,254.5939728778199,1007.7398979961828,502.0055709503512,46.372968827061605,103.88307471969132,296.33101460615535,443,8192,22.569355007680613,29200,1431.7822325293785,470.28340303868134,1744.7077212044069,209.947102383566,722.6590395273112,99.87938586123452,1346.824386422754,29.765934547898492,32,benign
50.06866300265649,951.7326907106178,4758.501215263266,8973.594634928519,173.49520101782858,461.9264999322636,568.7918705797347,3389,26883,479.561320110226,14600,1035.6907867459986,328.1372772545295,4598.675880380266,112.67447214925193,1274.2117742700912,73.99283221056704,2608.704802671383,116.34330896936845,40,malicious
21.3512539133324,194.01410613086534,1378.0359397933667,575.1447805145323,35.189012832716784,41.35876281978185,293.3135567986299,53,65535,110.66152051411332,-1,2567.168166748761,635.6660103775763,514.1354218856611,228.81807836484614,568.6019889940353,37.26123457748917,1783.8675084076478,179.8643634106553,60,benign
54.476740746477,272.28312696106013,266.37216394104996,219.40544705680787,9.118948588187024,115.4721505681594,69.88979580185018,53,26883,127.88082305441618,-1,5310.08461531607,406.1648037287294,616.5440627614515,228.18979935162176,736.6550979014221,63.430750874736475,4042.850771874388,44.03561551036847,60,benign
30.99610081834124,265.09327092414446,658.4802389858905,1310.4988883516457,45.67437232493824,95.72841798133757,210.7598926833474,80,26883,56.736689047304296,65535,1714.719215030581,1453.3589122280937,623.1292045048956,309.5112353967185,1193.4399631594965,80.23288672994525,6815.671271480216,142.58686622710673,32,benign
4.794942192775192,359.98242953615426,1023.075439953288,613.278509391877,12.560632545986591,67.71887473871898,260.94363948471516,80,65535,66.42466002868755,14600,1918.327071155775,706.8008897644391,9144.813704536991,28.501056057473164,160.3275426085724,99.1602456376146,11589.416702250404,170.36907749299465,32,benign
24.315929326046547,268.14940062123605,850.411884478412,43.19998856521501,18.485014350455387,25.736474199918835,75.49433392397174,443,65535,137.95172689077214,0,2057.5014511956624,1130.0502732210698,560.2607709114054,99.91917476898179,816.5840577525311,93.09244428092627,3432.189345498111,131.67056157684522,60,benign
525.1370453940294,1302.0295267058193,5443.54176513731,19861.97740524882,226.92290523431814,620.3860301618643,681.4660527325454,22,26883,582.3384812088696,14600,94.00039758441882,492.43648683714804,3524.1943828296676,37.40137773456088,393.46049172929577,79.87811696952545,1434.0432083964502,152.61196317396846,60,malicious
28.269571998913587,221.23209148044745,513.890156563378,202.18740759432748,30.80945807222086,35.63159139423247,265.76734844680976,53,29200,39.697597126884844,29200,426.9542179504105,1139.7401443131882,1713.6754619684352,260.09168350613436,630.337707688281,59.63154810970123,2291.8026045326255,131.4543599487799,20,benign
380.2912376536098,903.590030475179,5164.218252740491,2431.266271844039,339.46433472441663,1135.3041687387122,428.2828799106601,3389,-1,158.44032439975186,0,573.1585252793951,1473.3566713383027,14759.39670061448,354.0509729540049,886.122517178165,68.42635524038305,5722.615802497568,145.21690017375312,32,malicious
1.6839591677246621,1118.2151816875157,6781.382572999043,3438.1870335860267,351.53075193293347,1059.6384857158885,626.4841296485982,80,8192,299.01856149319224,-1,370.89141946691575,1146.1256007683457,8170.137300765936,239.5536297027153,398.6192935076353,82.69152166872138,3307.293694033018,101.7037456015574,60,malicious
8.821507465600613,320.707298179867,1294.8340328221082,1259.6016322762036,5.883965777217048,87.31191653813751,51.00015269691905,22,26883,133.33787754640716,65535,39.998984394901655,741.3699203792095,1662.5653454157798,220.82319828649736,454.37681674088327,72.63392076658963,2225.8302130480333,64.82482210069405,20,benign
429.5598348228015,1351.1499442365466,2407.549473021793,3106.1704259105823,313.637530836,597.2083385026294,833.017903318259,22,29200,487.6565974363487,-1,386.40496240740003,386.3284401253919,10232.259030411391,394.35849872406646,72.34467883871872,87.97445728757027,1718.0971978071386,194.80445726357448,60,malicious
561.5033958703106,1064.7973768855034,7725.288807412123,28527.648507920927,328.1902712175712,390.53242562876096,743.6996209629482,3389,26883,232.80650496931298,14600,1348.1851612467794,426.76881662026864,15216.670978498913,292.6762708018222,652.9846417711243,44.70958869415511,256.0228531958734,185.642832505252,20,malicious
1086.0964321807844,1268.0286119665445,3157.3213260112493,41485.974170867696,217.15674537259017,556.691144617272,752.3023364509909,22,26883,354.80254953592936,29200,7649.149952644941,873.9174645791028,14284.335413738982,373.3425819887115,653.7035462460672,73.97171073430302,755.9255338353049,27.595625218040237,20,malicious
35.53523206418728,214.70399683069093,298.7078182463839,77.84195070023925,21.192302781395004,50.34552941003312,116.57993554812444,22,65535,34.65814818911427,-1,2108.6197775882215,810.9462080866163,2638.9639014442605,242.4830650741432,968.3110979252402,12.16471367842863,1336.46477876884,136.82396258333102,32,benign
18.68460801393692,256.5481556016791,772.6604951747364,553.4528265932015,45.16656233146429,21.627553616641357,240.27556659769826,443,-1,139.71883957006992,0,3350.343905766058,1324.1973330471897,4542.200774508559,387.41318095145584,407.9495623242823,68.08172780905005,128.81885546452213,27.5083275757913,60,benign
4.748748043643055,192.33497218927207,1493.1875424374682,666.1498104678118,15.948556376605753,102.19462035527205,270.36671877906383,80,65535,56.284654149857104,-1,1233.3244275168438,126.92232331816125,7826.559679145816,312.8446500975521,1118.7115902294809,91.01074987551827,2384.6458192701243,191.04611621375184,20,benign
247.94654330293773,1179.4776180402275,4484.162673202537,7814.96012146396,340.18137607002456,741.8328146429354,431.6344711028824,21,26883,444.2588966962889,-1,858.7918998438736,858.9949215486615,17102.72262894079,260.1204337236295,416.5521828257148,62.299904772942085,196.8114543754475,179.6624369699099,32,malicious
424.2671931226424,848.4318765137608,2659.95742421844,3161.981590597873,263.8587574040443,350.67237946942384,452.7836713039504,8080,65535,541.0808502134802,29200,1741.1208519718443,211.28880348855023,1796.860504280099,56.76110100192691,387.21720624277935,69.2601817358678,1996.0392832101068,22.503933321365643,32,malicious
245.26726510379265,1051.2118709408119,6397.472214944601,3403.1370060249774,148.6717817772762,262.993693984439,653.092104019074,22,8192,155.30005125697278,29200,4635.580172114085,550.1860982312328,9012.883290928812,102.73541637642599,1391.1733929937911,43.28968634226678,5097.6403079172,187.8706157276634,20,malicious
31.318116147220447,908.9318290827437,3127.6618676881253,35952.70132028655,340.8550699096048,948.8789995262343,540.3236557109146,21,26883,414.67239181916653,29200,3111.5375925826397,178.23836009832186,1357.439547378974,303.8321886611667,847.830252285978,20.45653299645023,598.3148430734635,120.72406130037703,20,malicious
3.1545853338587477,211.79320449692193,161.78626221615045,370.6997564613619,26.339713377582843,98.29306823064296,82.21050195469805,443,8192,122.44742634213871,-1,4478.642564912378,506.0949370406336,5605.765721862258,81.69537241133335,633.3158804713499,96.28489550144982,117.2235612290153,53.53543132345435,60,benign
59.11625718474696,233.35203968642176,886.2488987419165,137.3863715758383,29.4851641422315,60.96624825744402,294.6446964279693,22,29200,27.94479907428898,14600,564.3533899368069,684.637498571535,11000.734692468348,90.94482211487295,460.917243477284,59.899342198119896,819.8989900956465,197.79579356166136,32,benign
141.1758231890446,269.6245090274717,1152.5614481700409,1337.7483116099604,18.113368848048857,88.00697557858244,221.45295930061343,443,29200,113.88723895934879,-1,217.65799557094772,365.7919248419299,1478.5138872639018,55.26889091102295,1044.2643405631657,97.15904187241775,2169.763214344231,32.261039389120214,32,benign
446.7683544279436,727.8916606136208,3089.155098430255,7279.822645387338,392.62511831568463,1089.3222246136438,667.139395648178,22,29200,542.8155485768202,-1,333.0308696259917,1291.399389025522,8251.409237824613,127.0622712810644,69.54004625169715,73.49388510390584,3647.997718159567,36.7332478213421,20,malicious
3.8260513602827526,327.1469514035122,1482.8228644327144,45.40135823612931,20.44554982778824,94.20930394785347,251.51194467674975,53,65535,83.21742776200729,0,2020.4116381941435,318.16385310652305,9988.858641491697,89.81054787995535,84.86932414503104,97.73506953330018,7415.610715904722,145.76373155952336,20,benign
68.04562877014415,938.6461780966006,5685.89160929647,37374.519995541494,140.01836340797652,514.7569564522983,823.6253914966085,8080,65535,541.2778072720469,0,258.0175208396062,679.2762853574043,1836.080927686212,98.65874805375383,572.9977397388337,50.89037844898304,1574.0410982651351,132.98557622206226,20,malicious
1293.5296758339696,804.5830250379768,6512.880440682787,124440.74758269732,153.853650708095,1022.5189515933577,566.398959622174,8080,26883,192.71982313198268,29200,49.54143141722375,1345.0890146627455,2124.1301002593204,158.71991459340978,1130.8878684875124,13.78537632669714,423.58037035990225,125.82276442081098,60,malicious
468.4060925336468,844.8822406772313,7703.982191409713,30954.29162662487,335.86563577156585,468.82366664858625,872.0850013878157,8080,29200,177.4909948001855,65535,3429.8139344005294,262.8030212441354,14893.079541854624,152.67433672438005,792.3294267080651,74.47759139873595,3005.2606824791474,124.8556580681531,40,malicious
27.708037277409538,171.98650271642856,651.0995338766292,2162.2841212643075,28.693879219797953,110.7209779021491,208.43531523940845,80,26883,100.02617124757384,0,588.687815198007,276.32004599565533,2090.4800118801945,291.75837248446584,1445.1497186953125,73.45953926029087,769.019016045601,180.62980580482477,20,benign
59.13785070760359,330.7571078971408,1498.3992357710893,440.73336043142876,11.837501709596085,98.44588572535555,214.30147465738156,443,26883,30.21180156476381,29200,1350.974653387485,916.8522658629885,1242.4617321040964,312.68922572408053,55.0925637027512,63.53112781242436,516.7680617502499,92.58243391254224,20,benign
328.6188528405653,1205.3776009205715,6277.4958921284,5943.509898191922,188.64655421627836,1038.1777454304195,808.0972198476317,80,65535,150.60081512147573,0,252.32058841281602,202.31448377010605,864.1050814057131,385.1353561224061,1117.2273899411914,28.153542661360078,985.8404587525458,109.13658338243013,40,malicious
11.739727621939027,354.7716039914703,1405.117248905368,60.502987573275796,27.83044456675536,111.67188391190965,192.4215024942792,22,8192,107.77710731303472,14600,2264.5972870169085,1281.45592777157,8615.313975368059,172.65835449605953,194.3437591618754,51.56471792256595,1070.9052111469498,176.27973707869853,32,benign
720.387967994292,960.3636623125021,6673.17291981657,12843.507207666222,114.24517280324258,809.7526690888753,734.2453042133307,3389,-1,272.3534150258249,65535,703.1562051770212,724.8294145046003,3251.856873057243,228.87927129784381,410.24524953120255,72.33577182164089,3275.2316536587355,39.13527841782292,40,malicious
131.52426535475715,1238.1198462842685,7546.087010603744,64289.69367924228,369.3819728337419,756.9740133602909,674.3499930029639,3389,8192,528.926408254661,14600,114.36567823512831,973.8523923145173,9280.840911034476,207.22328068740796,1244.1468414979292,21.494238516156095,600.5706530371897,34.23807574373254,40,malicious
1.2251418891441404,251.00149801588682,1244.2546706010833,838.0393525824265,7.908340407773055,43.607337853573,111.38713435237666,80,26883,93.1191832776263,0,2494.7077848469394,1233.3226483710478,8455.760852373414,87.23773021917032,949.0342166480457,47.78650876563384,3330.346221737647,189.73243379298276,20,benign
23.063636422299957,288.207064678862,1419.846634316498,2003.835791644243,32.75206019696775,87.86120991269254,220.05195715665295,22,29200,133.0676991637804,0,1806.2588955409199,1015.403614658422,15579.331278716945,169.12014602645505,1149.8624341370846,34.78199165242625,3.2917583322327335,86.65456766480388,32,benign
34.54408669260966,240.47998772608997,831.3161626953296,1382.1948584433992,22.65788653086112,36.764966638705076,289.5275220654401,443,26883,132.86571327765174,-1,371.42804393529997,577.947578798007,2680.333568797711,275.43137919948674,1436.115383614488,7.9193907565571875,2433.909132301731,192.44519059020178,60,benign
25.09229906987906,247.86070768791416,1498.432728410747,1638.3552509243987,22.707037352337586,55.27285184747183,240.3664195665974,22,-1,149.2899065310559,-1,8984.462857247021,531.5630425440529,2284.512951583475,377.62254516136016,617.7232987463746,13.61139372557927,926.0708900015572,98.652342479144,32,benign
523.362296704408,1155.2955367121554,7447.158445298137,14453.496797887487,377.75242031160616,631.4621127021785,972.5120876359038,21,29200,516.7325501323928,65535,3059.512203220037,286.97738959259425,2389.2099492242096,312.28985240539504,150.47976683052366,11.64387340901667,70.83856537617943,120.58619470931282,60,malicious
466.6910079160695,1254.0212942375765,4421.2198800056085,10332.576117346212,139.0367329464291,299.6015240315743,876.2530974835588,3389,26883,577.9722734568934,0,3644.177782811664,316.7011248319128,1675.588469615976,81.0960771330292,153.4998532833029,80.79670849950568,1669.6568853303193,44.32457062763818,32,malicious
201.86658119669298,1047.2999858148885,2507.3708798338457,22044.535629052883,200.7602016699998,1129.4106135754405,914.1238112207604,3389,65535,504.825085361784,-1,658.7521312644692,431.750548339847,13538.914896977623,200.38415017719674,1435.63649595824,33.508461242201605,2318.8005739414293,144.76689732712634,20,malicious
15.029121698094826,265.3883879284899,806.8390643651418,1069.0838346402957,44.642536418380104,102.24387570613814,146.37367488254995,80,65535,59.94196002848179,65535,1626.7607463487445,507.856154314253,5052.561722758166,96.2796840782178,1115.144412009019,99.08157391773581,99.36274623248985,167.7708360793663,20,benign
744.5053580387079,1354.2792581932458,3223.606603105115,78105.09228847956,344.5485231731837,844.3684619213797,626.4811646274131,21,29200,252.75657733100905,0,2261.2819524579386,463.8251341663349,7003.547886145245,126.23575707525896,66.63146443260764,32.91087257691482,998.6439040664314,164.54115625471758,32,malicious
13.526940862054813,1225.4632446730106,2283.572436515964,21836.24226209942,128.45328287376964,1042.4484732373003,941.1746356610977,21,8192,495.12688976298756,29200,710.4311757735128,1250.5033853227958,4487.991506339359,370.8448569698423,142.68914663925472,49.12663266789396,1944.252824030348,138.26516248149656,60,malicious
1120.9741981506327,919.5947997650809,5226.297046221924,41858.163084005864,386.7762019128554,438.6384549484936,997.9531393428535,8080,-1,588.2309496704634,65535,4856.6990320938885,530.7200848990165,1998.9850734843478,334.5957944068946,734.7897624716766,85.68343205385159,300.88632623551206,175.60622821704408,60,malicious
303.1330212862984,1238.8076392685941,4416.690725244969,9272.0854892538,332.6629173400903,895.7061564253028,773.5191370952882,80,65535,544.6851247278822,65535,3116.758301007916,490.5827185063219,9742.01924582239,244.308784538046,141.18939196303378,13.367884585383882,7535.908479629113,41.79994667915455,32,malicious
15.554421638687865,291.6537925780884,945.222413924257,523.278185595068,10.142000933735513,23.82108874369528,227.1350892669371,443,-1,95.7701273783995,29200,2017.102209475032,1182.8060116027789,2052.2405303172227,371.49908979781947,434.47505184553967,61.41014645332991,2595.0467253309735,74.25665614609736,60,benign
1.0899639866033635,276.34541658156303,772.7519654968155,233.46301741118822,40.58341122276847,76.85318145503605,272.13526968080646,22,8192,58.68538989866256,14600,1215.2898888719587,1311.0413662337437,17666.30324566197,52.99589268992705,678.8521163277248,49.22735149884991,8115.347994944571,37.964498464363366,32,benign
1703.2872231237684,944.9029073823028,7252.002188071354,30719.529829399093,250.0383794165117,593.5921827980318,616.3621334883865,21,29200,268.10616725343687,14600,171.44207263475784,770.5455231269259,11866.101086379289,343.3944156138939,1438.592169699823,21.774977020081,3912.886959703138,65.8507107630983,20,malicious
23.857984448300776,244.6057701851854,251.70368787325611,549.9269304961075,29.942406575343178,45.911489649555705,65.4500147156461,53,26883,97.6770964818454,0,2743.5616370910716,631.6278218762071,6926.269789764398,180.4748886021055,371.2177516555099,4.86253049169576,2421.793810489166,105.379189146207,40,benign
3.822489157822831,188.08555635480644,689.4241199812857,13.602458710574487,43.31293111439642,15.053697363595083,285.3871952383882,80,26883,20.760083621894687,65535,1006.6517400794062,130.84889787378984,732.4063694893183,239.5847153822384,1485.6475200800169,20.40448565929074,449.53057789691957,56.853366863570905,40,benign
1641.9394399176801,1342.6852419276252,5349.732682090361,5639.599289327329,288.7354248548304,606.8231781865677,645.6594516817281,21,-1,325.5044525306187,-1,3377.5289323752168,100.68574822238305,2233.408418529991,63.733128790310836,164.5971720389977,12.933457596236275,1144.275784457855,196.80996546647296,32,malicious
413.32532882264746,1064.4252299674426,5854.3602415804025,4335.104895263055,393.2615155939725,338.99925011798706,812.136939442794,22,26883,488.1240714708176,14600,3823.397929570355,1109.1410933827565,2414.936858773174,111.65282442657988,978.5156769649848,55.13985862003611,6101.144668116244,86.42067548127706,40,malicious
993.0921635263561,1412.5867553970093,2397.664832430112,4370.640959107372,148.8353870868271,985.0359912183767,503.1846309686424,21,-1,414.9666758554861,0,495.1716325138917,602.1188852877729,11632.159539496082,187.3128392344914,1239.1978802889628,94.67331389387309,3757.381829879793,95.70295820774952,60,malicious
8.503700155316729,227.48709019226567,703.39432951735,449.0914751071641,13.806313017293727,45.71838687383159,194.6139044976403,80,8192,59.94930076154951,29200,3848.844475138644,720.1805770576799,3157.9160278541794,202.50580870386446,1442.0200754751763,17.35072008938694,2120.642488740218,95.57331226598374,60,benign
2.7494309214145534,207.63458097550009,142.46634796782837,321.30504310217066,25.99501051577387,79.68895408810866,110.42056250235179,53,65535,71.6358451323689,14600,632.9031564813034,1117.2553570711598,1259.3223335153389,171.35735207388285,1347.0928381076733,93.78324810984056,1234.4406775860384,46.80015356729112,32,benign
61.077975732216956,346.99028513543277,1471.423488432132,260.10977837234765,26.812298029456787,66.2358791458557,116.52745385891559,53,26883,125.69239908401032,65535,4940.766386123202,1333.0904537876686,19363.715284165177,124.39825266428731,541.275303719764,35.643116092375024,1146.417635693173,42.37816076723331,40,benign
120.45373084815961,1083.4841171863927,3428.8340385810316,59826.95250720076,273.16907698391753,453.17621985705,460.48186900730565,22,8192,469.8674238189211,29200,59.784382030891166,804.6329630009222,18895.612636865964,163.53507669135413,1491.4886905867197,14.429958977306157,1113.8217750459926,159.9695901911951,40,malicious
29.021871970019983,253.7669011561698,1359.7415870436503,131.06470066863653,37.721870126134085,55.268300325822445,172.79956433205126,22,8192,120.67354625260722,65535,2524.211642710642,886.481599526986,1021.4879359116544,167.45127134102506,1116.855648532885,77.71443289544167,420.16060170855235,72.93472758843754,60,benign
7.226645053567118,210.205693732146,348.66249950598353,545.6165315944103,23.1958135041137,52.59513503150009,282.2651336597204,80,26883,138.70906887394247,14600,15304.730857791032,1361.9386377430205,10217.300500302033,288.0204915445527,805.6751053597668,66.41031213590455,1211.134322632493,79.60245110253777,20,benign
25.285804651731944,256.503792370169,207.96701926885012,298.4768450084907,43.93352471033611,102.23126802533443,70.95073116881966,443,65535,105.31273560735586,29200,5742.562439922704,1381.81324564121,790.5895149801796,324.60982668005045,460.7030046051426,95.49255459557104,51.6796974141623,161.22991107557502,40,benign
3.5914756195177526,291.20758985663474,813.4331060248988,369.94991338431174,9.711976229280681,42.11199003762549,233.29118503958838,80,65535,83.61934376240636,-1,3499.965667001391,250.50861544920468,2887.82175504762,133.0549516880733,760.0297703844692,36.03001916190255,1750.8313716671496,112.12137779579652,20,benign
10.628691517445482,1127.3969217212134,4361.632581064839,18819.866965983292,254.00815255050767,276.80376892135575,915.9138059807862,80,65535,485.9135883677955,-1,1567.5072491252974,192.36961615121015,1403.9934218829142,188.18311118493943,1295.5250848383696,47.65746035791166,3610.6264089366914,184.06050766992493,32,malicious
10.619611534002864,234.95252361124855,1321.0325705282705,337.05326519524164,9.837618787071746,95.58203821646686,184.07180184094707,443,-1,51.85597585700715,14600,6552.11264510876,576.901390735657,11284.220972192326,59.31382547477911,1420.5315714601113,63.55855731193822,3330.6079447728725,129.1366205526881,40,benign
214.05095702889113,1403.7108726654076,2427.4758299009004,5675.0009084867,267.30337976017034,430.247306952478,526.2097225141797,3389,26883,474.6657625293076,-1,986.6931096914996,844.1973007253418,1427.8588570163934,310.3502972558092,1132.0642090666345,90.63501169295927,2157.6734252371934,116.94604481980643,32,malicious
252.01517534082316,1263.4343346533467,4664.534366273442,24595.076095358152,224.71663098514597,1028.7952357529048,578.3437167894738,8080,26883,165.59851356816444,-1,521.2393745606705,916.1456389066007,3833.772302428784,34.53140103557483,1151.579663899455,76.4018884169965,6611.612101896335,99.93850090574139,60,malicious
982.9957286758868,1032.9781379291232,5134.376077420262,28221.31676338405,208.61676042382828,678.2523934479939,567.7910672870881,80,26883,141.00892205824513,-1,1790.5761573665338,828.276151140053,830.465786111944,98.49790715513917,434.87412159206775,93.2133167915308,405.16499265879946,140.32687178690722,60,malicious
10.97944371462929,129.6270406810329,562.322139467477,1255.7111898814717,38.18313306057158,64.37179617958878,240.82473705822096,22,26883,72.50790450263176,-1,232.2468615187954,789.9142400726777,6702.374972451832,158.7290549332242,1054.9646775785118,20.02239939357503,573.7844527416368,160.35591455569755,32,benign
0.4585582979285873,249.58766007950837,886.0036917926687,357.13062750890117,25.794387950143733,89.14478111915582,56.88549888418391,53,26883,43.54108276127001,-1,7165.835605177961,1457.3682864649418,2164.3385514831116,213.15272047760007,688.0058015699665,47.83523197462802,1.785206904879965,89.36467697254271,40,benign
285.7253929185753,1035.4286565254931,4485.5883329825665,20541.9836871844,113.80378262669552,402.5625380973795,653.7719989832881,3389,65535,357.81775736487884,-1,3512.582760701708,133.4740105439513,6235.475151153896,362.0712996629519,1105.421741449377,4.196951529660264,311.559074767124,199.08505762090806,32,malicious
132.81029326338856,1319.510590229821,7112.965899529971,70381.38040096578,310.0298408603229,474.0095615652711,505.80045211369884,22,26883,233.60206011100888,0,1168.9133622771299,188.77702132419356,5065.564356099869,47.79987480058054,753.5213558706753,80.69498273387433,1097.5597266444524,195.5542292813216,40,malicious
32.62932716404367,235.5144835231593,273.378720267993,117.70124409133852,35.46284493238933,57.94677911834348,93.1877127782993,80,8192,146.68371352377892,0,1526.319376718866,898.1221933048521,11.019533848570042,318.1366212455168,624.4965085182447,44.4945222048487,942.3896698711544,117.16573500982297,32,benign
35.423402432224776,235.19145113717633,1359.6984348229216,196.69102714908607,35.04707669849694,45.760597329221845,178.99923706132662,22,29200,149.12625448491704,-1,2674.6901383270547,376.83434814221846,11017.65629126957,22.718429649157983,1336.276318456369,1.632696222775798,348.30504046012874,51.524467456236685,20,benign
7.969072025411936,1209.3839527144867,5856.655244289097,53145.66799159103,129.34606503333,576.5120948091699,882.8280063918525,3389,26883,510.69516774599185,-1,732.4046100093966,619.6629402762453,3861.7106400229727,382.4497342607685,70.92694246144625,8.921541386442854,363.1741724021984,68.07349281717026,60,malicious
376.92646681808833,1099.1456613683144,7064.65332073403,38980.37313696744,145.78559329678484,394.45681396781265,415.1537969743237,21,65535,138.5147735775006,65535,543.798959410082,333.17462997651114,4222.8360486514375,137.9327757472343,429.3438007637299,61.97992028481322,4970.929215633199,60.37830616372253,60,malicious
262.6230983350325,1181.5615347649768,6030.096282428054,20620.086124725076,241.5470471831917,1158.400710125733,707.4717034606836,22,65535,402.95583469149625,-1,2403.848161248493,105.65499624616373,4970.693599280052,132.20411504060263,505.74083096773415,46.00827967775318,9231.810690416585,151.63155111107196,20,malicious
50.147312023710214,1134.507812124382,1932.7440720566674,4031.5023794940257,184.10163007040245,1078.4526263628748,979.3831687946218,80,-1,261.03685658369034,-1,1139.8153879222264,389.4777272576354,5936.323598246294,195.47334526444857,1445.6953653982112,51.81367021799381,11972.229233564321,182.08885899559002,40,malicious
905.1235664954634,971.1017491104338,6371.974734892239,40377.149318451295,354.6295976606558,1075.592284814171,534.9205277589539,8080,-1,428.4756111333701,14600,1872.5153711051444,74.30783085107198,533.4303817043794,170.1144789752554,607.1364809083422,45.60944077971957,3069.1915679206313,99.08617637745913,32,malicious
8.819255780805593,263.98355116139464,1123.1405645841048,2485.344612886078,23.35194529033739,90.33501503450064,278.32563088052484,80,65535,121.22553985728685,65535,779.8884080155362,411.1962498171563,6009.388802469927,180.92130653236148,494.8780962845687,78.29060118699716,6983.780164080998,57.65827743619554,20,benign
8.27050788263168,152.47320776336989,1051.0659349913014,236.0743564972618,37.20443654667713,106.75872868749171,256.87198936813456,53,29200,121.02846585674475,-1,2801.6318243041947,116.66425469974438,1447.5301495202516,117.09969358982386,1257.2983447647243,14.60384640584913,684.9571867922356,198.8052068614903,32,benign
8.715567019545103,257.23999741539666,404.89786146446335,118.09924263281087,24.45243380056684,91.10704688549869,242.36546908797732,80,29200,21.606337837627557,29200,0.9475074561807099,1421.2080718296315,19.63195362290677,163.79030160765876,1145.3396105584102,68.33011851262376,2964.1940425945127,90.03685316337197,32,benign
33.712844706604194,243.20583727007218,595.9378038485349,553.9248012030093,15.026616156760333,110.44859254666254,215.69533168627567,80,26883,39.02602616064158,14600,3366.4357750075415,1340.8911391000247,2608.634124648651,277.7680470776505,822.3137761950366,95.7883399009827,1376.9070562480472,79.64622518820642,40,benign
2.3252678360810535,168.365442609703,1402.8609750937296,85.0106793734704,48.221459507599874,40.25743646835535,148.59016061140295,80,-1,42.973767433736725,65535,2067.612825642355,283.3563869742386,1436.529586258889,243.08361759662805,936.0303445309797,87.3598595685099,2980.0406122982226,119.21534008562118,40,benign
11.001582493407033,260.47391025231576,908.416893793491,421.72615847239905,29.219798488723598,116.4007223301581,118.40472192937186,22,29200,73.5629392175059,29200,10.938209149338268,902.6815295849291,219.52904575639292,45.555282325931955,740.2736926297384,4.696268734518472,688.4395351824687,166.13417360561826,60,benign
8.649181586931999,175.5830936988171,1064.2380916447967,2063.671815290555,8.084167925826474,67.54163370727284,247.7374140682335,80,-1,61.18144386394459,14600,2965.4585803113623,1169.0862445939676,1350.8861662601091,229.65599830537434,407.68499264356484,64.80366287212257,850.7777483682783,144.04954908459138,40,benign
21.854362356465657,286.8079746409424,1254.066111718536,319.9794427518303,10.81618474364302,30.700850061727113,157.52509598756802,443,65535,136.58135370673742,0,85.06937560948738,895.2992071808617,11093.628658140182,233.11384389976,605.9547134953712,21.584540382901572,7349.8214904531515,125.12465113081696,40,benign
40.46735174822635,1455.9049123471232,5964.144203886695,27322.042805975103,195.0787170550384,1136.0814385884514,642.5130248566654,22,-1,476.0383755429063,29200,925.2148514693883,695.7209524785867,3211.6712532583647,95.02624501227132,546.4902439510322,6.22320689147855,1616.149986701895,134.0042612681279,60,malicious
22.635720563332807,311.2399626382712,134.96080423237666,78.09056669870836,14.62936872126165,80.56671391966339,93.67157521007684,80,65535,84.02118569988731,29200,272.37789256471507,1362.8067492860228,529.4530333895215,70.52376581188273,471.21972861681877,77.87480183234699,2310.720646518637,117.99865743092079,32,benign
319.6024352865523,783.5785868454484,2108.760739601055,9950.87969713785,358.10542421413277,871.7638501009661,454.10663253881705,21,-1,581.4470755697215,14600,5797.104045060743,923.0636082351294,2088.3045249853067,26.81818233163655,265.912033532211,55.81485925111483,2303.9840245928135,90.26782839931235,32,malicious
538.242692988748,986.5648999336908,2858.2414316568343,7934.448860442715,121.83172140912862,878.1114997736728,920.7789694578914,22,8192,292.4648021756106,0,667.7953621758354,156.83413469313768,2264.9416457438488,38.015083352379946,525.1894878747077,54.42803921762985,463.05692113312085,59.765025426285334,60,malicious
12.747726806409034,262.0486377678989,1128.570982566249,537.2585026832597,9.184968155113756,32.32327985890748,187.73514370394824,53,26883,140.89278337609193,-1,3233.957420047357,104.17565653734158,4153.960683123978,285.18371997521655,1431.570724143411,12.819754074115187,1803.833494864063,133.9175961023699,20,benign
610.0109232371591,1003.3098702657384,5672.932391836583,15326.117770211198,269.50168981642423,1051.1361579852778,876.4668805693871,22,65535,505.97005249289265,14600,1070.7817369569595,1134.3833919122385,5847.630099073656,255.55544051126475,451.8846219296899,92.37388166337546,704.0027853065611,178.18779899178904,32,malicious
24.998870022394737,307.4967803011456,1293.0697889136138,1722.2176662060087,48.840373527479116,68.70996227646228,130.51319398344955,80,26883,116.17051066785213,0,877.0945670066734,373.60694093250015,2328.951820833532,30.165612655827907,232.79425453689535,8.960781476656443,419.02956156025664,52.2034245788447,60,benign
53.50141940850512,1296.0042862693128,5823.353197998157,33499.908582388445,247.09075115502336,885.629379319903,755.6988689101615,3389,26883,172.6948959099916,29200,4312.416525818359,951.1351512591805,8345.762599381818,135.7483724573749,740.8467851029925,86.83935882700226,1512.5538010660991,83.39816118408099,20,malicious
268.4006308821041,1262.6398415666179,6728.382883557755,81267.78665028763,293.6760702109307,1098.5932244630783,581.2437230460743,80,26883,257.1336562449392,0,1894.2311517698615,208.006423632077,1910.142204690034,125.04516801072975,1477.6193724158497,90.02700251692293,2170.409544391575,73.47320878311567,20,malicious
86.38692995940026,1497.5365863181846,3771.6620854302623,58452.08501223062,129.9412982377674,937.8133237196389,969.3426052713068,8080,65535,209.47253701181296,-1,1765.228151568249,1064.435615924704,4956.30524818651,184.7097170268748,855.4477172122774,16.56219846024516,131.97016805110195,147.79683151352882,60,malicious
1374.9604963834454,865.6766965115403,5031.398607816774,26347.244441729752,363.03830144522374,1089.1709139920845,761.4531247706602,22,8192,489.6406663495455,29200,782.6938930924135,212.45821514280888,629.4665517127283,220.21847722224538,1021.9001558656952,7.568492208817479,596.5155834045612,196.48620962433142,32,malicious
15.254595249736552,257.5438000805686,1414.2651597103988,1827.8665578611415,29.52247675249839,14.298284029432303,142.56010931045128,53,26883,69.30877091441661,-1,3851.9386963704883,1398.7728496415225,2401.8043432360514,360.74734055370925,872.9507467930387,14.730377156947473,3414.1072960835104,169.00010223169346,20,benign
572.7048907680283,1340.0807906591724,7937.337562771054,5367.319412629507,246.07216483722294,1138.272505875385,680.1311301401888,3389,8192,465.7861283441395,0,1180.117195011441,556.2694727601033,4413.774938070738,87.42326943320481,678.6784571834897,49.342842668655166,1967.8833802037386,185.6014245676635,60,malicious
22.646607130284487,357.0376719963995,927.207374297499,90.95186887224169,31.214213152554436,19.68567126012286,111.42254404725806,22,29200,129.38126043369266,29200,3433.364911443341,512.866028919887,5702.176497150833,383.6092846139325,1084.3048960457738,50.2693341139092,277.4397942382773,42.90301528478882,40,benign
124.24925771012936,1174.2261914430608,4511.799346872429,16628.041032465662,176.04362418274067,311.0857810427034,579.8674949833251,22,26883,171.5438618926397,14600,883.8191432363204,52.4130603787592,13659.138736049148,305.2304720281602,1239.320208213046,74.79592812315289,2083.0953417749,136.69046778330988,20,malicious
50.512851983478456,208.8983524284597,500.36480905175546,333.69611698521544,47.85930856127319,105.62055820563872,250.5979831395595,80,65535,87.46030704064695,14600,3361.660485728661,1381.2202737168768,1741.5876364355986,111.19139510302956,897.6490906342659,14.053453457971532,145.49723055355992,34.94495010047895,20,benign
136.51176600689155,996.6350685590645,5826.199089279204,6836.887391726187,397.23847713287677,793.6422383346788,844.1195877259707,3389,29200,203.9408788571374,14600,337.95161607781665,1090.7316470905566,2746.9559289448907,237.84413341089257,1476.2599978238602,56.39579375521261,2597.0575322128784,23.00096637368896,60,malicious
16.00864461739156,214.92141728654929,272.97452737091544,65.0387088809937,32.13603232097117,92.60588259981671,208.52056215986087,443,65535,72.6433074836896,14600,1709.9683018794542,1498.265248307032,5585.154704656916,160.37290782774855,301.4411478354509,91.49212194449218,967.7198559070839,193.63081372509794,32,benign
15.051047418437264,199.20393900140942,976.8497434660807,485.4586460989117,43.091272610727465,61.39897994961797,190.1049876747622,443,-1,35.06746611077457,14600,1646.618846912724,693.5637835845315,2818.1448206141395,156.44074596114297,133.15942942760475,61.32257884438841,159.66215074304986,44.46715947150788,32,benign
1.0413472672481667,245.68990438206788,618.3139646933834,293.11117527769596,35.708478788400875,48.87327497310172,143.92022644141463,443,26883,46.938488617318605,14600,2684.8676129472788,676.1858934138226,2464.1970764604634,273.9262230772091,583.9252595448435,0.8027471918474416,410.7999914512784,141.19104871035432,60,benign
307.87276271833827,1113.4992925834777,3797.371498094497,27801.109210121693,265.61728120897106,1085.3992396081235,483.00281370112316,80,-1,385.36101572070766,29200,1030.610743922542,1188.5140687423648,6215.15835831166,66.96887889668068,120.36548356193317,65.53447744034932,2019.4742246860508,46.75758162752787,20,malicious
375.8318093658321,1351.6686634118676,5448.8719917783765,37990.478610826285,283.630886007792,1026.4397378521414,755.1662355809868,80,-1,398.51910968095507,-1,3343.5187832326237,1097.5568981798963,797.6773975085914,159.79945686418603,1185.4010109511466,91.31973867907831,1225.1449956793654,96.23748958501004,20,malicious
18.858290427552443,944.8232303619615,3120.2880395637244,29317.439710382783,334.5366790019833,1088.7801690181752,827.9219096665081,21,8192,301.9593753723233,14600,5968.451256003547,1231.4418142953318,782.2758601796401,388.5772812644647,143.4491364617835,92.57957250386598,1454.9892900706427,60.40124819728435,32,malicious
8.826286422603095,218.51306032582306,569.312073057695,184.90387061710592,5.241613388586848,77.37802194652517,206.7584908124912,53,65535,34.59485935766712,29200,1645.9906572738034,369.63308739653337,11256.556312821202,178.04091101234988,1134.7595801892144,53.80871089327061,2570.1408012290763,136.64824287051647,20,benign
7.212027394670747,360.81422066761047,1040.6440337304364,1285.1148933836218,39.732482333311054,88.4650773614333,169.22868538078043,53,8192,108.17543341948513,14600,735.6162342013346,610.9223367921486,7081.829410016436,47.65156663422176,583.5011888268995,16.980835838804186,140.49065226801892,106.85963381809587,40,benign
3.846329222640414,267.27665619523236,518.3158702219042,510.16917608092217,5.775149238403111,45.87063567901396,170.46667152729952,22,29200,28.57098228688163,0,97.18690735527353,191.9101160097752,143.14956016176495,58.658980597323705,518.9431247748425,75.00444495662857,1835.5895470785483,146.35273544944252,20,benign
53.92741915601801,1399.423504055976,5931.559521622945,5675.701061478248,323.6016763768883,572.3935632030691,769.6190150881762,80,26883,235.9007907395229,29200,705.65620387153,1329.607724854785,1536.923587428754,43.40053564308899,1382.1524535690667,6.348634274101195,1480.5552004607573,133.15471871175055,20,malicious
9.912865626783322,207.2579339853554,239.44040769903089,404.6734291692095,15.996968516354526,94.53579217645316,238.17651785609652,443,-1,24.061100099226007,0,2011.4886284814695,1118.0702162950613,9256.699057418375,253.91067267922665,212.4751423743576,18.81139201484214,680.3567112506779,64.84545885834838,20,benign
12.845221733995377,258.42280811820655,1493.9827396485173,147.70854449864117,41.09357257982849,88.25488987425392,171.40062449101762,22,-1,122.5965304056084,29200,1126.519478336808,416.63326442173286,5418.732883904451,104.13089094308452,100.27384148715373,89.77395707301795,261.9835082834839,131.69010477875833,20,benign
2612.814905276602,916.3444713910628,5872.532512818034,139094.69210299215,262.9639589169599,543.6862039801244,891.9256188860022,80,-1,455.3997756523006,65535,2321.626650682908,360.8972803857914,87.8663727516509,71.81980129959963,866.5797946048627,32.01598013260456,134.15097948452143,73.13047433457444,20,malicious
43.14571393779878,228.82316306040013,204.87488043286154,3532.339611197309,6.235894186863341,31.131110206295332,189.03369763350145,22,26883,45.29067642281143,29200,1881.348093132618,1420.8843612383732,3022.602161538363,346.0384437097985,773.8745252498956,70.80287798100112,745.7351042881155,150.6258757020163,40,benign
2.3017426782779427,211.801424268516,1335.6019462609731,1116.814552389087,12.402193128945207,40.559114062166714,214.31044326960017,53,29200,62.58584697012752,65535,815.681640026518,1365.6295211115216,66.03190031474962,34.77578940544912,1234.1484250577455,96.70620373125838,1643.2947397065282,71.77385859688945,60,benign
2139.478331096027,1259.6316130285466,7912.028038325923,8778.675956864743,393.5560408039018,905.6861304790023,435.81795753720127,21,65535,427.14076072568514,29200,6508.717407344869,222.36050972231604,5541.242513063002,245.7164787194009,937.7066376396683,11.637218832723928,2698.3919207608155,46.93185674481071,20,malicious
1867.4675901711114,1311.724981015245,3728.8446184855675,21151.83217810937,379.1823117977128,889.1461486701626,723.0913452331415,22,-1,482.5425029168742,-1,203.27294133501638,1351.722434894758,32988.32177007079,381.7760158633757,1408.3488230772834,91.87115578075505,339.96754650889886,34.9707424020313,60,malicious
1568.3565861040772,1396.3437310216586,5635.743830778638,94846.22693522913,323.27632946292744,416.76062268246096,492.3087313855381,22,-1,572.8692527841249,65535,2117.2180912082085,197.03120883899922,1333.1054355005576,79.93362284137021,597.2793644807166,52.896646746612866,7881.721511333589,77.73975033463805,20,malicious
549.4532287138171,882.3010809726217,3978.1998338285716,27723.044107624613,218.44942076012012,769.6410239988198,555.3905741933225,3389,-1,176.4805583834032,-1,2103.480471328777,1243.3104624179814,5313.081853311509,221.1335352769457,946.713759050996,57.84296402467428,414.35785112735005,133.92188104919,60,malicious
1311.0437465973673,956.431342347896,6958.344911463755,17947.89875877583,232.06636083012899,354.5839046961596,908.0612409191954,22,26883,578.1381141141409,14600,173.67258434007476,485.8016771117291,41.15869282612413,187.74103859757358,61.61819253295306,13.288411655977928,2163.2932691425926,77.46879695313854,40,malicious
20.54010238925564,196.1480894548751,393.08844483644066,646.176133436503,18.545142829371464,94.26772456253794,140.52036649350472,80,29200,104.89914232021854,65535,160.93297333655082,884.2000431992769,21768.914234544172,270.1692897636572,490.34803797860246,45.679449590413434,502.23665040988874,62.13162810548014,32,benign
86.4392824237552,1514.7329407543423,3728.0078877278575,71857.87946671978,217.0657026009065,1150.024959485277,668.5969792902304,80,29200,446.7555421607213,29200,664.2296511128602,1464.2789042095692,5956.855671981669,292.5044049641025,220.90080384834698,24.331148593790164,854.5797117881427,42.85685502726608,20,malicious
10.525680804469197,162.42620062081932,131.52759777543884,55.863946901682276,15.61232205636781,111.33392791572672,104.77554458033104,443,26883,95.64619449406032,0,295.14529348469034,559.8769377288222,2292.3189013409506,100.41000640748251,1092.6054953040143,26.66056836723253,297.90390147819227,168.11755616792195,20,benign
198.1179020491195,1393.4560486371615,2183.5110529603066,110092.50611924466,271.5875282857838,366.7485731940606,608.9548588426981,3389,29200,331.515061852738,14600,622.2844473677351,1176.2859039900634,8481.528810854225,397.74863286881623,1060.0111980882368,1.2057711460133236,984.897109644019,83.9489989984523,40,malicious
24.133660509434186,955.0256279919514,2834.2716791827315,35465.71737582934,187.01988530918922,324.89045312460433,425.45944137885834,21,65535,153.61192649606687,14600,1266.6234681554834,865.8266311451813,15987.669305975305,372.4660238937053,541.5220090438729,85.86418783044213,1062.805805238114,105.54676760742382,40,malicious
157.93303471861284,1014.9691200182589,7654.169348446977,43126.32173547494,313.72597664985204,1194.342967936833,879.5194038302176,3389,26883,325.7031248690473,-1,1032.3647944920142,824.0727575456158,5382.746576339894,107.01131550874553,1009.2307022724779,2.311639064719262,647.8573557589522,182.2423601624256,60,malicious
133.73924706550196,1188.201583004699,5959.441448176984,14405.259279069222,276.28306990487744,1137.4765831781851,691.4830932732336,3389,-1,419.941733056274,-1,668.9638555873634,1193.094219174939,6872.700765894513,30.905569972437675,234.05818131417635,22.969737963994298,1753.7077725528093,90.25624566150883,60,malicious
73.31887520081084,1014.3263363954482,2172.7818785172626,83396.06109324479,293.8592004611431,1035.1387065674958,736.2067567727925,80,65535,147.1834651780901,0,176.6474855713946,1214.8264804668863,3671.9465772217304,311.98461993502815,946.3275118251746,15.204617937606624,247.52466770721205,31.675247127505948,20,malicious
37.15537031711656,199.2047187328568,611.6292683441272,287.20650817321973,22.932058137043825,38.058685082009525,223.8948806516248,443,-1,78.92185183469269,65535,2692.209402495119,1343.9048265197316,2603.2122648929408,30.403845241089616,269.3472549998862,35.944881650063266,928.356997610245,45.48067915044558,60,benign
112.119426233015,916.1487633546906,7194.7263080990215,22245.149777573642,332.55116859012094,901.958306960224,757.4222618148193,8080,-1,331.5521597773203,0,4686.054117007541,1215.7362116726274,9146.449825093981,218.14854810283546,454.41448329060313,40.865646125258934,840.5845641796378,95.64609211697467,32,malicious
21.49576871037498,285.80173080540754,1343.7986948757687,1476.7855647559766,46.157416908129456,30.10216833835227,262.4183550444137,53,8192,115.36249990760277,-1,1875.8681736023436,855.6539838521406,878.1270124054759,29.733150249680463,740.0840579887569,14.707470591616367,590.5330390807108,127.11123266728886,32,benign
870.5069789103213,1245.7653267081703,2613.6624755372595,6791.341975304751,304.71448603227486,994.7283817167379,680.0589387355549,8080,65535,148.42350298969444,0,322.9977803475786,741.1369905078811,6302.9229965635095,328.5469719880017,442.5328811473527,77.23300570288514,3059.5652674011935,90.32313072690026,60,malicious
651.8328246623475,735.9353326116805,4538.2689943140595,28134.28884601761,343.3730918150602,681.4317422261049,803.5512773745972,3389,-1,482.60496657433885,0,1124.5625979759313,114.02871285793857,1279.0482651413274,50.07432950899943,1116.5801432921078,77.22555131217422,138.3673741678865,166.95608299446403,40,malicious
483.4096688315813,1301.37028623022,7823.576864736003,58753.020290698434,338.05357897679323,1144.1954261158849,597.8354400798831,21,65535,431.8448878971474,0,5300.560503719433,1371.796923232379,12668.042007030896,324.74458042282095,243.6612594624682,62.176495005262666,1770.3854514801337,85.75227227262855,32,malicious
34.593151721752115,229.2580954589163,1056.1827051162109,66.5933544870137,17.099565327740372,116.43548852248298,99.7767194314283,80,8192,51.58840718554031,0,1520.4026974567764,1223.706361530173,3993.475121385576,170.23891646545525,1001.9202106555621,20.21488483721242,2632.92293089345,123.95710884251501,40,benign
204.87567379030887,1081.069837476224,2131.6314120566926,9606.675581193218,380.1523773653711,805.0539585621119,566.4937524370528,80,29200,135.61224397428273,0,1514.6802249822788,1168.5902195101678,3719.2761184626534,259.70043702745056,681.6378431567006,66.69439202518397,1454.243897997668,161.00067596546387,32,malicious
5.792374501677937,315.0006530836356,571.7622242620034,140.08796972442667,15.311428495164325,47.502467598438315,264.10614181556355,22,29200,57.11069294712265,0,355.07179485679836,858.9141812387107,5300.59169578511,266.55508280619017,609.8969701885096,87.05062056424616,247.42860860732523,58.035519208850445,60,benign
400.37493616168973,1159.7543843882984,5807.381829306456,43134.39053734723,397.74820022221184,888.3684116244846,777.3994040423597,8080,-1,537.3434098332605,65535,2661.707398215118,731.5604423852084,1642.956750890934,352.2770141205679,222.4055077655753,51.22960684690804,2796.2132915907505,71.14495684656296,20,malicious
22.94434014515435,127.8335200406807,155.86667510803537,357.22823990070447,37.65148474423258,46.99816890942564,271.7128451089751,53,8192,35.05750258988361,29200,621.0729879956459,747.4640045626832,4693.14206550435,216.32566229699196,875.3536644026794,37.99900653774593,3076.295590320441,163.8659557269423,32,benign
40.782145186739385,1469.769037490697,5158.707492445479,35076.96337867117,276.9128386106637,993.098677514263,432.2970195327476,8080,26883,534.0356289398903,65535,556.4495568306525,321.71905656950753,8819.133753976465,153.08836213094642,498.8755917356916,96.69538899921267,1277.9678086590914,39.641887806827185,40,malicious
4.272755276742793,283.9400573542906,1018.1106552007737,77.4434798603192,48.78131747471145,40.0542884368254,158.12255470617225,443,29200,30.918710277797143,29200,346.00057761248377,1226.2447354671424,3336.0772775645682,158.5996195810872,1408.3877376276462,22.38992688368594,1194.4241935742978,65.33518679089488,32,benign
51.11191820888166,260.30918191298065,662.3569490295394,101.1906081792793,21.703937341605197,84.66546427182217,146.2180383715061,22,8192,57.07764097526995,65535,1101.4842835668076,1454.2587878103952,10794.921950858627,36.33943140859161,578.7719820323167,99.3216317289336,881.4555960155628,64.81567821816488,20,benign
672.6612279601741,997.9417906905481,5558.897881448007,28624.391200329756,377.40793353789525,1101.8726747628668,912.6543928912591,3389,8192,560.5619968602073,0,1164.3632010259837,1492.613180716482,3072.1024326335328,116.0210976801832,272.1621447156449,20.83008893847891,766.2747954424442,155.30134345958075,20,malicious
224.88908374539298,1067.6947773001534,3000.4353613568564,35138.22497784823,197.61230023084318,1197.9100613218627,803.8732185025073,22,-1,245.2107329134672,0,558.184311082725,574.5619159125149,4310.010600836287,45.533839906654364,737.6986737763164,90.26238748131979,16.40007356509989,42.860543312217196,20,malicious
1090.5911689868522,1431.084297917257,6984.777895691877,33389.37433593498,132.6105989417209,605.2682025045347,659.3703204618188,22,8192,528.7998230342328,14600,2571.556951006999,196.77789095812324,1416.6455413395906,28.474468864472268,86.14039798026351,24.768318696921053,325.607230961414,133.57260011546094,60,malicious
276.5601688481477,1131.1458213410144,7324.9187379808645,76712.02191119359,215.5905911303288,917.0190876976827,817.3913092472412,21,65535,308.30132262469607,14600,4629.970671456107,233.9957552381225,1088.0380186002903,259.39393154479353,575.1094633878675,67.54366559795251,3181.6864832536526,48.87947433539745,32,malicious
52.0964030157372,178.26555562196907,913.6618098090843,685.8386916435402,48.39849142918381,11.102905607155893,71.02727811734675,443,-1,33.12006451068294,14600,1237.663524177061,666.3068068932217,6968.7621859967685,27.575119768761905,853.4931984261451,87.64516934446644,810.7846620137958,129.85292676102134,40,benign
46.38479900558125,257.55479352564487,1202.7583100280126,168.65596237630848,10.540514601280256,45.04703113457567,148.8451702774617,53,65535,103.61086339543762,0,833.3633258437799,1173.9178787629687,13100.229567668588,125.76484683287634,566.0594875239447,15.167048117953485,866.6061419397016,146.69853680154557,40,benign
4.757160160039655,230.7502314901887,161.74170708154097,84.04702122853932,12.007440399671452,54.43500428315943,54.7669982808152,443,-1,112.30401747934108,14600,1905.6554740576144,206.75082595933142,1133.7064740722267,174.4733117328774,821.4828757504399,82.14255167993927,375.12301596346606,124.29416939297674,60,benign
602.4327414358893,777.2886470902264,2199.769987446979,53749.64779025738,207.53062011452127,565.9326006813887,661.4964968934412,3389,29200,257.630817597999,-1,2749.689993892974,1049.4650320203352,21393.40631323696,248.3087443267751,889.1281005575146,74.52616719815435,16.089305134129035,80.84816371392469,60,malicious
848.5243807937914,986.3024553475121,4211.852679890151,64453.06588038456,297.11979256017867,641.8446983592069,395.1587857394775,8080,8192,364.5929443467737,0,664.2427760135657,1082.123596824569,10661.677543492151,275.0726359538502,1027.0695653785478,75.08688414596108,2587.450761614387,138.96674096905093,32,malicious
38.294616313447264,264.5760517406929,118.8053054075451,923.8801293411603,38.72717367290987,16.61681618476177,96.32956577987113,53,26883,63.80769453853301,14600,826.8828874977825,295.74995430993596,1495.457045896676,378.1523546255354,70.96704439080987,91.78816857796997,6734.367929676805,134.63432525539687,60,benign
36.06400728149594,277.0680758386437,558.1916822828773,96.55957137767122,42.06678052722146,69.4821520618157,85.28754768519545,53,-1,48.095324318113384,14600,4686.900681925689,1115.230407139655,116.48317329356694,306.3606734470175,593.647328948825,41.1836162694667,406.6754536645024,76.29587232293383,40,benign
2.4578835821286766,193.70778569790212,1143.8179030438048,444.5306120962937,18.236302603506395,109.6518456835908,78.77378037517644,80,29200,78.11315889056587,65535,824.4454182881794,1057.5985293356462,21393.661054513508,103.92109668045097,1020.6262005159239,37.18929077351165,208.85339359147457,164.5444254277838,60,benign
135.17962161389624,1426.9951556440692,6138.755815621813,16993.123820588175,268.4542160308954,387.83537953573506,788.9588916284245,8080,-1,158.6121751419995,29200,395.10095646555146,317.3330625632365,6095.595466421545,306.8780071682712,1492.591263587804,72.00072671279867,4626.5108592582565,93.02271847669805,32,malicious
15.784481502675527,242.4801242502529,1143.220568033382,337.33521004036174,36.41583133765273,47.185541446291886,151.48154331157667,53,29200,138.55877375821336,14600,470.651184634583,1343.149739183331,2425.0017847599934,364.6221429197102,1024.6820094530858,16.602423629085607,4631.642228250187,171.42686349926976,20,benign
84.52566456328866,1209.635255381763,6248.642398011685,11051.02314041545,304.42261088933947,474.8956951008943,567.2304999962394,22,8192,254.07466432233758,65535,604.3722697631433,1277.1288795363705,2216.999792843856,68.42408787535007,900.9326091718534,6.857972884052776,596.5416094560719,173.8292897115641,40,malicious
465.37846178904425,832.62346708227,7097.164831273413,26873.37980850705,376.33539353212495,517.1873685593201,434.33640304886654,8080,-1,218.5475126488936,14600,705.958217518038,1231.6788804610085,2400.9022552033452,70.32997366871392,1130.2247206394427,85.69474352676737,175.4132679521383,168.65672062681514,32,malicious
14.47710624294517,243.7659344737856,1085.356376423998,820.2943523935041,44.23929318544374,41.68914261617587,181.42165094625926,53,29200,121.40649697803235,-1,6386.100529581383,1111.1491040305275,12312.011559811821,173.90733583534615,1245.5051542622198,13.136561790007983,167.395697938344,118.87687412262696,20,benign
27.403238750280245,343.83708982578855,1054.83891853072,9.069905317627768,27.976364631879395,44.79287089888384,217.40433615970244,80,26883,42.856563176956136,65535,426.9026916410612,928.3752029405655,377.27504533398877,341.563554216734,254.3685609032603,85.96776755114858,372.80887588558306,168.5313969622347,32,benign
11.28435664353972,239.01736193909204,1418.7630609856562,156.1719290183895,26.16120457747542,113.96417902380395,244.446581891194,443,8192,105.63328029274716,0,2364.462064736917,770.2145027127591,2261.703578926929,234.95170910097002,1410.280365104664,55.36818184463891,1494.8174795209347,50.22797757667817,40,benign
25.06512477141976,259.27303546868524,595.9500451625502,982.9066775019946,19.589470619222226,99.19092136984266,221.66769475542202,53,65535,117.6444218475078,-1,2825.2069157703986,1234.634340461824,833.5833711099797,156.66229099701923,91.14129514235441,21.23037212492198,2817.733743744734,22.953783914200535,20,benign
257.44095257027413,983.9199023717595,4259.1694063756095,40079.959661011555,161.88154013473758,529.4010762889975,529.4695804597247,22,26883,568.2315811775663,-1,2100.8620099915292,237.03340843225763,8469.307536487002,294.1715250120991,849.9336867061794,6.980626804189227,548.6828246219092,112.44128376464221,40,malicious
90.06051594624913,323.16672920069436,1400.8825081500015,268.833047374343,26.71936257546519,65.05859586790667,182.23723866728736,80,29200,144.35036252952898,65535,1275.547705461186,1159.891743150209,503.3152900398024,320.8550958134913,456.9480452496416,89.94635417191968,3410.8146971794267,74.82575626316898,20,benign
26.33338080972543,203.90893810659293,537.257070694272,202.7830506665248,6.167360566243399,40.3307401966606,261.1050113810378,53,65535,129.20017728422832,0,3295.798360272794,437.1287473372289,3384.925130331679,203.55221599527033,1363.115494436363,44.5883601531499,411.5108005920728,186.95589467474818,40,benign
303.9143704033564,1027.8097370280818,3123.0971127267976,8138.146156448237,370.2663998271143,697.9103049286027,783.1979156154425,22,65535,307.04178831350595,0,1645.6695474313176,261.966975633356,3932.8069075854037,145.05989861523076,1326.356729474698,87.14889779169033,585.039460741996,135.57944028786093,20,malicious
502.94444316483236,953.6062794022076,6351.375083576251,49061.65625905393,287.7629241670444,845.5734453684059,719.7057855087171,8080,65535,293.3816326440187,-1,865.0285102949986,1464.586516423663,235.5345558287005,290.3723704447091,1061.6847997782538,22.875242123866823,6066.082508847903,119.00082575175406,32,malicious
13.571723688542113,270.7937009249661,1190.289730052798,274.63855866022516,17.478706074059605,79.3329486731313,257.59436638885063,53,8192,77.84628182246398,-1,609.6386937488172,1107.6068237196869,18718.379624220812,392.6703662397405,1451.909715931618,51.60327917787655,3441.2294309863564,168.21307893293516,32,benign
2.2214801203005345,266.964369096003,390.16511380926767,805.3321923418805,41.267255711189044,61.39208165509127,60.36796226654338,53,65535,84.0177490615842,29200,926.7771229373462,1260.0122791767385,2048.740705803276,318.46332555738064,1105.860967121041,71.96633716169916,1068.8299130941416,151.98894442826975,40,benign
3.744726439898889,184.83459617574556,942.2177057607087,333.4565905536702,8.435159232561768,49.914859309728236,202.40527955421587,443,29200,113.77587588807889,14600,1042.4695695284038,1059.7234698838913,15197.225967037164,259.66546152464593,137.5466800322318,62.599250858647146,3712.736561108766,181.0994608422183,32,benign
20.52495050248932,232.78896350280877,587.2267588616144,128.43939499460367,48.84028903903725,113.77034801980483,268.3264593260716,80,65535,112.71122313117803,14600,1452.0261250012568,588.730338239004,4771.131671659465,29.046129795312616,1373.3140420875443,26.075658019622384,1075.3342171695278,174.2510685582462,20,benign
90.3811183903007,934.4108570046405,3031.890402761266,88155.00502550151,278.96349877181444,305.13062779231444,446.01332610561155,80,26883,211.38525308459157,14600,148.83634074439672,73.09435049184117,20221.0944993497,353.3140900997969,596.2302972521597,25.555066392414318,351.97882314631903,158.26818442586583,40,malicious
2.4024011642928027,294.24913589223763,431.1741661931826,174.64159682697,43.669750336411575,65.21168227001459,58.27237363719471,443,29200,120.34508290050537,14600,261.8453038011976,537.1246856426887,391.3163851923131,69.95919045385594,348.56470581080663,5.59201495267957,6564.263940507339,115.5445172044423,40,benign
39.711370791395,186.00454330469813,1273.4418171305535,129.70054572068176,14.767346284609744,48.792154714901336,275.25840189336924,22,65535,30.047329384361397,29200,7183.196173137214,1034.9842799358619,1649.2266357106405,331.40337576172715,846.092658479101,6.464038163693542,2093.1629214390005,113.83825467017307,20,benign
292.36441658109055,1004.9958748710247,2128.6543139389405,74662.116799631,221.73056503027533,666.4140597260013,708.604786210579,21,65535,287.3286018092633,14600,3493.862371250938,935.9666992794488,1131.8622786986314,85.60107935168229,331.1985645095402,24.685153839519526,3345.958696711091,60.79259526802217,60,malicious
774.2183118498713,963.4680055493403,7480.845997117645,11156.393419429725,222.95675080727978,282.9822767163228,818.9980670167434,21,29200,584.5931138066933,14600,3102.3576669642366,546.9626831995535,4090.5657834220106,137.40567542726762,1280.4293438261918,18.293035639691123,770.4442844393816,29.18449247096682,20,malicious
788.4235856145365,827.5938818334757,2153.12618899294,6459.457282529987,295.71254728635284,674.5772048844027,481.8812793029312,22,65535,589.3909608109404,0,292.8725588862019,155.13636535921864,2024.0412651982324,294.2817311639725,1413.801442328971,41.820132948815804,2061.1823475385645,169.36823424035435,32,malicious
29.450754045158625,184.6522401918561,1282.1256540292788,645.1974623894109,7.151086256622812,61.21723060988522,194.54945766429407,443,-1,84.2715546034464,65535,10.290458259974738,251.0914660222683,2378.283617939477,34.31649341643892,1298.8595508185508,92.97830150687064,849.6683726899532,170.42163422594015,20,benign
28.151752619446132,289.74656734956903,827.9070284159118,64.43500209412987,29.543159464807808,49.87723305844625,78.42152739651904,22,-1,52.66084255856127,-1,1565.5043491871645,713.0407872565038,20318.51281104239,205.53826060752667,1213.850835149494,86.82068117559687,733.7208219963507,178.320097655901,60,benign
15.077668261718358,172.9219290461443,1467.0842475015072,489.59016837969887,12.269657484200149,72.38972560393842,191.29001525884934,80,26883,94.27726274060339,0,6243.909186857559,167.2196792171818,9240.132530600287,263.97252703808573,939.9317475474422,95.34374513905094,127.4228125882706,87.43055194454266,20,benign
97.60825288472226,1304.422213559095,4767.528149572372,7679.549516071977,125.69585492862281,949.143087378089,649.951028716669,8080,26883,342.5466824723721,14600,4328.999117531845,740.1685197531775,8272.734407461845,341.8817566881753,1022.9567426686594,59.66802899082189,163.85698239244388,151.15380362773115,60,malicious
333.86804780352736,1178.3364126568172,3459.55545688816,43396.84021723369,253.2293063937296,362.2616892486377,955.3873543998264,8080,-1,321.95761823526635,-1,4526.381326738731,1465.0133225856805,9027.181364643042,44.68787026609491,190.42339109295045,91.57214588498664,444.7764063015784,190.9238263891055,60,malicious
9.563909911509779,273.04372504442824,1227.9321164626228,1436.151325200569,32.10094496703134,70.07214783348967,78.84493505358157,22,-1,134.18840295853718,14600,673.1227427599332,880.3334116983361,2152.4519151666705,369.91307645811713,1285.0675005288451,14.33548948676876,2048.624801013054,180.46018214022172,20,benign
3.8921419471802974,265.2152161149036,458.16787476035034,152.80097461094573,47.591214745776384,18.3466902325353,292.553267967289,22,29200,60.394910073606205,29200,9091.221448799715,213.12129845220036,118.90614115895016,135.84645346604034,488.3436633185435,41.350399424239725,622.4606473384013,88.6527179436097,20,benign
491.01810360711113,1386.559831181397,4273.163930009872,12438.019836265139,144.67165388756723,364.2929217488091,484.8016727265627,21,65535,400.98363566935416,65535,3315.571959414567,818.0337189312032,3040.7809650693453,24.747945195971457,1294.7065318368288,55.360019372101966,1223.821915857843,172.3959587390447,20,malicious
18.8850244497584,236.65722532335786,1357.4457311677575,1147.5388311606232,38.94250709385922,50.29634548324502,196.26354471869513,80,-1,38.162724420495984,-1,3781.122771672052,202.328842566945,410.1732279031759,66.3964076566402,547.9984729476937,58.70468753914726,2325.1324798610553,126.55840348011782,32,benign
34.831139277928244,236.97433801356584,923.869538628892,27.382339096520546,15.183221979992542,94.23066160293531,83.2211364774557,22,26883,85.31858763587074,0,761.0871260860686,1396.4238445674232,4375.278964939718,37.52098008536839,281.3748486903064,51.189376620877006,7494.676549599147,29.398231475743692,60,benign
16.115759829438044,257.2303927872836,291.6085979708894,281.22731762204927,33.59248079765533,107.93264526590362,96.44902198453971,80,65535,27.98181476765151,29200,0.7699346202488145,1048.1425122110104,15291.398147578093,78.57161969382742,1083.508777203344,8.980967496237236,364.38806202806484,186.499591063576,20,benign
508.0458205533734,1296.1052489872825,3934.5258456715587,13774.957748032875,374.775508608441,899.6585262840894,572.8716857026159,3389,-1,449.875570426686,65535,1731.5682492042806,1241.2283663522928,9975.040721291589,198.0460004254275,1334.067658466267,1.3121643458471777,760.1100000293568,199.34517366067956,20,malicious
0.9538970613099478,197.73067825217848,904.5509265246982,178.87220864801094,41.75132259046533,62.68647124356883,117.85941157136833,22,65535,82.51640746550859,29200,1598.8113842105693,820.4057983505757,2044.4059032195355,234.36884998043647,369.6919218748933,98.20768792972466,3380.5600308957746,160.27208294892762,32,benign
10.570150997941376,341.2705093487266,599.8908794625034,723.9344739924107,39.924769636591456,49.69034781702642,267.0513076162829,22,29200,73.33372782094602,0,3167.5519348732555,196.72222756932538,6882.615088957209,276.04679848254835,54.921694666390806,8.715076153972856,1169.0681498942326,177.26893185674382,60,benign
472.89635920513547,740.7353437788373,2842.431518807931,37123.09352301643,255.62477328400962,466.35165925445176,945.8698420898921,80,-1,542.3888834866099,14600,4480.526746876082,471.7604915541374,1468.3440275168232,361.17529855251996,801.2979519609676,91.79224124512099,375.8907811139842,70.74543802255307,60,malicious
2797.0018567855036,991.3931132386751,5997.576091010437,565.1608045089822,324.33885330253463,461.7048654495701,392.6821241133602,21,29200,405.3019835032879,29200,5547.544547659487,1331.1782199231777,2160.284525565459,65.3961770466423,564.5402452915077,90.07543995961713,392.92594809126416,106.73075137736245,60,malicious
1073.9760619907122,1429.4265600647857,5596.223657199235,74505.23415829263,325.16080609609503,1083.1079223319502,918.494211323819,3389,8192,447.1646748766895,0,129.1414440676813,376.95454845233786,2756.9836394280283,194.74434641464686,958.0740251001984,85.05965779066038,1237.2015838100774,152.51204150795195,40,malicious
45.90184279297482,301.6469250318747,825.9689068834117,378.77088438891593,21.367339525532497,53.931647091048205,186.82724190376038,53,65535,108.94291471453526,29200,566.6582202295059,471.23808001529966,3803.222126894902,80.3825970522176,478.52474003903734,24.123457455520292,860.6965077929755,179.41863999858313,40,benign
0.03760551697436934,264.31011153869866,1057.116605574793,976.0819191122334,10.339730616515777,42.378198937363784,258.51771023131425,22,8192,27.82218641891344,14600,14443.83642707631,1368.6356542269416,5049.680796147546,311.25166144773334,1139.2845143960496,74.59985815396458,1306.3237864291473,98.45243292232144,32,benign
11.977288304023697,862.6890988027155,7990.316372859602,14093.6360821725,119.2058006041012,314.2673540854739,610.2146035858474,3389,-1,528.4458474120207,0,901.8260640485984,913.2712700041391,2221.945457888232,111.10857175425431,423.4461573315956,8.611436160936792,772.4263241893261,106.79474566216801,60,malicious
12.965590319896386,249.30126437597065,951.4483946059757,98.92079178861485,26.99048436469991,31.46631188322274,208.11286279415327,443,29200,44.965292568887264,14600,17.171304426297535,1347.8034863321586,5135.343733838714,342.36708707507734,1204.2981805440124,20.436175991236983,1054.9243698088817,26.012879127433408,60,benign
35.884192837689554,276.4267257022957,415.3512947716529,298.99103273389494,12.664273011936707,99.05491964682662,138.3273594347326,80,26883,27.60897890445387,29200,1080.1035548680634,875.0235023164796,247.14782917332934,317.8403310963232,469.56183194339053,27.707406680673873,376.093991370431,129.7924288098287,20,benign
71.7844607113434,1240.9371414434963,2582.6202656831674,29099.179451448355,105.49167567479564,289.60363011538857,816.5711528779303,3389,29200,200.12299552500235,14600,5400.039717876761,258.4168919484885,897.0304520092106,149.86203678256595,729.730518728373,8.48514598767206,731.1119651520496,101.9713162196572,60,malicious
0.5675819098447583,237.45192143348163,840.6785072884987,276.2516329276582,45.67629116695736,106.60930840422165,99.58573828204041,22,-1,73.54349594828301,14600,421.70908386067,247.586394567653,4341.794058515214,71.19431247633914,353.1834111601392,44.45516812237014,147.1347324415754,107.73220566516709,20,benign
616.2658722463505,773.9410644552513,2549.061605926784,5902.862567919529,320.1055532128487,575.8642609746557,722.8272928288337,8080,-1,468.9609277982401,-1,5920.290845323707,1085.3712475512395,118.44388482756072,315.1720896611848,186.53446135074225,19.380519487544223,2333.6601936422694,104.48547690741349,20,malicious
16.38116865298388,215.89724748548073,395.7902485034321,377.73501504220434,27.722350425698863,49.85039644462932,144.2173386117761,22,-1,56.10190890570466,-1,413.7058506549632,213.86869959613404,3999.4237735533366,243.90542501376981,248.51925520541022,51.839153112676954,2094.421930856036,65.8675741090668,60,benign
2.3071399287763517,1201.215687392821,2072.7951733945997,8787.002317743607,161.08669194063475,820.8420095945768,863.2727471263177,3389,-1,331.66214565957114,29200,231.39564273417895,1139.9248802917741,401.6876687459411,31.433393929638527,232.60931557353638,25.166509816060056,6013.3696623085425,53.62245821755208,40,malicious
0.034803737888611096,326.1155160485561,743.1981406526495,827.1017528858172,11.555739895938276,39.225635163382194,217.67875321031195,80,29200,35.023511770496135,29200,75.55623987841749,1185.4038269078017,5334.135785932151,289.89107979279584,1129.1793315980196,56.20274488763468,3066.7307629983907,198.02818607985583,20,benign
8.256697903031263,278.8450177264299,1218.817147383658,55.446494720232984,43.11991754717553,74.04013503792746,285.9114677150526,53,26883,88.10141578197776,65535,1470.1110746439333,419.52861558677506,1912.0044756247094,397.30092338716844,279.8723496916916,11.0892830219938,1270.4025194888566,70.04494433156333,60,benign
3.3553922049143097,230.30707328947275,1408.8372588474117,544.3079057503945,21.039124607636523,12.552020690059155,291.84630751031295,80,8192,49.49941996747642,-1,8914.154924235969,259.7268820766375,12518.259023920671,168.53429458217184,858.254544088182,40.67606205103238,3605.734373839862,104.78035824644098,60,benign
1382.0995544334023,1063.522984342881,6945.125384687011,27507.877834234787,249.73485710741795,1177.5072721460288,871.8235591257773,21,65535,240.32877334125402,29200,575.537401395804,862.9184307007077,509.61958885910275,279.2066906157776,310.41468217474556,8.228583879418894,1095.1703265640645,37.000690430489456,60,malicious
284.8141784454386,1163.1347091365808,5306.438591582493,8209.513247876239,280.24022140796563,971.993810183219,932.3464238797917,22,8192,225.19192541858342,65535,3704.9535235645517,283.2731743221409,3732.5961375186434,224.38678800874143,1166.6837910989707,58.3607393347336,73.3134997288417,120.09680635026702,40,malicious
7.852148809427671,308.0719204056755,1103.9623304300953,667.5820168258157,46.478836862949635,58.586485416644614,184.992948930567,53,-1,143.36899686071536,0,1278.8809382833488,1375.1519983021167,5090.7781085734105,138.51439992794457,681.6765865057308,9.88564328223731,370.3660622883334,198.21050220942644,40,benign
5.116386809467483,224.34293171362512,1252.154069493959,105.85478492052168,18.855522668545767,57.07294926647682,142.31077624905006,80,29200,71.77896330639828,65535,178.42375736640284,1458.617860686146,3519.005689742535,139.08478045981101,243.06056839078866,19.24281991645802,913.918414109891,150.2887484624291,60,benign
37.273859444611396,175.415088869285,867.2034186692701,119.07987396658726,26.682117414331366,99.42411327682731,152.14571413687676,80,-1,65.66220240583839,29200,2440.957440682774,1039.2208521204961,10718.073817489161,224.56333394067505,855.9937663591099,15.839643470586761,2229.883037516865,151.80885989747438,32,benign
13.84023686935283,241.68711607146545,547.2594788666997,1273.1043164768266,12.041774563719688,87.72797909564363,248.05433530109573,80,65535,103.13757154971844,0,524.3290350364807,701.6451918562778,3457.8959140647166,91.07464972524718,62.43618456342823,46.65258242315122,1003.4059466935108,36.04115011137344,20,benign
3.119245656725853,265.3439154655589,568.7516038884694,1218.0266368878624,7.905050475205586,83.85472530579649,152.83055257617764,53,29200,22.841990052811486,65535,324.1654653074355,1486.2685096409898,3394.9603260185895,75.94575404504786,615.0570973600311,67.47119657572233,4165.9589283212235,110.71095403112787,60,benign
222.16199641170695,1199.7366310771517,7207.684405066324,66473.03797135748,333.25217354137624,501.41785346439895,633.6942902514877,8080,8192,480.0123574238225,29200,726.9423777513357,1255.8330338183541,5487.507779580576,97.20643888697163,1414.7898926393425,29.63257451877204,1943.8653007663195,52.41562555339441,60,malicious
2.0572437840256765,303.8129797128745,687.9057501185906,441.55418966501946,44.704112376840065,44.81346598965675,189.69151463808598,53,29200,131.92056665200738,65535,116.92634677277587,1479.8958226958382,1287.3283302252835,283.5516130760807,744.5356494336878,17.618504291131188,434.80719323209155,116.67917436388711,32,benign
374.0362300000758,909.3078323656479,3607.0510560905086,37064.03970064334,127.17863826083581,677.1246320636951,570.4168779200975,8080,65535,496.26127980951514,29200,5417.688936149041,217.1106727311129,3987.39699321297,129.53432186552322,1334.99472103685,38.78985616876519,202.29562874156804,182.94721845820985,60,malicious
0.4213806977125374,237.48306794387494,898.0741593682347,7.455546796099289,20.565927637802666,101.25345914778511,268.56580912953564,80,65535,141.51458573430872,29200,582.6366407247846,505.1156580920389,325.11193939533825,67.20159227453891,393.55513599344704,17.473270924859573,6466.7960457324825,158.22404517898923,40,benign
19.608094332968612,220.86495143526025,1357.3939378769435,161.34756005796473,11.109140056915004,89.77304101751203,289.6337115031174,53,26883,62.98207503724794,0,5781.201737223532,1191.6933080417996,12585.917399018788,222.04953096715738,406.3272784467436,90.20590440214033,2491.101629681836,27.547879900848464,20,benign
28.846100920402286,259.8828737717205,717.940260254219,766.8257493166233,6.117856678505174,28.451552191561948,87.55401237895603,53,-1,119.17537055099999,29200,760.2796845946998,1216.395800348782,9023.628773481038,305.7437304918517,814.9395705763386,80.72452419602718,159.220374465709,110.27000740627018,40,benign
14.026071807849778,289.48633692790344,316.6209194227538,954.8000030638703,25.858330670290044,62.7979921833665,170.21346355887914,22,26883,74.55214612838671,65535,243.02956938167165,584.9845855479814,3704.439688783718,364.80895975502136,955.2792743558113,92.37372871665131,1065.749708184864,92.67472255403406,32,benign
5.914866415509735,315.2941475967094,830.433066821626,145.89183933264047,21.034819151213966,85.87084827220522,140.45697056901435,80,8192,60.63302328571528,29200,1750.105982784807,778.342357787546,996.7493794067243,218.05149041178433,1178.040230214401,20.53913012779046,78.78001232585818,91.22607430561986,40,benign
82.18729590905201,1282.8995381516131,3849.991818630802,30277.534686336527,320.7321580415179,658.9676319824889,514.204535132494,8080,29200,474.7986042052587,65535,3201.252745956357,1373.8143560262652,4113.525807242945,39.219159924243385,1452.4319333582864,43.82803616012637,386.7530875170735,103.7830715041286,20,malicious
183.30456467775494,895.3228757694742,3567.3788174643787,18606.788199424645,321.84796586494235,1102.0724761978897,997.3536096738472,8080,8192,208.60777369076925,29200,9286.761507905154,392.39231287105287,6276.643813008815,38.587731458049994,1119.4036316626532,48.71449554630034,3036.144694152056,179.70495230409549,60,malicious
1392.04866790747,1001.8849657263833,3878.453451632059,21763.949463464214,323.63400619341337,1060.8213719291289,499.4128852136439,3389,65535,135.09004404246735,14600,1946.5797831257603,708.6042738207269,6865.373853228597,248.70779815651707,54.55318740360776,11.044595333893614,1276.7311387666168,100.52911573770882,32,malicious
354.0138067705217,907.909001293339,6805.80115189869,178149.61602412545,115.32070434664578,650.6844049052938,753.926855172781,8080,65535,131.12019328730162,0,329.998470327725,96.87737844855884,187.45235893390534,31.80296365806379,280.9112499849153,78.6577361577737,2412.3844235447614,20.106935026124102,32,malicious
45.44089625921408,962.6327535395521,3811.5657767181137,52285.39473882861,325.66579005887235,639.3997482318471,876.2669387292119,21,-1,151.3700200566801,-1,1106.9770213661398,559.7105182474243,35.73244498514041,151.04880854059334,178.91056159355566,19.71590867471984,36.660089570892694,97.07072631775115,40,malicious
37.949724662049555,1579.7458624371573,2649.9899232648613,85556.49957797321,105.22445963728833,1061.5152256679416,555.2914111068476,3389,29200,427.40843446232947,29200,173.926364895356,1353.360088632427,4563.316273234838,196.17298495234675,1066.914970023619,56.444507746444614,488.44445688166024,95.2055493546458,40,malicious
99.93790925531559,988.0121048851458,3237.9333303642097,32530.84262413231,331.8952773442381,878.8909612901992,627.9395128835536,3389,26883,565.9712103967095,14600,2774.7777734606602,519.3331355628802,5776.589218637254,54.670179390698145,288.8801742450733,84.30575129495054,60.11783339618117,186.05588135181293,32,malicious
102.70091393109001,826.4365028626435,7492.365185554767,50502.44472285445,212.26115079114737,1077.5272198363325,561.5185390700243,21,26883,376.21236910620956,14600,596.7546916213856,916.2730983045304,11411.88796145284,141.67458531192608,807.6912753442751,11.55582250308359,762.4920511431343,129.96305094551585,40,malicious
204.06626232358585,916.2528770953361,7886.109513356982,16725.08625180426,213.04874003413215,857.4684730976583,519.3174337410163,8080,26883,174.74237898418036,-1,5585.94377184844,528.8654881915503,10266.177164556217,387.09939285434115,855.9888572999159,61.35056441527591,974.1396519218889,164.29457009389483,40,malicious
266.91083800172134,1145.0409502521654,6761.893909904284,51602.316105398895,359.37505837025367,932.4262927053626,443.5464391451537,8080,8192,555.0081628771261,0,19.662153188778188,1166.2578857167573,9166.406721143387,224.19184839430554,328.55931206935304,11.913502950882748,1400.807924049665,81.71531755154595,40,malicious
0.935799632257178,341.3845483536498,1133.9460611982993,206.69576652470812,29.217544012177118,107.80751413699349,69.84531526781596,443,-1,59.25524951638678,-1,757.6258226405898,89.52204029082446,3886.37143909215,97.63113292166936,1028.4849871428264,29.02154169809872,510.0852308978703,117.24985319640545,40,benign
351.8455984611023,1331.6020101188672,3704.1664014188364,138306.8271575874,125.48783375163072,848.1449885317497,801.1655597775916,22,-1,261.3097891958078,29200,1608.0923370026132,518.3550294424745,4274.862847184168,305.3582547072119,894.1914005931973,11.702014519845472,12.663687212429393,99.16638144964854,40,malicious
287.0214105682158,1428.0106187896147,4890.053446527263,47527.408033956344,306.4946143517043,828.1341611373232,598.202430221306,80,29200,451.19512197812793,0,334.8144160107629,264.5547366696211,167.8250761568579,109.80103235773215,994.4388695757231,98.7921271290801,1770.4227614905965,70.80362595891525,60,malicious
10.64007012902868,300.6055048776399,1350.0326343741156,618.4787839100484,42.038958505454005,103.31440942948277,236.82580474503177,53,29200,101.78344303818336,0,5325.362181961409,1236.4552580181341,2914.0132494530612,166.02224571566867,74.49661268634233,0.7559066499315148,4581.815111060446,113.1827836588452,32,benign
1020.2663993131597,801.5520943491196,4566.189549579432,395.74754159323555,136.52214055802875,355.38573695923236,443.76768196430686,21,29200,425.4048991176232,29200,899.7026491417247,818.9229685712268,14647.64712782958,376.84319040758805,179.79709622529657,51.1550962244563,357.17852201522413,83.8219251441279,60,malicious
12.653332561713317,301.7438414349808,282.1023348276094,647.7447789587142,44.90107332560783,43.12838314069504,107.8817690867412,53,-1,54.717045430329975,65535,910.5367313247103,1169.341337150934,7476.1098253168475,234.01732201756278,340.601868751655,29.50787250008172,3142.6974656165403,118.88116558872406,40,benign
1572.2346203903596,872.3629030324684,3563.5861472060706,27861.8793393859,347.08103063205954,1042.0725320059892,482.0610365734071,8080,26883,192.75272957831328,14600,1011.6635613344582,1212.1983702705704,2280.6755861073098,143.3862718234891,590.8748872837217,29.26498436541609,7574.710935448568,34.429096358238596,32,malicious
5.178395131652479,255.62214522215908,310.6323142250783,849.8735928326666,49.99441776522762,53.95821900127838,156.834818689601,22,8192,30.26876327964565,65535,620.6393784127648,569.992344515947,35.26941720245424,197.717602281839,707.4436973612138,72.58008639790454,1164.6483999848922,42.75694447828046,32,benign
231.07125533938716,802.7769091188468,1875.6206154583977,110225.44023674146,322.1604318291186,960.3194220934648,753.8648278592017,3389,-1,181.25493627169823,-1,3487.0241192493504,1233.9109670243254,12683.94083969639,205.21676336341372,714.7996772161376,7.66228935892509,2862.4470315113804,190.10399795953697,40,malicious
11.747758304475916,251.64374368708758,609.7681929270734,245.9968218994314,19.466712771536418,54.0443827687214,60.924951357331544,22,-1,116.00029006417978,65535,1166.7651389555667,1270.1372992230943,4098.459935673198,89.7153842161126,1396.4743430525002,97.48646939522794,1497.9534653813673,26.488748890740837,60,benign
5.848083964280187,267.9641143707245,357.5464600204527,556.9209931228381,24.876425159960323,79.2519743913265,75.98378444787902,53,29200,44.69509305931939,29200,3444.7697043664693,1352.5906409080073,574.2231372313524,385.8328823819012,1424.82118911894,96.57345055745256,766.7389097361382,77.84461939770671,40,benign
365.00462107924466,1001.7346756480913,2967.597634898447,6107.631263793403,286.44291013239246,992.4402800346077,956.1152753466437,80,65535,439.7898794200219,0,1041.8112401596409,842.3689862386324,7632.3308414875255,284.681794187428,277.5424015060356,38.42640272634401,908.3330287630004,123.68517138809452,40,malicious
46.711125420719874,185.50038067237915,594.3646575947171,630.0531687826572,30.260406014612798,20.59387968527489,187.04468571378143,443,26883,110.60091479401986,-1,596.6463932230201,208.44256824982352,1306.4903093857297,296.2437206817412,121.30038508303907,64.44850351549367,3739.399082908227,93.35718420534371,20,benign
1738.9576309554955,1162.9405791798888,3278.4091881469585,1755.2898342054336,217.16646786383853,695.5488205255183,753.6131214278773,3389,-1,563.4100632936495,65535,4472.903166449592,295.91885054781255,201.1076543525412,366.8632214124512,949.6409572648895,90.57158624134088,6299.952189961807,191.07716841173178,40,malicious
9.39699335887481,1270.0578409661784,3887.630218946656,71092.20174813847,317.2022280925453,675.1664514626445,743.89533026088,22,26883,596.2439220528483,14600,869.4267046150678,1006.2514388851789,864.9937028405413,265.82052683228505,598.9864575532063,97.70610843076078,1389.1574474922288,47.98289419642203,40,malicious
1190.966462933411,1273.494602996423,6062.761283924451,35632.429425688344,117.12424667473329,1168.1753089146855,539.410503955378,22,26883,445.45564242527723,29200,3427.03783374166,808.0455905667205,890.1675298027835,348.70042754795685,341.7622558048481,25.35013984063297,486.9401712399541,85.86166139888334,32,malicious
91.27641349793194,1341.4937815370913,2251.1880351543177,15188.662405201852,177.04623979221185,1137.5662031721408,514.0497281280863,8080,29200,524.8234819087189,-1,1402.1698499803265,1005.5843145305181,6045.657227848842,189.2257196877165,226.4312371057819,4.454722798770138,1915.6869050573628,85.10522824552476,20,malicious
91.95902849203245,1155.5075211714463,2279.649035912566,14855.064159679114,211.99262731495887,1090.8341553956539,879.6669457281354,21,65535,494.5598959925613,14600,103.00374067304965,971.0306920402562,4335.735259563856,304.78951748680925,707.0632225125191,47.74840571569949,124.76169854321921,99.99545379185403,32,malicious
19.252450253412512,244.22451478752308,370.490541809008,4.155074398443892,43.3228663599553,61.32622280884079,138.65532593566678,53,65535,30.189094645152167,65535,4055.148284094206,484.591237602008,1323.1236162587195,287.53404642288444,1205.1042641627982,1.2258041564015887,139.21059616316344,122.25005354149343,20,benign
237.29751060180655,1186.7166956968704,5343.087267137473,83404.86939612658,337.2654168462233,947.6706640920329,886.6228087916347,22,8192,415.3068727875136,14600,163.22195130027706,317.51254625784185,846.5607243031131,87.79595428629301,349.1344690843591,23.247014883134053,534.4218723885936,194.804283405586,40,malicious
45.13844923674608,223.2913756061156,1298.7208006676801,200.86919248420037,46.20321979180289,12.188968425661445,152.56927207863214,443,29200,65.35368926044711,29200,4806.358886581563,941.9751495113076,2685.0736092316124,355.3689822892729,1493.1231973927336,24.669297461034212,1168.2156523542874,68.03715739064914,60,benign
4.069488832299547,202.7519594977349,406.9318307769008,1461.9409641763823,35.57292817910279,78.15675220747889,214.36561303543024,53,26883,83.34385742606534,14600,5446.328706779923,376.5491609182529,414.6273864213044,33.83403659626812,376.75994753381684,75.24589223519062,822.7957802049156,33.06334853698654,60,benign
4.090316284116361,296.1706285825053,572.7454824235765,1459.620582809256,40.602900786279434,25.176078279947244,120.51838590636191,22,65535,131.77151426011147,0,2439.0448107575253,1248.3127708778075,8650.64610462029,85.87174131279815,773.9314609754042,83.87440806000633,23.717670563779556,182.5208698685533,32,benign
148.11907046091028,869.3037746008067,6416.931987977132,4823.513941645455,201.59235626573155,839.9244721606632,766.1195187388821,3389,26883,598.5796923818963,65535,2762.929588089742,1053.8911735344561,2483.0316137792574,131.54160356755568,1044.0908333705017,6.37337737315451,4461.535012549832,66.46830758293544,60,malicious
1.496117138696782,156.8950918311192,1482.981748813126,2836.7132162457638,9.043775800570073,84.80727854018254,92.23174317540723,443,29200,83.22252400613006,0,2530.1165494012807,161.63400705026618,8995.540887224333,295.1474785914734,370.17510292310857,76.12404277338503,897.6519081921804,124.38781364831779,60,benign
22.384573998141658,259.22853276139085,266.5115921482236,1523.332790680514,25.338499735810327,80.32929019671069,155.6543976292735,22,8192,49.000587444659544,0,1104.3757606810202,1234.314436991302,10656.647693465693,81.98478697505075,1362.8209033620917,48.03219037259997,803.5454594233343,127.93221172558376,60,benign
5.431374598639657,155.7579307939892,816.7996407995361,8.697891469681599,15.697650000196031,85.51703793187082,295.8439490020504,53,26883,103.51025010103604,-1,1634.3546495682085,690.8071162762102,2069.016956940847,91.51323117942245,1054.7882838807463,15.336940091664475,1482.1455953974673,67.05837684809482,40,benign
2.3415878938857326,252.2348954123071,325.8405824838602,225.19716264598873,30.155943064652575,11.416690753552928,88.07703223489239,80,29200,83.90934630687346,14600,2806.7614712273084,505.2060997267522,4268.818184269094,212.2495430487532,1037.7845167836067,85.79099525914575,1185.2525528182016,87.20567285301172,20,benign
185.6900663758511,998.6375933177653,6295.241626917196,6641.019299825736,396.30797876874146,889.8981836317696,501.852295948387,8080,8192,461.4603042837588,0,1767.1510829310762,872.9627279153622,1263.033720856962,333.84335123148577,265.7917319500466,25.90849796771879,1820.137941140364,37.36765895626294,32,malicious
6.696151208503323,124.11257523727959,739.323072177076,492.08082991220294,44.87896678294761,75.25610237553079,120.20100231254509,443,26883,112.76854480798124,29200,4820.752906056028,136.6937748808928,423.45590239333137,46.72959034301654,253.90416488328106,3.4686509123545317,1811.0455552358949,158.693256202182,20,benign
403.1915978334768,880.6582810210776,5085.726998032214,3033.016786778455,156.13708301117455,846.425218104767,510.75955258375404,8080,29200,386.7437900622111,29200,4363.684447636249,836.9976512830623,739.2472343163644,190.89263429187358,353.73794239301407,54.73364661007071,537.9444967593713,123.49855856533976,40,malicious
3.5236372648883627,233.0191018211219,1232.3235749599837,628.2871127339197,45.248683864909076,56.89081659663168,205.8957156207225,443,26883,55.44883708231065,65535,1112.1556093357178,361.080546763345,4958.5023613901685,386.82057942763936,775.6861516202774,50.040239242630456,2346.2936508770736,124.31101885821526,20,benign
23.85240690536081,362.58659965865377,409.2967726218976,565.8876559265035,48.70234954930511,14.932102248897447,183.88995885798624,443,26883,104.50240213404221,14600,340.5048480281204,1438.9352364919084,17622.74429082442,89.94412307413738,1341.400782565124,39.59136727683364,326.79361523570606,93.39242403610268,20,benign
1435.1759170407272,964.099542224152,7016.558679686697,18793.182004581653,173.8141416094131,727.9895433695742,731.7054693760704,3389,8192,370.35579938225953,14600,2435.4200038564213,680.5664303407749,7872.28586233708,294.3955320089327,471.8623502712848,79.43359005342985,808.5428331899523,66.66577445259327,32,malicious
2.076294200704708,223.8699538988178,976.6578911660001,354.9706057811521,12.751407302637876,103.18905742586945,91.3345644258557,22,65535,145.0094779192445,14600,320.28856000992556,1238.256213052934,20956.048002586427,220.54529648784893,931.9984769869684,98.90586015554645,1136.335117908229,84.99999297269669,20,benign
7.842344113338628,214.38433628342875,381.27388007438776,159.60548468793306,39.381376575920825,111.62845835990072,244.97591616903193,53,29200,88.39544524981261,65535,323.5930960952521,419.9943314780895,9703.275367133723,186.8243063689553,1459.0588701073516,7.153508410537846,6136.149609076079,130.91954586036923,20,benign
253.62898109915685,1333.463648027675,6275.824459720527,108058.24399759651,283.65837844093943,1027.2637888715703,518.5762751794598,21,8192,590.2440390098338,0,1417.7323167837087,462.7741319390449,2456.3143483321114,64.06348601621131,1084.816157701597,93.54997551697339,2033.0007076663308,39.98488587214732,60,malicious
177.21350897863869,994.2531276205013,2347.3781591848947,3132.1870928180124,158.64750212068066,473.8642635372547,575.0959152573143,21,29200,494.70407576167895,0,372.93552286572105,316.7747606913764,2888.3363183859433,205.06126357964172,1420.4045011325054,73.89586380106584,2188.4945369656425,152.47169180909899,60,malicious
24.895807807293888,271.42226153171663,771.2713861246147,18.73017303159044,13.231280946468226,62.55945418877604,154.66094799139242,22,29200,105.33227747706745,65535,521.6264913444564,774.9549294236032,1782.5417933198887,222.02654899257828,1381.6286627420604,76.20657213472177,881.5551978906815,22.112048498600423,40,benign
33.501281268528544,1267.3894983879336,3861.3221608776084,708.217308496614,336.4792597621647,1086.7881123998686,547.7979142951245,22,29200,599.7508234742788,14600,136.67325748593544,1010.856837184614,4913.99591225577,137.77617220347435,664.6436645213251,46.42822493035794,868.5575047181402,46.27412440496835,32,malicious
55.94872567524928,1095.4962603131867,6449.210701738875,51582.83956146444,109.35607920693582,392.73374498383885,524.6065188418129,21,-1,136.15542520693506,29200,364.9522757765192,617.043776749179,6117.6942304662825,74.19013551594347,162.7086212478166,57.00111501167544,3369.1771115622028,133.16027661772367,20,malicious
381.6227021838483,1235.181185347858,5737.170298890231,5738.28847679062,164.154838207924,669.2007581001851,462.74523135132205,3389,26883,234.27073970926944,65535,313.31352031150936,994.570565157353,3521.2638562355764,363.0275378519017,346.0942431461036,33.93993717672667,1310.8235889278883,45.115841672334696,32,malicious
17.86315030916507,1099.9376904664139,5249.7831011466005,64883.651220146014,146.40728072792584,859.2397909862952,539.0047442100644,3389,26883,428.73631878343326,0,1215.051662879997,1362.8599704028597,9038.756273760924,87.20282916246184,1262.803725230738,50.51324247302846,1567.824679357719,166.51396508151484,32,malicious
232.02269222660348,1184.6875303911256,3086.6515110540595,45946.03989205866,166.99186090793324,671.9517616356527,575.7845676266136,8080,29200,312.1958990416858,65535,2937.6704792563432,280.35938854976735,8401.366988602625,132.8252013577474,236.8064283304684,62.433422828520925,108.21662879638286,61.38792804266769,32,malicious
1370.776552629002,967.1995679471875,6066.658996319727,1630.290989140945,283.0155933756064,1017.321256959232,886.8704822061261,80,26883,248.9682507240353,29200,2513.5871440081073,1108.0710922513967,5050.368423913256,134.3641411503705,279.35830307462686,97.70995180181593,5767.4777460234645,132.8645395150644,32,malicious
1.4840927068771588,1031.1255456693866,6732.503659644217,6635.015094501182,261.3512470253271,463.38136377421307,446.79271167314187,80,65535,524.4956402653573,-1,2030.5252298801522,1244.786440775478,27391.144226137996,342.5282694338654,987.5387120957545,66.77654861718068,310.1063788264097,125.77203870658728,60,malicious
942.352846308649,1235.8067243384353,2966.7443510035537,18308.85772810095,362.8373514005831,829.2818263862466,956.2957656177788,80,29200,527.1362447321878,0,2150.9091439718,248.50086271881702,8620.434700035503,239.12840567275654,1188.2898702966536,87.50036516964653,238.59407344329733,190.3298358902307,60,malicious
214.62544742951263,1198.2538933734288,7456.650306151033,27442.393887131257,153.1071331634618,507.43472464046846,470.4540276867011,80,26883,522.3479793995373,0,955.4380606386962,951.1037192907305,1004.1987174273842,219.9933405435476,1170.359719084838,76.8642102913576,809.4931091609309,95.87389168671464,40,malicious
3.461277676022946,306.2572271092257,676.8248966348896,340.68307217107736,42.98448814373924,17.20457340861683,57.948241062730176,22,8192,49.41093911036921,65535,4031.2342489528623,932.6322876725544,1366.2724779290595,169.946456931368,394.10003696785344,86.03921698919552,813.3763088108059,147.33564222733062,20,benign
24.06947549534438,160.4200622196709,1086.9273672581414,274.05782769422615,33.184581768677546,83.81202025073063,245.41194833429097,22,26883,87.45752355907321,-1,4394.255753789164,774.8400134634768,10216.553929016167,338.986808956966,615.4210742274889,10.074975231889772,800.5521307865399,113.24120585760969,40,benign
77.70460833767666,211.964793161198,1475.6306269527718,1317.6075677498366,6.9340221442090515,33.10701762209328,195.46213083529386,22,65535,59.31219345118112,-1,9251.14263605816,1324.8039529433747,8521.713338912461,326.6071408405589,340.8158486868588,94.90710267344443,1249.4386782951751,192.1396216716343,40,benign
829.4666724714918,668.6127074015815,4005.8793432382463,7476.887731464937,162.8778959714736,1034.7500902984189,951.3477655885265,3389,8192,450.5138837071313,14600,151.66140165108976,802.6234654772098,10760.666633881487,109.00650934407528,524.7098956136333,65.31958407577575,3560.7896524210432,108.67022195942398,40,malicious
28.49210498823981,257.09458927693476,629.3108855058679,164.58391557418292,18.090512474684303,16.410802085992984,159.49450837031014,80,8192,41.128330036985545,0,65.87094942297,145.18387669900915,18112.59286334128,81.57797858174106,568.3330752082234,37.35062646105302,4742.094388174285,85.03937593049162,40,benign
14.26022824388258,209.11947664755104,273.70377974844274,537.414902322934,22.14080777518302,119.25285116572067,261.93384120690433,443,8192,47.43220311412454,-1,2490.095118937464,860.6531535835315,954.6026630448647,23.04856134450008,648.3832492708513,84.86740182976393,1296.3215894163545,164.86724213953798,32,benign
7.361176945807072,287.908194103885,367.4955895641784,104.41466987029014,34.759751264652195,61.888833675429225,199.91092704759225,22,29200,129.82985872286594,14600,2569.6346245507107,446.09093690282344,17138.371182666444,327.29755334871305,693.8995346342898,20.912619691348,516.119353320183,153.23844787941601,60,benign
664.0535624049511,1013.3360448989094,5668.219215334962,9199.029309649779,385.74898326880606,1192.9452927142393,931.1182563600436,3389,29200,553.4391375185585,0,1262.600955345221,935.8304241228474,2274.3257411592313,71.97442284430498,1214.327350793874,57.756728441502325,3014.619781384384,89.99403424921384,32,malicious
208.80174453705405,1315.0554140284185,6828.491458394348,45795.443553467565,275.7390033977847,278.59020632388825,479.6615561557584,80,65535,269.5859617949155,0,214.1637313197762,795.4623419995523,9550.023764322355,313.19263167770345,81.0883489321972,52.349105672136254,938.3362807914391,56.68522001813639,40,malicious
1158.3226315791314,1183.1303247086014,2339.8669704179547,101777.80818565069,170.64605607959783,1012.6330736146214,823.4944022488277,8080,8192,251.9544344586121,0,1522.121237425446,211.11958714235766,5947.80473602887,120.54758052365047,656.2925984558578,56.45359881017564,546.4331324991613,187.1685055685023,32,malicious
25.154710677741846,237.4956159901399,985.2305828917482,436.86848900101336,20.844051229122584,11.51184470759916,280.52729076774045,22,-1,76.18440284838009,65535,325.5545770210012,1132.286934701762,2457.1582678384552,135.9580272676465,1356.6809838770391,20.755268764419434,3419.2161821411123,138.8591658591978,32,benign
262.9358007594343,1347.3048337417908,4222.685036981748,30682.835616462413,224.51005376124198,615.2461310501627,904.1978395113305,80,26883,531.5465738712821,-1,5058.552647705745,172.77047090064062,2379.9320831264336,144.84529041216928,66.48790660376952,27.86217717099455,2650.906904055567,76.79353605004545,20,malicious
421.2843349470049,1136.6900240227465,3897.956490470374,37078.709223260455,299.5116702095408,1062.5792412412416,601.5144408522486,3389,65535,459.46441293138815,29200,627.2754578667375,956.703735946499,15151.188543010803,227.3910562916443,930.7773434724006,5.661820950980867,815.4865466426774,115.54336003194734,40,malicious
3.1762752530136344,275.5848082937795,288.45661887746485,390.73157909120096,43.983738901303624,18.90060854652028,212.76301350633037,22,8192,50.84352431821685,14600,882.3687919269987,289.8627510006356,25554.795910949713,114.77318384480628,744.8425645074636,8.666920199572337,1287.147301224428,134.02625022182914,20,benign
405.37911615279137,1347.0270897590872,5071.137691509214,111119.7489175635,155.524134002461,1112.696595872826,826.9676473218603,21,65535,143.62849211022692,29200,376.36228535759597,713.4993684592439,6982.631128828769,51.198253647305,644.6947954878756,61.46820487704579,1656.4902171520243,37.30863584066678,60,malicious
0.5597279898425501,247.26777373148198,387.2125184624069,923.9929215772644,48.5738984643726,34.95795866258632,109.45600830561773,22,-1,102.16340199986868,29200,2182.034497117435,174.6271086800651,6912.163815018003,373.9679469289765,1017.691074994218,53.41788824811013,3688.8007465835344,163.90086798472421,40,benign
32.94724206239871,322.0045583476905,350.7794990586847,151.55159894464023,49.08842673677987,77.37312455173306,53.386101075273096,22,29200,102.1587413451301,-1,1609.8084188734495,244.8483962651583,2026.575046697974,93.5674168001513,352.8547879028261,60.74582914319947,672.1161686620236,159.7428294540582,20,benign
8.470061272282534,249.10706174810736,1479.7075117683478,934.7976803739108,38.55527478442605,20.94597180921999,151.2848844650943,443,29200,119.09267326123305,0,4398.967420863103,259.0784121144535,2177.76813571671,157.15526787671055,160.22921234002015,59.497724019182016,559.5364214898225,66.23888821572827,32,benign
9.037542617748294,136.64979866042984,1059.02550218755,169.54697093077232,6.148959367917335,32.65622552549401,68.92453153183097,80,26883,93.75995343502531,14600,2801.1608024411767,891.98106242554,10754.891501613745,32.467924307890236,480.2447698674715,92.44643262289478,4768.576020656506,25.885225110511378,40,benign
230.37002102326522,1009.3122146276396,6236.920873381059,10.72130304498736,369.9779251955747,542.0644501344748,996.6660478837385,22,-1,514.855265845045,-1,663.8946569678815,142.2957468207416,3404.1963630130886,304.9604378011963,532.809195846414,39.04866473914248,352.63366551133663,183.57587171439357,60,malicious
1.409710604106607,281.5481524870715,339.8440090501816,458.2682872054426,45.980970194850514,103.6591960826935,58.601550024473326,53,8192,22.04146367390141,65535,2226.6197062101423,1384.7743164463157,12209.935811829562,159.03626758352922,238.54636831669782,41.89074420819166,190.3184993015616,34.98728313734617,20,benign
179.84270062796065,1108.2742788456947,2195.0342429018783,42123.77876198475,138.72598020350028,963.2049121960513,428.54432133108094,8080,65535,251.76086974606795,14600,486.76615595058763,942.7928520229248,5666.320389796324,206.6433594585957,710.0979360587287,76.33777115003167,2828.620738993916,21.37529609322717,32,malicious
1101.9254345182087,1171.3989619028387,6806.400647084303,6813.509139780294,230.51833407511268,410.3154918817181,500.6646668892235,22,65535,268.0610988408042,14600,1384.8098616810455,815.6454691474246,12748.624499183203,102.41443488254458,517.6077052814165,80.95961770343362,6890.498731883737,158.55538905029215,32,malicious
642.4177680836622,1247.0740878433232,4603.249999416843,32357.365415187374,215.36364304956408,1044.075703489566,891.4006206569949,22,26883,447.46637376479623,65535,1275.2887198990313,1063.0054984674505,386.40542640937554,145.46514186044732,643.2017481400994,5.86816110098769,1701.7683883569118,188.15863171583806,60,malicious
3.9052002590000097,267.511963050039,418.9103985679056,4.761518020089422,41.46971872728336,88.78536888370128,265.0580995859633,443,65535,47.04270177602864,-1,3889.555095468849,220.01126256031347,3873.3645915642605,118.39702911587521,341.76161023520035,93.64782946139509,827.9298657093038,196.5342266386195,32,benign
145.9198687485848,1297.6403781937593,4074.331707855372,7835.264851080616,371.2587250227626,1186.724941971378,888.5620871461628,80,65535,268.9424296045704,14600,191.65762836549428,85.82030188397405,3558.465746155023,358.1352070591152,1197.8126334380736,61.27961333431172,2407.722150747258,56.50826328645748,60,malicious
1.7339568223248443,245.18595748694813,1455.7203344944012,235.84584254204347,9.177828050370902,119.10725144790909,108.0198460956334,443,26883,100.8822126622228,65535,28.700443133522466,56.465738674008996,3181.182112622172,246.23387073938147,1363.120632731525,42.73047114065408,2370.07821400394,140.1986160208521,60,benign
578.7049888457028,1043.40165141708,3608.1506847366195,3398.0092032545685,347.19077179428723,723.8267313554587,710.3398784790436,3389,8192,468.24220440617455,29200,1675.4689723912165,181.70631099934843,188.25868088137545,147.2287317614871,670.0010602561977,29.672013127193008,1374.6667814639238,117.45576452448304,32,malicious
11.167508208170867,301.6909266489655,1016.7760643687102,123.77010809719837,19.14213889252975,18.272350834317418,244.78906863150942,80,-1,121.98800889156907,65535,963.9157621759225,161.5349839238447,4590.011450224359,385.1998859889643,1163.036293650888,90.32753798669523,203.4785576873965,20.243894809933202,40,benign
423.1696047307075,947.0276638115748,7278.4406462016195,19093.624231253612,337.9787224265433,479.7086925107707,692.5444931205585,3389,8192,307.4545132644563,0,490.46466513809094,1492.3299861563803,73.9815428192071,334.95586926012345,1395.147544233576,80.37612293976927,53.95889158562285,141.04088582839188,32,malicious
1.9425608630185192,897.7899572089776,4831.75616971232,1159.4789468328654,367.9046136367791,307.50946798431187,627.0852912364976,80,65535,221.09142510957417,65535,210.7059530873221,1025.415434469296,2473.0715022836334,247.9334141075672,429.4876360162851,97.58216584402571,666.2253276546954,156.49977085894568,40,malicious
3.807890091632953,269.8036090129883,1383.246500813003,149.3960873366831,14.44937567033018,85.00667751398278,180.96318576758756,443,-1,41.787823170938765,29200,1376.78314104979,1151.9749895254274,3716.527142734024,119.78041357809632,1194.2613652471107,7.386837946614122,867.3679662573122,151.06232096335938,20,benign
705.0972961704483,655.7481143948085,7874.899215137468,20102.257817533096,291.7266539141393,524.9070183904589,501.03600963682896,22,65535,480.13006478067103,0,172.4463538637706,1234.4698076480404,1969.0204145975515,233.5094330682729,1444.1387499455427,35.04477774983956,1972.520865320206,192.8470987277722,60,malicious
628.6606888784574,1299.6944380076739,3627.660698651521,10327.91160069278,182.22542378003175,914.7499098012851,436.1365156245051,8080,-1,505.50563777571034,65535,62.20330605365832,574.7885578649533,5617.431731320685,243.01397212154248,585.926081882123,18.46811601297067,2692.6740391927983,109.3353327566538,32,malicious
11.01460738267231,264.53524757452436,906.6623418004253,27.73160253568367,23.681911899074787,16.392091714424613,74.83189403683369,443,26883,38.756078495967216,-1,1109.4973600168514,830.60526028655,8921.909903265183,303.828230622668,388.0547569038023,98.58723565377309,3912.8668859707545,173.24596648753788,60,benign
106.84601924523756,870.9230635070767,6459.684133293943,3217.3318013986795,177.41820328689144,1002.4134389370847,838.9481451188814,8080,26883,274.5896907141855,65535,775.7223693365173,492.8940595060346,2993.711021885514,159.40944933823386,702.3763402878113,29.110540211439428,1184.3734303285603,56.779465739391874,32,malicious
185.94443193128743,996.4326371287385,4230.841828997285,72530.14203456929,306.7166894514404,759.2107093690034,766.9039838570095,8080,26883,189.21063908834307,65535,1159.410825273847,715.2413929754389,2946.654945291706,199.3409671333739,1224.1902397017652,33.85610016256301,2129.4276894996356,95.43900046029357,40,malicious
27.188989617133934,357.9510102526937,1303.0029761919739,1841.3294580217562,34.90787030860014,22.99772336075091,291.5222983100472,80,-1,122.56887960832096,0,10709.225137573138,902.0871678046514,1731.1641768986556,129.53251434187325,942.6509875121957,39.343190144265975,3817.993249040195,183.99493730262716,40,benign
3173.637303125287,1139.9862479575233,3800.787719531384,3235.727809004088,380.77801325446706,909.7321270933118,688.3172296758347,80,29200,544.853670810922,65535,355.61037636950334,620.7818177376313,2848.8193207140107,371.70727392117095,581.7421812104373,90.39593163604488,4553.5008987576075,128.4540595887185,60,malicious
12.5104500994225,263.992943331308,1073.7281579375353,563.0159488259036,25.417001376123494,101.28045765385644,208.83535125942967,22,65535,97.25030037669569,65535,1607.4780933159377,896.3705341434346,859.0159167337752,198.36120874820384,863.0251358773861,36.69786415348324,4124.875152993491,66.96367343751076,60,benign
451.6338381537077,1092.0628846800978,5176.003251587746,40977.11446070925,289.49001637067,647.6765585426265,553.3109225884463,8080,65535,513.0297167257745,-1,2426.8840584525574,1492.0911973801337,6497.304633086315,336.288944265928,836.9837365444564,95.22742142300305,6455.788506803089,118.92343372256065,60,malicious
59.991011269768435,277.32847230662964,117.2647657409275,726.2070163260048,42.96775639019692,53.01093791527255,83.41182339743959,443,65535,83.47226544958497,0,1727.968702022431,1069.4779665167066,18.85582860060424,79.29652416544735,187.65892234012452,81.55966364223394,126.16832701401125,186.75795501329463,32,benign
250.6926551526058,1079.0712309193264,4489.680563534643,944.4479840656676,174.91544341705367,1182.792068721877,853.2656161606681,22,26883,285.03381825497746,65535,421.0188490586573,970.9784092796626,6416.833724130959,385.6867986137046,1307.7644892173848,31.579332207773625,1783.8745672725693,75.60144286233682,60,malicious
839.5531498073401,993.6787984548565,6704.519283383216,3662.0799693462236,295.9562435378836,1125.7881442629966,808.9178370481327,8080,-1,165.9383720613471,-1,2008.7607914250173,1290.7446216588155,5035.548805132309,212.86620362608173,374.1401621398437,57.859530146613245,1684.7962144023854,51.022569523921796,32,malicious
1.9541030632641723,225.71029803524496,496.32712274196234,43.774960841470445,43.444135342783355,110.34734803950695,144.18406693271905,53,-1,49.078675784751184,14600,8166.740340885564,930.8486610614003,4348.249789866435,390.01682482659584,747.7395858133945,80.54752601608263,4082.4642745705455,197.42524365718012,32,benign
15.713045019974727,280.7741106666646,280.9109890177571,399.23743641292754,30.398626644433694,24.286293856513858,298.7492699499903,22,8192,135.1276777154584,-1,5470.740941927772,658.1950804497731,3485.243375713663,162.8690457913228,703.3091839694075,54.964727460186815,459.6665263862763,94.63328586558984,32,benign
14.62102823424883,287.8547773245487,1077.2618803897112,47.024173058305074,18.347304552577064,37.91043424648949,212.7930826902095,443,-1,118.98964098540706,65535,1930.388063154753,404.86272628690074,12192.057696850829,175.59291786792076,554.008572258964,82.87848407535725,723.2699277656765,44.31092970662381,20,benign
7.112723901316054,259.99125448763675,672.3245696946236,250.86095188452705,12.235071390463032,12.101891828562987,108.85415025060986,80,26883,125.11725939783165,65535,446.1409105745974,1130.5353589520298,3718.1656432862014,25.002101318370393,912.3664658914493,19.579616311288827,1451.965694239917,90.00813989575131,32,benign
1.0003387152872394,105.03034316046623,224.54728202804023,561.1639706968754,38.56193086752447,56.829322124899655,118.65030503523717,443,29200,81.80264244599326,-1,852.1378849187163,1195.2174418348293,576.4119753226117,317.12364736059925,1018.4338888652912,18.91006469517792,582.8203889317925,61.93196183372203,60,benign
4.474214591920552,228.3727441985778,734.4375262825738,306.9333369703751,31.793905862533062,106.61003997041938,105.79778910007721,80,65535,69.212559396347,-1,1578.6460650696047,1434.4040319654302,1606.4514801737362,90.74700077063102,736.4770144502277,49.91841002139933,2548.35830711047,86.19889442598124,20,benign
3.0699400431169015,154.75041723162678,1074.1158160465277,1085.0782057236975,33.29856912607101,62.66472525302161,195.14457618287187,80,26883,26.66944274593803,-1,2099.2906564676387,429.70076664449954,2344.6308700677137,143.00815287394863,106.4138391848845,58.456508347323734,3032.0170702164914,156.99100663311054,20,benign
56.9342400865683,288.8825602174224,635.2589012616545,390.9876983270268,23.483015595459193,42.55556389563565,54.917545426817185,80,-1,93.35342710993096,0,148.6006183910605,1061.1727276712631,1027.835941596708,141.62337886262964,931.2633749161854,58.92105496959429,5714.812655528002,136.42356920236156,32,benign
8.490465996351166,238.34421573840498,131.13415680463925,89.5851573370972,13.783227852692145,100.94735462727114,269.31699044603135,22,8192,45.10310988545622,29200,1990.8837301750273,470.4005231021258,2314.171652078156,68.27676360535384,663.2949768147051,50.0837717707345,9380.083996715708,140.42961562511374,20,benign
23.555836378147838,222.48670523408995,1492.040315976785,33.49757149826807,44.72660816530981,73.53550470445916,188.29331726382944,80,29200,135.76785276242424,14600,6755.572018377619,283.28762348019205,361.55424618943414,232.9923583264625,1171.3678607025513,56.748025276258026,6107.823103140586,163.49119284040881,60,benign
110.33237342711442,903.2974583425307,5965.151402338221,26511.90534676706,240.19143732372933,306.8972231266431,465.35563133126954,3389,8192,344.4341950802122,29200,977.2228572128204,760.4551619611254,2751.359907307629,349.40250392757486,67.00222709331302,10.793717776738031,613.5582015621804,96.30086201142981,60,malicious
602.8796987224282,1165.6509887272002,5376.766017836972,12637.591253243174,288.2319280123098,439.047989364567,637.4654750596724,21,8192,442.2953711768881,29200,4065.6125310726165,475.04653572112903,3178.353913993266,134.0470595197805,975.7604230412257,28.494725438821956,708.1616746582745,88.34443752858114,40,malicious
17.548473828730188,269.7269660297314,1259.6364296173529,424.6211648703428,36.67718060580599,16.29368218432097,234.8047208021896,53,26883,78.11745584191786,0,1114.5992251885991,604.1629963007325,409.1724687080095,304.06076279683947,950.1887588355609,32.80007868916649,929.0492433115232,186.47427077140037,40,benign
47.52816678700324,261.90072647133167,1359.8325732271958,224.85730919186057,39.24696769114496,31.978749854293604,96.77283599573781,443,29200,114.80051063107561,14600,414.5741588284333,471.43719880096216,8483.0121611561,258.15413276945867,1393.9417596281114,83.4668869698121,318.5441120009133,115.00818716958844,20,benign
2.2474208074647413,284.0941738222394,1204.8635340844567,347.40018949457817,34.04363239107553,114.0685761339097,291.41614598395074,22,8192,107.57866439908076,14600,1207.3149381443698,485.5468667913784,6016.217174386195,83.17397746810764,351.16636560565104,19.49939898649583,18.804294147369056,158.24044397129026,32,benign
69.10530532083132,379.2502961662162,688.4368817663635,66.78321573128427,43.15030135125438,27.249017417355045,145.84660200832735,53,29200,87.2161407177932,-1,108.5262037348711,216.71045054892352,1499.3048953415112,28.55459271776045,1286.90101567328,0.8947318213270217,279.2032826132761,62.756819358011306,60,benign
36.123879178433384,1040.4790004450383,5169.004233754229,15047.413733632942,341.87659885153346,1123.5509970368416,504.03680514216256,3389,29200,168.5674890576755,65535,96.89374838096171,698.1651926153357,637.6968251945373,341.3236768282246,1157.8473162570094,89.29706774210048,770.3100214810404,100.8084871011113,20,malicious
73.65605111119959,270.6713860267041,1393.574087352326,303.4818003755103,49.975868922191076,79.13815096479684,123.52352946724508,53,65535,127.95283547489396,29200,823.6569873017961,183.29257312584602,17075.736545756437,347.5231428791001,1072.8929644218074,1.5410365809210846,1153.622707363846,144.64740547698034,40,benign
336.05323594748745,940.7569910125706,6762.495910327586,20809.175444626344,308.20389653203233,647.6910955074414,405.3948895619602,21,8192,195.2612736319575,0,1209.5965120161031,191.70843301894118,9713.206199203221,222.68705496697052,623.9231816026801,25.65134909597344,686.1106059560815,99.91228376976508,60,malicious
17.123286904427573,266.1850846092869,367.01954369243686,554.6715260918721,17.067331325453843,18.773599415205815,240.47174313445734,443,29200,54.90254345181043,29200,517.267091327601,144.81297881005705,4665.01640288523,375.91110672915244,1160.1115951684692,36.68310794547157,3021.602166338912,80.70364252451083,20,benign
13.120085818099668,220.99354524820086,1482.0016669934855,169.73127106854426,9.659699733998899,32.05829608040558,112.10966285415054,22,65535,145.44467965626092,-1,1470.0683499748766,543.2824890151921,2502.1147268274,304.0737481989204,1185.381030188066,0.8884627687006041,3330.7849717005874,187.0523413155057,40,benign
3769.097567776541,1082.5779620318842,2261.3594284728265,515.457825014815,178.55893883841543,348.0075404415858,922.2077215715701,3389,29200,276.5070856812265,-1,8175.163183004898,1231.5420788089532,3320.6349605762534,88.80197458063783,1478.6597198653656,83.73244596117108,8969.768993961052,126.90775013463538,20,malicious
58.66600345801709,239.28084349699583,1459.4286964572436,390.34789614044877,24.488631854279664,71.98729373226605,160.30385279739278,22,29200,129.0824089603746,29200,2586.698067373327,255.3091910561853,6539.501833007066,226.40718699690805,920.872111330716,31.423080495081546,467.96887127748323,43.579383202365015,60,benign
13.216231224022994,362.1512835053878,1315.8035721802974,1296.0331789738618,8.122647118563854,13.09050424338561,101.96728258377706,22,26883,39.75049366043614,65535,4257.33310761804,1160.5097672066559,1373.0009365502494,111.35150970121329,393.8949357749681,58.031612337330195,939.9094037301713,74.86768313347184,40,benign
375.6238563864418,1392.3501649154318,6956.544660017249,67899.9988463153,149.16817701651132,379.9487547115988,943.901292709112,3389,65535,214.49402324790566,29200,960.8494399585264,60.19142221324173,4958.263911792849,90.02207188944246,1338.2012307103346,15.959727421943882,737.4207157274135,189.41710521590701,20,malicious
3.944297088844822,265.91993877875467,1049.1968062395783,10.324890553553391,5.425301897395784,107.65480779685718,137.15964102042017,80,26883,100.53583133572175,-1,6769.453405496444,1434.8324926492423,643.2512406674055,367.1475461970356,1366.45172126659,51.65772655311817,1132.8476932721148,67.52244003043745,32,benign
7.859808796107188,246.0119180530575,1368.696145477547,385.9352787635996,5.256943889426038,74.0296290614958,233.56855579739033,53,65535,69.51683106791315,65535,386.26289319731717,815.7334452979514,7596.532154358725,47.35014828643598,1164.1936320942743,44.60472907074845,6384.965520614172,166.1304712298097,40,benign
49.645137703387576,260.58687637655174,782.8516304657503,57.587748113212264,30.240308260783802,82.53896782766975,133.01129725151827,53,-1,38.971113536501015,29200,1591.0000119146032,454.4575530557287,10485.012506617175,354.7391983863006,779.76797593405,3.755436905046039,1300.1106400552865,147.363556761656,60,benign
5.787406353816511,270.32869211887265,527.5364429005087,386.88984431112874,19.465391648654204,24.425123007758064,283.2404624538991,80,-1,39.54275675180322,0,977.10318272473,678.568945791966,17519.174073126887,279.26749951125055,295.3566343773731,52.72846910691469,269.8250100752655,143.18640708456223,40,benign
1.6766216162400591,298.2588687697673,1125.939632825177,202.24805608685108,5.6170816429690404,16.10288188372006,102.9760326220923,53,8192,45.227509674067164,29200,7649.161544136024,947.0309787596317,9003.182807284904,104.4702784124294,1462.3572303458873,74.91206630694708,24.805885325469212,146.01070728796768,20,benign
3.23023247625828,239.87862059492545,1237.6304137123743,251.93744179987692,15.528460802484886,41.316448033130804,230.40077049414018,80,65535,97.35353442900663,29200,1290.4191909889655,1117.8641243232091,8961.33006954662,73.47447353909979,72.03499608113222,58.07430081283923,679.7458759957656,20.56894392838708,20,benign
105.04014076478585,1216.9961721461939,3073.4009773827293,110288.06556112911,396.5141220436615,1182.8196474247347,649.9749301645357,8080,-1,344.17786443576233,14600,1673.059064309961,194.2548885893337,990.1144180155528,343.6807085156366,1496.2042387013448,93.72972095339293,159.27642396668833,70.82072776619177,60,malicious
1464.7656758561316,1103.5768491729214,4865.028779925891,2762.6422319350813,265.8762497984673,677.4336972707858,971.2177151866896,22,65535,279.6300409015987,29200,3532.96210209969,1247.5905213443311,2348.7355535751917,107.83626975244053,615.4490353011466,9.399342368923536,441.77968161698186,156.98197182517927,60,malicious
0.5819350699672893,251.69337967416078,372.5957986077031,336.0243141974367,17.826969292064316,45.157285186636926,213.1862944061607,443,65535,145.07803544853158,65535,592.5894851773465,182.20095243080613,3483.7098481454937,245.4902518634183,243.3257904035915,77.04469712319153,1648.4322124240712,133.01931667411267,60,benign
9.227774849866679,290.201572203835,1017.3922763928695,348.65140252266156,33.84692567972393,81.67159949796589,207.68044571319294,443,29200,104.40353407361566,29200,2819.931418928774,1451.4601803830478,5501.853349215196,170.69711146235915,785.5002009280137,67.75945394969699,2629.7928282139633,123.35002395566096,60,benign
7.650659171444457,283.74444917586976,1426.594940550516,637.422750848297,21.777052197751267,65.46152832449899,257.36141213587064,22,-1,23.025625346910317,65535,699.740312690229,911.3772899364035,1351.3461822395677,219.81133190848513,595.7876892412891,23.189945253949528,677.0503160853817,108.0278991001385,40,benign
1199.7995157969258,1098.465551766304,5651.219688885761,21866.032957201936,349.317555605871,866.8814799384699,794.7944965991214,3389,26883,527.6002944826251,14600,5020.429652558618,1485.0041099304035,1126.2011826652802,332.0167307982423,117.8969123233481,13.27659255452559,2055.978572211577,144.26052212960167,40,malicious
78.53139085454582,1170.986776167813,3097.9952525260796,27568.379582863316,263.1196632956428,1003.4167941450767,766.9217947339114,21,-1,575.2334759900557,14600,623.6657093132287,1052.5401229201652,954.3064399097165,360.9015198564981,1060.6496074906427,76.90633644008136,233.047344340176,150.80580418949813,32,malicious
10.67568858591098,303.93460902774603,1075.967272680376,208.6963232685918,24.602351457344003,37.37466244783671,199.32828455512103,80,-1,67.4177881281542,65535,5240.265702985286,1014.9694642943659,10752.751251843056,150.12010093767242,438.46555591271243,59.161045578583796,930.9556715247979,186.56463962564803,40,benign
549.031075190358,837.6802136379779,7004.047073147397,7476.323507456039,138.22035334829368,271.4570905000146,895.5411788287543,3389,65535,303.9327974041575,29200,1354.9059382941273,1471.1474704603008,991.3154272767266,329.20339350626756,1412.5650599530713,92.6553259532999,5397.186426765265,169.68310759521492,20,malicious
44.0684374132853,352.67997414979027,940.5717677659395,291.55714780882687,24.17226174946314,38.16879775971065,115.76973793842255,22,65535,30.95262844644274,29200,52.147962468018186,642.4128561194689,4778.045374575929,44.44788180667469,143.99481088056797,99.56759465450948,6745.061940642728,154.0760630362226,32,benign
3.183334454199917,254.97150351547734,140.9550837985628,453.83213878680664,43.91956105497646,51.062327078271416,179.77102769653393,443,65535,30.986331936415404,65535,3032.0002114686667,465.31153358894363,696.4878962877596,298.1861563743892,644.2962844778136,1.2729580452723321,2908.1404817070943,134.91708916729903,40,benign
0.18985415444740253,177.80340523043094,550.6632764176954,39.871213815976866,18.57663182255916,32.81881145871414,119.04150052553942,22,26883,41.092529652601364,-1,322.4684254660468,536.2890507894352,7653.113441907102,313.09454476066963,1498.2726662373607,79.98172913069057,41.109438600904646,58.056651174384704,40,benign
329.95996740295277,1434.168271773769,4004.6637532412146,61854.22357618358,283.35948227315384,423.74834376238897,964.763462584741,80,65535,309.5793250965081,14600,8715.245953552861,1478.0281535056365,1889.4404225872215,64.77352520816922,1276.2891724806477,64.95476560617196,143.1446968388426,48.416009827834856,40,malicious
8.581467866610073,369.39514336488435,658.7666766227153,40.98257509040662,23.046713776234235,47.57127313767411,221.82433633532028,80,8192,62.68353222254612,0,6059.595656903449,184.3018130698456,5916.914049513064,20.760931443687834,542.0396484008947,72.30062974750437,296.54825056662116,180.1170252266438,32,benign
1001.6625830922931,1240.1011439510248,7521.467770327643,86767.18708734676,232.51209355158065,774.2819904130916,979.096356613203,8080,29200,424.831456667382,65535,453.2679704635975,290.13983084389395,2218.102362150268,280.967986666511,182.72008395131763,54.98820675379298,832.3735609795593,82.93004425334864,32,malicious
1183.4194673038148,1310.5845594797956,5361.11780659529,11704.24521635498,236.57326349410536,405.4363410152286,992.0453054883079,8080,8192,524.9417543968079,29200,1084.6527432461003,424.70340918501245,6960.54144434325,53.898969899809835,151.85983203528798,66.12532875419006,1939.5416505806647,116.27041164273896,40,malicious
331.27480040550034,1516.7326731386727,7275.786866870177,23372.849986048328,106.97506340282199,713.1282363895668,768.6432023996792,80,26883,247.68431455166035,29200,665.2539204956164,1255.97418957097,8099.853463803658,360.82996708619856,1170.1995800684986,55.62334326930577,4993.096912389353,168.2037455772028,32,malicious
11.48015164805631,208.01012154913576,887.6203763559781,505.6754791706938,20.359264474758433,40.85840509797317,112.02929252988704,53,29200,105.51999439830358,-1,616.0992712655896,1379.6324393607772,1802.3837687258413,45.864142033439066,462.04860685293056,76.41243884965867,508.99616228208856,132.4329281579043,40,benign
162.40597573615005,966.8655452287541,4213.666321147739,22858.326716299754,139.12460718970044,1011.4232805431578,442.71220883576274,80,-1,268.1429699502169,14600,12450.341688809578,88.42356864582065,13203.755700306694,357.93857747618597,276.5196560970677,3.371230314729723,153.88361870643652,83.18547378267034,20,malicious
377.706199767706,1102.1405309877732,7678.821796156002,26970.193582318636,330.11734590397515,1148.6748076688539,539.0373168387962,80,8192,555.3519784421494,-1,1333.2537039925846,829.7614762929536,27873.930913234373,86.58529851951134,324.90911542954643,89.19095004923844,3569.647075874662,105.27693786719557,40,malicious
215.27027876546632,1375.6732535110573,3298.899696274997,24296.550017064706,373.0389468749602,1158.0611182657813,522.430634252933,22,8192,493.94470848532046,-1,474.56292044852745,1285.4245186168298,647.5418689924308,37.45944969944772,968.3974880727361,89.66069510680155,1908.2035838592014,106.2874830014304,60,malicious
536.8891426920862,1571.6614745941722,7912.036093327311,36638.87386394313,195.81271111938048,429.7868074648966,585.5633978316316,3389,8192,405.7625777597688,-1,610.0542835021392,928.7669804661288,16780.646119599303,366.1457025081475,526.1518664517881,35.26501724565794,2072.345910482405,128.43947606399874,20,malicious
757.5236170061136,808.2115114117505,4375.371108861413,92891.69356606445,237.45009937918962,415.76355415966054,558.7552523881124,80,8192,263.59861115570664,14600,710.5064061350758,884.5810824354459,2346.344793263191,107.77764906007903,676.5583815535188,25.325599476939963,1848.431380594995,190.67445725942855,20,malicious
154.60914939948717,1126.3692527072712,7639.469848679607,141468.67957062085,374.7134789944031,527.8936972150155,521.0505982050973,22,29200,212.20126260417214,0,1136.4937851762807,522.9759369514404,802.603957406067,322.97037158546425,792.0580126270261,12.025486144574081,7009.490217471901,54.03086024090739,32,malicious
47.507271250972096,1620.8820502183246,3373.6808522941647,885.3212277082649,109.11006990619094,1134.8167119615794,907.8536062797334,21,65535,572.2778304658304,0,3411.3949442778758,898.6174823026831,8876.874829397566,321.9581029545246,718.7238168326112,49.57595412962655,281.19775043940797,72.27002295019412,60,malicious
361.16227531792794,1542.8498152171733,4907.1752312348,8552.628978489553,164.7281568101686,632.4309151205898,663.5009471045583,80,26883,259.6299954513169,-1,2608.2713494585564,741.0124564762938,6311.236398550854,233.12757313119508,385.8534717999871,65.8209667996096,2383.628976325691,93.86642342172209,60,malicious
1.4153553948882793,265.21134786341264,828.7775110440033,373.1087888246348,10.812134180588771,117.80092039893484,194.64678003959418,80,26883,70.28496586288364,-1,1714.7602721418893,371.49493666769047,2367.3585497383156,389.3557874659758,356.9468647757107,58.14201598653824,1829.2824897153578,110.93195367848602,32,benign
32.61832610150394,289.1722160071969,793.871618911821,463.5488403287998,44.75734552430972,36.92438945961315,159.44286412784214,443,8192,36.575783550213075,0,1068.435423017274,87.57931756632999,306.57185447754426,379.42966081001595,1390.4147120279988,14.789358968985367,58.02337708287528,109.85511037834819,32,benign
7.700591610637424,273.3762674872948,1102.6324609018716,274.5612555702733,19.958777341107943,72.78785892263657,139.47186752837877,80,26883,115.79231604227135,0,1166.5254589135677,1341.9394784865497,9709.752309190222,265.42356267450396,92.21287466270813,37.50877403978209,505.1012333340371,187.60842059276868,40,benign
112.0826017983782,1251.998730394017,4150.324364603142,2751.1597770522244,197.18046658882213,631.9071069331494,962.863652999206,8080,29200,533.0934737303772,14600,1638.2767363197836,1100.6703055461587,267.7680333298887,339.1207214155874,1449.3197550259736,79.95022178801331,3749.383629701853,71.76007339040981,40,malicious
10.829849967842424,250.41412541202718,697.135154266178,1004.1306415434,32.31014780788834,78.85908102038906,247.16673821521508,53,-1,29.715037617946347,14600,1044.1619624270716,370.1762085584781,12863.088353536808,83.64365815741196,698.8684838027419,5.273520524482822,2457.2392617390424,93.52167335800198,32,benign
338.4263041594283,1431.0890880867555,6042.684886806653,31994.21767098616,355.3447132232027,1063.2457479924356,597.3364393213791,3389,29200,205.16778057109008,65535,988.2229013912997,163.20593505857767,20992.129192666263,320.48323106012145,817.409702828114,16.718711898076975,193.38901313753217,29.588048574873827,32,malicious
20.211869082236444,203.14440988067759,1006.9773874501744,922.1313891263468,17.118731650643216,111.72258126025933,72.55981871620378,53,26883,49.161626630351044,0,1287.3076162468947,712.1098212418492,6729.532454023056,315.5484549586601,1113.2221159611108,64.33674684221133,394.9882299284438,179.66825317873088,32,benign
13.939571868022833,227.53705342078686,403.0072966378078,997.2167724705605,18.67800415420201,85.42272226427932,72.12723336328013,80,8192,50.32740572531982,-1,215.47600629048625,706.2561651003087,2544.483468969437,268.72573131038064,699.1760835298974,0.9663661958850489,4914.64408265913,106.50479180289375,32,benign
10.53046760029438,358.12602940997857,550.5513746413926,496.1678356506316,14.61616581432233,37.7854806588555,93.16705435792464,22,26883,117.82249508914141,-1,273.639213906888,692.7468312156095,1871.9072938207394,335.647657918966,1480.5302191983385,35.282858947545584,2291.4847101970586,33.042145602261954,20,benign
3.118322051506582,229.65072084133155,750.6387481141434,26.627735985212144,25.421808402762444,60.42853393198434,54.987516452399866,22,26883,89.1154861131661,-1,164.40531082955755,1193.0489807640138,16091.839666763057,180.32302683602398,444.32409876638354,95.75376693496747,4013.6175707502007,61.8185356946983,40,benign
814.1436976466496,1233.5291492613903,6455.875624351131,70954.8828079507,238.2308706119324,365.42747417434737,675.7334645867725,22,29200,252.45595660326825,0,4625.804870591625,103.33490837658701,11115.192704924895,271.31387447227246,622.0672917421541,37.623942701452826,1737.0354518662102,100.84033454091029,60,malicious
12.709948477134791,208.37075344488377,880.6291496285613,489.1853728477799,10.861207803623817,82.6522825955054,82.8391884385004,80,8192,27.950785481286168,29200,230.41324757437556,95.61685354633477,1629.0030972637678,309.54307377856486,1062.144548271827,89.45800429804785,872.9994315460063,186.14744902477412,40,benign
11.362703066498906,202.49951121163434,607.3989971477881,668.3611540608389,9.77603063252602,22.43271691529783,295.9197874723259,80,29200,128.2152119725094,65535,565.1720708605634,881.6194219705064,14478.708298168382,33.57444493829399,1119.8571332316503,41.97229389691189,1032.346090758634,162.77397098021288,32,benign
104.30211766317443,239.962570900318,1294.4648212754776,143.778150349812,44.75190762992621,39.289256430532326,255.06360079659467,80,29200,118.89747223927779,14600,3072.379372095974,946.8103527696836,14806.353813720149,336.1125712052017,139.91783193787415,57.038754943560285,1754.6714317598735,83.62246330929761,40,benign
1.9972885411236039,108.75127478488568,232.89423566584492,867.4547404087622,37.517711622997396,20.75727528830021,187.58787850955187,443,65535,37.37094965868215,29200,3282.1745246701335,282.9647326547292,7367.8391672668395,32.68012046174409,154.57931769498697,52.116340791695094,334.72201210820225,40.60950481044411,40,benign
1.641612306089796,276.7985712562755,743.2536175394546,834.2873828102336,11.31167456032022,93.27543825713452,236.15574849903462,53,26883,30.9784711322449,0,6946.915026555245,1291.0813510777905,6094.9475747112565,131.9467344960802,905.2519026501093,44.647264711390235,3788.4880282509985,176.29911430227858,20,benign
821.148238945022,901.0600838682009,6233.54753753834,11566.91496693285,191.95193064441446,749.3266197638529,724.4668364331721,21,-1,572.5866271839443,-1,3142.900284175924,1319.5391281247512,3147.8781475339997,134.3942375846882,223.7211640337091,77.8843287804114,1899.2061587363894,165.76283324270824,60,malicious
34.717782734082576,833.3120915956146,1907.8187575196896,41033.87400494248,328.5900354700889,521.799440148861,470.2948389475748,8080,26883,425.78289089488885,14600,4408.363791240955,481.7199433299864,6191.3222988613015,32.58649387276111,1186.3471017699515,68.13035931764772,1646.0437654492,70.4836448927586,60,malicious
594.6225896297649,1308.8448968163368,6808.561777186218,80733.4756448371,221.19205708285645,808.5593884290538,556.1669513155482,8080,-1,421.6234832290959,-1,2379.9547074377188,214.81092632078676,11639.527704281367,201.3923223510108,545.1051226611793,48.63574112116116,1103.2831388272157,135.68758814960023,32,malicious
777.8207960093066,1441.3173030180037,4856.857627651038,2192.1560857295262,364.9263175772028,492.44415030235393,480.81502373658685,3389,-1,590.6812501429681,0,586.1979625259046,342.25212578604766,8886.202935164896,249.3769704661212,917.0186160276822,73.60541109891273,850.3651086154258,133.45467130166242,40,malicious
37.407521083233895,279.6880759155756,1140.8051930399267,335.7344931209387,39.3223824397234,64.39406498383616,114.04735496532591,80,-1,104.35569355627733,65535,894.4712157933599,675.3443784222018,12323.96388240095,187.32183712633307,73.35855927234073,92.67624662215093,1010.2422332745489,194.2473800451816,40,benign
1216.6710191858624,917.0211170329005,2466.039981912324,50721.25591283351,255.2835749128705,847.9301540163963,489.173369330412,80,-1,189.79767959589137,65535,1247.5963626187774,1218.35273501798,2723.1174460140955,329.0979149535926,692.6648630825073,15.88838778744962,9896.669266578028,191.9472234725256,40,malicious
11.58749416698609,322.2445443671545,1358.3438485513614,1331.8433753921072,46.53397788718765,56.43141379047372,89.74001864514571,53,29200,133.0718216837344,65535,2215.6300844839793,558.4938248590215,2207.9066186021273,155.6987816926972,1261.9654134826035,41.413044688268904,1374.2173451582146,190.2385071760636,20,benign
8.00295460951739,198.60165473445682,700.4900625175276,340.02019662716737,42.894093569192336,44.78515622866546,75.84063229553641,53,-1,42.841725920013324,-1,24.15401597099394,1151.0203016646292,1601.4600724897994,304.69949254192863,299.5450526179462,28.46518099054267,1399.7675180422132,156.9383672917751,40,benign
490.97691024686975,1081.9937038233184,2016.8728788773285,15907.387313486928,182.46084279580293,789.8423185422079,842.4181035693719,80,-1,593.2817106499673,-1,6694.561822777087,1197.8444211076205,4343.174379736042,310.3491480784075,1232.2783673051013,95.70914442334207,596.7771407107714,44.75790499791583,32,malicious
0.6639940544528551,220.22748405876857,644.6705300310629,383.53513566676713,13.103670037594005,22.685547614656322,70.99148809950715,80,8192,99.51990716596588,-1,5986.419781204641,206.9737837066984,2283.2498210149824,362.7674524513416,114.07075650106806,88.01882530891126,1284.6426528405227,155.2125018293749,60,benign
44.59977117741043,244.9793538052211,142.19122928491225,566.5496778692997,48.477359723415255,33.374843769629486,217.17480712418345,22,-1,56.31397272812028,65535,2587.786097541112,821.405700219583,2612.948622176937,358.1770042547139,1381.8967481456655,70.8921632213283,3862.654462995862,90.14735375890116,40,benign
11.255186102203965,250.95169097677353,476.6715827720333,807.1812841572987,29.84394251659953,27.687637378796193,168.34283538114832,443,26883,103.2932176016732,29200,313.0792388213838,391.68938795244475,9365.184047639052,395.9023789799705,606.0512462556221,84.28445593589726,598.9464561588095,75.753701967106,60,benign
18.84120032135897,220.60366488423426,1005.5332271959765,459.7794555152189,17.077167969822632,40.06940629404088,93.65554766297646,53,65535,89.34988996456426,0,2903.7302174488163,675.8722363981253,2637.7913292945964,306.81696595847706,54.27950792886121,27.709171528325648,6340.847447756396,121.75224073465593,20,benign
259.8107305431823,911.9814986657888,4947.482683031718,10142.267419166987,118.69531823320081,433.342799509784,428.48827010021023,80,-1,282.370220048142,14600,617.7012357075638,802.8917397619078,1359.786438229412,54.47981606911174,421.63554759332396,70.06970920513493,1884.3594457026043,64.88513674607215,40,malicious
233.3891202433721,1161.75483701889,2674.233507081173,5751.896410010827,349.24051769556024,398.5131769186712,772.3091443940609,3389,65535,554.428939269238,14600,464.4550872883253,1030.7857976423845,1586.135146630071,190.26521703297252,229.80136948012938,45.54805975987246,6092.406819442668,135.1285071905798,60,malicious
1206.7483944228802,708.0839392882447,3193.952171816928,10213.691892281908,105.12306149645222,514.3602029932123,700.5541911997091,22,26883,310.25523019525576,65535,2708.211799314861,1060.1115253271187,2303.069475246982,105.29457660901717,1167.3502971043615,60.99453702109944,915.009908287074,187.77921380199302,40,malicious
708.0243525637304,1126.0899191779156,5090.577948315797,25879.130289196728,198.05359548299123,457.279917037925,723.7153787642407,8080,-1,244.15091424776284,-1,852.9541634350709,1345.5955238704614,521.8742752590737,64.73774758098395,719.3548264756936,14.411947435877714,1412.4550198285194,68.53509770717477,20,malicious
600.7865432198979,934.6094171526057,3630.897314623864,123408.32031464785,226.4020011407174,501.28297638849335,590.5747836005221,22,8192,564.135960776174,29200,715.4198048331509,352.4138188778442,647.0880956930603,348.6714443904858,761.8088225007061,82.06130106478201,2521.9100330785186,36.10701820117811,32,malicious
10.508028096870952,240.57230163125016,1431.3044678582826,357.841126752369,47.31744609829499,90.22904320296348,51.84324001497327,53,8192,142.84219064097948,29200,4658.5800328902005,1385.675219045232,635.8626041688728,105.1516193980026,1482.6412686570577,29.890610650255212,2678.046603376848,159.76791977608508,40,benign
19.298638673249414,187.62220880728898,311.23953061565226,1323.1369540919484,36.29941762359307,23.832926312558833,93.359518128011,443,65535,138.4799493321938,29200,2030.4217029567374,286.62462813344655,22023.694337659213,105.52751788706031,438.54111608883653,8.913622520186781,415.2379494170334,197.8222307639639,20,benign
177.9973893060265,937.7145738100975,2474.5600401820793,11116.00064979165,248.01948459120106,905.5557899622986,576.6856659116431,22,-1,501.65865153344754,65535,140.04065126140355,559.6536620311579,641.0411554744242,275.4453225299711,1478.9470479544314,72.88453413754519,936.162153761284,139.45275114145667,60,malicious
375.25455192969025,994.0476212929548,5696.816436965631,21284.670242744563,358.71489621270734,828.9042002783765,994.6890480415273,21,8192,420.00248100129505,0,754.5879917952365,212.62850199940334,2315.244430803821,44.11813988880973,716.0571204839831,39.002644979110634,2779.3119088649405,136.15325578496,60,malicious
6.093507243934797,285.5563905913101,997.804436675065,596.472756799298,13.386355864731375,27.55869648442496,72.40985231480607,443,-1,46.93396612290721,29200,4988.624057511229,560.6884075567446,1364.2842264907606,27.00267897973994,1173.4263284105293,52.58769753020318,487.14555975849385,41.24603914370444,20,benign
3.0419296860037885,225.5290513352088,184.2982789146588,528.5993887877486,49.961299266634626,80.63459030781092,145.01714973363602,443,65535,111.83965796551409,29200,159.6450428696422,287.2379045978523,1430.550537845254,151.77814784698344,57.239387212942155,68.75060394718969,707.8599277904517,51.88055481307618,60,benign
715.9481621123363,1245.460557475961,4902.0028874884265,45973.51470753081,118.99535344075538,526.185204505325,461.6615837238172,21,8192,359.13142022019815,65535,1357.1072015223713,1274.5679124645842,4782.521838467727,108.16087832039659,556.0296726074055,8.17552708484347,4771.508795362597,160.15746822260365,40,malicious
25.719717453023975,290.7594198855446,700.6313616209626,342.38303474266365,43.88971504204986,103.16850143672268,277.293046289523,53,-1,84.50993203201065,0,994.6629881794329,835.1939174308428,204.2219135348739,263.24896895828243,1300.7680256180374,59.716828009108546,287.84648318175914,60.919827617303035,60,benign
3.4661754901693116,165.98254884880367,430.58621061891205,690.1219880257369,42.62209334016155,92.82957718597062,236.64189527014418,80,8192,52.71282146554049,-1,991.7737627499051,276.61341597297576,375.90501439268655,71.02257783440211,657.9551509346967,74.43379430341736,594.277266970029,170.4533723392373,20,benign
177.30434151996775,684.0735595526189,3510.3802802916007,47177.05158056826,194.19211848122984,587.7994659920346,966.2607225967884,22,26883,389.8513762445072,14600,1151.3039656636035,1261.2179646075654,5639.870204723938,298.89617874287285,1131.1259674095666,27.93474712719184,730.0948317792206,198.71009475045818,20,malicious
115.54363819088462,1119.4997300018426,3485.1718041362396,44270.21900367933,124.1172324794583,641.5885234183378,748.2059257341933,21,29200,336.10710208152193,-1,331.3682062879846,666.5177235079466,7930.46640938932,370.52453591645326,1478.3094319373945,41.40349745718045,2496.545181960487,54.29991399958406,60,malicious
433.31578392169666,809.0399786637399,3452.59310243006,48806.547629835426,383.38449994542515,569.593102841362,668.549629610653,80,26883,255.60314025103878,14600,180.01428844200672,621.4949507878966,6827.638647406957,30.63374867724474,192.00090640685667,40.21261423220196,1825.4341335602844,70.69125670256865,40,malicious
971.4456567995843,1057.2209353783433,4642.6689141384595,48472.19208807463,192.37580536730025,465.6081315506152,597.6627034106848,22,29200,382.11586687709945,0,768.283420212996,1298.255492795631,1897.0881908821777,272.9707819019832,568.2550366073656,95.91692420496696,1072.995114133849,172.377090183478,20,malicious
109.93897188619538,1328.7538199411488,7129.035731172667,32971.0056314736,202.15529618552296,309.6864771324139,413.3002077660904,21,29200,581.0947389110265,14600,1270.6289435757221,701.4834715461031,3784.0465147444106,121.61387643912602,1311.65119747087,5.045907995149646,2306.288339916152,95.62603178030439,40,malicious
5.904407418882695,247.0620693538781,813.2659491847495,764.0596169951685,40.44077362693925,21.69928188825581,206.49805977132084,22,65535,22.696429347805566,65535,98.22746576607742,946.4837273786084,760.1333142522304,344.97626749190994,303.4458202281991,8.16817715269883,803.9524168531915,113.16826042533307,32,benign
701.2412776769651,984.3776061389127,6333.994888213447,16856.61200443767,167.72856083372187,993.1549160454182,604.9526162393192,21,26883,259.48147084081927,29200,3145.3487515787942,954.9852574934307,399.5751290824863,157.4115414002666,1053.7208379945469,74.75139285393409,5793.705922241642,30.13886855507655,20,malicious
181.38606236114362,1459.6525947239472,4022.4690060109124,18568.915014193157,346.61307147361254,269.7603842530413,610.9755481560665,21,65535,406.67353234646265,-1,4.022209428321526,223.52431285297874,6934.316905861767,235.26242205867874,416.37202937975104,64.11169018827053,5809.520442300594,59.04989116537797,20,malicious
19.80608409870905,1270.9633771664473,4783.704258240425,21704.555290640936,331.04826169095713,829.8536526935421,729.7938827485845,21,-1,224.936564454467,0,2095.536709323758,1097.1734934173169,1668.8872149283866,76.3619428566787,1159.303991453096,12.864514083862622,1776.7683383225822,85.73474860266617,20,malicious
45.7111346533538,1060.0635388458118,5717.850305632906,8765.913900497055,243.69360903659603,708.1261683663412,390.9537631523565,21,65535,433.4002268296094,-1,7491.359660674465,1422.7784929858954,1813.5618485936013,350.340831820853,113.13192673707618,13.749257162739248,2047.2196034693484,27.791745744716323,32,malicious
243.24885190840345,1116.6519865160908,3888.1099124210655,22698.932324233177,109.75791374156123,1009.9228717316689,589.4635458184428,8080,29200,373.557273424099,-1,1326.2365567359277,162.91145457824524,5580.899137751938,133.42085952409315,1295.7470254565826,87.93605033944125,741.8224327904743,73.1600718481023,20,malicious
9.833373622413976,232.81687591563355,1155.9151760191626,762.9493655758797,38.29446006542341,51.158771444163314,60.570776294594545,80,65535,31.80558296826196,14600,240.88608821809657,196.6701529888673,20256.154487825064,140.2452915587732,1297.7825016363095,49.80637177131767,886.7370319094296,20.29567616765722,20,benign
553.3487368841052,886.4283894213556,5349.860261343058,12021.521917338558,296.20000254494744,748.8018612447813,702.8641133744612,8080,-1,323.33348426344423,65535,1026.8717079830933,664.2618381139903,1094.1560105796186,96.82469362297307,211.6428867005498,42.341248784747876,110.57335542726608,139.15223384048926,40,malicious
328.069398176397,1075.7947460491976,5063.2309711374055,13834.048527766116,174.99778363792313,788.1493148671551,412.0233973770916,3389,65535,468.47240401641324,65535,593.018079238673,495.292857578499,602.8397925679999,85.18268323371427,937.4450727018248,84.00021408832654,3681.1102401596404,153.75469817712744,32,malicious
12.753842060102494,306.56126657886483,1164.9384964245628,822.884857307187,35.01512886785886,83.89365194626028,114.88134087517811,443,26883,94.1334277589356,14600,559.4721682954736,957.8121174626292,5861.114244493137,368.0870814532031,94.73324078802105,96.10168109444788,559.1186593980427,24.775994620574348,60,benign
314.2502665414055,1006.2180101545382,5754.715577856335,1803.582327840032,173.42745798965862,796.5080317776245,704.8472137503225,21,65535,198.4625755383604,29200,4416.7130865351155,321.72529708296054,10803.242437118197,163.3247832472282,1214.0737076502592,22.7624408692917,4914.219573820645,187.7442677939975,32,malicious
30.615165912006788,301.1663445996703,208.23457080810067,225.36719803806056,29.9638654643455,78.51725917948676,255.53061289141098,22,8192,99.99322024233433,29200,1410.3943932189393,350.064034016327,4350.89735959585,104.3115420022116,1161.3543715794056,6.207611230749843,1161.1998736492226,108.59076160919356,32,benign
15.735484649001739,318.24535856630706,221.4913206071871,1724.155974843039,14.397116804069743,75.71738734836622,223.0568905878299,443,-1,149.02092830582004,14600,277.49314186586105,1114.1057565447359,1758.5163520038702,66.46990361139729,835.5388328648692,42.019837700424276,5427.326063190698,30.76530053963418,40,benign
15.261278917213051,185.5527709359865,259.361806582728,10.760652213926768,45.28995334593815,80.666507435968,273.10867391780033,443,-1,107.5635782014287,0,939.6098954350647,370.1357934645811,7749.522956677652,360.09028820801365,119.48596136655668,36.410750720434024,3824.5464745564027,76.79260987512366,32,benign
25.87393529896712,179.9664004581191,1385.0594358227306,654.2681874633836,37.830229446443944,82.56093720247799,148.75733521906272,80,65535,55.77672559431305,29200,4107.9172989579,395.3638221232217,4878.621142144122,85.58431972363445,934.1281464083654,81.21448765934085,1815.3450603625456,172.7950666225993,32,benign
427.5015503764039,1131.809664621239,5436.613802700833,33381.00967239966,293.2734071555113,998.8266469641482,959.3746977699925,3389,29200,421.70108254815784,65535,4291.189169686419,122.68917242022896,3842.2529583014116,281.0798076012081,306.8016756542114,59.1559332545327,4101.958149748491,77.18630037469217,40,malicious
158.73402551142922,1036.7907281530595,7453.894606608585,6331.623838209072,388.68554130762595,412.2019957670134,805.9867735590633,80,65535,262.60051282040604,65535,1950.016143605183,1283.9929732609285,2616.777314243764,251.28374787210987,958.9135680896067,77.07628510360246,5127.1184444546225,44.983144226728456,40,malicious
8.265992361225122,321.94002906410617,1428.9268550041154,682.6883132646477,17.695769029836626,40.302144646621485,202.7888805660556,53,65535,122.266667058468,65535,2699.800540953002,141.8919044108817,2883.0138593621264,187.3507630895965,1100.1207592468088,50.02598424282443,1649.0398242406839,47.18901802385609,40,benign
815.46309375648,970.2182878264763,5890.184360144857,40048.68898780274,153.26393012947378,385.49920341702773,679.7491747909125,80,8192,428.1341342219234,65535,3130.2300367746393,1058.7358536438046,9192.407714814575,341.0439120033023,1288.5673893631429,74.1918108756855,9354.730257857947,159.5954454637316,32,malicious
1048.8538716535422,1449.151011438184,7997.916714774653,55195.731163380675,298.7639386229812,394.3485205240662,390.57009396735725,3389,65535,189.19548176245664,65535,386.41843857913295,79.64885657430258,12855.850129423774,348.5471286671822,615.3478818356783,18.678572059640032,839.3645367576859,187.640053304697,20,malicious
79.82344413632042,1069.683357857337,3797.5195115993647,25414.71566376401,339.9070931446721,1053.8115360879438,509.05865418735516,8080,8192,322.3823022256393,0,1386.461796909594,349.8233693179906,11748.24145912832,172.99765668013202,1314.148661642673,83.05111744946052,631.0253910717516,166.8261942976519,40,malicious
100.00079535392719,1423.2992596678043,1929.6186126060554,4319.121687812667,211.52425420031892,685.0274569409675,487.31936179753535,3389,8192,571.9641847925491,-1,2118.448973195214,1041.8173223223116,3972.651957392525,212.52374312957113,954.1670759568332,44.69239132117067,349.1807461067928,119.44775897426231,20,malicious
474.7005947166822,666.2666233245241,6747.552191411992,35114.521994073264,336.2240151057738,966.0509152237123,432.12151786921527,22,65535,419.6067603237028,-1,2703.545470635264,957.3443048118362,6700.4804529030425,393.6843548523367,1070.014932996643,44.151996932732615,1162.9535436993972,120.50963252784346,32,malicious
609.1066321131874,1414.3534316385462,6120.678919702617,11649.792973088646,318.74818629407076,1029.0341018721697,962.8673862628794,8080,65535,484.3083622189863,14600,4369.1544817240365,169.295956044786,5074.11568899037,392.01439606107397,1474.688082415411,69.28769301716251,1383.1311710354262,179.48594848959786,40,malicious
22.7395635961274,196.04771566471507,183.40080259607163,320.10813844234707,29.700421228121236,116.3336260776662,274.3627445389178,80,29200,90.04449591091684,0,2790.5336829979187,1228.791229913196,1032.576854171515,152.1036127301518,50.61414177545829,5.03246901641734,304.09493641651017,101.86719410294593,20,benign
25.597464087493137,258.17027066574894,343.80635883027026,993.6077732218408,43.23727767972895,90.38208514917497,50.65883250568624,22,65535,40.93142796012723,0,4973.271137027512,1484.353328543112,13947.355559438514,112.69538394333146,979.0862260013092,2.4567927187732708,331.80632763283575,178.24118899718385,40,benign
17.54838124249534,201.75075334832195,756.0989094489925,287.7923274416373,42.56562918538902,72.4431300792204,121.58022839030498,53,29200,90.70437518912765,29200,334.9892444713992,1404.5916796283966,4965.257957309264,200.52398469394882,1466.1310515888792,2.37319919292881,122.83263007267036,24.51733608230942,20,benign
1204.6702209279817,480.50823180974135,3090.4151707736037,8163.837319073437,111.63536205283515,1012.9893276995074,855.2690036874533,22,26883,271.42652527058897,-1,3379.5167925717024,306.8595767321641,2835.3275724197324,383.76501264203785,1074.9707264047752,30.37610368551772,47.87169231533713,34.862099332580485,32,malicious
1944.3383205186517,1072.4401719623647,6178.3132876094705,37998.85468334749,284.0817765783123,785.9367158843905,881.9289915177178,3389,26883,525.1067950564474,14600,1282.608030654583,806.2998173626457,5171.112924339745,210.6491690543622,71.75003529860093,8.240937286378458,2715.5655942077015,124.7835172001517,20,malicious
381.75690303299547,1042.5257747740322,3480.1847902346935,67896.4181834847,197.99089821509966,320.0876145677109,679.2035637091822,21,26883,158.29905282848608,-1,1317.0514955292797,237.0615052886429,5284.997378808864,74.01937995877057,1340.3632464139685,83.05836285339466,1069.203146610829,169.49280498253552,60,malicious
52.823638149874306,880.0937143955446,2628.4260794913043,75064.17765508936,105.95702683276458,330.2809734888343,580.4440471093167,3389,65535,169.4628670587633,14600,3212.3098274400313,274.7377664223212,4403.844969540555,335.3766815507735,1220.9209836709547,44.164594803017955,3328.8923385452877,56.89357396286203,32,malicious
73.36140935440723,1125.1278450306088,1915.4362776737928,54372.47461690886,200.86226326605617,1071.7095383666954,443.499791096416,22,-1,520.9660078637339,0,418.93230909806584,1374.5812303159319,17839.447519651407,203.29924160474738,704.8382550724476,43.68126408810944,1162.2638746824941,126.23008782857536,32,malicious
0.255680744110948,188.08952557997924,1244.5487745390699,51.24025119591603,41.339703507980076,56.11220748327151,292.74920188605904,80,26883,69.95765020378309,-1,4604.219300397253,1158.4976546925377,526.0013370378862,283.6328967038394,1300.4332216799216,43.38111967406073,3724.287992604362,21.779647711654455,32,benign
829.7890831206788,1024.1094272265743,6109.979479173631,22082.952690806505,241.06420067654756,602.6970218765291,604.7582710057127,22,-1,302.3366245294374,-1,2291.006802095124,1232.5579531691606,5159.819227109868,280.7349789816052,920.1573026667819,76.19291618286496,2396.5819295530164,109.52691337142292,60,malicious
103.7034079339281,301.95075282543917,106.14942131393512,712.3553615562743,10.447268641207097,106.58571429852996,95.83086549961382,80,26883,99.9740871576314,0,2645.0164813371016,956.4864751218344,377.30369305909977,215.11006853420366,691.5715064558341,11.943149622244476,302.467371730468,67.04432827433209,20,benign
3.2767787257267145,288.62794618335283,620.3693540220813,2384.9908281024445,33.44283879658778,86.68833909604834,182.95140581540136,53,29200,130.44278792647958,0,210.53613461411328,1191.2548937364002,1983.8704374710514,367.3001702023364,996.7302130378969,78.63702158225688,492.75523843478527,30.45866195331803,60,benign
8.864161847948788,241.57467699885197,344.7998557823618,840.4462540543268,21.678618646784134,88.74348700254322,162.56084779918461,22,26883,80.00334321035923,-1,2017.2175583308824,1243.7558854559595,4206.058034759318,331.7285074688859,1484.7326545953038,99.52089733421444,78.90476149109482,135.05526783600556,40,benign
1520.3609196749596,1328.0594127112954,6686.876292807788,17938.62371307071,349.7692430406464,1180.6465530502296,623.0406663486814,8080,8192,351.27989551778774,-1,419.9226428684155,790.3709611559754,4084.580263106297,353.3787059967719,1200.3577230485034,14.133013815023588,1461.131213709043,170.6190737452885,32,malicious
595.6949099719412,1080.7909373924338,6449.926560649595,4111.619221948841,118.09674746969645,570.3175822560636,418.1526937333157,21,8192,420.49117431286106,14600,896.6552533701935,1111.892484212928,474.21914802773716,368.49697261858665,1233.8510907187572,81.14035060454569,1946.0856310089025,49.80034965958919,60,malicious
745.8106792754661,1033.0123239637678,3184.670538579264,27583.368057417058,219.44122915158812,755.140110019194,868.1291277353043,80,-1,492.69942455463723,14600,5081.210438251735,876.2398256716642,8337.094043954476,311.53385546568654,1103.3523622135622,69.41912852737453,342.6943613370401,101.72203967136626,40,malicious
30.510988754651702,329.8022597026394,973.6303688823839,48.399050965901,29.53530416977253,69.36267554406626,242.10054130108787,22,26883,89.53694860891385,14600,130.56139558039717,880.0050925787993,6127.374742144597,158.25498155035584,266.6798159691811,77.06368781681576,1556.7975101434652,90.34840927344213,20,benign
200.61766072794805,873.4962428489403,2787.1848426310166,22214.328565286065,329.08206886499204,357.234384359642,798.131818997452,3389,29200,436.0254273742188,65535,1284.8365412381086,568.1415408499631,6655.605141652258,28.415744111793657,1230.1916190899806,53.18595817969191,3971.611949248242,30.726417563708853,40,malicious
307.09905468218875,906.2955795053656,7760.603955215011,67384.44915772526,292.2496587523202,560.9417419909742,457.9371686036852,3389,65535,375.3365053369216,14600,2624.2830433900253,1069.0886459959715,3238.0407637013445,199.8759383611759,990.3593032779245,39.0274235145731,4310.113624960682,41.07335347678203,20,malicious
798.3301861316436,916.0886237456778,3647.320114214012,71390.41380792334,175.70146885468745,1186.1008431816367,467.90773824466925,3389,-1,416.9040787185708,29200,23.691299782563895,715.1245326788941,2021.3797261512923,113.27393926341728,1179.3790730533092,0.2866929881172986,473.9242241657474,128.3595981036023,20,malicious
1393.7494638542123,1208.4370546003995,3383.414201396484,37393.76839884043,153.11058084118196,1014.6908767709235,593.8746889316958,80,65535,142.56201143509773,0,4217.928497211448,1358.1999462422295,6539.013510574419,263.35798881073043,424.92502316392756,44.31714228657749,873.1587165655937,39.370292078180455,20,malicious
1.0330630455955048,240.5654366416892,576.3776637022941,895.7083690057104,17.745478579876817,88.76409238703178,78.49831995908664,53,65535,36.91577113696079,29200,333.18113368591537,1363.8903904619015,23964.69404589536,328.243635962516,1409.804788145733,21.177646393217664,651.2242305187756,62.37849224511908,60,benign
700.2606359899181,1118.4308601657324,3617.0516736822638,17888.3309341447,356.64785675646556,436.24024281006876,685.2873009584221,22,8192,584.4473809742237,14600,1308.7301832560718,1195.8008788655866,2680.970281085239,144.63070291937655,1019.2748576159622,26.459099322878167,2459.5639780335596,166.7812313866219,20,malicious
375.3851468816997,1061.2212254771084,5012.948041239568,44356.55513766183,185.0273735122127,860.3661937688886,728.0838922171511,21,29200,145.26098571705384,65535,2346.7478377653724,279.54965455388515,4173.935000317525,138.16801906845137,915.9744873617067,22.20734018935775,539.9309516208086,163.28050039585958,20,malicious
3.6048931773563915,154.05122566339833,1273.8196496436178,590.5476288549312,36.82167595787716,74.27263497104914,292.71999590052997,53,65535,145.1651699926801,65535,49.39146069618646,1324.6917206013925,4226.430314448052,123.62558653910303,907.6307150919235,71.026901949775,907.0291099984619,31.266837594200542,40,benign
366.29654667284024,1051.2900416155924,2584.496686761652,126639.55285328873,316.1213655569278,602.2557327747206,821.2653520666593,22,-1,546.5292150449891,14600,169.3865475127191,840.1457876957041,4648.375575415542,200.77649435825697,296.3611261366445,21.154435850106413,1934.6258854069954,147.41515419668218,40,malicious
34.11239074535315,287.7320514901178,1137.3315168230695,1388.428422735487,30.104068941326666,102.53998225979156,206.4306980646126,22,8192,115.52880466395551,0,563.4988400403706,618.2785351853065,2610.1510937891535,241.14338281562326,1434.7574485599084,24.659749466904056,432.19838872029936,59.63522943750372,32,benign
52.47349919062155,175.72267360384058,968.0862437372488,96.67207738893981,35.02705029744437,66.63746570834435,140.00981348611708,443,29200,91.31341984467127,0,1713.9634483506932,83.69285224252303,331.5293823233673,173.3325904067571,537.152971134054,38.31944734943394,849.6559664241047,195.8760757821525,32,benign
77.52019237382753,201.1937336664304,1136.7203905680533,420.51881220074773,5.839385746547215,33.84901107003806,51.64170522197812,80,8192,58.807377683113664,65535,3298.595984928652,1156.2817264369853,1940.0211778609366,303.5503415996562,1000.2984068972012,51.8660139843753,4180.874582603889,84.58316878953275,40,benign
56.60790600114355,199.95685216650716,1122.153438622463,297.6341514830672,33.03016848244884,68.23776207337897,115.6983632151312,443,29200,115.52835927252326,65535,2164.082691474195,473.509120971395,11771.7407619293,291.2106563009587,647.5713712343731,9.630749402266225,304.84126713025194,143.96674739627483,32,benign
390.2143831140737,1283.0462668524858,7517.838626189709,59746.87066439272,371.76598439617675,832.3173443069254,506.2483469725714,22,65535,593.0713929408857,-1,2487.8189529312936,1048.1645064509667,1369.6793420417207,101.47610589277653,232.93366719428045,0.7656979839693268,829.6044214141465,196.33150194871254,32,malicious
4.825059955216034,229.75523044714285,727.6335034780807,7.624132631877353,8.075935069850527,78.24623147125918,262.65786292133214,22,29200,87.9099805874999,29200,3150.8263466487583,1268.6770075838995,4183.696879172459,352.8169796001053,764.8768338703471,17.62947559716116,2188.6370196234197,92.44426229842202,20,benign
5.379776322694653,261.2921918936046,193.1708997516394,204.52339916860328,45.019867436992435,26.255288650740873,57.64331382619257,443,-1,44.36820698118497,-1,4629.98049284819,600.1740971414678,573.0747021572075,56.26241088695486,1202.5392456466086,90.44211497068093,1809.2562593138734,37.51092400449594,32,benign
4.606990091837637,258.30725307749435,759.3692444930265,75.69039684401999,49.353530845704384,88.82991166917112,242.92266241968275,443,29200,121.65122343302177,29200,2940.5325535845855,954.173853894037,676.137889229332,125.02624082270796,1107.8143107543347,57.491829975474616,250.42617826578163,152.6384249453838,40,benign
49.13282823533312,318.0792960314681,840.7871407057481,1161.3891416752401,18.328620159537767,40.204537531535564,97.54588688090618,443,8192,58.496612341542495,14600,4055.417617443038,946.5909000615758,3779.5079892195226,30.61483995053101,350.3003136370934,24.53167738048665,797.606355098492,137.48654501705727,60,benign
5.755899665528945,195.08092579205794,663.2927719990232,1365.7623304782003,11.109431696015594,82.8202401298611,269.39284168619383,443,-1,60.9905627301446,0,1575.525224850425,740.8121731307862,2541.5586059606176,381.6753709198979,1181.7257240953984,9.173214280277941,171.03960654086634,85.30176338358241,20,benign
21.848798107597453,182.0548507740911,314.5812075459744,317.3452028901887,42.83545854379234,32.82909663887634,118.73298118678242,443,-1,138.13996225224878,14600,144.55831561897364,522.792631275242,6089.2125671703225,116.14251904434741,181.74464517050677,39.400238422921554,299.0131458721607,31.021177712852435,20,benign
26.665389512625367,754.0882349477789,5884.00314630152,26206.194420014257,379.44560176680045,1094.7539883813809,574.2187868538274,8080,29200,265.12457559535983,14600,1325.4995370173292,721.1324503406458,4029.9415405755785,288.5312821515189,1303.544076498544,21.3988808544605,88.10881367876878,94.99334853366224,20,malicious
13.051054820026017,234.86380076198427,786.0665881935327,162.09830317205052,18.186029539474987,33.76479375931512,212.2743125772202,22,8192,128.9551885150103,-1,17022.88384804405,916.0222719027068,3649.867806280284,30.982395788990615,220.10575386445984,11.213424404342653,4439.774281845163,138.62405236771684,32,benign
1.5190104512097435,229.92058855394419,812.9438347628181,986.6803565386822,49.73130365696828,45.57453121660261,277.62071818944673,443,8192,77.29353997680232,0,576.2930574627482,900.6424400277779,4911.308020833652,171.36136174787114,967.1809877063121,42.510454614620016,700.0385206923171,50.668612134613994,32,benign
981.2087876653875,1167.587817138217,3673.8349287940537,6362.5560044875365,313.3313962317534,635.2741672272218,557.006088004314,21,-1,226.17465719234113,65535,3618.425485060368,722.2716857461506,2537.53031989383,296.05953950054237,207.03252781296115,81.95746467442268,778.1737238031322,108.0766801574397,60,malicious
90.8212428048857,1130.805057508841,7234.641438738321,25684.132976495137,116.90075735528322,471.7402446920391,658.1317663117998,80,-1,460.69194958967137,-1,5044.481477666113,1418.4782043607606,745.5508651670642,99.67761157167634,1325.2327706718768,23.836772050787268,2030.6288778211754,181.72141702056047,20,malicious
29.838984280299155,182.8056414221055,1192.4995511767588,179.33205851448093,25.037323795399725,111.72755811529292,61.64943874016172,443,-1,122.67785346955742,29200,2946.9539257044953,1226.0548675998941,732.5934636963176,201.54520239257056,1165.7335000400135,39.794026093167545,295.2281408725282,49.51252322281557,20,benign
0.7735436781408672,333.12427944435444,431.30895383015536,83.76695476887271,42.88095447745688,12.787287449542161,195.84287522276486,443,-1,71.4368236391106,-1,2010.6389234854914,1084.1303595892612,10723.210202934948,101.55027661730507,536.6253604455146,94.76686644330789,2668.1574526828645,66.00384317233443,32,benign
156.9898054932451,1633.868622518156,4635.029221046354,9386.027314080053,327.71307866566366,278.62923437099204,435.0942098708522,8080,8192,317.21270093569854,0,712.8339767442242,528.6199799855447,5189.858372177672,65.03435779587699,1346.112691882595,5.7384107692963315,183.1332733685475,68.6425391502417,60,malicious
14.628443974324119,238.15356708711604,728.425083089845,786.0729451588143,41.604704163065506,88.09159537837213,62.57415783777774,22,8192,129.12200556393384,0,999.390700807727,1061.8581662121164,1843.1127959177409,52.49928924780437,174.46668098163371,32.01540374566619,2282.62106594031,165.89527418135816,32,benign
3.013671402466145,190.56296595205086,1469.4721901758091,76.79423541319841,29.997611179793896,26.623812410496864,100.55719271590128,53,26883,126.27566713473479,0,8775.997903499225,472.65623445621895,3537.6298030413836,257.79824364665933,708.1940852536987,12.297657562917763,948.6165257122129,22.755186863273856,60,benign
16.26719109689914,297.98180991029983,1475.1802722086559,1300.3766905194093,26.241117840586778,90.764576576314,53.00218755731604,53,-1,51.68041837048324,-1,1508.360222047371,1334.4903288885394,2014.0466428648792,276.55125539500625,269.6250185814778,4.142091614841825,978.9234183082148,78.68161211561551,32,benign
3.9188371435806504,270.1511267302514,1217.4466341637822,4.249791866556633,47.65728042548539,20.746046566889547,203.134999858272,80,29200,43.563981471757515,-1,124.14760822235239,662.8481899665335,2016.3682069415963,297.79798149008195,464.41171124912387,45.70254475480938,6630.43914473687,126.1698869276389,32,benign
801.8471378987731,1230.9992371555911,5443.7980085265135,35365.41267176023,370.0093556074294,945.6792671113423,472.45026822414616,21,26883,416.99467547299525,29200,2563.537990471405,613.3101166245392,5389.540102056802,57.10417845901987,1275.1717102505297,46.47451905717992,8022.00354520717,178.53771168302958,32,malicious
13.100330010300599,233.9433705515569,1208.065277288219,871.2249579025342,30.435335879047333,36.683437798859785,266.073133213906,443,-1,84.27406265256,0,186.1392277960127,925.3483694032604,2215.4145396008203,48.363064860702494,1220.9590964139934,39.25428889173257,3188.987338883436,28.753017992878195,20,benign
7.882666326543446,207.28393303104153,1457.9893193708222,229.1707573148884,26.643762355123595,23.353791203696705,252.97577926237284,443,29200,69.15920765341893,0,369.7787901179021,707.5744777035846,773.152771986943,176.4307007372562,984.5819253389554,17.2165021405857,232.68886959403372,62.2338382350414,60,benign
334.3295145521688,656.7875386828109,4198.316144180966,93511.00869805168,171.38199615073256,273.16794292195624,496.22902338755324,21,-1,131.5377404646297,14600,1330.1771697177805,217.58847808427842,7936.5934652848855,321.0238557687781,196.63928096250143,62.566970053710826,1595.9457304794196,139.12754167299,40,malicious
129.08767548228784,1112.7611226288036,5590.1123222359665,7798.313228993608,188.81486736710448,611.8794539665857,485.6760217527466,80,-1,430.2180708464888,-1,561.7960269166956,88.99586681228624,5667.008937699672,308.6195251815513,809.458266117454,61.80092607637295,1768.5594290329066,27.325318496734454,32,malicious
669.1902779285184,1460.1710650960927,4810.216964332177,7512.657909336885,241.32944216671117,964.2851434477303,506.7395374124342,3389,29200,584.0885419475451,0,193.91186174980814,154.94189332182611,3466.899608167355,184.15482599073582,1357.6498222770094,92.78402221026656,4469.7949531214035,120.21509308824453,32,malicious
3.1596875727159768,243.91747366669216,360.4364748789181,554.8037374747285,14.744208752848769,56.864319374160786,122.61014863382961,22,26883,149.31547706443072,-1,1647.2542552029088,466.8297369883997,3586.8137533985923,341.18200168901717,1094.6764113632953,83.65995454257225,3013.8632520033907,28.397677173278225,60,benign
38.6858788800135,250.4854013507458,1001.8384898006792,104.88124059335715,28.909976609820575,79.91658439200394,171.3944905208745,80,29200,89.84240211945252,0,4424.700137616918,1423.6714817715308,4561.173010872508,254.53647084388493,1101.114037508859,74.73374013087562,2010.6295871263237,30.892432651314028,20,benign
308.78936041522667,956.5555784130021,7249.333403992522,12572.262707286816,190.1388541542289,856.6164738132114,572.0348551428208,22,26883,585.6803223889232,0,1336.2990037721704,881.5877304884647,1898.350360274929,124.50930074489547,472.1404990111399,20.382399412630892,554.1526699271623,137.3176112462316,32,malicious
413.2005420202822,929.954221214952,4493.5225612537415,96753.16528309704,373.11461935169643,273.96933183230277,520.023457857669,22,29200,361.6421636945523,65535,1545.4797332746623,981.2245007459728,1030.5956289744047,121.47912503970502,579.5672863068552,9.482576483886461,624.5849929367372,117.17511316046337,40,malicious
832.2780623307239,1313.5521930299299,6245.632853228376,19709.962882861873,393.60194737091865,1064.4670731477167,427.95419612540854,8080,29200,485.469264635632,0,8053.572243556877,763.2879770593054,15325.630795587515,114.48230228976091,1308.7838778516202,51.47355901708552,271.17776981025384,133.6466553386808,32,malicious
853.3388882912374,1084.1852792015848,7340.885520062548,7807.1550108938045,319.90680602181624,1102.630245335342,501.2862465193927,21,26883,351.56315202521677,0,1149.000265218179,424.8341816473142,3847.3163439944315,360.61391692077643,1374.6348106332746,40.39776635722809,5964.958206514246,118.37069038152279,40,malicious
0.2750557161087084,181.33368980857676,1162.635835631563,893.4929358035401,48.56935559481023,70.12925858585146,247.183213092054,22,26883,33.14712142013537,14600,1137.4427732900767,926.9675925646387,4692.501282477157,158.98337696427237,1066.8777921865321,95.95429680432851,2765.5456061368177,44.070898805477256,60,benign
0.15270030190936876,296.7556066899606,739.0118638551461,612.8051821954547,7.552163682064744,44.610803551809965,211.7875444245127,53,26883,44.29276723653146,0,2858.08339871353,407.64472885923163,3937.8275855893926,338.3498205633102,452.4534584845969,92.71305262454804,399.1115866205112,184.2021394016134,32,benign
155.27534441562142,1117.0997847829422,4678.34364444719,101251.01218561159,104.66859682396189,523.756756148314,450.03370333952074,22,29200,467.42018464576853,14600,1305.6553350534655,673.7491723191299,3192.8675410022815,263.4605854758074,773.3299158305902,28.100724838547876,3014.71050565093,84.65631613055862,32,malicious
304.07277614913244,1081.2513807332869,5769.369248618649,2565.1388435010576,284.08640006247083,927.141277087505,496.5285875948266,3389,65535,596.3983781503904,0,83.4360199918438,337.99049596231436,4019.1291131485236,200.30677162874971,1255.240698706356,62.528381704527206,725.3846620667556,48.48880143922854,32,malicious
409.325757403764,1307.7305900526408,2336.6547337502734,9149.47303955228,391.8483477631251,459.3673247387316,483.06249018838275,21,65535,260.16357752197075,-1,1283.1959520194105,1107.5168885352637,2759.4140528985013,392.1796731592542,1286.931999754094,28.43092080717612,1832.5198063969067,56.510119667114594,40,malicious
19.257107995218348,214.58119259162422,1248.6918018006093,36.707346626319485,11.699696531733553,108.98466739208361,125.26034807732695,80,29200,88.4554184723897,29200,3488.850480782403,660.7541594348978,16604.26902528285,240.50344662123592,59.10521220127942,60.62122498910053,789.7715626958015,61.60481229694506,32,benign
421.98547034328885,1296.9444706872255,3737.384580351531,31146.77309722449,287.1499146894572,280.66531350272464,720.0592872089122,80,65535,149.09881404996057,65535,840.6180704500908,882.8800358208334,2775.991999339391,101.0044724108655,104.02707665563011,90.5891261086161,4842.180002338515,45.44139941518608,20,malicious
3.715538914030766,264.55137421358893,1102.3611804861057,543.5976708400502,28.864109342920642,113.00538618080256,80.23250870264374,443,65535,22.585934504815363,29200,6.452892635065906,1194.5376209826893,13514.900746867841,289.8188440699072,1382.1558671564978,38.38426182201731,887.6983402163145,147.4511591299049,60,benign
918.0779294799177,464.7988724191289,4171.975966024636,19866.7762936861,128.02313681361963,712.9553287051126,927.1328517479856,22,26883,536.3853160359417,14600,832.8247324736567,830.6018516572025,4012.7657697933655,228.62598909212608,1301.1088542189495,91.05802124258413,6546.758364874071,111.95567473129435,32,malicious
26.058826981328206,246.24562268221644,1199.9867090195992,489.18800044089994,37.40418831902963,83.91067291510848,252.05385806861702,53,-1,85.76792071785651,-1,2043.9283152225264,797.4584645426436,3908.229827836885,276.6043865979949,453.3362402308771,94.71339320383217,188.99971675277658,135.3186278153972,40,benign
19.307035359836302,261.6869525364494,477.7759317297805,124.48389583039108,23.94879071910609,13.935264769338243,206.50182853740182,443,29200,134.67813289393044,14600,2261.754269875974,1144.282152861067,280.8697472677211,39.824752737210126,534.5249759934468,13.286816442828208,4328.273102426449,188.06609909241928,40,benign
25.475395522337507,315.5304780115487,1224.2192002719082,377.68015383519486,49.97019732292934,73.29216159048781,128.63151070066664,22,29200,141.3993303667013,-1,355.8013573037056,69.4464985450238,17733.49268391382,325.2018763071336,821.9895789569191,49.819835212758626,395.8566069075225,73.49179302844547,40,benign
89.90257057325358,1070.843175242537,4102.424741327697,34666.34709173104,363.7800977559779,530.5939697975805,898.4504399525332,21,-1,561.1748072484284,29200,4435.227265905882,751.9715921720564,2804.972005630983,324.2085779150078,946.3928293238569,9.004037959001954,2946.7413703824423,81.08905408723427,32,malicious
310.44986652540825,1311.0551895051299,2173.072405605788,984.5082335404607,205.87302368556954,854.8841206265558,803.6962322597167,8080,8192,411.17929570729336,0,5957.096295295228,1269.9064014353012,437.22287529554114,192.1057951788877,121.47989657447172,29.94715047644414,297.6598696200942,63.98102350674587,20,malicious
2.828976272690306,205.48601318769258,1468.5382098049786,103.8458976995202,14.749555876834311,68.18495527229277,84.13988343033165,22,-1,38.99451127545059,29200,379.63760176877906,899.9957761416479,283.32110695797485,229.677483777232,61.97264281476028,15.665768920906087,2602.837249140137,79.7985822979818,32,benign
1.8991174908240938,326.2294937892639,1341.2022677892724,125.2986097768647,33.075233759983945,98.25093114022944,195.16358239542967,443,8192,103.08408460215041,65535,336.8754117035055,501.2256158763054,8954.046031207192,123.35738594895129,513.4865654879627,26.79645442212718,544.7640217713326,47.350706926860724,40,benign
367.86362235379164,1183.021100076155,7845.170761764582,39301.307253810555,326.7219197415119,308.9602694474424,730.9147740683595,8080,-1,552.2139781868556,14600,1640.8405955218468,1485.684434617429,834.6984009144168,331.21301947524034,1278.6379947239711,17.03685717208704,84.62363781665826,120.52853231748304,32,malicious
122.91510195094237,1016.5537634682644,3758.8370132586087,18391.743440031954,148.9566133538537,809.9620242120154,873.6486786413024,21,8192,312.003222938528,29200,1228.7028628412093,957.0065664678689,1283.2958200117707,316.27286550304837,669.8225535297241,33.79690317762948,346.1160752030665,90.99193792725949,32,malicious
455.19685406061376,891.0550448796163,2241.704769750175,138178.08343459267,260.92732780579956,288.3962462665448,721.676319494726,80,26883,233.9048258477382,0,4679.34095896207,367.32000302148225,904.9522717701249,228.01337780021217,509.5653156093631,35.20580715170072,3392.4007066292284,194.64276254587514,40,malicious
198.49052095058298,1091.136846417149,5969.040174728427,34179.29061837149,197.71203876179544,748.9596987948053,466.5379368724466,21,29200,271.8313561558516,29200,511.4167514490467,671.1234512931317,4097.332167996892,28.77600404087601,764.2349283410329,27.754256526608945,2849.365855399026,114.2797987873812,20,malicious
34.44089789398331,245.04939307528713,1144.6410496121703,1035.579081995181,14.799544409866789,72.42852137126799,93.79455207286011,53,-1,101.73732365735984,14600,706.1346047034837,958.2568691624434,640.1640367080292,99.26254325447913,423.98244523671366,42.507699718673074,1719.6061751544612,189.35763901555575,20,benign
821.0488826340918,1041.883124115142,4644.61082422901,202.59013817237712,180.31002212180977,1187.1792072616672,961.5333867071057,21,8192,385.1168952673497,65535,497.5294124245132,506.1527399279833,5665.010340041216,93.61387831567701,910.8578502795174,35.313643789881176,1532.5109441593481,109.96716567989534,40,malicious
365.1242307670899,975.7490068707438,5309.073713273841,68519.21107435066,168.60915720850693,1118.2241334261394,796.2912870563187,21,-1,425.2071056771236,-1,452.19470901186065,912.5832245526623,4355.759312261936,164.38020938897287,387.8344279450159,34.464323923592644,97.07970390830162,191.655254572801,60,malicious
1531.058951316997,1309.6757797998964,4602.703302399268,13643.54905124802,352.37730047255195,846.4538806850842,424.3471960370282,80,65535,286.44291011048927,14600,623.5486894898562,614.4340305051811,4884.309939105146,41.95521729275519,361.66369823687745,23.25637064333046,871.697060233765,191.26419552748436,20,malicious
517.6029787633869,758.1486064974565,6519.2061248552345,5068.788669188101,357.68333445584085,754.9824579496021,748.8540639124527,80,29200,279.9620727935378,29200,2183.9959532788157,956.7269436825362,12200.866798631929,206.65254209446698,1300.0944994174035,36.27393637058821,4668.984588608969,195.7314247050415,20,malicious
14.395184283831387,220.43050358471186,973.7681198562537,73.40414952898115,31.347857802553747,71.71390076753164,293.1783254571965,80,65535,124.87054287715264,-1,145.9783027704494,685.8114279950366,7883.8168403705085,152.56164212240841,1230.1911781631377,56.312790003663515,1060.9405110151945,95.52080621164777,60,benign
10.799421280215679,323.85264137300595,1259.2503375273318,1054.537010885281,36.874281482146756,118.87416255169627,104.44556023212826,53,8192,46.36966560235201,65535,1320.8350452801187,1360.6466783798812,1768.8444647579115,241.21045312498524,884.7138612947925,84.40280328888642,2137.7227502334554,188.9383492446046,32,benign
8.230260746919583,230.78824334239692,592.3603056039112,703.6221171848618,45.924479605778906,83.64166586782079,230.47544503868235,443,-1,136.7063396326579,65535,741.8028035593903,1175.7877306522855,11894.148077405487,299.3466659954797,977.2008473298395,69.03286912178307,1588.747760913844,27.18203912670954,32,benign
123.72966865049044,1248.5338142416506,1945.6936349825694,39685.98748817773,302.87433194686787,833.8921340176931,605.1040482630061,22,8192,321.05602775651596,0,7176.048124462263,1368.302378698242,11812.45373357546,225.42443655795245,631.801024386174,44.09041289772746,4867.040746683098,22.858595775219555,20,malicious
447.592169437014,1186.721489503701,3233.1005255972404,7636.17352683476,308.9289063280319,588.81609792183,779.0736720105033,80,-1,210.83210306297735,65535,1174.2543750967022,810.2996751995302,3040.111962372236,196.9148276998224,1414.9585562256214,20.085443974310955,176.64908504495983,188.06888142938155,20,malicious
42.76592107042377,273.1307056577185,1302.391549628185,697.1438305373157,39.76089631607899,34.85706649460587,249.14664356992765,80,8192,135.64280828072077,0,781.5039378125354,1092.561318130376,7827.397853155909,43.21919654632066,959.9757407326841,59.4281830725875,1192.9194279467556,191.63123996847267,60,benign
30.870763018484762,1092.9328121672,3049.114261974535,7017.940221826053,160.8666306258101,1076.4413607424103,960.2239054572202,21,65535,410.3566877481528,0,1363.6034283198683,954.2786118044639,5669.6949871367515,303.6484511202104,964.3433458691289,49.9831122062059,442.97859806479096,116.50932021867187,40,malicious
21.766878111538066,287.5639858032267,297.07982734100744,344.5773856638896,30.87446539000317,85.2467534996898,219.98064235951983,443,29200,34.57860264076571,29200,329.70678964748316,1252.3838656243254,9413.373145514232,218.42350939948207,1272.2018212323924,98.50731092451626,1786.4008379364573,182.81687327792037,32,benign
4.423761336205085,233.8785255490369,652.0837715999317,440.0606837173527,42.8068876368406,24.55671022856432,182.36499580425513,80,26883,133.66881479716102,14600,796.2697508369587,926.5880254195469,2561.8952712729747,81.05776983468448,301.5930773618605,33.722723229566064,984.0076847566543,149.33184339455707,32,benign
2.4088756015863866,176.3002715399283,955.90286000698,17.669423278161787,26.93693325706089,92.21832921222274,211.1673171424299,80,65535,50.24892907170927,14600,1425.2988816396803,1473.1262072173436,4074.373514550336,24.64554858983093,222.9037130406457,60.00166414848345,1950.5247830138965,34.08431173238365,20,benign
91.1588270433041,204.9936887870071,258.66038718615727,155.09034353205024,36.79611636012159,69.38162763656912,93.89342059891449,53,26883,143.9540375398508,-1,2914.9497937068572,360.6164782952341,4682.453175769211,37.72676990178111,102.39298418781831,80.67277780377265,148.00393370057697,134.46349105557454,60,benign
43.91228159046999,349.64175819586904,1485.7909125437411,573.2874201974495,37.909501493879716,70.00500494020699,113.29190154975555,22,65535,76.60602694727459,14600,1834.7196080063568,294.14531593215503,5680.7203180980305,191.68076178673488,895.7755637469248,30.276189482562764,27.7802094795933,34.20877175930008,60,benign
620.0360280025964,975.425811672389,2031.558106519042,15900.00308116937,172.95724166389448,909.2171404923438,826.1012218300505,80,8192,365.2962747250117,14600,267.61885761783185,115.42288545265679,15048.385957067074,303.3192025762171,114.10435589466485,30.686279744190724,772.9920893464159,106.61268858014213,32,malicious
250.35880853908972,1172.512412641006,5688.2959447893745,3891.18193563646,165.49184867252563,810.953699301895,556.8268005516602,22,65535,358.10553391426265,29200,10141.500753869333,182.31565075534172,8412.825455702003,55.25540752583917,1159.7767518706792,31.661704926974842,358.9777494370309,125.02891817806821,32,malicious
19.150061027530313,279.70390589989654,1366.485465130605,1306.95837226269,15.697049285464978,38.69943553503751,78.72343383092388,22,65535,27.292456032260574,29200,1112.4087325432347,1169.274306595943,1502.103558322393,342.3129470715451,66.03944446746394,26.203533508924316,273.2424117269389,101.32796628980203,40,benign
16.9074809481331,224.48977744566704,1274.8077996550046,1117.4833061434128,27.604859670382638,112.34779353768481,64.16590622029604,22,-1,54.23070327794173,0,635.7800112857323,405.529629101645,3481.8456852420886,208.50722501197762,666.999553791097,46.23843039076155,2803.574818290234,154.53961463557565,40,benign
138.52780597383844,1004.2414249451912,5783.383796106023,30195.52102586423,188.7241075155384,450.65221157870576,390.3244911015438,21,-1,569.0617954765949,0,208.5876278055937,699.8129062193622,1966.4101554151803,371.8624811590997,1476.2769684699047,96.47371229525528,8451.599368825498,144.2603701803625,20,malicious
42.39464971990224,238.52099335086743,930.2801729426747,59.21747069868772,5.085747880916259,15.261897290056414,86.13413157233498,80,65535,120.44371589573268,0,726.558032875175,196.34528188675097,15626.21237030694,210.5170894867849,375.26358329396714,19.959300445438334,798.9235269327866,198.4034408356438,40,benign
711.5109980725479,921.6435254076035,3382.964477110426,21877.820599100167,174.09896605806364,926.9391929166222,466.2235441140226,8080,29200,531.4309139891407,65535,6536.827280461885,349.33145774834185,1559.9817596434536,53.55797246602265,1241.372498457161,50.698309650158016,4394.5797403580855,189.32567200095536,60,malicious
28.584320189918927,1524.384649086522,6545.642937684605,55032.44169601594,310.97904245378334,489.69978344662053,767.0128429566817,8080,8192,381.8002394598799,65535,221.54696957697885,390.0449613529174,384.1348896953253,237.58849703005757,1272.3774964656102,3.9371018065531893,1046.6195776567686,42.19914163578367,60,malicious
1531.957804697382,1443.8231477647205,2801.371687935785,6629.70043322768,171.73300976295332,1153.958548952497,851.3672576668989,21,8192,586.9889001622705,-1,3075.18997401544,1418.8567401590515,4847.3604828687785,246.23944957068485,1221.208282634329,79.75794309540683,5045.025479044872,94.31635919133984,32,malicious
1102.9175763029755,829.7513126518895,7098.086272213837,55833.42898496768,277.2233466642965,775.3244130767256,553.1915310627544,3389,8192,261.94256294360525,29200,6075.786867580262,660.7790161625489,3675.4728921451733,268.6434013553421,1025.2498547841465,31.711586987852925,29.923512983389166,57.31958421604294,20,malicious
56.347819841068514,258.7731530310782,418.30977368017165,91.92558115850582,42.542767785414824,84.73003498622923,196.0907736871513,80,65535,75.47937859568214,0,1571.8235639652216,679.5411585499073,614.447226900726,319.9065684532281,908.3340602308949,92.64704111658416,1950.0618223045306,97.63857034840599,40,benign
61.37102127008734,1141.7678773396335,7918.85854675882,94731.00946218272,272.0916836616409,508.80790665459824,461.15952978362634,3389,65535,432.2228751540214,29200,2446.227810967506,813.4951618163439,5716.2325716574605,80.33613088337032,909.0709713308619,80.90414657742281,1718.6683298465232,174.10479583852413,20,malicious
676.986380754133,1260.9404748238549,4423.8712713981895,5757.181735030751,383.05745986374643,646.9758172429681,856.2098601861767,3389,65535,347.38524081924777,0,4127.061007017425,520.1934391600169,233.51217129004812,118.40128992672395,1247.0493702918884,98.92400739872798,2567.15803833132,79.28140383605313,20,malicious
490.6107241518724,1311.3834808557626,2963.672015394652,46465.96904132883,137.21589841266243,527.0841338187525,920.5487795430173,21,26883,473.63429509769145,14600,107.0694478475051,391.01690456518725,2553.7945029478738,154.51247576875315,568.4478772778016,99.34773030457379,144.2887423252796,66.45588384957163,60,malicious
27.78408960037072,249.6814985541171,218.65769188617958,223.4140285011256,37.53226620564824,100.18378530215163,251.93629745525132,22,26883,110.10622819219044,-1,4263.724248136843,1222.9945391758272,1254.2894734420559,301.3525196500647,339.1912111471946,85.50380350371628,430.2681124158593,58.9114174008222,32,benign
681.1016836107939,1356.6215887258459,2175.5080184900658,13394.673869993278,259.14464834609703,310.46061253845653,506.64362352019145,21,26883,495.0591132398771,14600,819.3878904911559,1338.2312303341455,10482.710199239682,312.95648537997585,121.00627084958707,29.53411569901464,1941.636680923609,71.53898819864214,40,malicious
15.660278393467095,241.74666919525637,1432.0284736186934,518.7766702285409,37.47315485144578,87.99490220665562,235.9471473194379,80,8192,64.66413516365961,0,1871.0221528597074,518.4329517610934,11835.314553412378,282.5207053794438,1312.5100003103203,35.675914378656714,570.6955605401996,181.71101571914974,60,benign
25.210160489583984,251.05136566442368,102.25807753483782,215.48958145120912,26.692715097433485,73.83016281083461,174.61947786401623,22,26883,59.17923375335233,-1,4856.163545633693,1181.957146101808,3557.8892481853145,385.41882451889364,238.59778535700136,10.88669695988692,2919.896772770691,140.42753091143112,40,benign
789.5394134988927,920.7233229730826,7282.219378300038,24550.048434219985,365.8785897117892,472.79846398923496,482.856217943173,21,65535,549.583760388384,0,1028.6745891589958,496.73653239148217,9476.92494893148,261.92037855395984,755.1659327845413,37.82012329142115,4460.3889522951295,151.85678098164527,60,malicious
7.8286495332239,254.24625597670905,1394.924935422259,86.78062126698063,6.004154880782817,27.031420550513904,205.73014109222046,53,29200,49.651663988635164,29200,2287.8716855820726,1243.0542091222949,3733.830437987072,170.33223014074082,1333.3937045858222,59.890928400239204,3425.648300524833,63.37509770257682,20,benign
164.85901521874177,844.113411752312,4661.01620761442,24146.49930336563,214.20701399569793,546.7029195994494,964.7997449741182,3389,8192,457.7016560023505,65535,10265.570768071164,856.6323936180883,11265.962400401899,296.07382627367883,1098.174904561558,8.802469442305338,2302.3066083877525,84.75533531891924,32,malicious
42.246700730613725,271.6059971604689,279.2244333666198,571.0594166337512,17.70429059901574,60.324277608705216,211.7469425770679,53,-1,46.34867763663679,-1,720.0967008287806,472.9564425110438,8258.583598424806,150.13420169259976,901.7950932407322,21.428741736398095,1246.39060638324,47.983274625313456,20,benign
0.9451728148672424,288.3964321763451,746.6272530534728,274.0654043167138,17.89673708818269,94.87457852146322,94.64842058500304,443,-1,108.12264767585712,14600,1101.6813915382397,954.8208389773678,314.55149297306235,211.3788934992853,862.7263174540445,71.20967932728907,3369.9276425040175,69.26054032256422,20,benign
1.013675718489763,211.05831271813662,1241.9284362361354,106.9407762274528,19.241162874564527,58.111135847703636,80.16127646466127,22,26883,41.68988282118237,0,46.30275996945137,1365.6659140817562,4549.470234955773,279.4855716260726,567.7230745591629,20.155564187792596,4608.250556900889,170.66745058244092,32,benign
259.8228582999152,938.6438057420987,2041.517195197559,32736.346034444974,393.4336901239262,1054.380144375446,449.20976512830157,22,8192,482.0612203325661,0,1367.5332060372327,136.34339115948157,5141.986557755683,35.82316388755386,1281.5593109854992,2.0570699637044387,5977.481010106984,158.5426050014239,32,malicious
16.49066543826917,143.75761139092845,960.8756191540238,63.771147532372396,45.514683406302524,57.877984159602725,72.23190991003202,53,65535,65.38721497002635,29200,4745.5941348044935,574.0838049601296,4433.513260432491,135.292126714591,1338.2070850119712,18.126607956516594,4314.1632774922855,60.75436242989182,20,benign
14.09950356673149,359.94810629899916,461.27279187204164,421.57310293386166,10.530581137183287,110.73823149093299,264.9404451811046,53,-1,83.64920247002037,29200,927.9639316727024,519.3555296357022,891.3260106516793,61.17462216336265,1201.4855297291524,7.115644933455478,130.4902687016193,116.41643934200732,20,benign
14.034152696931873,255.50161203204036,1368.3784496661353,189.25428568239457,34.971849580301864,68.44039234895726,124.7867535085977,80,8192,145.31339150609838,29200,569.320021552814,409.2362428281101,10033.945809063549,310.270520978489,1456.8482873524654,98.02641217216184,341.0607011724672,190.4352617744852,40,benign
207.64602134135217,871.7113012567752,2909.2951734476846,48019.174686339946,155.9945078831853,1146.2536874538664,975.9317208478935,22,29200,523.1037474738007,-1,3411.7935501380302,178.62413656334587,10811.014031759158,25.899593292526205,813.5471449849355,32.040951564926054,3057.826947302785,61.34697286476337,40,malicious
456.5924839836365,1001.9871751210572,3093.1000035754714,4216.838037591835,165.01196795651308,1152.5103594997627,476.16005175192385,21,65535,193.19392080664085,29200,50.3282103312509,357.952979241006,2262.1536918123943,246.04031102875183,1466.529795389012,14.516268500375972,953.1607439174012,146.9967858348844,60,malicious
529.4676985540723,1204.4933324957583,6496.196473635609,32207.390517564276,154.33726474737634,1057.5851557835335,593.3246875932117,22,65535,538.3625064315816,0,2506.2194502444017,1424.055248553919,415.81099115445,76.62709830640566,197.6736738777475,13.332891042040828,640.2290974253622,133.40151416133568,32,malicious
199.15407834598005,993.4297708526395,6558.742097745965,31115.29995238291,206.51087479880925,480.1046954202856,671.7801092939751,3389,29200,579.5658528995909,0,2552.985222263561,1417.1742081152381,2795.230207429316,257.6425783191896,883.2785309820255,74.32423465185339,700.6485175930997,28.55508477341116,60,malicious
39.28141926587575,222.47179489587424,1327.4438470668947,836.45874390729,29.76428109820094,22.646580639825032,241.24759922763107,22,8192,122.2673074773272,29200,1029.9482705312562,867.7372432938719,24916.80192451386,207.2489820482344,1472.1512331484148,29.726040187516478,12.20117151140054,127.72600375169802,20,benign
19.33456330058956,305.1244716387745,1248.39407291054,567.2457983596756,43.513357546853555,26.883709587668303,56.5757987489109,53,8192,146.07231275130263,14600,379.3717200905265,900.435346451312,2090.522124879766,377.5751517531274,162.96861284484822,79.26225484032851,2861.8083305206683,50.41938008546164,32,benign
728.7402786098099,1145.689714742662,5607.236370370432,4112.6562388746115,251.52844125078465,756.6366050098711,546.2741215974218,21,8192,274.5865207518262,29200,3168.5759452888,1288.1792685506532,4452.564903354767,343.4800483064965,1398.7812288714163,76.51882955954427,538.092363622047,157.10218630742727,20,malicious
13.142590171456588,257.49736406941935,223.27233446301597,18.544236746109764,23.71120539823153,95.10836124237012,223.42545485600473,22,26883,33.33059018399824,0,425.65395129577325,809.718920669277,1763.7984897168903,70.40770762894297,938.2228452983354,54.71432511302336,832.5503450121437,150.14679602960436,32,benign
711.4973185296959,1369.5687782591597,5219.128072249745,20262.774074812576,277.5395260735149,270.63739951352545,424.4636893607288,22,29200,529.0483773399593,29200,1127.5137181865873,610.6481843438808,5248.502216119404,97.37103597507593,754.9657076527308,67.2463492117789,382.4982117295553,152.009993931385,40,malicious
3.1476977530266597,309.18241265926576,438.67225260010156,599.5225123925538,47.273372683118936,92.96491902782864,215.9923353855176,22,-1,124.6358271386738,-1,55.000651521826676,468.65427964324857,7602.491276772215,328.96625618582124,1155.5898701036542,73.50789601761288,237.82147201485546,24.641332696451496,32,benign
17.33527783271284,179.69926783683692,668.3448601184472,1179.7460684501525,26.40062765977872,68.80673284352687,234.47889279295885,22,65535,84.96824801522331,29200,1665.9002867429333,599.1478391047642,4165.810708177716,167.53122881791646,1075.9708503722077,17.06778005199412,5987.773601367942,130.31773220303194,40,benign
17.414696718529562,1033.8752053287915,7109.365859281917,57620.25930645127,337.5745270456001,322.7257806342058,493.11592783194357,3389,29200,267.40715458417736,65535,5374.112443971766,187.52043677792338,9226.157774466774,355.7831233199615,494.5671688229872,97.63861108210169,7750.150808730755,139.8116589780247,40,malicious
680.2220730702352,1269.9021755000879,5974.364734657806,10173.10225215378,236.2217503822727,879.5411616687217,778.3705374718863,8080,65535,324.39511399337255,14600,726.6348076527618,1306.607926088879,15816.988903580675,146.80994010082173,192.35165735045288,1.1910568868923943,1363.2066207596997,142.47597766008923,32,malicious
165.15130535095864,1108.4883618495342,1940.4880230216183,25763.083765340216,136.18947383658113,401.07381461499165,788.0770875568383,3389,26883,190.73774416761555,29200,930.702568782282,566.379536490445,261.2637621590129,204.58226726221338,546.2687608762412,35.86940883220164,63.75401823737334,122.38692825518118,32,malicious
971.2882223671545,952.4979943610514,2267.8850732529654,13456.582947534032,286.8701848127831,634.9394705364348,855.3063373337109,80,8192,361.1974870359601,0,2689.8001157294957,362.70237821316715,3561.275561599521,277.6467878655843,461.51967381528107,91.76496996436383,98.82173452725712,49.82341895336118,60,malicious
0.04986711088492261,198.26149294007342,1468.5740270871504,35.86872082514494,6.782040518492105,45.75545453871763,227.06519739648445,22,29200,97.52261017239874,0,3358.3096397223653,1286.582059447992,7337.92967288003,225.80067000917407,746.9880389992996,9.647511487819582,4105.35109897601,127.80679097480203,20,benign
153.60101449849867,891.079813962222,7071.952846737274,10396.950507288984,285.86094898059605,1102.4463100991602,516.6371924832885,3389,8192,578.1842877133731,0,673.2617501052225,995.5329134178882,995.7082688588449,46.66686925084708,1427.4632283565813,36.12881869881196,1543.1493363070588,123.95079893315643,40,malicious
11.978469081430006,253.68118057492953,890.5280152510995,1224.6548788505747,28.203299777649054,89.31638165432494,273.3814081314372,53,-1,132.64740560112514,14600,543.5493456059075,147.49412400550398,1637.0522790453606,298.9526974709329,675.9190949546004,98.10211517297981,5282.776529399585,142.76609575464053,40,benign
39.96142453422945,205.63911691124713,546.8085259071196,180.8040000693533,49.229352122929036,50.99662166863319,224.13169801579227,53,26883,52.746916154223676,29200,1024.4415123112265,1219.773057325942,11025.893099412739,273.07643305207506,1301.5062717537385,5.612600292714099,2137.9831011525935,51.020440705577954,40,benign
1343.1691607316477,991.6940878065631,3741.863641688046,12593.66851288954,329.94585296810965,1106.1410178824685,618.5221135135121,8080,29200,479.57627947674547,65535,2749.075498946004,1155.5245443740425,2405.453888842592,83.87375250267922,1185.1708522758418,21.51308792468829,4594.3727267386585,190.3099629425781,20,malicious
1679.6367334806207,1136.8121148653966,7169.867382223286,11732.116256194851,185.86323161463392,571.6923480945807,532.9079864765945,22,29200,457.61318156106256,29200,589.4969789457933,862.0892818179606,2163.3232667305865,88.13890700880327,951.2831170767289,10.654579087717364,963.5478939377908,162.4742982860962,20,malicious
157.37197536347531,854.0707800042846,5554.255944613068,5812.925256437673,381.0646129718725,975.2584339332221,766.3610467764549,8080,26883,430.2402785535786,-1,2834.1490265691614,588.9081442101186,3225.4271321171773,85.28912842921615,405.8122144668721,85.01187367082224,206.68308546087488,125.84577547083568,32,malicious
6.919008825222778,243.21135132782754,1345.5722675395332,201.65248237360865,25.28658828692251,39.75501963508597,235.7435400658161,53,8192,37.95734245187645,29200,1375.1902426926463,868.7336182636036,205.52004061223522,211.44695872882363,148.1156841668506,81.18293761912753,533.1197692617008,67.7439738804903,60,benign
36.56471438587764,248.99513883835368,1234.2963048384572,743.6687984452284,16.942351807105386,44.80751949899625,266.2851782048255,80,29200,141.6431200527968,-1,450.82842201065614,1414.6666842495592,3856.4443095367083,335.6006792619935,436.3175501178957,36.62927203207885,1158.6163785370704,69.16248671925939,32,benign
47.74739092229054,272.97249452895466,918.253928576204,543.4666003741481,12.244577287694922,32.44020701272001,162.01925528250644,53,26883,102.38521125117809,-1,1269.0455666727507,383.92624747743747,69.18213468922772,88.50768557104848,538.3522743820417,49.92405797169591,507.426828147968,42.98190271887798,32,benign
47.93938441569278,295.6126978674858,866.4556473099119,506.1379551511185,19.423331891733078,19.716095216555114,154.20349797755688,53,65535,96.7901769069296,14600,517.6131371788571,195.85452825831018,3065.199314614304,251.613275632698,1305.3339682416804,26.06801671594219,3401.465683048161,149.07855361486875,20,benign
669.9670579777082,1154.4806059277357,2783.390062833838,35633.35894803754,110.8244829604412,310.3773968065401,662.9834085077298,80,26883,205.41194151291222,65535,122.93686223195533,1090.8537139271357,2521.2785657400887,29.866938623464023,251.64819975219277,70.80982398365879,2161.418155056225,71.43967368426635,20,malicious
90.59714151798833,1170.6619591031042,5922.334247525559,89803.65549365779,183.50754925599716,640.1941526722975,641.9726021283243,80,8192,237.2147846492829,0,1724.4738986795055,1389.5436349330412,13321.527301915532,243.24896890156924,1309.4569565355773,10.365959670585934,3570.508316733715,108.08716403811721,32,malicious
12.686233664625297,270.22134101609606,531.0808540949258,33.562026595524244,15.757565569720304,62.014267455493616,295.2834375210713,80,65535,129.05483109462645,29200,4695.969913470659,114.54830280194743,1574.0940033728161,236.57036143864556,487.11074831135505,12.626659038695964,3359.1882711296,54.43502760652034,20,benign
8.757641974156634,208.61850249368226,104.587817684631,76.67157802188883,14.664565623175989,118.59178809863211,247.80062884435287,53,65535,30.805910906351677,14600,1067.0661236900833,1373.413515656929,5926.150915167326,57.55072817951016,450.95902695668514,61.17209803578467,3240.879357101864,161.42572864210254,20,benign
1132.8237534566372,1166.682645666193,7618.500809022477,9451.956086863334,303.1809535053577,289.57233183816595,447.0046446241519,22,8192,545.8562304121084,-1,571.357404588713,466.4153176640528,2617.3517782100303,204.0272115657929,1496.4057533054824,84.85558884885168,1876.9262899809619,149.0719830749842,60,malicious
699.4548845996787,834.9142109422437,4761.596066333568,46764.310397915746,161.52633597658493,830.9897998835613,549.1933237243472,8080,26883,319.11663571816314,29200,3282.219321922498,1324.788424220949,2602.796417799462,357.4608406845365,122.75918886756918,67.09142814626414,1345.4865701958504,139.85660563878383,32,malicious
367.92000217389744,652.0832831370581,4719.192288679942,12300.436113795851,367.14319491692595,455.4235090443919,615.1765751679011,8080,-1,190.32379514911707,65535,1660.0605943129565,206.0800969468893,11028.032705524909,295.1308013242733,1281.402408160183,40.1036481071017,7619.846382809075,120.70768557047549,40,malicious
3.4393748253780076,248.36732259801158,389.6824796426494,142.13280922287095,10.152282445938852,102.62188609642827,242.45631495933273,22,65535,81.56001974095672,65535,687.6396657590182,53.70518388047559,11654.789643758153,78.51488941138398,875.3872216519484,63.365854642850515,62.84068029710585,47.60502501195627,20,benign
535.5197740180445,1060.1393563719955,7121.573225919754,14605.81494257859,161.13870306795897,1073.7813077976361,859.7667214432852,22,29200,546.6584956295267,65535,2456.034326511289,485.08705539959914,3753.2911282525115,253.30150175871725,639.7288026506582,1.1525593495931297,635.9250932986021,101.00533711460176,32,malicious
322.1421455657554,1312.3664628222584,3558.4432763219306,29581.41942071117,319.06898945595844,453.14501459952476,752.1946781551026,21,-1,480.2921721056225,14600,44.78871159110316,1066.3628512466084,4405.579632818124,102.32039437285373,370.41502970280226,89.4972155974173,3027.32501589982,61.178772402757254,20,malicious
672.1578617180439,904.9279424226723,5732.061488757769,11457.58100628485,116.90306666176781,810.9449291075805,648.5523718291422,22,65535,386.9027280980649,65535,2291.1402949871576,415.58455302655824,993.4086416952222,355.22126114279894,58.355775131452994,65.15045657549237,3420.2337393032276,181.18247828243042,20,malicious
57.56305075784061,1263.655337528087,2297.671194282908,7737.788371594774,256.66153754537345,1023.8450599052702,718.2509536514099,22,26883,451.831349086484,29200,1502.2570455501063,905.1605717104582,4366.111780454195,136.7901950613574,1206.1598674356753,17.480476367399078,547.2295225917552,198.07045294019463,20,malicious
40.394416653476945,224.4030653345664,122.96317613942848,94.71574331615408,18.22554312663223,15.231655687261572,97.32305295771243,22,8192,110.65919871472279,65535,339.3839822926991,838.1647762548929,7985.728474499074,397.6729023198108,128.35050023893484,55.154848941516676,2904.780646789674,65.48304089373465,60,benign
271.11795174224534,1157.466085001261,4471.94102221128,2073.6346840838905,331.08316102719675,843.1319463366381,817.7840542057702,22,65535,269.1317456117316,14600,5613.352018150428,847.3628009057709,11985.299320986185,39.840281157705405,1427.7941528401434,25.29985258708627,2533.9318404359983,153.16470052373225,20,malicious
4.267006056426304,196.91991551941408,260.3008494165965,55.8540875274212,42.980097563835955,26.28246241707902,196.97571332760847,22,-1,122.44312193237663,-1,1736.9199161695838,197.73063289474322,4684.945725705421,154.60286543440776,274.2169516818451,90.92680804103507,3335.9321193683595,165.1171279607822,40,benign
1344.288828056478,1250.7909539875748,6852.950876678273,31560.262889460995,348.60350613933633,386.1009290721541,852.0546037909041,3389,-1,350.4869970191204,14600,459.3218844192981,1028.2101875110275,2342.368284326732,171.50553074581623,576.3759836940716,12.745439886524856,1981.6487144407156,104.30002414139281,32,malicious
41.27099323850411,1117.8486651574397,7764.551806254999,8549.6110150049,279.5681332833402,994.9234356215668,402.1758606170228,22,29200,245.03014415532476,0,1955.8410087328884,1387.7569426444088,3544.8086883646333,129.53775429921853,502.96223246708064,79.06957048095451,3838.8405893008276,92.9325918250746,32,malicious
67.97743763051292,902.0804023263308,5166.530235214554,7798.856466061792,307.0739108214489,788.9553543355639,713.0832585400149,80,26883,373.75828891812864,0,686.4934118870807,740.8435725225219,8009.461175369803,133.05763622036307,1051.632127336998,97.34216670152976,2599.5583006054508,102.19078837775321,60,malicious
16.546607616382243,269.9509711002802,684.9225201856063,158.22754256807755,7.573489129866095,96.62535608631315,297.06421677340006,53,8192,122.26726147314217,65535,4235.001448633473,159.40257207601445,23780.544315516603,372.2207497274509,444.27270655347894,11.878901379617945,2952.131097952208,142.0030934448946,20,benign
181.30462278187053,1138.803211995553,4076.2314602054767,27550.224776495015,227.41826387177406,636.8325066221171,741.7901404231889,3389,29200,355.0493994082851,-1,400.1929648498778,319.8583151366342,3399.1687237974083,361.7491718264711,123.1605330811439,67.00408590097663,193.02774234108045,70.6155621585593,32,malicious
424.94745801597617,1415.317074782006,3791.2787869514304,2394.931078004045,161.13375865608828,669.0170272286061,839.98186892115,22,-1,306.9439115144843,29200,1245.6788344534214,1298.6447880739718,16346.086124647623,253.55744535613456,696.1444700775365,21.224560288059603,1521.3971219777761,100.30306705214254,40,malicious
816.3114154210648,1007.3031783600212,5127.787676265783,40395.13897108829,374.6669006223576,652.4150849930552,636.0948877511563,21,26883,454.6843585204217,14600,2684.0785548316303,913.7313815089262,6963.20018814472,188.46684964893458,510.58224977773835,44.578028497755476,2037.169943929119,129.22406246919948,32,malicious
112.77537839072468,1291.9659942042733,6820.209636388118,1164.707442573515,231.16309123281843,783.1452256962837,515.3928252090188,22,29200,469.69288830911427,14600,48.21981450535366,221.26088205841188,8998.890572127937,215.02153979827273,243.62137534121635,68.44199537222896,767.1408532273075,100.27208275658364,32,malicious
4.58470488505348,271.2345139468782,737.4597406946959,327.97836223496995,24.14632976134436,104.14071484327594,171.2983399353081,443,8192,149.9258690364954,29200,9.665830764933421,777.0710877381509,306.6886579897121,79.82524372427815,498.0665045918879,13.863406249656386,254.28756784524597,100.9874624388658,60,benign
89.60358220518617,1003.7871916891804,4543.857290871461,20.17295807875716,278.0622071759026,770.0149882518699,499.5751363561432,8080,29200,380.41693803769834,14600,507.28477729771026,677.2449114354606,4002.1435558596704,375.337783739015,1015.9770106432287,12.793754309628035,291.8592081040474,196.50253683651061,20,malicious
64.8401789893318,1353.8387194635952,2214.941137593895,2202.465810731451,106.07049684289385,1094.3013063821652,548.035701684681,8080,65535,206.32587005145612,0,266.3154029164922,1271.6648966882894,1852.7132829815982,122.61519800118366,257.1356788743436,34.005885277528535,184.175411380151,65.09427143940886,40,malicious
62.75357392965982,267.46402719527094,424.52136667626775,582.4424551337767,45.49990846548898,75.86861249891581,69.69613173670501,80,65535,79.38325867299443,14600,427.46983960698714,1376.0703027256723,4172.16043841273,387.83085692250063,346.26605323747845,47.42477014101922,1518.118166935651,23.662486415026326,60,benign
16.653595975594207,249.463071190622,143.22184347193712,116.04779575585194,25.852425321704597,72.64726526268187,116.92286076178563,80,29200,27.487149404480824,29200,3547.295340541355,480.5736600676399,1191.320486628065,96.67940515983194,1148.149699698459,53.0238055190946,234.9119665064687,81.77136836996979,32,benign
431.6743243513454,1128.5279106663115,6594.399186339181,31148.677162487667,240.1388082797249,983.5143980951893,806.1208374567728,22,8192,479.94702809761316,65535,909.0597529124691,721.2852203783924,7357.387123828743,80.08234897330766,426.66238724249627,24.72378001624135,1213.8883253274132,128.12753786184604,32,malicious
39.9933880131444,1012.4382552504487,7807.785178333386,121666.8115507259,137.92007314074266,997.2727816011385,588.2977721616858,3389,-1,268.93436910465084,14600,142.18119970448063,1377.8612684405093,1548.4246756868988,217.1147424375815,497.35452713678905,34.40325993858011,5411.095209892586,46.03865913385327,32,malicious
581.6345780161122,940.3555571364349,2761.3961626171913,24462.343766356295,281.0957339623517,1108.9608821530574,612.500786195411,22,26883,548.4125884245898,0,599.2317344253561,1337.4122133660528,1506.41745216954,261.85879129963797,1382.0104383859184,15.409333976394567,9882.422062462376,87.86152343887379,20,malicious
26.332360268930046,255.09897717325154,913.3888880031612,98.17377975657806,32.636065975783424,116.73053498496593,140.03301081171907,22,26883,124.86259771445809,-1,4086.0755987430366,1334.5660320007719,2105.239278112016,301.01913152961123,256.2015053780683,51.925867013400115,9945.844768712363,180.69315711880162,20,benign
1.1185747237295858,256.7689030105723,630.6952936242527,1281.6731319572314,47.03643929785384,30.621916124102988,101.09438089754696,22,26883,129.996390005676,65535,5908.276013785611,1102.62754270705,6116.971090907598,296.7033455352649,1378.6491829171657,32.60044967472165,1134.0932998595795,54.22945779861052,20,benign
890.8657467634337,874.5495499806425,6643.70859466177,50511.27746269348,389.0626877904548,1130.9022205611864,792.5672543911553,80,29200,132.5651904075061,0,1915.6210150779812,1031.489323970952,7107.488533473028,300.732274024719,309.1989160802962,67.76712028214448,4374.058919070175,36.175463331153495,60,malicious
0.10189841749522582,219.0387447401855,192.26999213680602,636.5349834578153,5.019789012913829,22.243533887565576,57.20178486970963,22,29200,84.13643362347756,65535,1845.5694615620953,318.65365306058595,6797.952762542384,299.65810666705374,584.4285935542966,96.90239537890632,2315.429240948619,177.71693899419785,32,benign
2016.8448622303922,1360.656784742859,2612.5675413382414,28913.805761384512,251.14282620608066,427.0947898459242,976.1814626402089,80,29200,532.8323161030144,14600,7296.289082119779,1098.6985859650595,11387.548813393234,250.56336714608702,1316.8047630812516,50.85710533107398,515.9923467630222,159.7243855542804,32,malicious
257.0810190079546,943.2994874286329,3659.7198284158594,18791.789922617565,339.63345304720923,824.7137813891604,690.0156857067798,21,29200,132.83841350114696,-1,4197.4637790718625,720.9414558155623,3130.024001509166,222.01638846745814,1195.7209289722446,33.340828738436265,3263.1896643464515,193.980287734537,32,malicious
50.138649030313374,194.47889611583724,1002.0473923322821,145.94950883359243,9.014902785989488,77.58477425540713,159.9640235520903,80,26883,70.37327897369528,29200,560.3875383486211,404.35462043172504,2931.274041079805,40.9110129002552,688.0431122172515,51.81641818284657,730.6380381680124,143.57003043384861,60,benign
15.021343551294295,241.32745850103746,311.328471712833,461.2824008478048,25.54989889299374,106.8820733495675,89.73046107853918,22,-1,126.15894843830557,0,875.2592813750365,222.1434484721594,2165.63583008921,83.18473308340548,411.2976947835991,49.792483396948704,1854.8216682672812,109.42577098544282,32,benign
688.2049937588497,1139.6886013416283,5925.786951636584,26770.81385776083,306.3797617847522,983.6802056240678,905.3692497704222,22,65535,196.61542433136435,0,18.225068582882223,207.32470554846685,4763.9648971074585,303.56403319525884,1145.7975775892603,1.4943158509937327,301.40264376129795,134.6338548427952,20,malicious
60.325608259347256,1226.8921704135364,7795.7851782103635,75179.46031976839,206.0677993412675,327.84704599211113,461.33621468207986,21,8192,195.29406236360327,14600,516.8040544593032,967.9819446251678,3633.880809857068,156.69488072676413,1157.8792097206,37.5915194263045,1336.9118583442716,159.307065435963,32,malicious
702.2330580848852,962.2570811596962,2322.925375573218,4240.959793036297,225.83789228882375,559.1434370030624,978.306027172478,80,8192,418.3398255361502,14600,2254.235026055361,1007.156519314315,4384.987328646614,213.47380262331794,134.16295026598607,67.18685957021749,7118.401250107911,95.20035390427451,40,malicious
431.6622517499266,893.933187236511,5860.519374799374,13953.667581660831,349.1473972528733,921.7646687680076,529.0914276329441,8080,65535,175.79417081948324,65535,608.7778012147286,67.112028400062,8527.445104420613,275.38403022949643,1446.3634393459156,2.8231316288697905,712.9736868169692,34.176355335939895,40,malicious
30.086946457495994,250.91071978422707,974.8263448945121,54.14499535488737,48.32936376289385,63.766683235148705,146.92162905681135,22,29200,106.50781378828033,0,6437.079140188169,931.000208667786,1461.1555731812978,344.12115436070013,720.2699563858639,55.149539559935725,6519.9953005962,23.448597552758443,32,benign
7.996492557267885,123.69781840081855,216.7856694913673,544.0709037572328,14.308031756720146,17.633475563620546,210.86547253509536,22,65535,99.48216356643583,-1,807.6763154945838,1287.835986286011,928.3692777144096,307.3640988563698,349.6458751245895,32.878951089696585,9.94028958968175,36.48208254923465,20,benign
736.2248157894123,736.9344804578076,6920.971290788246,38637.00052361514,377.45631255337645,299.4240793360279,462.30105881857924,3389,65535,267.71398288287935,-1,4228.124640337556,267.7701135078819,24268.147387353,331.7254157351233,680.2001550399802,3.369760167993796,8658.427252951353,198.55483551883125,60,malicious
27.678370924372917,189.8835440364615,104.92442656384749,685.1833714489763,13.619817013405434,43.066231092095485,269.70101821733954,22,26883,80.83612832337488,29200,2498.654878348942,597.6517469066839,3905.130114540396,108.44797354577507,1436.584548863018,42.861178850906036,112.23632819991886,59.92585600769779,40,benign
48.88621053084053,231.96231283604874,1348.0217386992051,49.11573010578591,31.73288606793594,39.06433375710729,270.529319580594,443,-1,39.34513495710481,0,40.125627383040964,856.764993266694,2727.69061070339,232.6521982807997,341.8047367554718,50.47407772231401,1830.1736349906034,126.92299627439138,40,benign
1049.6277226670209,863.8765550562249,4808.335303927712,60536.494235004604,221.15311737941175,501.3853638382093,679.2168975684168,22,65535,183.16923771258251,65535,1038.2453112920941,845.9610773963431,2368.1022970676017,27.944903478726935,515.4288313916431,26.82212488406953,7491.435461449527,92.98199581161694,40,malicious
18.000674667444677,243.80167160065758,751.9635258223594,294.25338912916015,22.360505447339037,45.37286495298633,70.45050166764831,53,26883,31.124270225968687,0,806.8342071071996,1199.2145117136663,8618.963898726757,152.8502527217722,772.7458992982636,70.97209476263015,1.8190719781086577,51.06196849821973,40,benign
23.598112298945296,222.17583876706286,794.4119299260808,71.6813407185026,30.684239339014816,91.53168281571567,60.140750357868406,53,65535,137.70246645257475,-1,2783.5006663071654,995.7347077881847,8609.29404464455,126.14620193306398,367.67229200387703,32.06310119298421,1008.6539294174257,42.74749428622239,32,benign
6.602419342846172,282.11112262827135,1265.1561734586942,521.7924849662788,38.46493235750172,59.512530807155635,218.45757791608602,53,26883,50.466780479610506,65535,1196.834479195523,1047.3893192594205,4469.475427634797,209.06747336675986,1426.9273293587694,34.66727530697483,4474.585451867495,145.48947872793622,60,benign
55.734291691432986,179.32740819480102,1067.3430558701514,198.11097871276132,46.76268256685525,119.92782456174629,206.58926208793693,22,8192,116.44574211082995,0,522.114242870759,83.05436925170821,3681.161446986755,302.28571581339514,376.1180532605357,33.67334957593391,2156.1164911329656,27.202765149552118,40,benign
741.6158899817683,717.0667953856139,5793.118385403575,92623.37333385838,357.9329234862321,681.1453625975289,832.0250861350321,80,8192,356.7587703648059,29200,788.29311050303,1228.3574987228126,9065.038619030558,120.76751213900911,965.7075465156645,1.0493595027549873,1313.6171370126576,65.03357351216457,32,malicious
23.02511893918939,297.3373278432563,1312.0519167953032,338.2677957952768,37.233137250767044,17.20614114425624,256.76426016023674,53,26883,115.23685049212905,14600,3802.4488621469714,1403.6683827838488,5530.960866017068,237.3363420891083,122.4543526722255,89.36462322347933,753.2032122777159,99.17029235960698,40,benign
310.158352968731,1060.5009342139429,2344.1627306819482,8243.236316504079,362.40662707891363,444.2548438941098,602.9059072788324,80,8192,373.03364345016746,-1,42.912918941850975,269.40786378989674,529.3416326918916,333.0317549382906,940.4224739955666,67.93824254422215,506.81432808263895,189.43006723313647,20,malicious
737.542100121555,1303.2347997443608,7734.09139923078,5045.777130976499,251.58040592629922,261.02854600396176,628.5001764283018,80,-1,438.5168785801493,65535,2952.693357204124,1437.911165608196,5855.317806518451,378.91739908998443,191.68040139417647,86.40264146043751,209.31140314631725,114.74668827896858,32,malicious
1509.18084507673,818.6977000815634,1830.9287509006558,101259.88243094167,246.84577480105162,1008.8407177449908,773.4958427980711,22,-1,238.97698230291178,14600,1795.1937146753264,150.37571718447316,9278.57013188742,234.58318943202306,753.3739356359051,69.96064283515128,1985.3487572287213,181.3211643700207,60,malicious
1972.8103640611591,966.8262670871651,6100.969495461173,22818.575308701897,145.70256797292205,462.2267318262451,452.97571137950365,8080,65535,380.86054939959826,29200,22.067187014072406,1460.7783499101392,10413.148521300966,359.3371622116842,1486.1314285529015,24.545497679479322,766.1330280674918,46.00790131974499,40,malicious
14.593186759423007,214.9674086588705,1315.6754934554476,1252.4373212419919,31.74535103163208,39.905335029544716,230.2603245919507,80,65535,31.17188125763876,65535,669.0396771286578,630.6228339825898,939.860486287553,151.4229117619709,524.4060956507121,47.007120194874815,887.3295927088955,140.98234912173385,32,benign
26.39799672771108,300.8184839022552,880.9721667344631,329.5697496134184,39.89796061207008,68.58570960854193,273.1584108311936,53,65535,89.07129833737223,-1,1223.8043543672538,813.411135985352,5129.893152892613,186.90536511187665,1403.5178510978246,7.319578653008108,1438.6750636046431,130.973623107869,20,benign
1094.909401077869,1021.082302181151,2703.083187436757,67374.78398696435,369.0270643908865,1178.6118387711722,509.1005486474925,80,29200,346.73507288058454,29200,2992.5989868824113,744.2426806078286,2950.1151470957248,44.22152451028533,727.4716817387597,3.331696296755071,1033.760333058282,61.97524666919701,20,malicious
6.85920675934096,192.0779988119412,737.5532379134952,335.6261031040922,31.432428943220973,65.50138431655847,69.54987420206253,53,26883,110.70695389069424,0,881.9664809079599,477.1975786229139,2061.459124295742,55.663266396380955,953.2672130079135,28.895737128190657,2113.0435258444636,146.3068275251796,20,benign
248.09628841442114,1086.5352365559102,6706.310387961522,4546.1926980642465,171.84339184498867,1063.8509592565956,398.2296671234373,21,29200,259.9936408764364,14600,584.5172811619109,668.2113166825461,4458.509351406627,129.34477796462036,87.31750639864427,50.6316692790376,648.2459604344383,30.0352636426091,20,malicious
548.7968209693136,975.6229187625165,4264.103879200478,11668.021811833241,186.7749900374664,542.6660175724843,433.70672054494656,8080,-1,561.8440813643574,65535,347.07570864393466,1453.346135142527,240.01355386823622,329.1529946985916,865.413149318928,24.846826682768498,2300.6475384219375,179.56572313400127,60,malicious
17.730762303579038,268.7004577533157,812.78173503469,25.517162682528657,36.32767554530439,36.07995019581365,89.96536304386663,443,8192,119.70423748178376,65535,794.521039484924,302.7420952213722,9853.170572155286,63.6306689670077,676.1458560221217,39.853789922140656,773.6191143789479,79.43642963130958,40,benign
1.654229306624041,224.70649491472818,189.14989603605767,63.7332046405607,26.665803493114794,51.59272084979533,261.0535803598509,53,65535,110.70534971564797,0,1778.7287311907426,692.1944153858153,663.0712781734579,79.38093704962148,997.5326165284412,11.013846242561131,1017.425226528494,123.28708803914697,20,benign
839.565554883124,887.5565257996544,6062.317295077015,40283.65567265652,251.50339791365073,803.541172702646,686.4413943402026,22,-1,153.86052353290768,0,1440.1428138948097,325.0823458424034,1566.5617414980038,388.6804972652424,1014.7084544025774,36.1897092162069,864.2688558530562,174.49572151233554,20,malicious
208.55008459859232,958.2930906595495,3209.2075539416137,246.3492876610742,283.3781250545039,619.0730774602583,616.1332938279068,3389,8192,500.16555720669817,-1,39.61407998224674,738.8750298218123,4094.774388451416,133.87993850249222,220.93246978709072,12.564012889345221,2065.568730363742,65.94785296110796,40,malicious
26.206018211383384,218.24274131778216,266.38609092365607,463.75126316277573,20.313173457642137,80.36016638503676,55.46445502801582,80,65535,22.729316417824798,-1,2160.5186432394785,1282.3542840768853,2914.473727029644,375.31416130665815,281.3904565884783,47.16340469622162,561.7322506821108,98.99376083994568,32,benign
104.16392941900244,297.0090093012207,1011.9298710434799,694.512185073027,35.322669860270764,67.97810278108454,278.69519458069226,53,8192,103.11247655916661,14600,1542.4806246760584,705.6312016962974,6200.585022691875,375.0219124263547,606.6853301790119,27.176753922647368,648.5579781760985,159.96261021417914,60,benign
476.6959948805963,1213.1044637993903,4102.943746087123,29636.539284166513,169.39229080936605,364.51917398273633,789.7506335563646,21,-1,355.7934031011298,65535,540.5806052298833,505.7405460555773,7310.671735556163,42.71399498816253,551.8502311669129,25.757253256859237,2512.4329783766943,136.77140662055933,60,malicious
0.9632840880693184,326.9163757906801,402.21417452560866,1.6944945014911448,41.550366099723995,29.01959631556322,63.71263780341164,53,-1,77.97187134793901,29200,734.4374781825683,250.00115770947932,9919.632468050178,180.29285748736314,1442.0272277510496,68.32135141113274,3093.480866037756,116.07069336208733,20,benign
24.620596279725028,247.4936419776103,203.4118110316804,346.9701350698737,6.6158116223227434,69.3460207319045,207.8530108176271,22,26883,120.5519961650442,29200,1058.8295677351484,1101.5204354033597,405.8012286771158,307.519273221105,1299.5215111954217,82.29096595565156,3236.991778427267,49.22702190854514,60,benign
19.184649346746685,273.8872442405366,856.5709010326101,2584.9591968059663,15.208197079095086,91.66491120979293,149.69794598369197,443,8192,37.62197845755308,14600,3462.653786729107,1181.8925776854344,5647.965546538921,147.8232736928535,1305.5844872343544,52.23084414776847,1087.3991399428,62.044687871757375,20,benign
11.581804065813362,287.474307939469,974.6462863625324,505.67931280313326,16.142513978774957,53.4990326991297,208.2816583654808,53,65535,48.56096526870508,0,4555.068723190848,680.5954614551601,9664.626177200407,155.2564026219591,386.3286602394228,91.92411629522196,282.4749759558774,178.2033273507755,32,benign
2355.470805036365,1017.6988750408988,7374.328343494532,46524.73404997067,326.70166200905385,543.329326243344,767.8557411613057,3389,-1,194.66344142432487,0,1177.6393860171681,1091.2374420402455,8293.769897572429,40.57207989879328,679.4877324010521,29.974733741992942,378.2306912401689,131.13920707059344,20,malicious
346.58416870712324,1457.462996409532,5071.203733596579,30395.725807843763,257.9319078232726,905.0189000655974,536.2952802690806,3389,65535,263.3887249071478,29200,3198.239117228227,1408.7216088394034,13113.778856496081,234.0979886806956,811.0802694116492,20.872058286488205,3819.999534325707,199.66117465184826,40,malicious
3.4832985867586164,227.1696454673193,372.46676384179824,203.60257988804761,20.166092101281077,80.3672119733065,257.52804928420255,22,-1,49.70747340151961,-1,2064.852866418679,1293.6707042092676,2955.822677869355,177.18713717126292,397.56454885215425,18.064395797279996,93.5506226651538,137.8092596028567,40,benign
156.36111100434363,1213.7514655563032,2893.7902761811056,18100.203928512892,339.1494470212589,400.78507138451016,723.3030072439019,8080,-1,352.3642381336648,65535,1291.3522561227765,304.643636553852,2505.7684067211876,192.06248872149993,589.160194165851,13.547732987327043,2017.9781061579645,128.41708213520678,40,malicious
2.8520127164745257,216.9187758044126,1102.6634704461485,329.5734816234578,9.008588066533212,27.150981782619137,162.54496944438307,443,29200,80.23023933983472,14600,3192.7913954452297,337.6114704781254,6249.28787307864,309.0933506974395,1182.6193793328225,78.55078838152735,3792.292723932999,94.95478160078537,60,benign
119.72472313641396,942.8610212137456,5803.001961035507,49006.48962183594,276.6776979767985,1190.5662751176264,940.5804825656046,21,65535,212.728312597847,0,697.6823023097558,122.61268753259475,665.6141308042872,281.65963618260616,500.69340035675054,90.7830794713806,4939.988700056371,190.89165298718137,60,malicious
384.980708120841,893.0715083357774,3484.1108528902732,67330.04878014166,244.2816586174819,1022.6664262039463,957.5781819103506,3389,-1,221.9466405994727,14600,1110.5332728342273,242.09806644230537,11247.427153153903,378.5497192253533,1473.0784418996554,27.56732725335467,1303.900865815551,176.0338069158079,60,malicious
213.06780568399697,1156.648354094283,2808.665572901726,26428.284097986914,285.91596184006056,432.3381099244166,661.466350442791,22,-1,292.80408055990915,0,29.248936923943877,460.55883682487024,1641.687334364369,37.33556399790241,529.4431760514905,7.5722371956501995,4904.706992721058,145.8192298923297,20,malicious
16.157812364208027,276.058285365527,310.4042120217624,218.1163018289456,15.490712758575349,58.372923839689946,257.6646602524858,22,8192,144.21798665209997,0,3999.150772268205,1437.9824164130653,5175.340923333964,140.44554314415194,191.44849916011123,53.704764491339176,1365.644592683071,95.89065473821353,20,benign
1143.2340176525836,1033.6151096662104,1887.0308032998844,4725.0415455153025,324.9692448951425,756.0542969045664,690.3463453932316,3389,-1,313.95198330284086,65535,1093.8845106453393,254.66554974731363,6308.964226736253,31.27861054676054,342.1213730094617,63.1068186313514,148.71417380597907,119.17394461107048,40,malicious
77.66110385162749,301.630755230613,466.3076178938198,381.1398409153069,16.504531987185988,85.17424775622334,155.07402953340443,80,65535,84.57199808151344,-1,548.1360836208978,518.0054567015252,5597.119740326474,121.39834151190566,517.8453549512218,78.03633641239045,705.1306308113133,65.17873222409007,60,benign
19.10630967697655,252.54996474529622,1413.510975407448,295.54407196197815,38.750187657714875,36.84325398255434,233.1981283495005,443,65535,26.74979046654311,14600,7434.974169904817,248.6650308458808,7765.879651483607,166.84518768756325,1235.4246181333428,22.043832245762385,8005.956548249369,39.80162392795856,40,benign
25.86426110742606,377.778596376344,937.1092886090064,970.9183975959669,46.14878260228142,35.733647515644435,226.23336064547144,443,65535,133.84202973272437,14600,2211.7482084477942,220.5436346779835,1879.9607445675224,225.1976226267145,1435.7931290427373,29.980181377858774,2999.94821871645,67.78176118402266,40,benign
19.528919045987077,146.59756872587417,673.162267434111,410.8233170734659,27.43043724467808,118.44813876740197,82.29232495957834,53,8192,103.31819210933506,0,2054.6310985257337,761.8544596781487,322.0850244696954,162.15395615216426,65.8296002150905,8.226092155460375,1990.0215194200287,113.55546245632712,20,benign
259.7043084430976,747.85607514634,7845.820954330973,121160.51677613465,283.4357406008071,330.7406689008631,859.6227591331294,80,26883,501.9559723192283,14600,1683.87566961581,493.27164059283126,2675.835073197018,261.98845147472093,629.3709739702068,55.697099994765594,3443.7652460150084,38.27611775216568,60,malicious
619.9973996028979,968.3592312773682,7940.124544069597,2214.7961142395184,280.9956785640927,341.9949426844938,741.6161115142572,22,8192,427.92200298479395,65535,1584.20114259949,1140.7852350663775,8330.897036506636,182.85260128717982,1263.4722349782573,75.54641338471882,881.8362736773197,124.03259755288933,32,malicious
8.281140644038288,221.71169926591176,989.0697523035207,130.9844967086964,32.447258046306004,102.13227344085202,162.80336870670794,443,-1,145.68619545483836,14600,506.9857818099488,1228.033595551273,2835.908756424817,289.7669369128705,1253.8884045603309,17.614188599188907,666.7883798413517,68.89888822481696,20,benign
102.23049819709381,1283.4381728848998,5936.297840063926,92.19363484422878,185.12528006227217,878.5320181163902,666.4624046963477,21,-1,260.9295681472845,29200,5431.54809990651,1202.8234697057687,4831.943619803446,114.94245812118686,362.4991678755285,65.44501209846399,17.070972461982798,62.2311626480457,60,malicious
153.01662995271394,835.1118902062116,4591.46020189386,49238.08475182107,121.60090320059214,371.6311545678333,550.553579257562,21,65535,242.61951262640943,0,1544.1795390746602,615.1469467742817,18322.099057748575,235.68914531564425,1035.274049113635,71.29961864276765,174.87215013742843,187.96349638764016,40,malicious
3.020917018953087,339.1224531346311,239.48603778918067,508.395773128559,49.73093450776855,29.34510383609705,96.62718672212642,80,26883,119.07192404343733,65535,61.61333099915821,627.0733141892916,3720.8275309473634,100.37288291207575,621.7182509767226,28.553068301269636,2501.197931276956,72.63127310653006,20,benign
824.213000781715,945.5341137192895,2847.937502938278,65434.9890111067,186.936638463581,851.5527424727495,871.252594334913,22,26883,474.1782053223786,-1,99.86010705109938,976.297073531631,4038.8390086833765,268.71207831033485,1137.9298402674006,77.01606125669088,8666.707856717529,112.43556097355989,32,malicious
6.576084578363789,352.36841421076434,1254.2930349110518,855.2116914793494,38.09249316971805,87.83466141560551,102.9564645505229,22,65535,43.32952088157385,65535,5700.380232888917,502.9850929335316,475.9187346116225,399.0982043871986,548.6077281941691,2.433007605624371,1851.7558875349068,70.1975517102878,40,benign
5.314015531640046,177.86756839246905,1033.9011208624934,5.172963857832273,10.240817935049478,111.13911218531624,159.3246214029821,443,8192,128.15684194430816,0,4052.885915375601,864.2755030448421,1588.1542046252612,102.22330014413777,697.4403106273305,6.198062028958063,6.940011801663368,189.77163856459248,32,benign
543.9192104584014,1164.9734605981441,5388.654101258869,5365.411010730691,154.99300798980033,761.3807478761579,830.5597348470308,3389,8192,410.4002726424596,65535,151.90859390826674,1181.7273806500646,1871.8449309667599,382.3891472162952,819.4182822627795,48.33975981428067,2047.7701027356345,138.16627964980455,60,malicious
983.1032200359268,1312.2283064767826,6677.032672320223,67935.19893037736,183.85227146386836,618.6687684574317,572.2501954896788,80,8192,216.1909209259772,29200,3639.2086466322276,103.84374266901003,2778.3774115744177,208.71579569001042,812.4662536761582,71.22167290612524,58.3403392462482,45.20717857509564,60,malicious
1813.9012099165689,984.4622053109089,2920.3247846044105,5708.208413676237,322.7170030101463,645.4372665701974,528.301515589717,22,65535,486.02248862966565,14600,1940.1528774989238,80.65809728785182,3394.630093036371,194.81701690294213,1268.4490434745965,67.14313617265256,571.2583737417024,171.97248449089355,20,malicious
20.145575326919815,294.5245959150865,905.4814273397999,1564.7470536593974,9.580979991713736,84.29165198093392,90.34841858805771,80,29200,91.01053362826222,29200,1270.504312790708,557.5205203616456,1948.6658029876025,184.81198459495235,303.2241210865177,78.05286020279037,724.3450727494666,121.67644554923828,20,benign
23.344461815078734,205.52155669935289,465.4034151781634,634.9904884451701,9.489925014171073,93.87117477296287,124.83369715646393,53,8192,138.43883331283672,29200,494.54746907243015,737.0961997693944,12543.984681380864,217.9673106766295,664.0312938112169,49.168633071937684,742.029895264769,172.1476626201895,20,benign
7.7700696066653325,245.800503262087,1129.768241508655,1154.6634910300672,30.585962145613085,73.17635867814346,79.59162918770289,22,29200,117.88435279521418,29200,2669.1151991119004,688.5456267911378,4771.248216383642,98.5986525128757,195.9493814419986,70.35234370839787,251.212010024857,199.68475823582554,60,benign
352.35534622305727,616.2983433807053,2689.312884873165,69697.51388471745,137.2928030422354,618.7442571419474,612.7618396302362,21,-1,455.5731023994838,-1,433.2683374130156,389.3038264152601,3481.350022843685,302.0430799353622,614.6495869443495,60.92501253188467,2793.216741780298,107.35882546827797,60,malicious
195.42324842698895,1077.7179839775947,2247.667200817424,91888.6566649936,227.9533028141517,1187.365824790004,894.0019511387522,8080,65535,436.62391801331455,14600,3119.614008365284,800.1852345652229,1785.2137176557665,321.03129257516656,1022.792850411498,29.34297747072383,534.4542202435954,134.65562708742266,32,malicious
16.349591504003364,233.04190001031762,623.4647550051709,384.5658719616475,47.5742485249423,32.390468495566,182.43802295997327,80,26883,75.0346204203089,-1,648.1364913664896,1016.7102239878714,7163.368182316263,348.05194579952524,628.1789834403513,57.727554279369244,219.36850553662694,134.54925134395324,20,benign
420.02802603589265,1198.9331584226545,7380.898357670538,27784.66330500739,234.70649243310524,297.57992469859335,667.8244236948565,21,29200,309.14076240604606,14600,117.06681033352426,77.61016011542478,1902.608790634946,344.2693503625396,241.34331035491513,21.968060681165113,567.9573049162825,174.1891551490509,60,malicious
5.247304810847905,263.2274434909724,1489.0070598817729,106.74439379151974,24.14394493596746,42.436177664326074,130.7830520818432,22,8192,23.869362066635343,14600,323.2635771603823,1239.9334466433675,13066.794150925547,281.0535255439636,1053.8281053171568,49.212724875753125,6209.763841028154,136.16072399898775,32,benign
213.32693193193015,1419.4534305543998,2723.040831739505,76529.80581774063,330.3671615361556,341.0620524668868,600.1235201905588,3389,8192,443.58041326548897,65535,1789.5234784120591,810.828305246518,12509.62019708395,275.5699707453944,434.460918045637,86.8899547258706,5700.834587971368,195.1125186370307,32,malicious
3.2147519445871757,226.45966106944692,1001.5376034526334,72.7192516079268,33.056345904606964,90.36448138552424,253.55559503525734,22,-1,144.80696540911697,-1,132.9770431419419,612.6917905607268,2084.857806998644,246.86288927273495,1434.0908575812011,27.338416478630734,1854.9094496305113,152.16395446613197,60,benign
3.048623209852849,204.00908401002877,498.4851122451245,473.6108249478073,26.086992762796214,104.00954152759309,267.5073029256225,443,8192,109.72793861264842,65535,729.685491458199,1340.2502238589445,7811.460758364138,60.15492069831725,190.06991022497348,63.9457586464114,1835.9659456402117,73.36174241444675,20,benign
10.543108875359833,153.17322732530675,922.7222633618372,1444.3542575055274,8.70903570024193,97.102296190916,226.99932006242517,53,26883,73.60387425849544,0,644.0807494155507,1441.063778108002,5256.43389385803,332.81998490123885,1060.6558061483206,85.31795299938767,1142.9486130891028,166.4080019355942,32,benign
17.056817315540883,330.0465576933006,289.2621177811608,218.79265646917216,27.55399804228716,102.72681017864535,262.79914476889206,443,65535,67.88272879095689,14600,2659.4338634717333,391.17319329791513,15047.434770120884,60.36525842738056,1092.0373302183025,61.326825993170175,3469.9498962774283,66.57552832054137,60,benign
14.149717277373945,218.6302433280203,1205.0644897002542,1265.7923781219909,33.18225170936013,88.06314721672169,244.45208636873113,22,-1,75.34386419774378,14600,1330.5351727669765,1323.6098340568733,6936.936352102527,141.77125384736178,1473.6247967006059,78.71954108326892,884.8723493125424,100.69554483280366,20,benign
10.240888401437196,220.46163406113283,1243.2479285944805,206.96504793945826,15.33060153391287,93.3901197930795,62.620622842086064,80,8192,47.48298619575486,-1,2245.738224783411,231.0069277685123,21016.239433342587,210.10586322383276,154.2736197160741,75.89078625672924,3284.410968213664,20.822935195065757,40,benign
296.06495667344626,1147.6077958776539,4184.614641015114,2015.3471920480117,372.28742541263324,423.40745709653277,417.60286166783493,21,8192,596.32137153027,-1,2306.21657379241,447.5028105853213,11652.757823072236,180.218665005269,1413.8688945452172,62.83567796918512,2286.907127259557,158.44743063647581,60,malicious
14.342768737314733,254.214931365563,412.2385117509571,537.1157388570966,26.399289824254073,94.80285149268123,152.49512014170148,53,65535,143.1959179254086,14600,18.245125543886324,1083.3371432128424,1585.507371415705,333.18638733742705,993.0530827129088,56.892207610639886,503.99503799967226,164.50598430613314,40,benign
20.17472342474524,214.64064174751493,420.4304173501916,393.56365211085125,40.408608659453776,110.72824302138793,251.9927837742266,22,29200,67.46862223289736,65535,1596.358273325973,180.1697571401893,8089.230739273082,266.8337554307235,1279.445992441437,37.29770030404319,3825.3769638317517,124.21175872547798,20,benign
159.96983587522456,957.81308130821,5878.064978172757,54368.294443193256,333.9633502663196,1193.942676925482,743.6631665210584,22,65535,339.12789658047234,29200,2331.7910721871926,333.887279795132,1099.610066363179,49.79685754605826,1407.4342078868335,58.5932311349211,1997.2482338721088,109.30350435690578,40,malicious
36.161366486643516,360.2706292557481,972.1268002244004,138.16196227218717,15.731669290939507,111.10334387220507,203.11021177499063,443,29200,46.134170408424524,14600,2746.98935214939,1414.6120153543798,108.94083547066016,25.004146621230184,423.05056894438604,5.48873789938108,1959.5686579069236,59.853453879893564,40,benign
1018.3267516899057,1215.560138895924,3596.6423984667463,2341.86781726693,199.51777444787356,497.2839717196674,683.5532406741634,3389,8192,378.64197752815596,-1,2612.8222068096716,1224.1060668760463,615.9168844500215,287.0942124117854,713.5603151246654,56.917134085382884,8235.868810495314,110.8800705222574,20,malicious
9.075826232637288,292.40391173351685,635.2936568721979,138.540692684022,29.1055492753339,96.60604163687663,140.423714955422,53,8192,28.284562740892635,-1,6795.4349664256915,858.4587732402625,13199.607840880106,366.5505056372345,383.58042059469534,53.091488830736026,7007.976298300113,183.26960987302027,20,benign
59.0934839658679,813.5715389113293,7150.493400036404,133.23717657985588,214.67075099763605,537.6731131515373,603.7443451006502,80,29200,133.20030419808214,14600,11555.25094993696,1461.5427921525186,3871.8124447079945,68.38583186255136,550.5404355088829,55.72726892157978,1987.7595332113394,129.1197099386895,32,malicious
395.2702204463209,1073.0266816840676,4437.411591847609,2075.516220401733,391.5741002435827,381.12625443672914,745.4079122093062,80,26883,338.81409223995274,0,2443.0920763048885,1254.4765937904908,2694.4807652566387,108.5270209117613,1063.2238972625837,22.687265042081727,4202.57444021435,26.245077664186645,32,malicious
20.05858795942086,147.36453124672164,174.38208709575895,125.95671049589069,49.92041416387269,79.14547833479158,227.94330003418906,443,26883,31.194063455619325,14600,3.0060250226115643,613.9820970266039,769.5712069053463,164.52961519915593,105.82922075473425,54.22526960034022,513.3215256287896,161.0687072698851,20,benign
7.141741457383417,1074.267126491788,4215.102423462281,4122.5743738178535,191.5780675117399,432.2729587917184,887.5383738061873,22,-1,513.2822442994783,65535,4808.468156961788,1119.4183422102803,1904.019079781737,132.53283961316188,228.90646864700744,52.50524453053897,1290.2243176228853,182.00385677273837,40,malicious
27.533286695203234,280.93562706258865,627.3936593213975,1098.7674946455188,17.83379012380722,104.31504027130859,92.42385968072529,443,26883,134.63362559214167,-1,2290.4906486948,795.427724549127,4588.081587624358,396.5313439515786,1102.866277345947,33.570739196901435,1927.5625649447843,186.42647349597627,20,benign
58.900065227113274,199.33427175192912,652.2921281623867,187.9398468522795,41.28591586077903,62.979295145275216,280.8928761117771,443,26883,147.06578480239213,14600,6556.288596476496,817.110696836213,8254.307303846066,254.42295973741759,1185.0297426806223,55.01592811482179,919.9465895436781,165.21857838141347,40,benign
114.47225764171854,1051.2250299873087,6828.447142300496,45026.24254920464,222.15245043512505,305.0834363162297,870.3184194832434,3389,29200,383.79874971353735,29200,1129.2155371078672,1284.7672554199023,4775.026103064301,213.15483367944876,901.797263067348,19.680336613780803,2730.0530784921893,100.2759524347368,32,malicious
495.70948602945816,1018.557405282233,7483.118332268072,5131.936474513933,268.5830718997887,818.9938467597905,531.1461265644716,8080,29200,499.8331922492779,0,2235.4384393408072,1439.1033875336093,4594.230643663675,143.9174405933578,744.6182267506833,65.73156064148509,1057.629157428328,84.78868080192038,20,malicious
127.02695003974041,315.1593948757037,1343.5854397269122,554.9876618140479,14.610819382156162,102.85859895098498,149.47382917246009,80,29200,121.10969310422644,14600,3238.525122501298,221.88387600635681,9763.93464936516,103.22652612748777,217.0901365190791,58.24836077268848,2413.1223772043086,35.26936540242551,20,benign
0.7305574142288158,277.3521879115618,618.9028474902212,644.1639834157887,32.28992735933818,43.739455029588804,257.4126843892223,22,26883,129.24219213704222,29200,2829.1630785666252,1026.3232243994069,12809.882503530776,393.35447177564794,1452.6006475640938,80.04383771168864,1467.7120479216126,124.37927963717544,20,benign
28.632263199034686,157.4847797599249,1210.7393868617387,38.471025512558505,13.678507862265679,97.63011064069526,185.0187260862997,80,26883,86.39527637367615,0,297.40634467498296,765.5851363304546,158.48597940767854,97.81939844226068,1133.2740093787131,61.10512798591539,466.9529540689761,116.98737987361093,60,benign
188.50585216072918,1412.8766032404446,7831.500374781809,540.1927430377168,388.5527576535107,781.3270333215613,634.4944136687884,22,65535,141.98224772101565,0,2279.0243158347116,792.0546489741293,2626.114411569052,304.42947470468283,1371.27848688667,63.0572668993757,6119.570388656493,130.06429029986,40,malicious
2157.826582775782,1146.077495936317,3865.320030714801,630.6741866885375,124.47049915608899,1048.8692570428057,878.4382663635786,8080,29200,207.8691955914864,0,1376.5074176912708,84.10571315493038,1221.0250170144668,366.9835891817118,594.1010276909668,98.75636842442094,758.3980684208858,155.5430583619693,60,malicious
49.98310604654063,211.04284907639192,1135.6606470318077,322.24762068048454,27.74524911584013,13.490095549852459,184.4302412437401,22,26883,148.25997264714758,-1,6254.62573852926,502.6394734386454,1761.5568425214628,83.45677706854003,872.1836478605708,60.742302609232325,189.47572712489398,176.28351374940692,20,benign
541.4646925131494,1027.080521215063,3502.118179642138,40450.95797369348,396.62469624775997,294.5563092869929,587.5588736731752,21,65535,461.005777162374,0,3677.468646581076,263.15069970593447,13325.807620462727,289.55331957249433,1291.6309946763,95.18459115005332,103.64124195565103,121.95103399097783,60,malicious
405.96282389751343,1069.3784349898988,3941.2526936494387,53088.12517837416,181.7652266668364,349.27704896652875,971.3242443691835,8080,65535,322.2844535658292,-1,1544.0228751834595,206.18472182829777,4801.015642142612,331.6915533841542,265.3483774570227,64.80506161911838,9163.489895013823,54.75465771358022,20,malicious
482.4548277014888,1152.0459489119291,5530.32921689981,11582.929262455315,165.0201764443147,787.3041584696208,691.1348591859686,3389,65535,368.23133804135443,0,372.9580306621391,84.32164515326521,806.9343401952802,274.82234187803783,791.5454960791478,66.99565274719579,1125.603947060616,92.51810088007068,32,malicious
25.467281480326186,297.73002697762786,1206.9174996913493,391.8840025855761,18.965485789817013,102.54261645365054,83.58979076380372,22,8192,104.58462308356944,29200,3799.6271712750877,1458.2184087044593,2290.652015014432,160.47867738253277,964.3892031149802,89.02205335196189,952.1618149470933,81.13894800067636,32,benign
3.3111553645859577,250.590290961216,871.1839660080564,59.077187714599766,30.379993719622625,94.35679338999745,50.72075393139201,443,8192,147.0729138979698,-1,2060.6236670072444,1163.280404469636,4694.562217416961,72.89018692674915,974.3535050702794,91.62674037716363,3200.617776559144,194.06796319350585,20,benign
72.27526708092371,269.28750522479726,325.92107636099223,23.381766571089656,29.08682262781132,40.71743615756714,238.30656076960403,443,65535,64.54889000061706,14600,3219.9985372272813,1367.5760282180772,9967.143061496763,90.95684032218466,645.4537948410576,57.033931504731186,4967.656071840182,51.561677319900696,20,benign
35.14249983752723,184.8371982285471,530.1018429894137,96.83707344370478,5.3281669022204445,35.62480684670558,120.56140536169455,80,29200,111.93613838981123,14600,183.96721768766037,816.7831495514839,7143.424759809359,312.54494659857,1199.7569411910802,25.424818415833904,3587.5510415365434,33.14052617886385,32,benign
118.2407287017485,1356.9112283260647,7754.9092682413175,27177.9928300324,376.64836459620807,856.8084073660418,634.2189103342146,22,-1,362.9689725373795,29200,438.23029227173544,428.56526123176434,2324.817220327788,219.9105648535862,1246.9620093633841,13.632850578078571,2203.053234336644,87.31712436641665,40,malicious
254.94156182985594,1241.898854935689,6662.493683898498,36191.406248377396,371.53609084626237,789.6393906467697,797.0707656424572,21,65535,288.4234161837312,0,1685.7789858016256,319.57090774480787,2215.139813623585,86.20009666007441,575.4528151379664,70.71062104918883,72.68642116104911,133.13756892838808,60,malicious
19.145117691453322,259.81306897771276,554.7657693553654,458.1185603238848,40.54688290792468,22.43950493421174,207.95176778288086,53,26883,69.77939809579541,29200,746.5538746699019,268.3964629894647,194.01381935396836,343.58132970174233,918.9978865175055,51.97212997032699,374.75791122314354,98.15396005547956,60,benign
936.706564612022,1231.4601252227296,2064.9291430477438,113676.1169779744,140.94466601493968,763.9990161089961,555.5230272846082,3389,29200,384.96886798022075,0,2180.2600330618184,1461.1541498841623,9770.944506464317,178.94859204952988,1475.1539364727398,45.874187903030816,805.3552344312343,91.65913172614026,40,malicious
62.087273918083696,1056.2577379946472,4621.620938761269,35691.168974122804,303.6371894854092,580.0669460739341,475.45773956553387,80,65535,387.1211009096243,-1,8286.799111967613,1325.673362027226,451.8310098336033,379.3572477173142,1075.9534043742105,64.3498002490562,145.83184633371548,79.33755940128094,32,malicious
4.762816531036612,284.8733477804059,585.2412320098131,318.7839287873286,31.0135754891013,86.27835202888282,121.48999480843551,80,-1,146.3012071726094,-1,568.5855437057007,453.9834113157145,8218.193074654562,340.2338164701685,268.242347479465,69.59417658014347,319.5524307288919,70.5439566359386,32,benign
361.4288541647881,1202.8935532235532,5660.709661043209,78100.06742903427,317.9191909781928,390.68928690324327,989.6026919626813,21,26883,283.1614310650391,29200,561.3940592790688,746.6411589782499,3715.0177618853922,369.1759938381341,1482.047030395055,9.639718745906245,4612.665526604843,179.6162886831413,20,malicious
10.928406793842047,279.5187304076835,1397.3128797383151,57.84761248554925,48.824802467209686,106.83863888246381,62.20332966548049,80,26883,49.74094461734921,65535,72.73729693729368,1023.508348493253,5315.651572666218,380.8667659964762,1332.2650429875,23.047788178743044,3452.7019578589184,61.89242108378021,32,benign
14.63090682419116,278.5013496641481,242.1386300860946,911.4676849172239,42.66252215909549,24.743791136556293,293.658430089393,443,8192,62.68479091918357,29200,694.1405483525882,597.335617256502,11413.386527987801,143.4075773782834,551.232217218546,83.7183336327215,9205.327019743421,167.6497959576601,20,benign
34.97948085055164,239.75740207775308,859.5189616982925,253.46943176375976,38.786115381886255,105.6744738317516,163.10026851862767,53,65535,60.77043998341496,-1,2442.763868442282,227.86177195984047,4458.32586868192,207.53851059771048,894.4069230215015,10.012373094545213,1705.5847261108,113.28255910408043,40,benign
53.268216647318525,1175.3577410227722,7548.67115730172,49440.72147775011,314.9881190622579,1084.7064587834225,660.2123362780535,80,26883,407.8847124561032,65535,726.7158884759733,1347.2976128062446,4551.953744913028,283.8552954533976,63.5184576478965,88.82910630395592,1024.8213012620465,125.89500321843235,32,malicious
479.00727274324595,1174.8667114559073,7275.968870558854,20506.62802698344,270.39876368871,297.5042220075983,724.2932699415716,80,29200,535.7203198182691,14600,3123.1441378208383,591.6214323727013,5822.914827686498,359.21463151923797,528.2115931079022,42.2436221845661,298.60679443810807,36.91258917426606,32,malicious
74.31423128592391,213.30042987335761,1294.4139385055773,658.3551180728102,6.768881506339989,111.30599736668556,88.80828681250307,53,26883,94.31757214091458,0,1646.1091797676095,1194.9778012489876,6022.115861899444,91.15489599768787,831.6682828042988,19.457130888648333,712.5995413285973,197.07830891999757,20,benign
128.81863217555176,987.2310617379272,5048.944964732701,17536.587564463072,365.37372066115967,592.0277448483498,780.166041503046,8080,26883,331.7105136292586,65535,320.99819930127853,1330.7287675237726,877.3660238588042,51.565158494720194,1023.9759886300848,11.428495012363626,314.83768883504285,51.878580851894654,20,malicious
5.0284928707607595,295.7119566253589,1229.7177516434026,836.8109020306322,8.414163260768333,65.79765970245552,164.53864169994966,80,29200,106.85303222368361,29200,4894.617085827854,357.79824887699965,14174.66051486272,26.440725495836794,515.1958449654117,1.089503872491382,2216.1574279368847,90.3542916713771,60,benign
9.355325364722963,361.8058483503252,1107.4031067355868,860.0278075274263,22.074326097342357,37.584649950471785,290.4460290510875,22,29200,138.80980343894078,29200,1946.4912034418965,757.972372584501,754.0590696844582,20.000846372368738,467.2377141866619,39.28825392407093,2018.6221676590476,43.69763887056885,32,benign
3.6573019091425025,285.63866690089935,420.24642030150676,1328.0848048311877,9.88673249721343,22.030442012366827,150.7181216635854,22,29200,134.1657733381059,65535,269.29550389092384,891.1661629397305,1412.0680403874692,96.17308517724929,649.4392860171814,4.300695104462083,1601.2665447460777,182.43210184605002,60,benign
1547.546870745811,1242.810272882543,5403.970438879909,94949.61911636847,399.74953007023566,1002.8554152678951,740.7106186077499,22,-1,274.73077784738496,-1,4769.839511197171,411.58969894863964,8115.670647196515,282.0820772661249,67.59444281364884,89.0081813060842,368.34031663336907,68.3166469675904,60,malicious
918.0769178489968,1025.9181397493928,2475.939727041041,20456.735668644724,330.31799616578877,406.8815382797808,395.26225864857173,8080,26883,320.01420157051973,-1,4303.294800468817,187.35533054593475,11640.14286710288,318.9928390252628,862.1618549786356,10.574496276370215,1996.0133241916349,58.542434905619494,40,malicious
80.82516127402879,1141.3235592781953,5201.571795075342,83686.83735130679,237.60428359306712,901.3003384584737,961.1391685337821,3389,-1,291.60403896486946,-1,2840.2483447998866,1475.5499646304168,617.4165487174189,306.8521236256552,114.07307473957444,3.1560566532720546,1599.2793158201378,175.40882759677996,32,malicious
5.828153409159352,245.80787125799702,1466.9801107186008,215.63197425540713,17.48355171928189,111.93608911339349,289.67015954702595,80,26883,101.2958194999716,0,1364.7962777310015,1285.0819599084812,5042.406104451395,206.75854745172128,392.73030295560267,46.17513287101331,3788.86405754645,182.1105608155874,60,benign
0.2265004703696259,234.13084201241327,1297.633635702167,2628.8254065106157,45.09937822483596,30.31329865350212,98.289660708044,53,65535,139.8283970810902,-1,403.1879266792601,308.99214118601714,5202.659182225594,273.9237730589716,851.4320729310236,20.288936590330497,1403.0360977912967,199.32188149159478,40,benign
996.5176620749012,1357.8112287219014,6415.169543305142,9645.15813293456,360.10686872586314,920.5470904758535,390.9247920668853,80,65535,308.1283300600122,0,4595.888556167357,1352.2296836998805,10811.964011594337,119.2980175101467,1231.7383660638714,30.470105636439538,2474.9849223309593,190.32926872824567,20,malicious
4.711654861174946,190.518824382333,1019.2109521358128,422.7560193459593,33.98363818522426,35.46036326384403,290.4252086930429,80,29200,84.4471853358706,0,2315.4862066046035,776.3371032895699,1735.7449108076441,131.02156407970568,270.7810747068396,3.3298608305105115,556.8569184806389,168.17338739736698,40,benign
35.12436054175294,303.2627252901924,632.4087208896971,226.12604470594573,6.57146711673809,28.187965801943736,161.69263981529122,53,-1,68.65567690434537,-1,404.91920433155906,1261.7277294766666,1524.5489533501905,167.77729449986688,300.77138131838694,56.495131812332176,7.939837340482484,165.61623735265658,32,benign
321.71953332593796,499.73740722908224,1894.5911896788618,6314.14922934951,118.61520476496105,522.1864634131803,392.2487421409855,8080,-1,321.6446392209564,29200,66.07686916167619,202.89200863247487,5426.476086383237,135.21192531690136,146.07362653986368,93.28565441158358,1720.5712188068853,188.61881733983145,40,malicious
561.4324228200375,935.1080115096981,1894.211491889442,13354.839042435424,180.7351904971933,1104.577396766675,779.4981596310972,8080,65535,581.5692348587211,65535,206.21882889174293,382.58953419153033,2713.0474948061333,335.00538029340635,531.6535954711599,88.21484172142621,6142.510578517775,87.04141528873215,40,malicious
12.616939653073713,248.1773007361801,632.4388484291352,267.06055475913206,30.28061670717201,75.00875157835605,169.13877946780627,443,-1,82.93451775288011,-1,5340.567884385071,546.8301436719495,151.62674363738125,236.166526675091,172.59646811928886,36.46738271016549,669.2583134579824,80.47970505377923,60,benign
250.41446395024502,807.2075446401966,7777.5370838251765,41790.880182674766,381.60464802143525,598.485910386637,462.24172949795025,3389,65535,227.82016635349387,29200,1092.8934206092558,1405.7997024029073,9079.429147998022,183.15514395023862,208.75775990925433,66.04545056009047,3547.1576473515865,129.09073858278316,60,malicious
3.267152241897549,248.58872151156413,390.77484178180595,1116.5896447311789,43.5417120178652,91.54723846696368,162.38800822735848,80,-1,84.52386662487024,65535,5016.679151156647,874.8033040882715,1859.0168657928136,245.69853609358938,853.4321498058036,82.17846765736986,1900.2101438623115,125.7239399193415,20,benign
299.85678378413405,1555.627020630704,3373.439391670403,75681.10235380106,156.2925904893233,1149.0005639796173,611.7382741216527,22,-1,328.78836684805356,0,3.1319637728502765,502.4183521687763,7819.248152564125,61.1298441407364,1215.0890417574685,14.692790875721895,1471.2037172333935,162.34412529087146,20,malicious
1728.0313648477998,890.0800616910462,5191.548195628402,5534.557647609907,160.78887715153627,524.9684433556176,658.6973383082634,21,26883,153.2067307779218,-1,5225.716909631837,912.7410492760881,19594.20372056097,368.50621373599046,171.5909490015032,61.81126891671869,3699.465749810573,130.00278342907853,32,malicious
164.1586800507141,1073.7750480537266,3292.3554449403746,25162.554476994515,381.44300331657746,737.5262079170654,888.6189611970063,22,65535,478.00031245239154,14600,213.30653203388064,1421.8564997188644,8231.090198186845,64.42260015601163,984.7949598555371,63.79465431254629,1305.2799552534493,115.5143899847977,32,malicious
74.72288388466356,247.23633939955326,1487.6809193970569,847.63400543611,38.593695651028874,81.64064720251945,263.57696418487365,22,8192,28.54648192265163,65535,268.8699527807787,406.1671070595822,8896.836358261804,253.075543602381,1208.7999798801982,47.03224552697671,596.8992031092954,167.73590312713782,40,benign
10.089836927803987,191.07661944315487,1190.6281377247124,208.85336690819815,40.633851177713126,109.90586980009108,133.28622147878536,53,29200,90.90061037780409,14600,511.05864147183934,227.01659172674152,11664.428504565689,183.9094224837356,307.33772989101004,39.09865143973297,1464.2092787791805,30.57565240294474,60,benign
31.22119006506226,1231.082146177033,2609.805773084061,23294.199081845898,175.2989335129835,731.7156493629939,953.5874351758218,22,8192,552.9866466004969,-1,99.19418703205255,1282.484012927335,3780.24116281663,315.2891155932788,311.300147639969,53.80391031616476,2094.682987406729,167.6711720836482,60,malicious
34.0551846701806,1245.160163944379,2991.2423693069913,71945.19913010322,255.47753270908206,974.4892516195652,571.9521037642448,21,-1,504.3780877178031,0,209.05203729301226,690.0984466963868,640.8537788313,200.61538720852244,477.9894158260658,0.25078437690631006,1996.149789976267,179.98752375578133,60,malicious
47.59582091109639,263.73343509128046,136.66131233715524,687.3960882820213,20.258651220851263,87.72021847319684,254.1981306402789,80,29200,36.37925853190107,14600,589.2165652902912,514.5098298483184,2977.3669238398465,248.04573576769806,227.70351658746796,32.95330203756775,7791.4480823546555,165.44373156814734,20,benign
65.6448122186013,1186.5346350495856,6979.786808943003,18997.639600549104,337.97064533639,983.7864981036604,544.8654568983048,3389,26883,492.7135411178545,14600,347.5061391527857,887.0184642928737,3273.434294986976,249.77682326904073,283.8257291130143,73.58443217700778,4155.298614124971,48.70605577794653,32,malicious
84.42309568800526,251.11663201473982,508.71178551181424,531.1790247353734,49.50473385505154,95.26355656957615,206.25931197326966,443,29200,35.70459222061772,0,232.6784530093926,92.4596613551354,10655.480059802436,266.24470724261806,644.7840505894799,37.78575652657163,3575.676772770138,149.2445717455579,32,benign
398.933449785579,980.3920996275815,7112.976266319213,30337.895730983102,342.47019264886575,970.962697584805,796.6543612048506,80,26883,300.6852705289945,65535,1051.9789178908,628.3993266991156,2051.3698797122333,149.4551710686763,1104.9175278721073,27.755386276923467,7412.439110098668,45.58111038342696,20,malicious
1672.1896476747754,1611.2623396459803,2143.4764052982227,44102.426433344226,200.80120630526187,758.6509845816529,901.5668028858909,8080,65535,400.194597491842,0,333.22173599377373,714.1845213393024,1732.5782671981856,280.41581145399925,92.58281594376415,63.03174233988278,1054.1022084239264,119.55270547381265,32,malicious
56.539772806502,1097.2120470713348,6738.247145410846,3909.86863744303,130.02893351229653,328.3587262468359,609.0239515750409,3389,8192,352.8281700028984,65535,891.2902505845476,1361.0026291974334,1560.5935695407597,298.48552840341824,181.23246085002845,86.71128003302947,2143.667633617287,28.78863157951025,20,malicious
18.167205135877747,843.4704205665316,4202.564617395251,42548.65654043633,218.5405746722628,751.9992868962281,644.5067212499459,8080,29200,242.6709531836048,14600,624.4834178901576,842.3418603876521,7651.603853632636,157.69623107334607,1380.217944098963,31.419440605758233,1557.3511062520856,134.5693695593758,60,malicious
1069.499962177157,1204.1565890138863,6396.63949367931,49604.458924184095,351.69170072358156,735.7014756826454,511.41938071198206,80,26883,548.370744970641,14600,2980.766137488236,1108.0955457926455,1142.391213864385,183.99197822807633,1430.2091767683228,1.774963101561755,1660.729049632782,168.06069446041252,32,malicious
9.77932146928214,280.5895573453352,1348.8014816079606,921.4125593716857,47.77715922008226,81.88370248037056,295.0933307791504,80,8192,54.19697061839445,29200,3016.4595678584483,654.0811926587604,9233.954023203803,62.38665133638003,591.0241854778769,12.990232485758568,3795.980161907829,178.8627629069685,32,benign
29.618823604560227,284.13524682095226,1337.8031653470673,861.5165586024409,25.30469968598334,92.65230585349504,138.52515423669905,22,26883,75.61669921989399,0,1436.3930505828068,374.9902088386648,610.6098699269141,360.8245674514246,1437.064736000291,42.920702875298566,550.3515218513286,192.49575894003024,32,benign
258.56683098869513,1059.4192580634046,5273.666415828374,36490.48406517145,225.10686609980957,802.8260923185783,934.8902239719678,21,26883,238.27008615854658,0,176.55938511493537,1004.3342065491952,5852.805914378863,115.10001641247828,1307.7771228765196,60.60772023902867,1594.2569931422877,54.06417511866896,32,malicious
314.510441224316,1087.3878298506097,1854.7057784129147,29371.51489405138,290.3884598688305,381.2603098184254,495.31072573900667,8080,65535,378.7969679209947,65535,2717.8524326335632,546.6783472313391,1355.830569510669,346.1758800188091,729.8033079933344,4.201019111495496,364.64108308747694,190.45489818803887,20,malicious
52.166049641082736,226.70469712184243,875.3448405398769,17.448133590241273,6.788962738870618,98.3639825636724,286.38114394218815,53,-1,93.16626444381396,-1,984.7333317156118,78.04089777386824,2130.036031167145,313.8521254013594,877.639336900387,48.22467819170061,391.98558435307785,80.14316742669698,60,benign
26.691727433020432,231.15614551015491,1199.999581418279,529.8828899362793,16.80368877832916,84.24426118704456,153.74707557962395,80,26883,56.74776981107475,14600,1557.8602563225845,1465.5697316238886,9383.96896735577,119.1065549875312,959.8057776761505,20.730780783583256,756.5196419917218,97.92127564348121,40,benign
435.8877397174387,1307.6569455095957,4420.627336898309,13646.989921607486,338.0840192270044,1081.353057200145,735.0151521248846,22,29200,274.8669730440815,29200,330.3209858111838,1163.9687439053585,4644.888998788411,379.99193889617436,898.5855366791841,80.92751892340925,2454.317564120316,104.27227033337574,60,malicious
26.284725711467743,198.7999107392629,1301.5313104173983,678.158584678612,13.108613389014975,48.71440139220747,295.852973899361,80,-1,146.86597021778982,65535,1660.637138182906,131.1151786886715,2396.425237394434,74.4521007605109,174.5639119610749,54.2056435918999,1318.0178747025523,95.30941530711196,40,benign
31.848585287674315,209.30069512426965,1040.5825885954564,306.0680620889811,28.7349977239817,83.27702889881179,193.80434744294107,443,-1,102.78680341482435,0,1482.9312675637468,405.24528615951374,5951.876812804109,71.68955918715838,1418.4244536576884,45.97770624207167,1053.3308449962167,194.1597983372191,20,benign
476.49195962199184,922.2759949161328,4086.6985243142444,27371.746184312604,259.3974412458448,389.2390222346854,793.7702594765553,8080,-1,425.06147386929894,65535,981.2515297971986,476.6062187542601,782.2756401197854,120.77939960011042,1156.9724580695488,58.55224294635033,2356.77360715293,95.1412343069822,40,malicious
959.908420462327,1191.9523531306704,7605.4033621680865,32969.80717919651,122.17557716421953,750.1108064584951,948.0844093958902,3389,26883,458.2462740222339,-1,1830.888456647136,850.2576478912192,410.1036717944923,338.8734970924566,1137.9334060694061,14.15268207762448,1412.3513529787474,176.9820596115802,20,malicious
6.613674887570352,222.9547034574945,1212.537845566741,574.8008158937736,6.907900647326761,83.93248403771472,162.47287918869927,53,26883,91.30861261461348,0,2191.800777198568,469.9264885415428,32.475986809851136,218.8678265313561,1223.6301765712012,44.36684908062676,355.23758660757846,36.176026845919985,40,benign
84.31070150557727,182.29212713469389,447.76610733333354,959.8264117688042,37.03168337281554,86.84484564652614,296.13728930463617,22,8192,69.05971956141755,14600,8544.950405924903,1371.4328701249701,154.63344983719054,205.7984200590519,1422.3775039741738,56.200998531396465,468.6080315054693,55.232597365313154,60,benign
4.867556894677004,304.27862438519554,1243.737075362407,577.5522741923962,48.35663687951774,14.126033172556712,119.09229093335838,80,65535,136.3958646638357,0,3865.149764017715,1268.1366874921882,3382.435553485786,120.01502796210801,889.2342868534593,40.53212946082433,1577.689935429528,36.618618293796956,32,benign
44.45475328406808,122.72157476493666,1375.7445820124274,552.9536962350782,7.723185988285396,67.11542754638265,135.2904002828571,80,65535,149.64367710028068,0,23.600782559092703,1418.4461516433228,2012.8348258027975,133.77845025142224,195.65473319882946,84.36116699368135,933.2655451120664,126.05949897781397,20,benign
925.393292635004,1365.8105321620687,3184.88142973026,36177.13280880764,243.2881635051709,589.3095646093445,942.7919044699745,3389,65535,220.8029373272742,14600,3156.9844027008335,607.9726692249458,7633.240293756223,116.94111313887547,1299.8195082193542,11.954492141077234,2968.474394079155,160.83281519838934,32,malicious
879.7524728826482,1256.570418096525,2331.438670710106,16835.267547259682,378.9487069113015,1068.7452181935198,567.796561940552,8080,8192,423.2590797934697,29200,1014.0044241650321,773.378874595795,359.2232213346521,226.2239583942479,753.6993223556857,45.402562255732526,201.77767773926251,130.35844640467195,32,malicious
5.176369951556765,223.20456882574138,1499.6945865931332,904.9135567193263,25.06621721205268,77.73476728516584,224.84737046664873,443,8192,148.20444234782022,14600,469.0303057477311,386.6663471702306,336.52303891118106,79.99245415939784,444.39930493047234,97.963660158443,5302.309868141975,123.16118494196017,40,benign
380.62605988611205,1197.3414955550832,6576.688360535142,61108.47461836992,224.75040636877026,736.9294451395592,755.3312769817006,80,29200,317.54010037452264,29200,765.9940442140396,713.7255530544663,35104.15193740199,167.72588962427238,190.86112595546265,86.56115876070801,1055.9941505678414,111.27093046484134,20,malicious
901.6914004326931,1247.9606434257448,4767.240098350003,15702.01190459599,356.70934013587544,301.48843332596203,915.149556172737,3389,29200,538.3779622277109,0,4487.717841670064,1093.630864321412,493.5809188541234,380.36992395072883,824.5011824629738,98.62546077805895,1583.7639611018312,87.69090811092504,40,malicious
538.3508495852732,736.3477085852899,6160.512206127591,22949.834927392934,332.4362402284771,734.1348239711924,683.4332776697674,3389,8192,368.40736557396787,0,2300.362659803609,917.271264219647,432.36219288067554,229.63369143996275,51.10744145743649,95.72109639568649,3548.278532438292,119.80285830298128,60,malicious
1651.7905509610073,746.3181168458874,2936.869157504884,138.4628428294044,296.83537767730763,269.410877042923,599.2866403884734,80,26883,389.07003452552203,65535,1935.81788041007,785.9364200572526,3010.1163840298614,243.55772429294876,1114.4366753376546,48.86245634118427,662.2341306671052,63.293748940614414,40,malicious
42.69168980110921,1135.020849465769,7699.0842089636835,6021.556687676981,359.22283034507876,611.7375329779098,724.3814500666622,22,29200,322.99327427536633,65535,431.8993846072032,130.11463357767667,373.2217186438576,234.17238931268741,1191.687002298861,86.58880458981011,301.8943655424913,182.08184574605858,60,malicious
167.86395632934438,1136.1040041882645,5689.312098838369,5199.82266059502,321.86953335669557,654.3787048278714,753.1848519950304,8080,65535,271.8522506604026,-1,65.86407698954808,1367.8976202892895,498.5787915807131,286.86985382064654,526.2519373645016,68.3248253598954,891.4579750244617,44.12984214469412,60,malicious
0.8587392644927867,1019.4233439458177,5704.005432173412,7851.440512451025,192.290827875655,899.8080837352229,758.020556880311,22,-1,201.13259097726538,65535,1239.3480234293263,1305.4472231549446,4982.402261828335,336.680275138242,1048.2632894191659,11.027533412724456,678.2331341784526,45.94928504203587,20,malicious
4.2835351897148195,269.49039365546855,1369.2826732617589,2910.417281027259,23.392027119959515,12.656757915547395,145.8114075494592,22,29200,133.72782052461199,29200,1853.4204225435417,473.8602284208187,3446.7270499372726,397.70845791195853,163.25434050928726,71.33950915657992,3151.615773956832,50.62748275107346,20,benign
145.36805457311732,806.7178884743249,2495.197981655417,28051.121639854224,301.50148782809356,501.6949165498633,530.8914788743886,21,-1,190.4049377251127,65535,2089.1549218950754,1258.8222371902048,7671.592665842219,234.10001357687634,1346.331238418665,64.95627477049592,2206.665764359502,50.38452927300348,32,malicious
729.4191014498282,1260.3838454529237,5078.956073790227,14523.083711090647,279.2503783871223,1077.2227233693438,729.8604315682578,21,29200,366.18982370656363,29200,756.5949202782023,853.667003517425,6306.3236585366985,209.27109057084326,238.3770138623349,2.0043351520904973,761.945056995509,180.15508368542697,20,malicious
352.44375613816663,1085.2624461193777,7204.974526341438,24903.838103520673,353.6018705736234,562.1479763410026,641.70783859182,3389,26883,588.6708752414524,0,1948.1948647013924,543.7413365589205,2204.4437620101417,182.0849771024979,596.213866029859,48.71679978461132,7.450393111366341,138.1245916818923,32,malicious
475.47225531252764,899.1335231464868,3790.632263611303,69739.40276498042,313.01434172666546,983.5103957001893,850.4138833332252,22,29200,268.04593908799677,29200,402.8368028197712,260.3748776023108,154.16362664219344,210.7859344149261,552.6722587026206,32.078280479413856,4054.014291294399,194.82984905982931,40,malicious
4.622005184564665,341.39590335787705,1202.1469294634821,338.83158646254674,49.976427551706976,45.130436704362694,109.70211741905732,22,29200,33.78546439533336,29200,645.4886674397625,1382.4312042656802,4292.268853106874,138.89249385201407,254.65504235577194,59.58820580302759,1687.0132362501115,35.815952962027,40,benign
24.530977404356115,1005.976981530612,6006.925604800582,99360.77164005753,157.97087768279744,299.2810494255953,640.1032295719714,8080,65535,565.0853152694646,14600,1723.7384717077205,184.25014908821643,2619.2723417933544,259.53639178152434,176.4388027533615,12.877023386943975,3006.3214357570496,183.38514447893553,40,malicious
22.705000509731356,259.68546029940256,793.1406314622311,226.36739844119674,6.509075000584872,25.346926125968807,187.63066540881994,443,29200,134.52226082193894,0,2311.4036952247475,875.9855463146624,14524.498511792064,165.2493921672734,711.9397724708614,25.81419787525142,576.3312181765976,126.88971003758033,20,benign
4.665415219346063,334.6770697829494,359.69037636892745,692.1857602837692,19.81231255633606,116.44911008519269,125.82505721470004,80,65535,111.75808491220437,-1,3232.4340929430173,1110.5769455179875,1116.059547627524,365.48085018957414,660.2356959319635,24.12102405124905,1311.0093080222375,78.12908701373826,20,benign
52.538033147803596,190.46856270358901,1470.5018916822,205.70368715311338,33.847908295961005,82.40108988032333,133.5591803735684,443,-1,72.68696016056089,0,1015.7913446075402,354.20043934334944,6379.529329740408,55.09296530600963,85.77808569899659,33.02046604555149,5534.271526775515,197.91009959456352,20,benign
585.7727738396964,1096.9061076666746,7641.340623539791,21018.09962254301,146.0525155577483,563.3356083728123,593.12814883035,80,-1,553.2014465758299,65535,815.7870495569639,267.46840454632235,21401.358502674702,228.29445971406298,284.74090338659414,46.5126322883001,1216.0100044914075,128.16696766181371,32,malicious
8.093770146558285,254.98003907041553,464.34908616580276,259.82241490838777,32.815972958959,37.80568850631687,296.23289400966047,53,29200,138.0875290622726,-1,1413.149506455537,1217.1591555976868,1125.2711685011175,169.48925698061575,681.8650991447039,66.46130159126633,3084.126134568175,80.01666359504289,20,benign
25.423135250416156,225.74639258336856,920.9492456458477,140.1332592879336,27.402143890144938,77.93792905881861,134.74465564175804,53,65535,92.49556164665735,65535,2496.3948381667115,223.6726137135986,1740.877745831302,34.40857781372673,311.2246647020883,28.54342422940388,1680.3587023781458,109.28878776203143,40,benign
20.07891321081173,175.35569844770453,491.02077622447257,100.52218383695846,41.19206917135069,97.85219903544713,126.53196230371046,53,29200,31.098039978317892,29200,1301.2696903042472,1056.5962378340676,4189.039675076699,308.5821585371443,647.5694240711192,87.28351874851403,2928.774336525093,70.69139406636869,32,benign
27.372302596315766,202.03644250688535,387.86089899688886,146.82854609874772,38.03197118532618,67.61566849736124,64.13745308862374,22,-1,45.35242854809482,0,3293.17351867436,689.4231092265026,4954.876051674677,51.74095728298656,1263.35810018735,75.73489803968936,330.514804473723,108.21397928088335,60,benign
212.419691746352,900.6992895073233,3044.3833881924347,6291.200323540463,221.17731399177336,277.8988679379884,572.7967661032305,80,29200,177.67893883354378,65535,364.2555929122173,742.225796128875,572.3700811184732,252.97354877184978,597.5978627779203,15.029999749577904,4735.284698484944,96.12132734465641,32,malicious
19.67967669504304,265.7252526253047,1380.8845847267985,500.62103833778724,40.76673233998773,66.7164258479416,135.93813938968805,53,26883,110.65310558950267,29200,2376.248067485759,1430.8850648528016,3224.3520526358516,52.95198204272788,479.81386482628045,89.64586507926062,90.03847916133368,133.19215150774124,32,benign
17.908774658657705,236.3102569623213,1110.8446693977628,1217.3902788246075,22.78603679505191,60.38218552807996,187.17715896780464,80,29200,53.581017160052255,-1,3638.3102087394964,1309.190545067754,8193.354485726953,306.4873488261664,902.9970294754855,64.63014514739996,1978.1637064856923,139.91206680998587,60,benign
141.15607464753887,508.3864954710655,6642.919000817842,15937.658291540745,393.61332917816,769.5040966912378,762.5627218687284,8080,65535,435.01131191642634,14600,5470.318600098112,519.4245362266776,5657.115325418078,97.16838385584448,1357.8762259785976,53.38054195874376,1178.2928318629263,48.729405253815564,32,malicious
6.687974994907485,319.27067812635164,541.7829452856324,186.25755258882955,28.641585422223727,109.30461230542588,76.41131203810335,80,8192,36.29290926962037,14600,585.6751947174587,916.505007598219,15777.317862793467,187.4217035211697,1410.8668555171146,26.36949842811973,8499.930494903967,103.13123969879693,40,benign
51.914737339737876,239.10781566093118,905.2085277581085,2365.3725920048096,18.335210664786757,82.09258923003094,143.75659973916103,80,-1,80.05363821847133,14600,803.1880627886873,1234.6069401513012,4703.785947471067,391.3259426242369,961.7830677936392,66.59922255463074,4034.0649877076185,129.95871873884215,32,benign
801.8173141416214,1451.7382638262327,4338.004299884222,16499.734610474487,282.90523279476645,790.3997073220739,512.3546403865304,3389,-1,528.8479490197498,0,3464.4139248735387,400.55162952864293,881.4894195282069,41.045965205005814,422.3105009408905,32.288163090565924,4408.1457725881055,103.42389889437369,20,malicious
1136.3939435269901,659.9427714561039,2918.3737980326946,14002.260787294004,244.56116938026727,1091.4540341129386,708.2017234676518,21,65535,142.47023307802002,-1,3265.749849404535,1167.433285584799,8567.426021334859,307.3997402335639,288.6917643691539,56.94298280947135,2605.0237304565176,158.8601094547936,20,malicious
232.1270154391729,857.7961539661504,2531.7922370006195,37521.17570169344,211.17822711777663,560.5562915372052,944.5756492826936,3389,29200,419.3870911859476,14600,4678.710933431195,1475.3819248925092,4980.254997509792,136.30562243995456,1187.6024733128183,57.81498154867134,1841.8026116835572,149.86561239353662,60,malicious
624.0035269371995,964.4699727602822,3912.944224396021,71276.27193317143,186.43300389269623,458.10196588207907,746.195499038872,22,65535,509.8458734288403,65535,1673.4137319469696,512.9683151126964,2120.464097750574,320.60232692121184,568.0492734949178,55.23412592119223,2933.5889997800236,110.51169072196258,32,malicious
2.6349039936726353,298.12198830277396,372.38719821441475,357.1683195365499,5.27958358939269,19.006994297072715,208.49388544044407,443,29200,129.65552524641407,29200,2288.1081421329604,1450.0073063602097,3731.597074652983,348.33821240353365,1304.146834127309,52.336762857208626,1502.6504341633424,60.392374205138864,32,benign
59.631960238011864,881.7216639231594,3274.3903709341116,8497.694518003398,307.38971682434897,368.20328510952015,764.2390209847154,80,65535,480.7482851549303,65535,2514.3469125320416,133.71204095307885,1435.5613773668006,75.6459979979634,51.664386984247166,87.28823421038867,315.003898417498,28.075036258012776,60,malicious
1.2886033871791565,288.65994245941897,1472.2043141392126,367.6606209352583,46.40050446909513,59.59015728991976,292.17001249392877,80,8192,64.3674725842368,14600,3616.220850166341,947.1009004320464,4121.858214762095,230.83359734071314,1331.3992775918343,26.5202232570519,6618.918073011104,86.47635654547457,40,benign
6.888496409529621,209.3021681230644,958.9865922528069,517.7051363570181,32.98137631814084,49.31086401325298,194.10868870554194,22,65535,141.88715605325956,14600,951.8995983808169,278.00054559270285,2422.757454646912,29.985233593234977,1157.9364465980548,82.2743158247667,367.08951431503704,59.66219784203076,60,benign
540.0810779103475,1358.4350108030872,4944.759011405293,119513.4818408578,183.8153723370565,317.9782737010053,838.5712462614624,8080,-1,240.30473886725503,14600,527.5957517962833,1289.4834188660411,4390.9304807671115,29.03557604302125,377.1046166669011,14.38795774031073,2849.326052582468,83.14172134618633,32,malicious
11.123386223761996,192.50322863043877,1212.3560559236425,1241.1241497864664,25.595769411224893,49.26568388624405,58.721916559411206,53,-1,106.04985757388395,14600,2611.7801201840107,1205.935514582713,1451.3988149349052,175.80401805533631,401.55859026535325,11.389881049504302,446.8680593760374,64.34484777076995,32,benign
0.5244902170613732,268.8443663413118,411.3467222857982,1016.6415785879559,9.09560376829927,13.74613839928292,296.77081949924263,80,-1,22.888558741248985,29200,6527.705692640704,373.6401812820897,1524.124486963297,130.24143032619943,1355.1163647023807,43.82677547638928,4096.3742135631655,97.4855230004535,20,benign
40.30387434368886,220.5184094449148,998.0128573334636,1647.4641362469883,40.04653301563627,118.09583516214259,279.0784790484057,80,-1,113.50308061284184,29200,709.8025116725771,915.1085711199155,2352.92989035339,387.79925604707836,1044.8878053885164,86.24358187984437,5566.519134486262,104.40298270915152,32,benign
43.37972831826991,205.04182301614472,371.3894004722625,866.2253920278973,17.876526605906133,39.8803035775681,286.0446665373054,80,-1,39.63952589770765,65535,2262.633090991276,1192.71552767519,691.1029419057235,138.79809198427407,902.3573574124433,15.07086309764205,324.36734549672775,126.20023413303925,32,benign
936.5885741110758,1146.5463854743653,3787.069519505546,17565.715379336427,219.64908564320598,962.3696902164411,653.3807204240666,21,29200,173.19893900228362,29200,542.2385821123872,797.7949141130243,14714.520000354356,352.2706137299185,1151.5352671428611,91.47966087556667,926.7850685184769,178.58333937663065,20,malicious
194.18858728740395,830.9466296026052,5820.088750603098,13748.198256118689,291.2181274983741,318.9605765045687,911.2123364722001,8080,8192,492.3510686148827,65535,2925.6388482792995,929.3809238993892,3324.380286131233,66.70628030840263,63.15137289570191,19.664678072383822,5102.593218935517,170.24806177699412,40,malicious
2.177925676511588,267.22849434025005,517.5825186099682,227.6339652196074,14.731725937779999,34.4093294143791,169.32973260149578,443,65535,43.59137197716727,0,1350.840334012833,1430.112503527191,3986.0076956684434,153.48937717061204,1259.2326632120698,55.36295934068761,1143.5118560909457,67.7425368646008,20,benign
410.36233704137044,1190.742726187903,7501.019617123028,101277.55655207488,331.3063743321352,368.923715387415,437.32313699874413,21,-1,586.1112728285057,0,44.52276066577246,671.9691882816566,1396.5346200827612,315.3643182041905,249.2356164391276,9.064976365526745,3199.9831571827153,102.44988982327384,60,malicious
43.723399214057025,296.913896161926,710.0899688677217,88.82847007269652,36.860690376183015,105.45957339315767,198.28877041864592,53,26883,63.492075065995486,0,1160.3842192101822,1205.4088090640055,16052.880169340595,152.53531766004025,153.61682007810646,99.67594696422967,154.66654308821663,108.27858908847512,40,benign
780.1696218356983,1524.1685086971304,5170.712644109791,21854.25213713694,131.03839573952854,502.4413181246575,727.3792379701869,80,65535,240.06059959686831,0,934.9502003699423,178.8292332097117,4319.641622025002,307.96553799049155,622.2193029790125,97.6153901026777,760.7573709876631,77.889635748905,40,malicious
389.0779329394056,625.3597412784383,3536.264745832498,4809.995837523012,297.0928790159913,770.0605033765172,812.6058404690434,80,8192,399.9614012813419,65535,2050.9088508077493,1274.7380927861548,862.0810588496378,148.0585204967413,1351.0360537426059,28.518200837052078,2601.274894095949,40.944196545158206,40,malicious
45.955454394577025,186.16061156380903,161.079676254194,111.04096066825636,32.69838477832357,74.27401079220492,225.62003853111875,22,8192,27.96265352980285,14600,1721.6069065055053,263.53164308824114,4648.328799235677,382.251072425453,520.2811284679517,39.99029045314582,1724.3498594868308,29.99406723136368,60,benign
159.6524122628321,1482.913302809247,3710.728023072886,1436.5961299741214,107.51896439147642,596.5284016221726,619.95969200348,8080,8192,393.25040232518916,14600,4530.176330971887,437.3378618491716,5498.013790974034,185.70615779075888,1023.2310241792118,44.58678363165769,4313.786840994171,23.666852251107322,32,malicious
187.76239710285753,1213.6948153529945,4086.763428573715,6132.65719664047,393.0369794757005,682.5271105214615,467.1359096491911,3389,26883,394.50601485380315,14600,1013.3407006463699,1298.145338708729,208.23424299809597,202.04814027440642,681.7634783326633,90.09872618689113,2145.687175035579,36.04362736852743,40,malicious
499.4842696967245,1022.8219139853552,5354.990475779507,10939.22335695944,226.4260017389737,416.3311788141233,829.6379798519356,80,29200,401.77990952294033,65535,538.1449089242944,1150.3311225937264,1153.900981564579,82.84260327471893,120.3773330879724,46.338158157221365,2768.763003962251,84.21512508851617,60,malicious
240.99579897786077,889.9341599420269,3444.536318125809,25263.136055642703,171.42668704273268,999.7957710949402,774.2677396381558,21,26883,521.6973529360516,14600,2317.4212828708523,61.44984827637053,3864.340987263315,74.66621041155025,1041.5854450754937,83.42325213798229,3083.986843386579,112.54963535530234,40,malicious
36.878956896418046,246.5823716731427,1178.7279633211233,235.78041244238995,46.40835068074156,73.60137400633201,205.08834603154364,22,26883,49.5686118450011,-1,311.0905756336195,180.82220406324618,5884.569142072407,119.82686664054137,120.94304182309207,16.62230061966077,524.6501571187495,35.85034265852497,60,benign
37.27044841025145,273.2417215232768,1067.3300716747603,233.5503282976649,21.80946852812582,27.82604863112334,69.45274697427007,80,29200,117.39938868190131,65535,7673.247478846688,1146.604932849402,13622.59332955484,108.15152051074756,1151.3717580774025,76.27391668362377,190.66374143607376,71.92492485723352,40,benign
670.4458250124869,1064.8447465287302,5103.007893841435,39578.58407398072,374.9914128941496,343.73801349259,644.4147298692112,8080,-1,252.7119676041134,65535,558.2512618097377,1134.4441920254503,3327.3514611236815,105.05364692350855,535.4945841785768,57.62861143335619,2755.963459347422,190.361002205175,60,malicious
6.704989027612784,212.637402576416,972.59028505961,3.6922309551761825,25.934520269027356,92.70740396310786,220.88534182947737,443,26883,70.95745507673234,65535,924.6338212275015,1442.774136436265,527.7552308330934,223.6301837812781,1169.3337070846435,54.115818249097124,630.9817876434428,75.31566898008258,60,benign
801.5971825315767,1264.9479939540272,3104.54954985588,5255.506923674601,198.3475311524802,1142.0621275048138,867.6258488104838,8080,-1,383.5827329295124,0,1432.3956961330794,633.9203914006066,2227.41838739471,307.1150833599328,869.1754746221046,54.32417713461752,1154.0164720504558,120.57850629627943,40,malicious
211.62880524837811,722.8250910702368,4740.354836393502,53760.831400561496,244.01678412826303,1155.6950200687315,685.0555309068575,21,8192,590.0971104943861,14600,3242.7451644971193,1005.0780911069169,719.0652196316108,86.16849007813519,843.2299134596686,61.771760056266835,1719.068089936248,127.57797610076318,60,malicious
145.7685835559671,935.2138641136685,6244.065642486492,93661.79065110211,214.85914487586837,487.0492112996775,831.628170392736,80,65535,539.2724022480074,14600,3277.095322045733,159.03767475533834,584.9721202338558,226.39089310057543,1090.1590336847894,39.81818035671708,349.5103304248797,192.96229344179156,20,malicious
36.829357214229965,382.2987506935118,1195.566719542859,244.18826998817326,27.72103800341221,71.23162983351024,90.30805263948182,80,29200,25.618427167369816,0,655.6807350720353,175.40352226189435,3415.493067993875,340.4958454269687,715.8341684485168,88.20590567663295,2524.83172234522,20.63589546251788,32,benign
1041.974269615515,1705.356528247787,2326.680245564536,12989.76019002876,216.7393492676797,299.2630323990532,566.1860367417062,21,-1,228.2645491319202,29200,219.41711415405436,791.1103592188985,3967.6812922212766,255.76235494092833,123.82369009593174,66.04543712488532,1368.0211260559117,128.19766345274257,40,malicious
30.33497729731977,360.8256833495926,788.7377165024874,520.9910884368063,49.839873030421906,45.427743206198436,88.2169095221373,443,8192,25.76765553662388,-1,3085.304149717269,198.71501275009868,1219.6459276152084,392.28822994503764,1238.1746615244706,55.71040563561316,3458.282505247111,47.35318133381284,32,benign
87.68768374793002,1603.8426350368845,3653.066830109622,21053.442992219607,140.28628645754003,498.99666544694907,434.5176080522998,80,26883,524.6793212102366,-1,6972.462009537097,684.2694537096156,7009.0560655994095,240.242700216728,1466.9371661896362,82.71941752338371,2210.7791930528556,59.011022506287645,60,malicious
2803.60295752211,1137.807603400743,3947.8611000260976,67959.53097431992,311.0821872828182,398.4209672297395,462.02394523161604,80,65535,387.4331569376811,29200,979.5569679845221,1426.3607655476198,3066.6391204090705,88.16399134715915,749.2509252657896,41.80303781215855,5399.682249011824,165.84585608674843,40,malicious
94.63429636606897,1219.74610072718,5689.6556120733585,50413.22538539386,303.85964296627174,945.0620524428439,758.7082764751317,80,65535,278.2308128979412,0,4355.771730250994,91.91264728813654,513.4416908300262,207.7601137111639,1053.1882643174404,60.132645719228236,5601.9420157248405,96.23538621373257,32,malicious
62.68155892061947,168.63186467823175,857.907112175775,73.01644548457698,46.83566015703664,46.084897584863945,190.91348489760367,22,-1,100.85153421146596,65535,1593.5125759139103,725.1745053455554,691.8644558807146,347.08165037134626,547.586383960152,51.88645322798726,2352.2019902079696,97.23118901297775,60,benign
186.02480891406037,1242.7747341217312,7911.274115962715,41562.00779079829,375.16189677564404,1050.4572080784985,954.0613938247502,22,8192,469.9150672881655,29200,313.10298762650564,399.12304934629213,1714.843729806169,97.20873068879057,83.96154546300605,66.08330565420411,12.86548987599988,118.31376658123934,32,malicious
17.07254068694564,226.99479020544317,1114.0999965011,57.606052892566126,45.228396687664535,65.17220726675473,77.21315313859651,443,29200,36.861628290622974,-1,384.2809190419742,863.195670862269,771.2696831583555,230.6459049905602,392.0279607576355,6.595585912795854,105.27957115877695,199.65381954491906,60,benign
21.089784553058834,301.2137221842441,533.5920792898347,1418.2213445511068,13.602755282973412,64.17962963116548,129.3472686179437,53,65535,118.68444066198671,0,3577.903011287213,162.31641124225325,3873.3502393307626,147.3368536383683,1416.8654397478688,76.01361949730315,3705.203706499138,174.01947869100712,20,benign
23.82154641163829,280.2818671081953,384.5143833629378,497.412851561881,12.567353411645142,28.973489134555567,174.8505146553921,53,29200,56.27409316358401,29200,3125.865623301849,1353.3787098253376,914.7383369111552,45.67625453333709,853.4287044920297,47.40529433122387,3416.8924075721134,148.54902378480304,32,benign
26.44153820410967,254.3657259361293,1072.7241011812998,263.38532346169876,46.02668056007462,26.336602784599464,181.1716623717009,443,-1,141.22812988890217,65535,774.4957481261698,142.5487544384617,2609.0577738196175,240.24295507306346,1077.7879668236064,0.913087780479982,296.9587748258423,56.42614081781693,32,benign
1817.160886748397,914.5915025698998,5133.317482013467,59216.651172087186,127.21591156889866,435.384445371762,762.4690603726297,21,29200,507.31254619946276,-1,1974.6722065399622,140.48577337835488,399.1502615459724,192.71225149227305,1198.4715492959062,57.486811773111576,848.0926485505653,163.69753695084424,60,malicious
504.53435332581495,1249.1861885403084,6086.647390762871,23033.09942444198,385.3219083818356,1166.5973669436821,529.0997883437873,22,26883,395.80091723083984,29200,235.88741973441384,1076.4879574392032,3757.770780665332,313.30095637697667,1343.488358774991,7.47546411125043,4597.274611076933,138.24491833485035,40,malicious
16.111930718854047,298.3133035388021,1246.3975396289445,897.9214648987883,26.719246555987432,53.388988535294004,138.01080750302154,22,65535,62.698657487283135,0,4544.023895911027,1476.4158386940676,4928.477975521236,306.0946907482667,1234.9309245910304,68.01334432713492,1998.589317073764,107.1756121487471,40,benign
3.581951576878883,206.73130720603365,1169.8326207891184,84.7315277775254,17.292719596074114,107.58766123246043,118.74913647632252,53,26883,119.24138111349738,0,259.4593461376286,560.7577381281023,1114.1581745112373,325.2281831508633,874.7784888882254,54.19562589300491,2664.352618817854,20.8846367295508,20,benign
46.26204796409375,211.0696566126877,386.1379465024483,1059.4993053122673,14.49660131025295,100.98017700041052,135.12211539256984,22,-1,26.094314488871888,-1,967.7584431904361,817.1964137189669,5144.608462862089,325.027864200891,465.615153559257,7.050632280298885,700.7510657272809,198.3213966002579,20,benign
19.27350985428784,203.87334670822125,734.5941386191131,215.5105222362946,6.535087471364646,92.0913176241127,77.3362855899906,53,26883,94.49983349147779,14600,2904.226772641465,1359.8696051746902,12655.583621199812,32.563883951604836,64.23717321214565,26.923337192624285,1313.0097005148925,168.50804992393824,20,benign
61.48461198212209,174.73828534097757,684.3212213021089,864.9861750295831,48.41599875095391,62.35306503149982,210.11027662763107,22,29200,143.22442389424617,14600,1276.1837382374795,604.4610019547791,18987.487372692114,394.5116709347555,995.8388875762554,45.880848914871954,355.3043400816249,187.06043008161254,20,benign
208.247120479969,816.5802966699905,3847.517004221637,16609.436373021523,231.8233739188325,583.4876713959857,839.1348724740292,80,29200,248.2117897904086,29200,567.8748498896855,534.851873622119,2389.968991222742,177.28296531068287,312.07486078066194,35.91647578532616,155.04087008525272,134.93969174947262,60,malicious
16.813183845033986,290.63087971818914,488.64695256053085,126.92840107355165,20.308041390213823,51.344131658058245,138.43222017847458,53,8192,53.94830726557095,0,1566.8235879526508,764.4548845635795,4502.304031118798,246.92620457969346,999.68805764032,78.384708202266,4631.54020192046,126.08663936452704,20,benign
332.430668430934,849.4534489201524,6960.7354996365775,2880.4201590052885,202.61410334988545,1083.1331327481084,489.8459781605481,3389,65535,212.33034768929753,65535,80.78335769894379,1043.2080876855316,3465.809843825673,326.3392608804827,1239.9726432286377,80.47017769205492,4083.495700108575,198.0963381119801,32,malicious
609.9188267702984,1019.3119236415548,4121.691020225114,33812.054063084564,221.45439463175674,426.90365893992976,510.39498225337593,3389,26883,521.3658178602786,-1,451.3297127651718,357.39902622022197,12217.251715243707,264.92701584872884,340.87970567098967,85.01314943267224,63.74165761062955,59.42029245297275,40,malicious
146.21536553584494,828.9893803290615,6983.181076360069,2158.309109901936,140.70071822454764,1035.1187882103204,982.4480443498594,8080,8192,139.9859933810686,14600,2333.888525201524,830.2885443911308,810.0879642705097,329.9603878234872,447.0145119000838,16.39201423295319,2208.1532332609904,185.47973059172622,32,malicious
953.2825563394814,1365.9626735851473,7897.418640459134,13481.870001436831,394.0329688287871,1149.9286791206166,823.8580992982984,8080,29200,424.2692992247818,14600,3189.5435161373,77.46381053672398,2583.7650786534073,307.2574889673435,1455.686083164245,68.7582430476814,809.660534008469,137.63093102501608,60,malicious
212.47970160152863,965.278779690064,4471.984412818557,23506.14588351313,354.3092339226116,537.3312049282849,790.3921334168408,22,26883,329.90110400400124,65535,234.494869388307,192.37816392484274,18464.856599076353,62.377472034058755,371.5173222308372,39.9126012731873,407.248620268132,173.30124227907632,32,malicious
1179.90158778985,1306.6280713430247,7119.988937026226,85950.54151539328,134.33517442783898,737.3517894234769,840.7882370153586,3389,-1,554.8818411639725,0,3464.4471746223658,1433.6845027624204,10624.898181040828,53.60481215675858,430.85540545826655,41.246852808854264,1348.4084380719362,165.7297512830829,20,malicious
1748.0027308500082,738.3244661784265,5685.249082689467,17216.980089594064,205.282259662087,521.5922152921387,582.3258563852784,21,-1,320.7122547405956,0,937.2377640474614,114.1310125581877,3930.1698886169106,236.97923676343032,480.28351281066324,92.15692742163104,4884.556505777839,198.52067775346936,20,malicious
58.132532506757045,247.06682523088128,1239.8759955222988,239.02237331438786,29.369926422506246,95.50528197022865,99.37018580351466,53,-1,147.49101271313643,29200,24.356750013625724,732.7358317114654,305.7657149801942,152.0461389519544,827.3913646759503,79.35276898910553,638.7109818338065,119.65959212786778,20,benign
37.064534102594536,890.767470826509,7625.0617087781575,26072.509368849653,398.30813958242743,1088.7352483388509,504.70717475471804,8080,65535,374.56015940622433,14600,2226.2996278191426,936.2901389016481,3952.9804529250073,388.7316808207436,709.3523850318509,87.88493389647401,380.7204483224998,163.98105970527064,40,malicious
2.272291323898921,301.4313259539057,320.6861811014771,37.3501300059678,24.840850040827192,103.4014719092678,156.39258899141726,443,26883,42.66149449795097,-1,1655.0843512636375,807.4835770076937,5052.869246823093,127.55935394282068,893.7254009423087,29.11984062022004,2925.4730839590097,24.9246559457735,40,benign
45.3003641082682,233.55925485631022,223.63126075708362,592.0835047394878,44.30513155542013,26.461102274081142,234.98465180758848,443,8192,49.68620599439889,0,1112.6554005442563,1118.6572875857462,13637.72282604271,176.14060894880066,1017.9800183435478,76.7360225378236,3774.4299781585496,75.38107357843377,40,benign
5.331109890861153,180.8206124938138,718.4568659995414,546.0294959438651,18.304862134647287,80.4672872079983,91.74545586678136,53,65535,51.206145226904475,65535,1853.362510599127,1092.601450425109,2223.9843396823544,118.08500073846261,1169.9995358149386,72.7695103041032,538.7383426768046,175.75731299702574,60,benign
30.372189290332248,227.7130651116252,674.8585322729742,258.7857436780989,41.13651807027406,106.61495891712919,63.03287922103321,22,26883,58.642456642767485,65535,2792.6478285642174,1252.1382849005188,1964.391226898833,366.59705832925135,1432.4154228556372,86.89909607774698,1645.592053872431,29.115672519899572,60,benign
57.998654813538636,184.2183590544205,720.2100293994232,20.648911250238395,32.05371254890508,48.31973545759023,244.62136497069858,22,26883,110.38335697495368,29200,941.575571061338,157.79212589918575,740.641449614586,293.68401189590884,1185.0206465151216,34.89724777845533,1611.2589439360363,107.9619606818384,20,benign
703.6146977093878,1373.5788021761998,2419.268951427186,92736.0256130659,147.65204241034854,428.4920373955251,890.1488140580365,80,-1,312.4448575822794,14600,45.376371806782295,197.4238972093445,752.1292084557348,96.68664183209326,430.45001662763565,16.24195364722649,309.90223810190577,107.25574349253412,20,malicious
789.6419490894275,974.7558500938785,7552.8177620769575,2173.7630702143897,270.2002872589277,580.4315667048713,692.7271699807106,8080,29200,597.6647816318218,29200,1716.9701782969719,353.6826813683602,8397.021596902941,148.0187411889287,340.4889002389548,69.75561770062491,593.2563896145498,118.25698610755714,40,malicious
178.7858103983645,1089.9220724698232,4365.552674584678,16712.955410147628,193.7487440135658,472.188509848438,449.7810269686061,3389,-1,552.6017649502664,0,2213.3859554765254,1412.4589730250793,2287.3295739338064,62.06140672224538,825.7847406076537,42.31249565199357,2230.6569110730566,27.475933808748895,40,malicious
1008.4547600528643,1071.404820030828,7214.86514980013,69299.50817746202,281.3157789127772,464.147586653248,921.3618120009083,21,26883,372.82450425535825,0,1238.9908335392952,1450.0517119990557,7768.095260926946,64.13015772331639,374.76684014546095,63.428011681778194,1854.156629797868,193.45589650290853,60,malicious
3.1962748655958673,298.6939504113571,665.6050209341088,481.168099805872,11.471734467723406,66.3532979815335,290.07619324546647,443,26883,121.53816164703098,29200,2630.8848576296014,1291.7039255341567,8590.021473445438,37.57900462226276,646.7788209408735,9.856343915669786,1825.9194674904766,114.54975519340098,60,benign
0.22694381938215613,206.79383904732532,689.2234008022835,59.26821309198766,6.821586095228284,108.5187689452388,263.2689492960065,22,29200,26.50565257885398,65535,8062.881059810254,85.8811719069381,5564.010627120324,84.86342107438884,795.4585057534297,56.09758884719325,5446.856366564091,183.8483787686978,32,benign
22.071994994460432,968.6676138037733,4467.266207098468,46072.164235076874,163.7958926430854,1143.9498518451946,725.8729660667543,3389,8192,435.22431949730105,-1,531.6601599869012,939.2104405688889,12596.74724579591,353.24230632831103,989.7295631450718,19.859514603619367,4032.9050417862245,169.67585492002135,20,malicious
6.484051107229526,332.0673004400065,1466.702598549268,84.72405878241385,13.220746848109934,47.16830648893016,208.84880212243047,22,8192,21.40318702042145,14600,2123.6260443821516,350.59383202414165,1842.7623684650616,110.22926562573643,719.3653596246444,4.2475941106607245,531.245197544664,69.087027864529,60,benign
3.7831134699441122,282.50979966579183,584.3893219429194,995.7978159735768,18.16772288467257,67.72833506943851,244.31825299311703,80,65535,69.15658558940606,-1,170.3294776292162,209.44649705473475,3206.924611214224,287.92065515666206,360.0386369486253,38.492819219949894,778.4088913737437,164.6259395108215,20,benign
29.848149290598155,228.0993609607162,458.84812623363723,1030.2235539512735,29.882782412367998,119.66106853761379,106.63332918561971,22,26883,48.574100354935254,0,3889.1509016035543,611.8932495352993,4086.711104462781,188.04779122940786,1483.5949254377915,18.450743726235274,355.0615391979807,147.69493576101124,40,benign
841.9920211936357,1402.928344475939,4049.4395620637433,50923.49211353987,230.61987929911393,510.6236008710225,679.5907314053943,21,-1,218.06132558948622,-1,587.9404315619792,1021.9808657209666,5561.227635142476,100.32723450072494,398.95192752982047,27.65342582916832,650.8258228797152,192.9900877320853,40,malicious
8.579837603074186,276.5996688520619,663.8198284731113,555.06698919489,39.078589074788255,87.03394344337644,199.6427404397223,53,-1,83.26222589611507,65535,2122.9815026877127,1316.4108178144654,8819.184149437939,207.62024985621508,828.3434587496341,69.28063185305624,5707.993576866672,139.54940569679445,40,benign
49.83260957656334,1279.4839962084682,6626.743581198262,14979.047622981623,235.20558751470185,266.49810291924337,606.9850614881628,3389,65535,211.02271235547943,-1,826.6862954119307,680.9169848933273,988.2317534405083,382.2514844190573,462.7609279547423,38.3409155022627,3965.7253539065814,197.82186685726253,40,malicious
1725.7683247949856,1175.663835532103,5184.535444046516,29153.284099130236,180.73807380531184,847.6081074231574,598.0931627728793,3389,65535,435.33428586265813,-1,5954.365689212188,1023.1566730824958,5108.4620060809175,290.2618423749342,882.2179142076299,48.606063839541726,1652.3413065950942,30.540035061389958,32,malicious
12.429835429622369,969.6201800272576,4538.4295079119565,29087.35553859851,250.88036926281262,612.4124424303941,987.7049837132782,22,-1,301.1186548161575,0,1198.0121014861877,1353.2692024679368,2573.3122148483008,169.48363545679393,452.37592074051844,73.6405323759388,213.98705177817254,161.0185243737537,60,malicious
5.783196190751861,208.95474679137817,430.4152198679813,114.64489809808302,20.00111375926763,101.47784001022623,143.746414064639,22,8192,52.460505042867595,-1,718.1736815476555,79.07921912577794,8496.231169360322,368.194829760045,169.0018294238039,90.89116436424341,888.255351909979,180.31081575123522,32,benign
19.219728520429214,290.4720240197779,1322.313679541689,289.8499477872947,8.873619563047125,10.50599014406631,298.4512833728706,443,29200,141.87672153724037,14600,542.4163289296883,1494.9534579548174,1794.064111370804,49.56711156612557,461.6716092956343,62.89731559631958,49.52704299042961,112.20847304012592,32,benign
2688.077216099319,1028.8005445644753,7577.703611678958,40417.24708981527,390.5934977736875,1002.3558548997645,662.1489819933927,3389,26883,512.519964779998,29200,6204.980371119609,299.5078605436494,46.44372880630678,352.6315189204665,112.84603993395478,32.77856097675094,108.50195827698549,136.942235237563,60,malicious
43.5458163679351,1438.7603088511773,4185.123479535827,5556.950851774583,318.93710868971596,945.9440402748326,887.7158376272025,80,-1,371.5880781593505,29200,930.6667726752723,50.395354288642295,3575.6422760814453,97.60708464325958,1077.888229011891,59.4681456567683,82.559441323776,182.1727394921882,40,malicious
142.77884057565834,1196.8334772724138,6475.296935858014,299.1395543397753,123.09125454039506,898.0548870494921,992.1267746226654,22,26883,507.133051823316,29200,2702.5469969102073,403.87837121687744,20707.50357123297,121.5492129918003,432.6538813980989,30.778943408584524,1109.6036155291613,125.71533275723212,32,malicious
16.734943784311557,229.5508788926501,745.255284909568,337.0774302129879,28.330602449027733,32.201784667413925,250.76804512819103,22,29200,35.68676967937105,-1,798.9799937121577,338.4714655250336,7022.602644676059,309.6216881579903,699.8275001641001,62.34502736140597,3084.653688892968,100.59765688855806,32,benign
10.56222082024459,256.2969221834007,490.6150237513457,451.9732934924683,29.722824933125082,26.30900600430353,71.04395547958981,53,29200,120.19758895259595,14600,2917.7362035639944,1245.8829410286007,10280.597075546482,82.16555181719627,819.0909683942008,50.65453523175205,345.75209660909337,23.928896018922913,60,benign
90.29986560843618,258.1130823302607,320.2001926333185,1017.9216100584267,35.03454899853165,30.649476292670986,233.93860994032843,53,65535,100.23028294512038,29200,7514.031990247545,1329.9485804941223,14822.138344021392,372.8528205918083,1370.747590091024,47.488913297288626,281.54156456703254,111.39115218524347,40,benign
17.742147477164647,271.62031332488704,647.0228367590096,699.4737029974967,17.89403765471686,47.30462597171664,284.9800272775159,443,-1,143.5769162059845,14600,1235.9493893639012,717.9892462665928,11851.924175653496,221.9441699841141,890.2527921181131,1.4975349715161013,154.59708209777662,107.13697447580249,40,benign
45.743493539532864,296.17281526245824,621.8205142140072,73.96201076062594,26.256703620274468,57.72557708051221,135.36076698375112,53,8192,96.62378938903358,29200,2518.1639013672607,1470.8922354986023,4782.0763845043775,318.80514754081133,219.77874033978253,67.01217785379473,1793.8671514008029,190.89413472334047,60,benign
228.44714301195864,1463.0159814832202,7776.447939860417,28292.805427479685,366.1040848596398,1106.8317228347983,535.9213166354141,80,29200,500.91923838236545,-1,485.0440825107922,1117.8535885791262,2306.5116413239894,121.77051929353723,470.59173679377807,64.65552880057123,2577.9391796845885,96.31178503744749,60,malicious
379.7879819160405,749.1686878082342,4535.251683235001,2908.4692032569064,138.2093783143958,805.651139132508,527.3786926042245,3389,65535,237.62754430469738,65535,2027.6475302342685,1455.2397705703402,1445.3163056196245,87.95472925153362,763.5193138412908,29.27071989578759,1176.7275549768285,128.00334724535855,32,malicious
14.809509061189805,175.82895740850762,183.4805193079715,614.7727165893097,32.45802849319658,59.24341850885968,143.2356774208237,53,29200,148.33524281732278,-1,5630.834567016194,490.6627989898213,12308.702503362063,77.67766269843068,131.1840481548938,69.9763784752518,7171.114493999839,100.07755182074504,40,benign
145.54092302417283,953.6354962355296,6175.78138318829,8867.846295988918,246.1395169860703,604.1768310293266,521.3225447037582,21,29200,178.94783451236518,65535,1572.3269394090767,595.0589523503412,2965.7191197424777,357.1201863205891,345.88820071762035,54.861211045565014,4423.745616901878,31.141640631364062,40,malicious
1001.0203854634921,912.8617416231074,3018.2547967471255,1604.5660461561274,208.8706045682184,622.1678623397355,900.4845253033659,21,8192,280.2352975913858,-1,3683.2195888079477,95.2089979803109,3464.5585406917357,308.0542311160556,712.8346601907454,92.2108785738669,1529.737876969626,106.7334907448021,40,malicious
37.89078317939235,252.21733673578714,490.03584512027254,1408.57568436196,10.393558186846434,14.907405003035196,59.47198463880042,22,8192,121.82152099749364,0,139.9128043668423,1015.9972292309184,511.56656750190535,208.91310166444651,165.9872542715974,68.49121424144673,784.0344821460187,192.01340379376796,20,benign
22.39563462676984,143.79409546850593,394.3372330875911,621.6709699950128,15.92401091846584,104.96114254163265,50.16944108422562,443,26883,28.074437764112467,0,2442.9795021618825,1481.358053114545,1079.4672344592448,289.074654977692,726.0940793493573,56.81098695099824,3218.1738247008084,70.827151623366,60,benign
22.792653839463615,219.11238437666918,1089.766358293044,1145.29906383965,46.538569907881566,21.01995900416056,94.41166396921196,53,-1,69.35203900733158,65535,6064.752594962158,897.4505842674275,14193.650131506092,315.7661817901138,1194.1370299321316,58.05227682200682,2758.926554959916,139.16799730759607,32,benign
17.814556764698676,308.3952401694397,1123.1722403845695,105.20046224579492,9.157969519088077,35.845429314549555,250.20461767559843,53,8192,26.035812845142274,29200,282.96518743567,1487.6234919797932,15342.623398597898,37.62701443576874,1245.0963586818502,78.87662330084257,4261.877171757531,103.04364606506645,32,benign
8.658854035881587,207.65984799564444,796.7075724325362,318.811508161777,20.853209998031904,21.62017403931606,265.347548156104,443,8192,63.21516152605275,29200,2385.482389831847,1314.8496198888743,1273.803117952846,93.30403794308961,1186.7706758937657,1.7799652311338399,5313.761989909579,79.48157067468458,40,benign
422.3096418955615,936.375049677466,6723.605069050946,55171.21790053419,303.64625369329985,1053.4691984775752,773.3083734117047,8080,-1,521.0030149735736,-1,1706.264598146059,181.84909330566674,670.2742604342498,244.18211735088525,945.8310546167451,59.00288503132602,452.3659188102881,140.21269022139816,60,malicious
65.29605753302738,1023.0710834024216,6329.460895725606,29836.49237544426,394.05175128127644,359.1862373688559,883.0809779130977,80,8192,228.33550654653425,-1,923.1719502633259,999.0944512092614,5585.539923914249,114.97097214802757,599.6660980330981,17.840011068378093,62.08586567043018,36.20638373322271,20,malicious
827.2792690211073,1405.7325252804708,6117.886907077227,2789.6313291040624,294.0887960665432,355.7128709393348,878.990404231833,21,65535,449.7297701672264,14600,1277.6748506870645,1163.1601296785911,6127.160643382022,338.848102462745,91.89279932008888,33.967966405851726,1214.636058520488,122.80373360348972,40,malicious
193.173987580369,1300.154896707284,6345.311517110076,41015.116552798325,372.1107021561306,388.736205005928,667.428566040893,3389,8192,364.2894264701133,65535,2042.22664227954,784.9269748257193,2684.187188618251,374.1692865397692,638.5224535589583,12.254680536935913,1916.5919160376557,84.29296986922336,32,malicious
2.712294149772611,310.62525107645996,274.19144355373396,103.6078334721435,49.78757535050651,117.53069365147888,271.07792202471103,22,65535,133.08002114434044,-1,1754.6540368772248,1206.1777199252829,2527.2517702044343,231.24317588096255,597.1561869542398,80.78433959206977,1146.1535227742268,33.411352689713084,20,benign
10.582049838114969,250.37647140800163,1029.2325568400747,468.046875207222,35.09028357793767,51.587544849091394,66.50298152179658,22,8192,27.03440445275291,65535,3055.269411945362,259.32679807321483,10992.339519890143,381.4536794043046,950.7514232828808,63.8861859038329,573.078885549107,168.78754696088492,40,benign
374.48827090118783,1209.4381398917556,7024.959310501173,94701.39838506532,135.20831762155643,596.9352197369167,842.2276028062155,22,8192,455.0527178918392,65535,899.4956636362988,735.4711022090278,283.3127643553927,148.42746982064028,1081.2008448573151,39.528025618814425,854.9186568423396,158.51469364531567,20,malicious
70.5104257649098,244.72268156702756,1118.009617589309,223.2634734026253,9.315978670824926,65.8056409867821,284.26165861917127,22,-1,107.43132029209708,-1,642.0560413866851,1466.7401626025746,3137.676687759395,24.0635210729239,749.1067179653865,42.99117825167114,3675.424023926747,163.49594852238516,60,benign
17.087428111509105,203.56926164640026,829.4774826465814,27.180620040174592,24.531953441131893,16.59838202431593,197.10966013562154,22,29200,116.94687322543466,-1,132.92873779295414,296.73470702616646,3828.1173782167425,309.08266407144333,477.3000696304293,80.76390953347527,539.1020430965251,33.459826591195956,32,benign
35.768088561006316,377.38534787120744,349.1610688502799,359.9869569092387,36.55629067173041,83.56655889240278,214.11198820148493,443,-1,48.32704208900159,0,3509.5956477631003,1429.5004640151424,8003.165253913612,142.09286912048827,86.35189892582608,94.48791442932854,757.0308711598005,73.19208288664672,20,benign
864.0398326102012,1120.2990723721637,6038.985605505052,6764.445226794866,307.5455085016091,400.92209650827897,960.4602839779498,80,65535,346.4973140854791,0,2004.2364830657368,762.2294083554906,7184.41353113958,78.38224789104032,1417.8566745041646,72.07055942383138,438.0938335564425,110.76877687044981,20,malicious
221.28944162848958,1292.2369910735756,4653.512146025769,11606.581469583087,274.1157319751283,1077.1392730166904,393.0393552916598,22,26883,454.90501641851966,-1,1295.6060025418392,967.7886888864273,346.7693879221326,211.14711020784264,1126.1568185869244,30.733354044641192,126.2476678998041,189.59815146788057,60,malicious
11.57268035962398,192.14073294099967,1022.8116714904219,793.8064683056895,22.95756877660978,100.660250037793,147.12079954734702,443,8192,69.85681140181066,-1,3020.9747043843477,417.7019321044661,3221.9294456013286,272.2400895421161,1168.8152013979495,24.199049460463517,2692.0391020857555,133.42685955962278,32,benign
90.5237902753754,1129.7652781842705,3710.7257638076517,14115.971599580304,253.41328956964873,1088.4952018833894,520.5611264585935,80,29200,499.8082488934153,-1,2040.4972059730587,1258.2478213430372,6692.2955572163355,102.91809577966026,1439.909352518211,46.082433532621266,1927.7011285723524,93.05313710056275,40,malicious
1.0957650607469858,254.4935747446719,1126.9812568969762,2794.9262620207523,5.626909664678697,14.305209499786883,129.81479533300143,443,65535,127.02070413991693,29200,2234.934710488418,1241.5660182445795,815.7720005585319,134.13897269995405,979.1822941490741,12.899778443477095,851.9372422398718,144.65959350458849,60,benign
9.10962546961737,247.99585141982539,402.9714304159985,469.7910380336395,14.334797404338097,47.8109739168199,124.33394970698606,443,-1,119.46619150967976,65535,1230.9773920981334,356.54692274630764,15894.237560864583,344.59877871609507,1182.6250173200726,2.2131504969801985,499.93899400169704,47.551463847248584,32,benign
93.24958306641796,1137.6299704968776,7378.893630147298,180584.86543157586,140.19183923207655,319.677847502563,502.4456688911955,21,26883,167.75120644828195,-1,49.42385821445443,1007.6523645965949,11472.696743948247,381.6823897925425,919.1380680508255,44.24478580555458,6024.1256473570675,137.5093855424298,60,malicious
7.138701458175904,181.72751486295036,804.2411526044228,316.2690564744395,29.946217175748437,71.13228921277886,271.4107540756529,80,65535,97.0698635916197,14600,841.0833014830478,408.3698371597708,2342.191382564911,194.81182165867048,1335.1755675589836,15.630427821986192,2565.374545977427,177.5174279411601,60,benign
759.0563605042829,1036.1649522851915,7869.032952596548,25025.366242618224,227.94407427471816,749.8663755960913,962.7443208136201,21,26883,459.8616452522018,14600,2307.032181827564,1007.8604072929606,13056.41379588959,20.562152439938078,814.8595546216904,98.79562740305803,447.54316050673197,175.2306540677266,32,malicious
1172.478057306656,1315.5415095227308,3007.645648941395,52532.51807290927,120.38328110984807,949.896566875487,691.8566898299986,3389,8192,548.7554689266219,29200,3501.9621576652353,1051.5024535450298,3116.875171127851,274.51855653075495,490.2566363218686,97.31067915589449,1465.702316854536,192.3449883939547,60,malicious
16.63053099765859,214.68461453866186,1164.7725931907437,721.6760778750057,6.686073629885513,116.55180278300534,189.01482391596406,80,26883,63.52967635069548,29200,5326.201634162673,1455.0563120133181,551.5845691246525,315.1433983894078,203.2312407049284,0.30865970134715814,477.459424430517,47.349148468689556,32,benign
443.90094389372194,1280.4044845183016,2545.622219144422,62153.926843365916,312.9002167347369,671.4618708791111,687.6155296461673,3389,26883,474.6453793281666,14600,2731.226793084826,565.8197550853934,1916.6134772204548,176.7652863179774,493.1937007788348,60.94943450386484,686.982006915785,174.05976659555853,40,malicious
388.2718341939601,1014.0166816046777,7173.856772329353,13391.768084456604,299.363849519352,1018.6042276320417,400.42407697259034,8080,-1,159.17317780924634,65535,42.27714391333194,483.9980860159367,2837.870963140182,207.30000623166057,303.68052685389137,34.73210911602609,3453.257512432245,122.23492061157782,60,malicious
915.5919714773952,1261.1840001759633,4126.715095031694,50592.40490753224,268.4543154598914,881.399481678513,427.41865497820913,3389,29200,260.7918652828365,0,3185.9299857236933,1498.4350415689776,7190.539564763433,199.98356677317994,1479.0093578918638,33.91132207610954,905.2519842790796,22.146491497207663,20,malicious
11.899674179005338,279.7669114342801,471.1892191646875,151.17240029548802,35.90651091334245,116.64031418729749,260.6704562591068,80,8192,142.43781366636367,0,723.7705705852944,1041.1452988066922,850.0543872579751,283.0842939405742,76.07566582895954,4.279329228263329,4213.9822857409,150.21700374273178,20,benign
6.308943153666922,238.33685638094423,662.2305294250132,255.23548829426667,18.45674000098026,79.07220935009742,77.512108083702,443,29200,35.393069809039744,65535,636.1542304717751,679.8116179055796,5185.833622502477,263.8984842171168,303.5578015066394,89.26637373026746,4734.191630535582,106.20556818594525,40,benign
0.8934632306459307,252.3483803742119,1196.3557960114758,84.49971736078236,12.648760377212907,103.98829804304944,97.54144697729416,53,29200,120.44404592383948,29200,4559.828831407192,553.1123608011824,27589.826367103244,110.10061827546478,1231.0282964834244,10.794029376577196,2117.693521400178,49.85962515796496,32,benign
29.631573303591473,227.9001951103394,211.92322993432333,486.36543361296003,32.225639043675464,11.906920749605275,188.85003261203977,80,26883,133.62268043453415,14600,675.9431029826786,1023.9440779657341,1166.0826880875668,209.76443438506743,119.54926872480694,16.985606761125805,317.60292821695106,91.87721698476885,20,benign
5.362498512235584,234.6205754974107,1008.5680658061825,300.29468710953523,45.97233116682732,11.616677773867362,294.22163834356195,443,29200,98.32163874162231,29200,63.699195604780186,860.5055768060477,13144.16484300868,247.40433693128676,582.7018001529798,46.57826958790068,1354.2054625263124,97.78717580618523,32,benign
331.8287459864413,1093.9491672385388,4168.468128512797,23643.743810436798,250.6046529159821,653.445675869454,870.117364717514,21,29200,150.11342997436188,65535,1472.7492677628331,885.2389459623294,1071.437010364349,70.10265698545504,771.5055794487856,38.60841345850072,1218.1252224664831,167.9582692302052,40,malicious
19.506686262010916,286.5857286010307,815.241268215379,1009.2936792614495,34.18747285208593,45.54390602227786,252.08329799686325,53,65535,50.90688220938093,14600,689.2993738024882,1357.817814439504,2341.722832043926,118.46024184741366,1321.9042760172697,17.87263367641766,1708.5989553782388,168.70724998853015,32,benign
447.8904257467503,1068.3374878887394,4151.485767508253,18094.859589927506,371.0839571830856,573.3164003087649,844.1860044085206,3389,26883,455.9609136375908,65535,907.1590530841509,218.23012523373876,1037.3199807729088,332.74580017068547,1148.6495537739097,34.6052877333619,1517.7207454310017,172.54940643098502,20,malicious
580.1277976608427,772.7679878477387,7873.266665576474,48905.99201381253,318.82972090439415,1079.6307605109437,770.8592556636254,80,26883,305.8633419443348,-1,4046.106264316115,1384.8687494051417,6200.8896249484005,29.69177061848846,1021.0802010195849,61.90770577567001,1284.9038318770001,157.3767341432961,32,malicious
50.789715502105686,217.81680303535106,100.23081449244667,940.0663161291684,22.906343309074877,54.97025110617078,288.66967225656634,80,26883,26.696261533512974,14600,1480.4099187121271,1335.3251078982225,23642.7954097315,74.25824326301091,1174.9562493186338,38.001549868342046,1161.6532994235804,154.377131500048,20,benign
515.2052538487312,974.9922452025819,4571.207545131134,39689.04099701242,347.37542271503645,716.8770263598024,568.810666650081,8080,65535,333.0829027831222,29200,2248.899824944054,1064.0940380338645,4315.384733827767,116.22509578756775,1404.7084518165054,75.5923125415985,4082.5891812550462,145.35842181846414,32,malicious
6.7259867667052635,192.20714535108965,1131.1569368259359,149.17901141331882,18.669169752759775,111.67628313292273,71.4088564259185,443,-1,139.14535786863843,65535,325.08417670374604,481.58967797182373,1222.9653162854897,334.5750962600784,263.33311657342506,25.713615812581526,1473.9260637879256,144.02161908380367,20,benign
3.8531259592703044,214.96112307210848,1155.981608877981,707.9008810336469,39.79687319540893,25.911062173276555,124.2104831629105,80,8192,67.14253887087264,14600,1762.3843794028292,1470.8364778492917,3264.0687673240536,106.16051527436532,1203.8573157690644,81.65517218663419,5102.4599926232395,71.0802929635753,20,benign
34.67638350674092,206.52835795984797,1369.5800361254087,229.4697607281916,34.235856773720755,52.17736277263344,238.6698162546055,80,8192,131.28198098850555,65535,481.628159312406,834.0990630888508,15309.264876063939,85.86614592838774,1360.4706605201118,22.36487593670773,449.1591034337379,137.05709410813887,40,benign
168.30396493727224,972.4585199783769,2870.0294754836314,31871.66602233987,163.1228732639009,887.455744258289,762.7407311850534,3389,65535,433.3550612652925,65535,1615.7335078733256,1248.6722878278467,851.2369995547587,195.04257187954624,909.11753898922,97.49294512109465,2597.6936733618368,49.17311820778461,20,malicious
893.6780550621093,1444.6033494650114,7224.8611369081955,31886.46448410087,119.6804098904746,694.8493864574812,789.4787159370935,80,65535,160.33560934582982,-1,1670.108400679711,1136.348876973241,2290.7688374667346,212.19926701420286,597.1292484517115,27.17473803620829,279.77493647473807,74.25000018007034,20,malicious
20.120071595939166,251.77899168408487,877.037527519698,1952.5003080518604,40.13750146014617,114.54112125269545,60.347709760838626,443,65535,125.3411319064451,-1,3365.409319632649,1497.3921683439435,760.9123260716342,89.5673411768858,713.6636038982607,54.87773019236095,5661.900435648962,104.16727851401835,20,benign
331.55221178824405,797.0642797156634,4031.1951299222137,47231.02803985619,204.83151303630672,690.7480127620535,794.2586638400487,21,26883,386.1676467906087,65535,1327.066713877695,453.35562154592446,3872.236805250101,172.41910265166067,837.5066841243118,73.44081727414823,8104.971102474801,199.94123303156667,60,malicious
3.9469804628878107,250.8142656839911,176.11841678877317,288.6049541610315,18.93295593670105,59.039848635506466,70.72953398409166,443,8192,73.68013478121765,65535,1349.7856959120397,515.7557833392276,3371.051037642004,66.67330164492701,82.89355091326925,5.959688992566415,223.07463308560477,154.78986138988012,32,benign
27.382189160855134,240.1634139810292,755.8870956377776,449.2511878473507,41.983273520841756,60.32308987536166,130.18400925566903,80,26883,92.38310286331024,0,1023.9122704906139,736.6609330400103,3534.1556608754927,67.76802526474842,105.12331520197321,27.16260383260417,1274.583644082982,158.2824982672431,60,benign
531.740747635499,1149.3089911759962,4951.306096119364,37041.40711167341,391.68828610406865,956.1895432850941,671.5126215529199,3389,8192,135.4012722501845,-1,1328.139035533032,68.88218796364423,1764.560975597151,253.54265954640945,1437.7688055453332,92.39307231438686,3329.1565537993074,55.4312900663228,20,malicious
103.50345908709974,1195.5464488979237,7634.22427515531,71455.37754658383,172.4021532589502,266.8251175051851,990.8640291735451,80,29200,552.0981362794357,0,1204.6090659291658,322.6210841775061,3697.6985653926627,317.68323959808544,1030.0774857250472,62.53111351370963,1462.0205113296734,137.60541292742403,40,malicious
707.3628639591411,904.1989227873921,2055.6256020895717,16698.840834646242,216.51447299182377,793.4106198771448,633.9225064853193,3389,65535,450.9099577057323,65535,3613.362465571511,601.9033259793496,4652.695759663213,271.8258793450647,480.96262184764555,79.66523334239916,5835.493104773389,69.79632902250145,60,malicious
1124.0232263683974,1295.1352508635987,1917.1992540111971,24706.708921388963,149.7233394926523,858.0646175213935,816.069038668129,21,29200,266.168887500001,14600,1719.7787964018412,1193.9860704977266,1968.2985166102537,148.77498305463848,1061.15646945346,37.70467136620247,4453.487593280361,64.305133540177,20,malicious
25.836946291187243,254.83303751598405,558.0072435529639,296.61883585222137,13.56126042476241,13.255119037243967,183.33710547490153,443,29200,138.09057245194185,0,2029.4320605401826,992.349340504877,2033.6104386755098,340.3596632437959,1091.054677961806,29.98383083544799,3283.8763094745295,103.04994747143114,20,benign
360.7988253067805,1171.8532086708797,5559.673282748312,83234.08901462676,205.7707758965567,393.7950890037026,750.2281406069981,80,29200,134.41360183769112,-1,1840.0660766975245,1465.5927024990958,9228.653698005326,395.6283104998982,1309.1126996116677,31.34368151577632,543.353940859712,148.1325920719738,60,malicious
1076.6610837794158,1211.6760326953292,3267.405020776261,39997.308732222424,135.1150819909819,595.4828835365709,465.78689365988464,21,26883,587.5441987293423,14600,408.05510912095133,464.54761063588103,11029.302585160569,315.7235637050839,895.4299504136114,96.44357447022588,2784.132138114724,43.652857118732626,40,malicious
18.526568319057382,703.4170239493869,6034.426600023536,3001.4081093878085,156.3511457642123,1006.2312674663361,993.6640845130703,21,65535,317.4981726136966,65535,2013.7490070757726,1324.5381516133718,5527.087607588304,127.33452993663748,350.7994074401635,93.83835220540391,2004.7042901400464,136.68353865692507,20,malicious
46.092624927462644,239.9084063102565,281.82663449667575,515.7062076124937,31.690081242302682,35.53422417835542,106.12600169855057,22,65535,84.60906101850732,65535,979.1398659109863,172.59519107202328,5592.227415093055,166.14800041848994,902.8373317327967,1.3380799235158558,569.090560538816,23.95207055478768,40,benign
13.520884839819201,921.5158423721807,4330.190879574118,66231.07753676688,331.2377236015167,351.9535313576353,538.5708027289269,3389,65535,261.8655827724233,65535,2356.702497560844,1372.045436040917,1966.6351304045593,183.41737819828202,1107.6539670205784,17.769310208080892,539.5251172665344,181.327741765399,20,malicious
17.128542823485386,273.1704026383444,1442.263099856634,1477.7345378054279,11.0870756874831,103.93748739376196,144.37072870804639,80,65535,41.27818959449661,-1,3565.8213266472817,395.6546469954241,6462.691366127184,249.72691965644148,766.4625379880276,81.3613632559079,4453.102782444976,89.3334848190284,32,benign
0.7531946033861994,246.72177620937615,1269.511793505667,731.5728603709938,41.29258863421262,112.38403901701996,290.2064439419815,22,-1,104.44980024923508,-1,2605.4801517124265,396.09648946889354,3503.32973271155,230.9097066252587,305.1515792296083,91.69419240038734,521.8881139997295,23.624487474358958,60,benign
14.159406728519953,303.91352849837864,853.6990942572571,945.5914615948616,39.81714824424209,71.69997779606393,254.2975346675044,22,26883,30.81193423355174,65535,83.2839433594637,391.79542746536123,3317.767240336142,71.02344259397027,735.1524931126019,73.89151528538243,2725.3723661544877,164.40577194935497,60,benign
48.56130507420229,126.45870977365838,1071.332483611702,576.5457952604496,39.33956875952169,25.979220255176593,195.2696098919978,22,8192,41.682224708883076,14600,5699.204599135089,554.8413619439405,15982.790151667929,342.9691357008686,566.8041338464394,69.07562674548558,946.4339706067401,65.9215887973252,32,benign
57.14878780716258,1109.0325829187468,7476.154207778644,24072.7929089701,120.23288035760972,1020.8640251204398,425.91995223543825,3389,29200,415.54506574806766,-1,1013.5011466456803,525.3806989346406,9728.924476405888,125.05379436747619,157.29093999706237,31.305316643853676,73.04935761384779,57.31978799344427,20,malicious
10.355728214921882,204.10417785941294,910.4628874331761,1432.9847377665249,17.484557623118466,105.87617505029749,129.37907818333002,53,29200,140.07072863576406,29200,8168.830840245278,798.589240190029,7889.267896249084,245.087874802349,1132.4265681610511,97.43949444313172,823.2714491539574,66.25764209755727,40,benign
12.335243476908065,183.5830099892285,1138.6770580397424,463.16336803312925,41.43885345402375,22.412452231088167,277.6961327408137,22,-1,67.77654743594877,29200,5954.6704411023,803.3136008524821,9092.241550330926,119.55031573195221,791.736719211657,71.9718200575843,593.2059531974319,26.890901242331957,20,benign
8.631661791366158,166.5935256925499,457.21293529695737,292.74165675616985,43.74070901268332,46.0778968264003,107.8538885711468,80,26883,81.48305405882823,29200,2059.7432094219394,585.9563519586733,10228.169602639293,176.43421207154748,472.7935012690074,87.80181474119783,1636.294843072094,197.7094639530742,60,benign
160.11043452906546,867.9906311181369,3012.8910143301064,68432.00703138564,182.562836992383,505.43961452275755,776.7845089087613,8080,-1,377.1321067219536,65535,522.5448439563474,1082.5015030750696,5375.568916567874,258.1113653007477,753.6472512053737,13.604718001903315,7862.911147295312,187.56656794782606,32,malicious
7.618668134982486,212.41043491501296,947.154791912135,311.06750552840373,38.291137205853914,27.42805079051385,237.01270161428363,53,26883,42.50516926829236,-1,1953.1837741783213,398.74093739553143,2938.1279330349234,253.52271731018047,1061.867425124184,37.3683245053323,2157.420802318989,145.44523422805236,32,benign
10.378923905795983,246.52116523784,446.1919105220003,978.558931649965,31.984286499304304,113.84733821115725,244.97315187359368,53,-1,71.72423032646688,14600,8019.17089048127,1408.3342180292611,12399.677441143775,290.7835174340554,746.267730298663,75.82430699143534,1722.911109057741,159.43407027970648,20,benign
1661.792651356897,1197.6630665822022,7011.608094306795,45058.60880044363,338.07756484087605,1149.3299125059766,497.6463085107496,8080,-1,140.42556463567917,14600,3815.40931331663,1219.6304529483048,930.7278628699623,269.91068256984346,573.1480216745573,75.34587841618858,4300.409925574485,59.65214478381511,20,malicious
20.387989374089223,323.43051381770135,803.347656314644,143.63012223179155,24.219591381526758,84.3625919051784,179.69040603342853,53,26883,125.18822817703462,65535,1933.059219296929,612.0569836642806,262.4448969026643,112.27366820126521,1242.3461448090095,46.19749863665387,1018.4021566047337,175.3929273192588,32,benign
427.178475291935,1151.625221085284,5566.106066861884,15380.52073289906,346.05288841817156,338.9943325023153,568.2080765163641,21,-1,167.71832483372128,65535,1044.0757054488238,913.4458240657299,5971.239368310061,340.1929045989327,800.2389805969764,45.76897260519866,1088.0770872632088,160.38981435866592,20,malicious
8.661480719463665,251.8850675289344,1118.0758485192077,2144.552800142917,41.25030133089164,40.74782702456274,57.576951261360044,22,26883,33.158490129038626,0,1861.4803319745583,1094.8730140299838,2185.6680880386634,386.34754818752947,397.3005545065429,46.71919192690118,1332.6869087044072,94.79202489554757,60,benign
253.49851188174492,968.3175590653038,2508.8850599037723,4430.897627224677,286.45136734500863,447.6517159032097,870.5034317072776,3389,26883,254.94399854743023,65535,143.84075689926792,1235.8280757417094,1728.8941772673882,352.5235997284165,974.9159560154804,86.21307649290951,1421.669025759707,38.78797263933113,32,malicious
333.0923436797021,854.4489145010617,6041.903374102803,1438.6148795100028,296.05483952033956,1172.1450048297222,802.839021213995,21,8192,284.8249602694328,65535,133.88398339418578,422.61821479811823,4156.363618256092,327.17500692256846,838.1645590371163,15.628869557205416,330.6047135851567,198.97924481601785,20,malicious
654.1709405244203,1135.1783479202502,4047.4387511700334,2715.550793942286,105.17790410828198,1066.8734798802234,965.2489412563215,22,65535,345.06127074734707,0,2186.577547498998,1331.545736446338,3497.3306833421957,26.87175214789907,538.367362466571,77.78420947654669,1321.1568182187996,79.48701149776444,60,malicious
1495.6459645633938,1217.027065848148,6741.643640711597,48252.53415406802,360.1941408144965,336.9961337569889,591.8872047080753,3389,29200,187.6325932928932,-1,2160.1410003643723,1487.8262497244266,2028.5610511762507,204.63693596068723,264.87643629657146,77.64946194516574,30.53342032227552,134.92522639488487,40,malicious
473.42712280119383,1009.1323929461289,4800.249071739195,10110.770512684338,120.02003551662308,972.7534241552553,528.2937368687211,3389,26883,393.91708008553735,14600,462.1439887009224,836.0120231115296,170.60680132170134,53.64940532454746,298.3445746820809,84.09517152787382,3393.952025895512,136.4271039940464,60,malicious
1151.7647095484833,765.9953683432906,7621.733926125989,41997.512850746905,335.7535864847672,1025.9555063744413,720.5074763345168,8080,26883,474.9274454861704,0,512.0595242064347,1131.37125745964,973.4262068984835,60.87174835505563,1325.2009033002344,94.39591771930273,7048.973474286532,178.8394486512581,40,malicious
746.3978947655221,1231.829169056835,7365.37951474185,706.6082666557925,397.6171258705047,742.1303263528407,788.5188172238311,21,65535,556.2926847626113,14600,420.4017940689028,152.41994845748252,2637.521221256093,21.76211621608881,1227.0777505690369,65.1662499979024,2925.8650055719236,141.6343704211784,60,malicious
9.323284397044787,402.82345795314956,1155.1182381747606,142.9528359872968,39.538426877129005,65.49737175868236,152.01911820529773,53,26883,146.49024985458914,29200,2074.6572944224554,1129.1967359742607,1965.2843202943702,296.96567334683573,212.62707942232774,36.734682196360154,1542.0345046518903,101.58099608841822,60,benign
32.94018340377595,233.35158608069122,1260.3161230795279,3.9171168753663634,44.93783364149409,31.75218694286494,104.07915481317099,80,29200,82.48918477538489,-1,1063.7003870286906,1439.4215092313,7477.295344675863,70.07844680364889,646.5438233447894,45.561626196943415,4341.604104311811,67.79944390856657,40,benign
30.543027636909695,254.67776977609947,463.47653741021935,147.3604596430916,48.92238871425749,27.56648754523766,129.17281619347386,53,26883,95.73035866114199,0,1656.0860235026714,1102.4333264836844,861.9030509822,346.4788060084088,1209.503258002413,44.57289999558812,8063.246424527158,109.67741532612769,60,benign
160.61646556162722,1255.717906532036,6744.236591419715,11717.069044345953,328.51427927205793,899.5113507715901,628.5322636647107,3389,65535,285.65942353995945,0,3626.9709175865632,517.0416685306941,8450.542748364483,291.69063142511703,903.0417481031544,23.39233278136191,1523.5515332140305,142.5030772636739,40,malicious
216.48795215451628,1491.0577728479714,4393.825299205271,11990.1115504515,199.08462235486041,1102.4127120354665,429.37664028549364,22,8192,312.93747503901443,-1,1914.9026920336473,1411.098839365124,5545.686510282223,57.91572283478773,637.2243169863408,66.40542110422943,84.60288081062893,113.51610789785019,20,malicious
10.86072934370347,222.5832314548317,893.6196349946201,1037.5610261024074,12.226427036581658,77.92639183947875,242.70011069876594,443,8192,141.961615464745,-1,4676.301605704788,557.1407773551186,3544.6075910522927,74.73782803421537,757.2011252042201,52.846026801588565,30.77383606176917,185.98674605291026,32,benign
6.057832786914097,219.9986717388088,1129.1144043583474,82.61117670063028,41.39755286783327,115.58386830088668,201.10385555767107,53,-1,100.9722839729431,14600,1600.5979430649004,290.2683317339275,2279.5586616598493,359.78602890779644,914.8642879251801,81.85233530264826,1112.8147255574772,115.15451356243464,20,benign
18.56482914418769,339.24793561849253,236.6159219715763,485.6985793303155,27.010426576779217,72.64168207374283,240.62632344026383,443,26883,54.843653881463965,-1,15558.463118948159,519.0702289351575,4797.371220841342,223.95053136888902,661.7344254113011,6.629736109801366,603.8567790560015,111.03107686204297,20,benign
8.792437571399397,283.93929859914573,218.95272107841197,192.94146539198226,44.886312363098874,102.80782420004147,252.1378462514783,443,26883,101.80100233409051,29200,1589.7567770535006,945.8849807421769,6630.17749305315,128.2485281263796,777.5392522408558,73.2643622602577,4421.444499278856,125.91507598835373,20,benign
44.39778069970657,265.95772801261415,305.2647665868908,443.2067154623472,42.7599916236292,12.112564864410961,224.3625989114183,22,65535,24.01054549882665,14600,1311.2606420737236,1331.7559317487414,10508.8324623215,382.750960232025,1197.200765374172,69.1952442064673,823.9755460768921,148.87207215618704,40,benign
328.7355605958403,1093.4262366733847,4678.591908455797,62264.650684715365,350.4622541952185,926.7811765612158,859.7650089006304,8080,8192,361.9683067635717,14600,7069.009516323946,556.0325391978417,3638.9681735508975,321.1944039191914,427.88904282961835,51.27134178009081,1343.4985556078377,91.11345093801252,32,malicious
2.6219937155658934,121.68093746079856,1121.2791725637576,265.83629763891383,21.570265392834404,106.25767663608396,284.2533699298385,443,29200,44.694337768837045,65535,1585.8208402845123,666.5649635658634,4229.008189852437,298.8244282361344,1364.4612754141979,15.580462053503474,1376.3302956831967,177.87017395888628,20,benign
0.3165087699022203,253.56065825371115,428.9693954000444,646.4000636807651,25.633738455859227,66.69508471042089,265.942960691875,22,29200,96.82716679566813,65535,19.54475058871716,1061.5338908472868,5218.558800249845,191.05503738693773,514.6273357168197,14.612369071680565,1900.661772489286,167.4267271703155,20,benign
77.5224517197802,258.4703186148334,1457.804240758381,42.96372743388283,19.606726595517067,43.313462553718665,116.50842352772679,80,26883,98.29529204095114,29200,1002.7980635531309,93.3481286944025,2923.625899740123,162.19180004230324,1362.5865713250919,65.68050750918704,765.84594332806,93.01154219547831,40,benign
11.667038742374896,205.51498543946957,798.2317832954898,426.0603099470768,35.44889619026839,116.81509303435111,51.73191417758378,80,-1,72.05974691858252,29200,582.7967444577205,1298.5011612777826,825.2457448031032,94.14616881862497,330.42325521910203,82.44179163349656,2494.310919257125,45.043642160049544,60,benign
297.96854744295536,1067.6656651216663,7305.447004050514,29056.138061095004,318.64033332469444,713.2634588958257,393.41900960390933,22,8192,174.1224113381734,-1,1390.8391555830983,256.36984520655244,12585.351622558894,108.48361669511014,735.0998962888876,20.84283904455232,1790.1832861142436,186.07047311069488,60,malicious
6.705254917751528,231.83609592107592,1380.4566820888786,292.8942280875461,11.304459736403128,33.61714979562264,61.635910252115934,443,26883,39.01335986214199,-1,1257.3286051155867,307.4450402887753,5712.364275903868,316.0458826508139,134.0702987148971,11.914016814050044,4841.412111692009,32.79782539147709,40,benign
4.392658932122448,265.4526772385895,129.19374113064708,534.661257695404,43.57257483689355,95.70369204325165,97.50178356635749,22,8192,115.66869733668965,14600,659.1523218911987,721.3635567533969,960.7002261705247,36.212954237637994,1201.2305641151133,20.9545342224946,1735.9851109954332,66.10607390156605,40,benign
1014.8593983858589,949.4498659378202,6547.316759002018,22514.691693723336,339.7502221881893,1160.3851553774468,984.8526487158933,22,-1,516.7183692712754,65535,242.49377196195414,187.64189510298658,7816.28909444594,290.05077960634094,112.83542554289852,42.857513972457674,1329.5493465734878,45.649149137188445,32,malicious
35.85168516407077,231.89879776775356,389.6830722950833,357.6964217587305,6.7321779883809745,21.49436325542986,52.55119437010121,22,-1,37.240826882281475,14600,1083.2909088465703,1104.29436604565,5224.881716547746,312.8114239724874,736.3883435364704,2.677688762460717,392.8192197111621,182.89542438174803,60,benign
136.23888715483668,1130.0346975132131,5535.382567426224,1378.7824566104703,117.33081480185659,1178.9330910331596,545.379714360485,3389,-1,308.66131196299455,-1,1338.5718083409943,601.3306522556256,2355.9970179797238,206.07883124997548,675.0253524404852,81.07609693919503,2361.0285518400037,147.80960785280035,20,malicious
788.8302794872454,1260.5532023121732,7297.366274561472,3.510042948838941,126.73387954004093,836.6417822799181,823.9968743463753,21,65535,490.8703205701018,0,2575.7320727469523,785.2569499810214,1351.749756280178,93.28628332740573,847.3758328342157,38.26024391882409,2937.83006363442,175.0451134076565,60,malicious
503.6635805861413,1041.3283830778528,5461.775100885424,37180.99322875053,250.15872742080603,996.7744910272952,717.2951635124105,3389,8192,567.6997621257124,29200,2148.426485708322,1280.5440959336713,924.6778475111327,236.93768615180878,929.5716291902453,50.28812128358431,96.47866929105557,60.87420718808859,40,malicious
11.263919692641428,244.40956562365045,547.0795818636557,222.55372680657936,49.30408368824299,88.38885609254956,228.226899728361,443,29200,53.7201290315558,-1,565.4356713915804,88.4655953658621,5299.390602177094,20.79323605551751,1482.592977689043,21.740459392045985,185.12048642379358,162.36843991097658,32,benign
8.935249501912313,322.74469014093626,1335.8056432189935,2218.770928356172,13.06691368512766,51.10180130221312,209.06849631349328,443,8192,107.64643636894968,65535,1875.0647155640954,298.08258307283126,1709.688553482514,224.48917343035055,972.1864483874494,99.90235273333796,4582.648804211313,107.90808141432866,32,benign
6.240855865737016,257.52296843161565,1228.196809199116,547.5838176756132,33.58797982146666,25.531158332302827,213.37614133822032,22,65535,104.03804883077633,-1,297.76950232515566,478.3875924176546,8615.279369332413,347.91291394666786,264.0048464363829,63.507458843616384,5813.185246979116,175.4723561769931,32,benign
547.1907995442086,1413.8715444011086,3058.5236116264014,30678.292081004987,281.71210048491514,342.15182369218803,517.6431429398991,80,29200,285.30117404222835,14600,1356.894390227891,303.7161704037102,1724.7237279717476,53.190368904893695,1056.6594191364818,85.46068651960971,1185.4912879821188,82.00997935173118,60,malicious
2.187172182384652,196.6073527330281,1470.5229886638915,1090.2888902300826,33.06861031599061,58.31799553123763,97.98281639413656,22,65535,80.60874312950902,-1,2121.6831853045524,368.4132435518356,9429.903088315305,101.64183509901477,718.4476940759473,18.07197975453494,142.23116738065804,146.25402803794128,60,benign
30.154022466374858,281.4040815632658,1320.2941138822032,132.917247021717,7.076060601335041,112.97712409765658,125.02883551721744,22,65535,142.86903360850815,-1,1735.6379669526623,559.6976081604771,1001.6701914316369,367.1774867821751,222.0434487070512,22.104138564062946,3020.871876015963,74.227087473566,32,benign
398.32751604537776,1231.6529802520934,5512.479246802542,44573.63590286774,173.99069329851082,441.4137831589542,562.835706652727,21,8192,427.328021266482,-1,1517.916202911015,130.91012974393385,4523.797009012198,364.6591109564453,1079.518720538359,89.88607729494878,26.518674071525705,37.00476720227837,32,malicious
2.4239663306355115,200.86428118223134,1488.3175824658688,80.48505359917682,49.462508017641326,88.72404741546947,290.53041756489995,22,29200,117.13933952082867,14600,320.3089954976116,1349.3700499896113,1974.9034981974214,224.31036664217535,1247.970331576831,37.63229426653986,4277.322962201789,140.3675839858904,32,benign
24.616292542833655,276.9241099143057,1493.5036089935284,253.05959151751333,45.00287933945756,26.648603612597018,189.22116010565244,80,65535,40.4053820660883,0,810.5629813197362,1215.9591900743287,6246.594123650762,209.3486200251666,341.2386755109722,59.92948421268757,1352.717052271087,71.51018502232205,40,benign
847.7900011033997,1497.3766402158153,5880.873529580527,6954.4072215059205,246.46988988379823,882.3404884971791,547.1600935146041,80,65535,310.36509305089373,29200,2159.4194089981333,1129.8055140365952,1861.2566455172237,60.74496677270979,149.41223911657295,60.4081553219615,523.8020264338548,23.791172770359935,40,malicious
2.1905784893132028,182.4925586138489,519.9160019980376,45.95705555721068,38.4140427770091,36.50697216213196,260.58811927438114,53,8192,96.54725224339923,29200,784.5593927929984,214.6171363224789,2472.1937435210066,115.48447182094694,796.8586243742576,40.57090808893459,1592.1547680278409,119.61153028623775,32,benign
69.53360264367012,1113.6561263582462,3372.556264568357,6851.332513232973,137.60705001164447,750.8118943916556,700.9873770356206,22,26883,501.4563714761163,-1,1739.9396380244896,56.29173779274707,4511.146090959575,229.52238588369582,965.7757035369632,44.0473056434419,1246.5233274103318,188.37556127417463,32,malicious
11.267933898809028,191.26600173660415,866.3272787507341,206.0384804197798,39.62626474495195,88.45098016727698,83.6591655852477,22,8192,105.91385741941004,14600,1836.586741024135,155.92607322605534,9474.284794475378,375.22010100065455,1132.181830424875,42.91203943312533,5111.399963894939,34.896213663821456,20,benign
47.31400525711531,1303.1044350650195,3545.0574511731556,5926.944743988789,189.93028227413052,1047.8071599445475,675.6284427528927,80,-1,290.0369470097032,-1,8230.885939295975,704.1851768835145,9706.084687801813,229.13719114890665,417.0297004744909,32.22466853426478,1950.40302687889,49.15148588183513,32,malicious
507.04027658898013,1008.9200963308771,6164.223025840831,20082.300391648958,117.8309703475428,611.1538367052622,750.9470064376048,3389,-1,223.8445180617123,65535,1634.9835882698912,833.7381246902751,53.08354125566708,101.9177224131211,868.99770936568,94.33557776546098,2224.592331742182,187.35307472129082,40,malicious
130.34750286871767,1027.8636879037017,5603.795292963152,23711.73209290244,301.335737539427,860.2168527607022,897.7184779943632,3389,29200,233.9510134669042,14600,108.93497289616343,977.0160260699286,9798.577308509135,388.42910192531946,1058.2042582631675,42.47040486074912,5246.666099266321,157.20212374800215,60,malicious
16.046826138026603,163.23044355860168,1112.7330580654907,578.5569334716928,28.619267882991934,80.82713293258709,148.82772264263377,22,29200,122.71631301068192,29200,5866.206106084877,107.77795196531065,5422.753073030675,314.6419827310613,1483.912911262033,91.73366559377412,867.64646835702,134.07514143320702,20,benign
448.9506324893659,1250.89125159481,6833.30554285513,43793.8920443467,178.94172709267923,405.27678312140415,597.1867285657879,80,26883,470.8543557915304,29200,4414.344544211467,819.8700570671796,743.9884277745233,334.31533272440987,243.29190435218462,78.12907982420613,194.8775053730196,169.28285971024283,60,malicious
43.12315593642053,1017.2898476704449,2314.9736339134897,42394.05628998961,241.4262796568816,554.4768841436418,761.2367664432584,3389,-1,422.8607966547271,14600,426.69522870740207,279.55816651681766,10339.846448471342,345.32308022004065,127.38853559934914,38.91654207009427,1060.7474629975763,129.8122782144008,20,malicious
3.749180378023584,283.730498482194,1073.6945813759098,342.4715616653742,44.58080999169029,47.243074560604924,225.29346325618545,22,26883,101.17129000231964,-1,1279.0986239543904,1147.3218734264465,11660.237701189373,304.84534780256746,951.445289625189,34.320399770428935,3787.5752066777045,41.66803511096548,32,benign
13.371126897324853,181.89767504414044,719.1767711343726,2149.1225496346156,41.86356081509958,62.03721693044686,293.39902894048885,80,8192,139.66433386517997,14600,4051.995634344734,145.41332667493356,9127.274135134709,199.65380217608802,406.5610895994177,75.4147218122224,2607.515093074039,109.35420728264825,40,benign
33.41919224896904,294.56669427625224,1159.1740667418392,70.37880117198318,46.082534465396705,13.463402263732377,213.1513485814695,443,65535,110.70867732380597,14600,282.6948686459702,1498.8489295753577,17014.930794038326,77.22351833923769,379.27233543475916,46.93897198437792,276.2857254832716,122.39645223719212,20,benign
1215.856644162403,990.509149856055,6586.7916687629995,39949.85312451554,259.75286543722956,755.4708449061288,936.9943843559156,80,65535,221.14867429347828,29200,649.884244085059,757.2540260054768,8841.304488217573,302.3286480247241,533.4620965721772,3.2709732841749717,3454.7932223176326,178.3762985658318,60,malicious
3.575009834796526,211.87004013587733,1370.1232659066009,303.30746260291727,24.661380993950395,44.489182374320656,78.28992450282364,53,26883,31.833265871867958,-1,83.06449226551388,1277.1567102213514,1460.8266782091525,217.67011418641445,1293.8669408759197,65.78887982698166,4024.9166541875034,111.43122477785543,32,benign
302.72508155927034,1179.9149494080302,4560.058054015761,76252.80042123128,198.61870759581979,893.7405503654227,732.9836708440791,80,8192,210.68250738547079,-1,4336.3988773145165,1325.6172182300404,17603.14242219875,87.6112540293241,109.20409055634897,75.51042634721657,878.1750443857857,111.46507777886919,40,malicious
1.0387307910195722,247.2045817642267,268.2721249753804,286.77566007182617,24.282321893031607,93.57018400404289,232.65953068360943,22,-1,75.47971397098178,14600,205.6430934726485,745.1556388586537,2886.415528484753,299.7953485269548,1312.1001497610669,4.422144342176749,4965.4196130985065,119.85893783654406,32,benign
1.6627642675620042,207.51341624214695,1453.9137618862683,70.65214113171234,13.094842940617614,80.47083510246337,152.36178870036022,22,29200,137.94273806739457,-1,3989.36876173552,108.8508509320486,1044.5543072178923,162.19445871666977,164.03290172277423,26.96225558595683,3467.5998562990662,39.53901297259442,32,benign
18.389507166209338,234.53965269127247,1482.446000022263,70.45983913974001,11.342246168072627,113.8065399087858,251.91662956639544,80,8192,64.72562262152631,14600,382.15351342034467,534.3575347101729,3395.891725699554,46.203045231942895,1170.8701229804976,15.527364390876464,2035.4680931705764,178.47284613448417,60,benign
1384.560026812773,846.7515037490989,2244.22354356934,6256.119357400679,140.75994012061307,1112.6821285686224,866.1209003360991,8080,8192,183.10844489603616,65535,1566.6677934718036,1294.58091802677,2450.9524253334753,208.88361634384773,1191.1434432804856,96.32781799139937,388.08482415516636,96.36480441410315,40,malicious
145.87499445323022,1198.0593352732049,5758.407256169572,39818.918849462694,312.51255861579057,905.250243873697,895.9258212179694,21,-1,248.68270265252895,29200,3688.431290639182,1342.636842001181,10648.552840831844,165.96158881495901,1198.3910428749907,25.147401474968177,1247.9309291590255,166.55040998150798,32,malicious
282.52599794115446,1098.5796499550552,7972.184614670377,5899.604226555477,263.19901665833277,308.1799584197907,828.7049371277105,21,65535,415.1009810020466,-1,45.859470066207095,1444.5127477773726,546.9491445316382,293.1956734722678,331.6285281415034,47.509850760537255,3389.267655497641,119.28196656464453,20,malicious
5.448325244076085,200.3387337105263,408.34745962032383,89.66847661559899,37.05779491851258,67.22946881931966,74.10377952112091,22,8192,136.06461512169824,14600,3679.1458568603075,416.08985858536494,3161.5965146204753,27.92487865772816,192.16765663586077,97.36415972151798,2548.3638927050397,145.34671196075132,60,benign
213.55645027714286,926.3528452751243,7424.532903607014,39776.71266631212,321.1308069582823,270.0260660054462,412.6563826900581,8080,65535,152.42561885462104,0,2838.7784896946764,122.88811307312173,1609.7129547246034,86.5801516884471,1365.3190291013161,22.619784296428225,1032.7251162915898,71.1586484659361,40,malicious
803.1077861315689,1023.2149976687796,4839.48655085615,16804.305348520436,199.86515471974013,893.3731745665067,641.5934204776001,3389,-1,270.5162907032616,29200,1081.6963840539793,1481.6670075827544,1131.9949518370502,261.77636276416257,793.6320646077334,20.917026484694944,5043.901726482787,147.45558137519913,40,malicious
10.820055066968827,183.56798550757006,1322.024054065005,504.1229873948212,8.872151883927062,35.67034061343651,142.07050234595158,443,-1,50.86007903597617,29200,740.3842115100529,1106.9116158709235,6774.645530138346,338.49349536857363,1370.0619723128814,54.307017913871306,4379.176158581646,35.42006820233698,20,benign
1412.1745223179937,1287.2919644183655,5671.666577155074,67934.69109704411,253.76804783742415,364.83991801620465,515.2392493250767,21,26883,361.50182204678083,14600,648.7370860986346,510.01736869412844,59.06819842905844,157.01487777114377,733.2716496231918,84.42848632882115,1237.1500431079146,56.62390319592939,20,malicious
112.22639395289102,1331.009031115415,7857.010046438821,42062.49805842933,145.46957012551138,967.3259143189553,581.4207449528589,80,29200,133.56508091884675,14600,5044.716123076015,1278.3531072587332,10267.961791691849,114.59980065465132,337.22540943692155,46.891493479258905,1328.3932726752362,165.52009773548238,32,malicious
135.57029650731525,821.4294637280032,6081.04817357688,10308.743924533313,302.96474958101135,909.4430797163594,466.5694699558599,8080,65535,164.73613303976188,-1,883.9048271548805,154.50619258428793,918.3621579605698,153.2714233182947,547.8506864044614,4.550141482139725,4257.78500503594,138.22549428667116,32,malicious
22.88106805958097,207.09270780395877,239.7089047840379,124.67413663264324,6.154152886123977,51.08529596349251,184.3783596438589,80,8192,84.32321100482734,-1,1045.7186739651693,394.4859540490851,5116.895763874184,263.31021677709225,359.1965458149606,61.39384476975594,2698.422071756733,53.78097774585028,40,benign
16.535770141781214,169.81947936597766,1027.7575982347757,189.07898695823508,35.25201845323883,47.01641817989586,167.97022850287547,80,8192,20.470674102460165,29200,118.4876775528286,415.786098908046,2963.0591610285633,274.27105178629836,409.46970672382287,16.256312481267997,1793.8622426699094,93.8233098653407,40,benign
921.2733276583019,976.8088481487487,7124.591200422621,15742.445204466329,238.72533888719946,909.0287938829573,642.1689583973645,8080,26883,310.7994469370266,29200,3329.383674696995,189.94777566016754,6216.8271776547235,341.8676206719867,611.3605651719416,6.9013451456537815,898.7060662722996,146.53853114211583,60,malicious
385.71026472369647,1435.2191422172143,4865.256818334416,28608.514319717382,343.4390367804904,300.2897029806508,463.35440562970746,8080,8192,484.51135955422143,-1,2535.9239085503746,1471.2222613372928,4158.39007780229,151.89728845541103,619.3578559399878,85.16812886050393,852.0149359788053,132.6253429190487,20,malicious
4.8222473986953425,133.9041898546563,521.6177341206147,155.94609213243464,34.379974889911196,64.42719743878166,124.43045325151077,443,8192,107.05140986819599,-1,1995.4410277213765,881.6134135976249,392.86643673776797,387.837125965015,436.78194351938015,66.68190203795551,5224.1399059386595,80.9204425869315,60,benign
87.50003374271652,749.9532751682592,4044.564312138444,55055.88428107582,301.8185903547785,750.8869187868124,690.3817347780775,8080,8192,295.30309387507793,29200,491.79920443003823,365.8260589716235,5838.551362851046,349.2646055040096,1388.6141422065537,30.28816386838784,757.8173107022301,184.8574804299927,60,malicious
28.759569824513797,114.06363442230352,915.7895970835972,56.0661306825209,13.299911795114758,81.32132446594429,61.07808464848148,53,29200,27.72510795103605,14600,977.4107163924331,1442.782857243141,6469.312930610005,152.49268445887517,1145.705438169372,92.04134385243783,1191.3066408430957,137.297812011406,20,benign
1064.9471785202716,1050.5969878472865,5494.060788905728,1315.4643762640653,150.07471201604045,297.83619638107285,989.2496538494942,22,65535,520.64545527849,0,1770.3661713403853,375.5455889315058,4833.401842383227,234.08512683518225,50.19786432981188,81.48035906294565,2071.5783306193202,28.370199693476092,40,malicious
0.3058596637320276,274.92631672700827,381.15754381148145,205.30986090908587,10.113615932245235,21.09989851822194,151.12616474715043,22,8192,80.20445251046988,0,2895.8996910672813,1377.7909042522572,1427.9940473472625,281.8762306442592,319.22099161061027,89.38658698020164,6564.792108106351,106.51519646760273,32,benign
6.85850693604404,224.63098640376447,916.0288489891757,646.8775846564241,46.78288404951467,41.779872041465566,56.617363040237464,80,26883,56.692297654924644,14600,70.63924056739643,153.45084994685294,576.66180509739,304.57020594897256,1018.9619841214769,30.484616969762858,519.6984469538012,118.12804424982033,32,benign
4.461153681320645,218.42791987156482,939.2912204008055,120.68409661118316,26.205490666236486,13.048781365057831,158.90134931197707,443,8192,116.3534820053456,29200,1027.9092927537563,585.527853493855,1281.107575687173,241.96949886217988,365.6912011587952,76.37761674996814,184.2495625334081,122.508795755627,60,benign
1373.8496359577036,1146.4599714041065,3101.3597034157247,7958.532633440299,178.0465531820036,683.3912738339011,982.533633162964,80,26883,282.9360068603611,-1,206.25560836500603,386.9873495036359,8763.56893593075,79.26576124390743,437.3794507407711,3.2735362060616557,351.0718786034251,102.25476205226013,40,malicious
2.54332698038707,170.74923836287888,144.39693850431257,380.3576769967722,36.26614576203461,57.39109969458628,255.43000012106725,53,8192,92.0277061427047,29200,92.23689671682229,250.5521949897024,5659.16394246181,323.374219235396,1003.1263818384591,71.77432191127431,5665.746030130344,84.79645566419637,60,benign
1.859826635932692,215.4394287798036,1423.1920141973012,270.8282145260045,19.33105613138221,110.09822232136565,298.51633213325874,80,65535,68.52531728950765,-1,1380.5881797320558,739.2210249346405,783.7354308817129,114.21527006110449,1079.8695292268449,84.06230800885737,875.0981913542538,51.277874681947154,60,benign
1.1722965618083496,262.615376462091,962.0062006046585,15.618797074471752,35.42823549704376,52.790460667901904,126.9191625295978,443,65535,114.45851823065095,29200,4017.298108004056,560.1584002228285,2105.039187005682,348.162201384619,827.2994492665582,25.42184015894492,996.9213406063704,69.33655042555884,20,benign
436.49006808477833,1079.2526350146532,7584.178393351497,7133.319316419041,357.8677546242918,1030.1535633695873,816.8252870170367,22,29200,162.7813285405619,0,80.57676171081322,230.70565173610015,1918.1012036060592,258.2782218769066,210.76602136033966,2.0235117361811494,133.907274118641,63.231470165796914,32,malicious
1099.5673463815692,1209.5013797597885,4640.469638772322,54851.61871539901,280.9918030414226,879.483843378191,811.784084356182,22,29200,224.4551325111717,-1,1097.45730649327,987.247592950605,8212.659846698229,334.76699984922334,1193.6017526713329,87.74701067819444,964.0135507503016,132.08879490494905,40,malicious
1170.1770540489467,748.3053935135972,5680.242901109648,42311.62841976754,386.5824732967933,569.4495024797862,628.7822862444739,21,65535,548.6519019835317,65535,398.72532859190596,1260.9085284722328,1739.0707473546668,331.9317488608186,733.2464877632503,1.198079087690429,4396.235163000539,100.01618060104637,32,malicious
920.3379391067526,1255.0889599282882,5782.308672965824,65845.47366168218,136.22065172315686,602.4190729477841,731.3549181682451,21,8192,301.04555452606814,14600,465.40500548741477,555.3647764779705,7529.66215525863,383.68677102235694,1445.0571308170415,16.508954695020616,1.177454130645557,27.909707840406625,32,malicious
65.26275140401171,1224.2050718498099,5166.005637339251,21043.971102286774,147.32636911509545,993.3286818245153,450.07658684376594,8080,-1,512.5372916760323,-1,2257.787886626593,932.394052796307,777.2232437385629,222.11825691603542,738.111735807507,68.6705115548497,404.21317926112545,28.39209929702968,20,malicious
115.5392983508116,1036.2747447937609,7871.050650646815,23805.839014971665,242.98659225491843,1055.5500940440184,995.9989225625286,8080,-1,582.9754254100314,29200,496.9735217841737,97.6600655877132,8036.239257689231,196.88944242633377,578.5420175636503,18.13842788969402,1458.3994241221671,99.90986305664507,40,malicious
350.6610861086444,1079.301102488996,7563.594612151873,63277.845892438396,250.87937559690846,455.61050241137593,824.2427604386314,21,-1,130.42873362678026,-1,316.2008338091465,710.3074413831699,1538.3779175154477,322.67403132132165,1031.8221456026818,84.77629034540006,1795.0255820850066,32.93131535594004,32,malicious
1073.298011150513,1435.5553811739721,5580.916752445402,26375.384145905635,165.39388812692778,867.0688381662097,872.4811116643959,80,29200,338.6185821035428,29200,805.9227692210984,369.0219165211653,570.9724974201741,51.899360858147574,969.3966431728168,92.69006895919085,1745.6923213232424,197.22786999272827,32,malicious
28.666773425100452,273.0964594926712,811.6778456281883,1346.5891761085265,12.626085922932768,11.612900712041537,90.24495613471932,80,26883,30.60358835709359,14600,776.3689088033378,213.94415995771197,3916.5827455641884,275.9814043097057,735.3835037927906,48.21513430822779,4940.469704688448,80.13527177825173,60,benign
304.02610390024836,1540.602459823247,7554.8879411289845,34217.25885428407,390.52893342156705,854.0087049298462,444.49951312957756,80,-1,345.20775824900926,29200,631.3003864463537,1367.083138620824,307.2872593410523,299.5878806579915,928.9510458981376,14.886769353902618,968.3547701363292,49.11293983418623,20,malicious
91.26398211018166,1219.500489725612,2343.51837865208,15403.389184274896,252.13568028070108,981.9206175931827,812.2844537350691,8080,8192,433.5816174152681,-1,5805.49277583901,921.9821987638762,2508.1953116104387,391.853187314049,305.508428094637,38.77505690739089,210.62162844010425,44.62886857293389,20,malicious
455.5641685184299,1170.1151120618142,5642.955751258109,18317.255438384833,126.54563849341163,921.6261183258173,937.5709137186136,3389,26883,143.25313873354196,14600,5370.046800501524,431.22071445967555,579.0191799170668,122.34377139493193,254.02860644070833,36.47921794639313,1168.7357894685604,52.12198880979602,40,malicious
1529.7121892286661,1215.1678322062533,6118.075411750773,32964.48538915318,281.63827416214815,1189.9927717433725,686.1019816803342,3389,-1,226.97787985805104,14600,871.2634665617632,1453.0145237682495,2769.3640538984814,52.79843075800319,967.6342168186845,9.283622450726037,889.3270474660925,67.63274671145103,20,malicious
252.17632694207023,795.2281674769235,6694.025001728189,7471.800794326081,207.63580875382297,851.9773877231603,496.04285729599314,3389,-1,482.62176826441936,29200,957.9980875819849,140.1883069357236,5655.522256810777,380.66014551455925,734.1792590600122,30.33815922428942,5913.523319819328,52.819401955815366,40,malicious
127.93962333700965,800.3639293464798,6029.894755742915,29223.135034206465,279.06686179050985,862.2922098967506,762.850295109082,21,29200,403.5360801398152,29200,358.64446097391874,744.178259420344,19770.567988640705,351.9362973604239,1028.9608799653272,61.832385986042105,2005.9500643580539,67.83440172480319,32,malicious
1391.7513675248958,1156.0477216906115,5781.05946772099,35917.047472057784,332.0164968397123,1048.0445220241504,822.0285302990609,21,8192,174.20213523081915,14600,1428.0364890554424,1319.354824869527,3351.6903811019033,86.89588996098155,458.6226984882778,10.697304584624845,1105.664686427958,126.80686089710106,40,malicious
260.93997437190205,1242.0499139253882,2994.413334217062,57319.26035153031,148.23947427450605,1014.9639248058802,807.0127543393762,22,26883,599.1260771171924,65535,869.9974639694634,1124.0241988024438,7355.251613974912,130.5615919992415,966.7509563962417,40.40734514449388,351.9842373175676,76.61592159039627,40,malicious
1187.687529709088,819.910926335516,4814.171489045219,85225.17065672798,114.12378654385209,1018.5913176120636,918.9520564078317,3389,26883,399.9554056400522,14600,2155.7218406326347,338.32676723860277,2292.7323231341916,146.14773891384255,723.9193929662122,69.23308088887116,452.3848242459121,28.587183345609954,32,malicious
1082.1488033929716,1377.1885810289361,5134.822490769626,26482.625363466243,367.4235998514674,413.3942909169998,473.318968991171,21,26883,599.2216645586365,29200,5607.654124396817,1462.4142919337012,4773.175652759875,55.73405887788319,768.1862803475968,93.57623162479986,3433.876633044206,60.055568014492756,40,malicious
1400.7681463284873,1234.7588764306474,3436.911160933787,28695.42514138129,216.64187097962656,1150.3692379218442,524.8077607260467,80,65535,163.3864733514476,14600,654.1755951383764,1139.895020861667,6567.679556728998,312.76999830751225,1068.083731620408,14.212229840161928,1723.5547941237767,63.07749377648293,60,malicious
475.75143722108135,1070.6819022788638,4283.572376021841,3149.9388036133478,373.76389931684184,718.4233789099219,784.4980576897997,22,8192,425.60384850339506,14600,806.6375335461537,636.6263504865733,1849.4190320291466,250.74415746428187,1067.4268898754694,27.68323094048608,281.6459007073028,26.771110424960767,20,malicious
713.5872806302772,1351.6027616772765,6715.52091647447,2949.265044493747,184.32104807079315,725.5212271225553,571.9198585185234,8080,8192,331.43100699011563,-1,1414.8661713935387,317.5659702591397,13647.155295600953,392.3985297674532,1032.7988318728933,36.54872939842348,599.8081952761808,163.63317912910847,20,malicious
580.6640528105007,1048.1149038887602,2018.0593763629738,20688.397000621353,110.30822515774038,829.9792065429655,848.0407262153424,80,65535,250.89196440844398,0,1031.862343431922,627.7085715932475,3952.5296589543436,199.5111203986151,303.5486552995444,76.54411140182573,2223.0954331258854,120.00680977675817,20,malicious
1033.627632304282,995.0980439201895,3265.3437142476073,13002.773810228786,396.6808105429533,859.061705880135,620.1595219908877,22,-1,260.56130108642094,29200,304.9441109240828,581.5442110148479,6172.507440806574,178.78450529205247,260.9364066427877,49.362171082899664,1388.8967857909474,190.0260298328524,60,malicious
4.863932530696764,216.6924819229277,485.38500149924755,41.51881285023376,40.05352808076079,83.86618413908097,139.94618697996486,22,26883,98.04829677562859,65535,1915.113281937966,294.71806282394977,82.63361458870871,132.89224660947912,673.8460651907017,50.38657275218289,957.6195059724879,171.7480230527767,40,benign
878.6507354464401,1030.743889931441,5537.2632187282925,18259.126211355833,168.05237941509202,879.1438218873999,651.6672323911994,22,26883,221.241037642929,14600,342.2919444002499,1264.7813625058754,5481.1136469799185,104.86399551431775,1273.4425713863789,53.73275368820545,3149.8040870955083,108.39961151107637,60,malicious
32.09854943347733,908.2142254518759,4640.685008298468,8098.688557387282,118.13777048449039,1104.0235388486199,574.9346431582125,80,26883,598.4100949263895,14600,3125.7021861207604,1210.443192650931,7709.346444551659,271.84242046985776,1319.8749103764503,35.6447639020893,1315.1419283888868,172.33247697919694,60,malicious
8.15477961934034,311.86531258149375,936.2523051504942,183.3151049171044,19.24179279821295,109.46330494398026,56.132934047932196,22,26883,63.404494227606,65535,90.79134403138427,985.4498875642424,3026.5172879772394,195.8526883350512,411.70597108398454,98.15202025029598,5347.219865081639,33.8329915092654,60,benign
3.612137454498854,297.86254488761847,1171.6525996501662,64.27669075911929,13.992072951076295,41.78346989276798,241.2445763404006,443,26883,53.21752980393066,0,156.48319500291478,496.39965427262024,290.44148953561455,157.46840725792873,154.22078369755337,86.12665962743579,5760.691423575674,143.65140056321616,40,benign
1.42461992953104,169.68806033022594,545.7634002673917,38.34711161781886,43.19224071719823,89.67562652999777,253.34784549913837,53,26883,20.911691484761864,0,2016.4095325559485,824.5540446270376,1105.0361212891123,60.658385661526275,328.14286944260476,37.983548740280625,3922.1077320571408,74.62879927499287,40,benign
16.93350702316676,230.19233722278557,951.8630716049502,159.40890193877271,38.99295477144468,95.34291384113175,241.04976128413296,22,8192,87.27536532506163,0,425.7186661233167,738.6107191431786,15926.676930287536,34.104761614131036,962.3966030599673,46.609757264283715,2462.5858323411935,62.186253808060236,20,benign
9.511879635651786,240.29772752078878,824.4737257022249,289.7598263835813,21.168988164115948,46.49308425469979,163.63309165369716,53,-1,46.43489936489098,-1,1736.7929277058963,1149.6565466177442,468.45392439900667,111.65132426848598,282.3595217941037,7.499168620911223,504.20964248071766,107.66974053167255,20,benign
149.8269767458751,281.0532897421195,632.2700883134913,173.02904521739987,39.41125277732704,72.03126794753922,212.54083760313426,22,65535,128.46040727103616,65535,5185.688535350935,227.1896867659263,3786.30095484112,139.06439222956152,994.97333592926,66.44805106429554,683.3326323653282,111.07071609740402,60,benign
11.238098737583579,285.7699790324148,568.4273851902203,271.8573530759123,5.651923400704853,103.77747089961903,215.97972820433722,53,-1,110.58930357652949,14600,1531.8458792322456,371.6055339130458,8221.940777722886,178.42787513060168,870.051833488839,83.36754011183606,2109.3845718546722,170.73230754157476,32,benign
14.259473188924767,285.5279794857273,868.690415268638,258.57089445837863,39.20553831154588,40.249835389272974,244.84689366470516,53,-1,42.871595343505035,14600,336.33150725587785,631.4914786105495,5392.902647293646,331.7042192938258,949.0008274853941,74.51726977300058,803.2435581789937,83.30122856529681,32,benign
17.63475485802124,218.07985459139798,1114.4438604034253,301.59480482227275,38.652740716909165,79.97241131797821,254.19359657390513,80,-1,129.89575797530807,0,2440.6029937327758,778.499679487881,1652.1021596012897,297.4259333468751,865.6974082307996,38.63270190186301,1899.7070941319037,192.10902492531926,40,benign
579.8038873061598,932.3368049905355,6449.472372844511,101485.09854973761,392.23653363679927,1150.0072522736593,938.8114347069563,80,-1,350.16228138246936,14600,3030.9712335858803,1056.4472783718297,1234.4776297150356,322.213261936675,363.85070191152494,73.93333057412109,3401.320949818832,50.249759951981005,20,malicious
86.09077587586462,1079.251790001798,4535.632113384476,88511.41142333356,328.8825178386045,356.10204655468044,450.8254291705447,3389,29200,479.1301986714403,0,2160.889249009429,906.5668621463827,5035.468388203745,208.6069262086157,276.0613788963327,84.55523048137562,4346.279924424719,92.29912319670203,32,malicious
265.9878185977155,1009.334894887272,7679.333575146925,109699.28008144572,182.4391697745001,513.9014909441221,398.61979291806796,3389,8192,459.2522442914082,0,1605.4310601062036,1224.001280594232,4761.330012142478,252.27065112416253,1050.7884647356798,75.91708035953087,107.56949845715489,87.0960731413862,20,malicious
1371.2268333869258,1156.0265790827355,2913.6264721326424,9007.259424201457,288.704275863265,485.3291181102991,730.7802943491217,8080,-1,226.79962526793025,65535,2792.639072780009,1158.5630136754562,4851.407792481335,245.83630309046254,815.2998868218921,77.49194522673939,2130.399331376543,174.57433344141472,32,malicious
13.250484714094352,171.43916987372006,314.22049531021287,514.561096469732,15.43589297310673,86.72889153804924,206.73696025655556,22,26883,135.25012531287177,65535,2047.3132973501324,558.2778062693619,1882.4740343631527,138.8726723046325,834.2636912117996,83.89071587354384,3767.6432939207134,199.250547591535,40,benign
24.20657240185248,215.40681487934123,963.776426893603,444.56430970935594,8.009212576109698,96.8666228396459,231.42813046247883,53,26883,135.93503112807878,65535,1363.3389395378722,75.42284270778003,2329.099699575772,321.2943461726191,1406.1358823701628,19.890518229365583,74.58034236681452,84.05128937360759,20,benign
44.52021470446552,219.18110047380884,327.8360861985152,127.1981801828081,44.173702192667164,118.23424041445705,218.57331989207697,53,-1,92.66399225201546,65535,2274.5292445568566,1400.043811095438,471.5095300035499,92.0136243486728,973.9231902379786,65.61224983522104,1249.9793172072755,115.01583671393749,32,benign
78.23748591852618,957.2112051943909,5258.537214183254,5974.74399747388,349.2332335667552,741.3064649942028,713.6240804231923,8080,-1,251.62810981655275,14600,318.98452483740317,673.0561168325739,965.5951958552079,373.2786002800381,171.316732548615,78.43198240930394,1566.8338871321785,189.92419461828172,20,malicious
14.284835111322,202.50496561011525,742.7402875961694,1046.7129027091169,33.53522055259599,119.20814272924484,182.8774730494956,22,29200,143.02975130488562,14600,1168.3620505152633,177.29392761930427,630.4689212265387,133.1854716198928,483.40433224247727,64.50245514660718,737.2736928997268,70.15333355588558,32,benign
189.74042924579808,1043.9210248310008,5336.20244519228,7078.853912776813,148.56760337190184,848.8773991460467,671.5770823416457,8080,29200,154.58158768316866,-1,1710.9029541749553,1334.3280136510757,7237.751325288738,211.07646336861495,898.808702827877,5.226995255158162,1360.2912416631907,64.53767557367372,60,malicious
42.47259194675838,310.87242148482267,440.5520600869297,1873.8749210844537,25.600290916983802,21.40222672019151,148.85274984137294,80,65535,35.46313978570239,0,829.4933384343494,692.7555214072675,452.3819401435112,393.36400723827273,194.27825459981042,95.92714389899845,84.03921182410512,42.53936987608246,32,benign
310.7809076305822,1053.3678279912351,3917.895947375067,43081.81805569022,365.13755230721625,489.75244396275093,670.341689453847,8080,65535,208.22145021221527,65535,1224.3321377668415,106.29307147344991,1424.2977873627367,64.79996691269095,908.821821214666,56.78846461132676,344.33602515294666,79.26142851236611,40,malicious
1.9450802616931937,231.652278833811,525.3144682419806,60.10739582426492,24.71879970046057,86.65986245313631,121.8338080195203,53,29200,38.42849224020312,-1,558.2905079137798,1197.915233392527,5715.406630045636,138.7793181727597,342.9795180158079,41.75676908635483,5055.257446764448,128.4585319683492,20,benign
370.0327326028071,1374.6813870947658,3140.480686198328,61577.95523400492,368.70746261204596,1188.7547043306718,831.7686057731687,22,29200,292.78754504811167,14600,1419.5558300415187,1108.488530735467,1573.4049465503456,369.37090892718203,904.2883821764608,44.188341432675685,704.8010548892682,21.062415902592587,60,malicious
78.47738213475863,1159.7115153980385,3412.605258144158,67930.92145227066,239.85923898788042,260.4361234543402,695.3590186343536,80,26883,241.69213058423702,0,602.5162003099599,419.8510256975778,5568.344094077137,135.8620347324209,449.5938373085753,52.95852371264377,164.93722169944715,60.33067165982452,40,malicious
13.412742385820042,287.1811280047506,1422.0004756902777,304.332581789538,47.03268046163826,19.064955988918367,200.00304210607314,53,26883,140.58275038414308,29200,222.41085372068608,291.81018764242134,17460.435050983826,334.53598938966053,578.4386214639155,10.150764071839058,2285.205780201212,159.69624086143403,40,benign
15.202999569368753,262.1233717057691,927.7364428854926,455.2083954037284,24.908570361314013,48.91287302335859,141.20918389394689,53,8192,53.55988254683843,14600,4755.307893176705,603.6145360324988,3719.4868304525958,244.1523608574957,648.9303011259343,41.51866199890863,6600.798026658234,116.38604729080095,60,benign
42.7550114694579,208.98487085017783,1294.5835257341507,318.13144981515626,16.726786729059782,61.978916567907305,193.65130675174578,22,26883,113.26693619838804,65535,1653.2465779293138,810.213457713482,64.74927330158361,151.61092288342908,408.6380688592035,93.0102976877598,969.7111211824725,133.6859246632481,40,benign
20.261449556498896,202.67328929574327,924.6932808563705,335.8198798329586,32.3543965187835,81.96736372452126,110.95233301657399,443,65535,141.84753730179688,14600,974.8816698075524,1036.9275917618252,761.9166853782995,321.3623815649797,696.4248632768341,15.22449946163248,8856.73589162458,158.64805178179697,20,benign
5.4766872464977245,297.76105235738504,370.81249724832185,482.81184872973296,23.17440074559943,12.462818840054316,215.2037836245941,443,8192,106.98403507736471,14600,259.5895175404443,1418.0645724199117,867.5835880493919,118.63042307391075,994.4991050133434,39.54290590795211,1276.0420943492852,48.78979015770727,40,benign
315.9767462924915,1029.6763787816196,5492.873135159678,34657.4761181701,383.6405322820852,926.3164620482904,685.6082468879408,8080,26883,220.50046567485612,14600,509.8254670450133,124.84102215316129,1435.3204235656697,269.093774003451,907.2549975774397,75.67455894117649,429.6882336127728,102.10227372595014,40,malicious
151.62949448016252,1445.35657382279,7856.818588787288,48731.895857788164,110.68174939407677,553.245511396972,778.5016197891655,22,29200,531.9506095655238,0,232.53925713529534,375.20895748587276,6027.553417612414,255.1353452258333,570.9755081433088,19.21088023474441,1252.58830238042,175.52258757059323,32,malicious
12.606457715779262,255.36113474518675,415.0101743703536,1718.4399679751398,18.56428719108029,62.37078468921937,130.38736232558193,53,29200,85.31207411801698,29200,1793.7545440206104,1208.9285806291116,4676.017452865015,300.11405778248354,965.1375533503226,42.88214823396088,475.0833252977274,38.15005893019276,32,benign
42.491684882408606,323.7008098533857,908.4113906223677,908.6782994243061,8.39647827038856,26.147991754626254,183.71056957590918,80,-1,72.42713158916965,0,756.2272010595718,716.7727075341536,1458.0950253635071,82.63646950769734,689.7435563576976,72.03516055405605,470.64657927185317,196.90338544899663,40,benign
4.160933853390593,204.27227298591583,444.80123636765006,41.74468088313058,15.618096547452744,26.083185202714603,118.56533998255298,22,65535,65.47528558969442,-1,188.03550048896236,1103.0953559434138,2292.8119777631246,292.47921584392617,385.93051225125527,10.531777807606236,2520.961695356276,121.38629148682585,40,benign
449.2470449493835,989.181395911385,7639.66334162735,8313.147706408236,384.5348968730531,1199.5774529327487,756.7427346974971,3389,29200,503.4346985930226,-1,632.6800725915352,550.1167363639861,5668.755862357714,319.5568614120682,862.3014453433514,43.30768461233502,9977.434563050785,132.16231003681892,40,malicious
2.5874541809519642,209.54447251262167,492.5353251187665,208.88517443609842,19.346067710859806,89.4919202551377,190.18778333521604,80,65535,32.76203337153186,-1,1649.2434987592417,665.1079622937085,6821.481768824918,284.50963641040596,1280.5966315816618,81.01405841652544,890.8310786543308,21.772875024713805,60,benign
413.2295677412507,960.8655268862217,4280.667020260621,114463.08931341273,277.7271473574225,1184.1204724228796,693.0481168216488,22,65535,161.79378441496615,-1,2109.457859621195,595.5075945289025,5741.367563520205,375.4311516550611,1059.2893377657947,80.78592641841182,1956.0132713013093,42.12128704344772,40,malicious
42.30050031905603,324.42307174954243,1452.4723927612229,612.6067162426684,28.16935073919085,40.61547365072309,230.90498510975357,22,8192,81.07955315291818,65535,290.89250421179213,672.9665764215366,3534.153113934767,219.1521873928118,404.88040905838534,70.99450230169055,350.3881526389772,198.81145330333354,40,benign
71.82225676230574,234.16949193269528,665.8909718114776,58.204422268372376,47.964775099353744,81.34679877047073,135.15760238396808,80,65535,68.82985143285342,65535,4445.154378411614,1061.7969693257592,3402.109415593803,332.52200492303854,280.48541673621827,68.89113196176487,670.7460922151174,192.04102058925847,60,benign
831.7955769444187,1101.9250314766286,7787.698020185087,10286.503684456986,237.99567638813588,1136.3839062398324,398.8334414644615,80,26883,440.2505244157429,14600,2381.1253461347987,1457.028269987906,1699.7862157787258,70.90680943065021,320.37335929174515,62.458351048212904,1008.3519875473206,80.72900782369877,40,malicious
62.3440452503562,282.4525775924029,113.41261192885202,205.7266946575513,46.938107726356144,17.930458223039754,237.59609305042335,53,65535,38.095915681868306,65535,3358.4279275248264,183.96498973451193,276.7080181052776,147.47000191106315,194.08736152130618,17.798294433752528,3374.303878525824,199.13462225267392,60,benign
29.149222466964705,228.30781236597574,1327.1350302318667,1451.4050743227206,25.354023066930175,41.574661643904875,117.09877554038185,53,8192,60.63491767499682,-1,375.22907693629094,1270.1160596986026,2551.1095607931293,243.55035239597743,957.5115653554479,16.741093662636462,2037.2657989931158,38.732040494241595,32,benign
61.699121168779634,207.81271234203604,1052.2305632084483,339.7665458964948,15.447915060886505,90.18677257580222,299.5908471414441,80,8192,121.05160894543408,-1,554.1249898486961,290.8896004169268,2034.378962567036,201.12766791197774,718.114719235204,8.065666425484252,96.60226874573262,29.976421121164346,32,benign
485.8210741336756,900.3127784383289,6209.643244055447,31398.938240708718,175.51969104499005,1187.775912811142,678.1036465893915,21,65535,362.99250085307426,65535,664.8763583087001,1337.9519012319677,6805.424306985242,216.26331649228462,971.4631272276445,31.281281988451205,408.1632309427842,93.45030495497934,60,malicious
24.47825474573843,271.03521456659075,835.7003450487157,42.09934126281328,8.227639042003432,63.38706028399631,54.27520048920271,53,-1,26.994391135436253,29200,10645.748709198877,167.5803886222251,213.25681548969547,373.33852407891607,1280.3493811935234,26.308892471455824,494.31085320929833,90.68134312153809,60,benign
895.9918027310998,984.1244503937033,6406.4299728552,56901.85798398863,265.25244809268264,494.2110663139586,705.2222743020268,8080,29200,222.81638147436865,65535,102.79478682150629,1300.099724084894,767.2316482333333,298.08005725381787,1280.5563337113394,81.91644015750403,641.8420689004982,33.60275111486285,40,malicious
0.6419114001400338,227.71094480874476,994.2773369499662,168.5473731475162,38.75910215927888,98.1488193283954,207.5557369144342,80,-1,140.57919130312902,-1,3751.963355837218,194.2478925216195,4918.799404781935,374.5151014741623,1356.3659333423905,67.47847374451808,232.61847649382503,62.039009866449504,60,benign
1.1301508516866952,509.4784917117232,5658.127308289384,38541.43725531735,212.14999713146557,344.42108467779724,835.8492354934524,21,65535,207.8823350011233,-1,2165.972602521414,1284.13359112248,11961.60726825417,196.70311594938843,327.088253503452,64.5402883510254,370.2456376520358,40.6238044525804,32,malicious
564.092613939611,1366.9482812010715,2745.1742467638524,93689.37801954537,108.12334707630308,303.897924792519,449.0185361023206,80,8192,383.7563199874974,-1,6061.982333053816,77.70553132625524,7745.7890007993965,244.3038177685111,879.1286763923312,50.45205994751936,3295.8881966932195,40.242110314673354,20,malicious
29.154343442202414,295.7679194819572,170.28068465742044,276.4998403296654,42.73755833801256,26.85612633183271,91.9605033725976,22,8192,56.09812907683454,14600,5002.1530905489335,326.2582120691391,1928.562595244423,97.58017857170344,1402.1282309769076,51.83594931133412,401.35582655787755,182.01350499916236,40,benign
1.8662494127768956,144.05890952456622,357.6542623473411,36.90231353269562,21.304846828344484,35.43598549219339,277.2080624997867,80,29200,79.1169298642756,29200,794.52775800943,329.6623411865766,3801.095471971543,91.88613925907858,445.92850062322543,10.941403507725179,120.57325498044182,118.76103841851966,32,benign
35.548816609896846,1331.0754655487476,7470.949554981642,14387.18934254824,347.30188010132133,271.4551668964541,728.5147117067227,21,29200,168.69828400712007,0,2679.1333310849636,126.48638083820305,5828.765018610457,130.4190193162617,765.4836411242367,74.88657976644558,1943.9539558096915,121.78895015261665,20,malicious
20.21107182762508,246.64098926847745,924.9260268655345,24.891519378499613,38.963345283132085,30.198381339906533,146.567031778841,22,65535,129.75440596962758,0,2008.2357915968205,649.1646335684707,2881.958252273134,393.0746971389753,837.4715407432274,18.61205706463428,4887.867983826267,58.70967625968269,32,benign
207.06264655456715,1236.3146787902836,2575.3246069321463,101399.24348698181,305.649805326172,680.5295347951349,733.8305262891394,80,-1,519.1329476005785,-1,6208.1501158558485,995.0872542027337,1636.6593978217534,96.86323676756686,622.063563903223,54.13448783970598,2915.368127230826,75.22803370303345,60,malicious
1290.1223782597726,1121.6714943667923,2578.313801907092,31494.464574948022,238.02742416329494,529.9192017833832,521.4332649938654,3389,26883,557.3645951364753,29200,515.6745544756363,512.0291343269096,1688.2283311245167,167.74209959897533,330.55163248909736,49.87165166519302,578.1217216374163,148.07106147507446,60,malicious
14.784327475253974,189.02021498714288,1275.0387801119255,570.7937591526712,47.888576380291696,113.77127057048432,228.94138635442584,80,-1,123.10658916070169,-1,1841.6729835847125,108.71854326457937,10366.665845784506,202.91256670584957,229.11648754029045,52.14993480770104,4977.93140883964,133.97561241493327,32,benign
813.6658554388049,1184.918544262191,5543.026624310507,8266.479679600616,260.80872536544615,288.51429278245206,863.4387507386381,80,26883,373.16506574828793,14600,186.90591480286108,453.8467383573789,7183.895967084609,351.8133044425687,1297.776165575999,26.918174977523957,2121.312351570959,113.38940405547646,32,malicious
522.8020309370557,872.0723789934837,7316.959006200025,21479.191085848324,317.8665503194297,370.2444289944834,578.0138846229942,80,65535,337.26188388276955,65535,1442.9158224851756,1133.735231232579,1957.9951669720485,61.16010905499376,1316.0260729561578,80.46979861038359,2492.7720488571954,69.05758178192178,60,malicious
2.683790747266719,271.82121847090974,1246.7930299380098,38.63863607927782,14.965570077902974,91.72448959286294,147.81497039300444,22,-1,107.7633800092127,-1,2519.027944793049,1296.2340515070402,486.91424788204597,350.68083466011706,1214.8995865980412,96.8804918659325,6233.874238060268,154.28068724797782,60,benign
10.417886098987301,280.98647274595623,1385.805989303843,390.86095338501667,48.926345977652495,53.24564141619791,65.31447591746957,443,29200,119.48038556055425,-1,107.47867046613341,635.2490534091371,2481.3018493352297,239.0061377760538,585.15920562432,38.32314898018202,399.45517626975993,41.36126996621833,20,benign
334.14753080034734,1010.5111580388907,7810.688120743384,1019.0432560246664,399.0997751062837,294.7783649208173,842.0618656063998,8080,29200,533.0415245862653,14600,2913.6338133962954,796.9059286044977,3203.906705721582,293.05230742700144,522.566142866987,74.60504571687947,1211.875710301104,75.62631623019368,40,malicious
865.8771971618165,1224.1653924051311,4854.23993955817,43488.681811962015,354.36326931688393,394.247785857169,811.233936229926,80,26883,528.4472880624724,65535,1095.619028610766,1347.0728985629557,2190.9840497002015,209.38824433926035,567.7540100625131,60.7063716043579,405.380606274918,175.83705847447058,40,malicious
2627.4714753834796,1102.2259063407023,5207.096696559758,81898.09714361452,122.54768458129143,1044.4799261611008,462.8594458795195,22,-1,139.18895173287586,0,1121.6555814129767,1491.2465157571644,5599.581294406205,31.961798514177715,1138.9879005105854,16.717100480961477,662.0160946823619,144.793444031069,32,malicious
557.8145830893609,1109.0036691600144,4120.613037455467,674.5244034965846,193.52392794542953,1115.2046181905857,997.5650430215168,80,26883,259.5930921750019,29200,2875.834253602404,424.2793553973196,2437.832655256032,326.2824215233647,841.8278278446661,22.40179266198532,529.752640761015,145.60737401232262,32,malicious
2.8988022818891546,244.81103263617297,595.8116849559796,185.63563804981436,23.91221893111731,54.8121390281562,262.2932435948072,22,65535,31.997889343466795,14600,334.62572645806983,709.4279842686973,2330.962261891812,212.0847277381615,134.194447306332,17.636371628479353,1963.754725252287,50.4267853302211,60,benign
1.0146380682838894,217.7047301818123,295.164192097473,406.0632965947778,32.16489442109142,13.06739070218669,180.96197417565486,53,8192,46.88471532261647,0,2745.2141125923254,946.0662566809851,334.8526538573134,220.45842424420005,678.446330471239,60.83222541525378,1672.7790597368885,64.72101839539116,32,benign
46.8781789194739,273.14146262756293,282.33236110450275,510.82234055182676,35.572301962416745,14.561524992147369,110.8997071643049,80,29200,101.09519667304862,29200,2573.3142389488685,617.4320347511057,140.7770531947642,261.1846553072198,1119.1666185560903,57.175949868614616,293.31333093814175,102.03538285239243,32,benign
1145.621059701387,903.0651677730476,5793.699050848755,26515.679009965523,376.9056317693693,477.29184676750276,871.3147621434792,80,8192,599.102248244283,65535,176.98940201077514,1476.4805281179285,3634.2596863787353,186.81036662485423,300.99196554338937,56.39932423182962,127.15776550894614,40.49978665441415,40,malicious
202.30050351047961,1285.0876331602544,3428.995018631141,3972.857105906496,285.71836004814486,1054.4512329352187,456.50405872276417,21,26883,542.0661775860459,14600,1633.6437914531666,897.7510909572629,2568.447345234716,236.20016852166125,1102.3016511028886,56.5499642946371,259.9444617070597,128.9259411624493,20,malicious
2.1331516745980976,282.1904843366345,565.8809816532981,611.3803109513467,31.26305368327599,75.03563456680936,199.76745056830003,53,65535,21.629401652213318,29200,52.580725903792754,738.8351086634656,1841.3522366383895,306.02095402372686,884.3886637220642,58.33381683445624,355.07364303693134,176.28775477972798,20,benign
41.79258398011835,298.26197735294693,309.7000967216362,225.2029351249573,17.980372852804145,118.65393474985838,243.5437140714641,22,29200,23.593603207849185,-1,231.3501550948979,70.06889805238177,3434.715769253515,70.31095307227848,1330.291812250494,33.79363788457953,261.27845205174185,91.42220321245807,60,benign
36.36586957873974,203.6605622808574,1167.3073286711447,2623.2215018866605,14.110532443124614,15.811717083195493,106.93824360904011,53,26883,72.37675239963154,65535,2851.4407573084927,88.37662019220508,19818.879815672222,261.8575823018314,1462.291101627048,37.82849317359948,50.71423800313312,139.80774200082033,60,benign
20.36615418663458,244.61480659227564,1085.8854715875846,263.54424951068006,46.82885812916371,97.62534551515891,127.06619704706009,80,-1,89.96064477372951,-1,147.4530955800398,196.27684512460158,4869.162592858426,187.0024695667826,144.51228040760355,26.47800585600105,992.5492982541406,61.65490096651078,32,benign
30.37916453615022,298.4708214151159,820.8623905115327,113.05551121114217,41.8593142599751,83.56631190017836,275.6402646558528,53,8192,125.01906800177947,0,3504.904549886298,547.2147374809808,4087.567843075953,331.349648814817,831.9358591889031,37.980702788045306,264.5722556149942,148.82718799466772,40,benign
204.83536798721175,1123.9752614610234,2259.5636563920643,49486.09674782598,171.10561126328847,323.32890014430103,463.93382122245515,3389,26883,394.70786843247095,65535,2616.867316232861,644.5451227488835,8699.02507641077,293.26588103057446,455.2492625755903,30.989238673437303,236.55642098278278,74.65856145413531,20,malicious
335.87514565340115,1403.0780351635435,6491.585107934498,1547.408840307664,272.3350120325184,990.174944239854,963.9749741219413,3389,65535,172.82261570290294,65535,3218.747143753164,793.9893298222697,2533.9861105080176,91.80325080338113,461.59312605613695,53.91695228018713,3347.7943917335315,149.8475983558739,32,malicious
847.028986393847,893.6476092708342,6949.259424984965,7598.161185740718,118.01936899341332,953.2739596359144,732.1997325766442,80,8192,359.21149381327587,-1,141.9675095242738,716.9913670410705,6007.5127950861715,187.04477397130202,876.1758761140903,98.09750590154552,342.6940643331729,161.27788475378463,32,malicious
16.437917065828096,303.04614993828574,648.1833230783024,104.79760687460299,49.75323444329787,47.182246424059386,62.002716709009434,22,65535,103.79735413698283,14600,5518.229833365977,765.1733504568706,7905.553313571355,49.7060044491061,1158.8277733086493,26.190442139220515,1219.3646380957011,46.41743637260605,32,benign
28.312788729579584,1165.175651941602,3895.8185100654964,15211.037610291458,120.59609524112557,342.0711988127722,819.5870039495825,22,26883,591.3979578776807,29200,5283.572320705934,382.6222402048095,2482.7582789646235,80.91321571149766,1177.1802600189465,55.15015759804213,826.6072413718566,43.521860426715534,60,malicious
217.13857706898818,1192.2810303318936,3485.14856020716,77657.8613234357,208.70632028601676,496.6049140700964,810.056066893973,8080,8192,202.83242854313298,14600,3925.0667122241052,315.71324770731786,2077.731388451808,226.33842112959113,1027.4847268865283,82.25736495073616,2445.886601708108,51.20628211741065,32,malicious
98.67443820781757,1541.0786413486967,3785.1463423293385,7360.748610930162,397.09258712105776,832.8989603000747,600.5948579563104,3389,29200,595.6458909379189,-1,434.1534416328501,1270.3730137708842,4471.119255992224,44.3717119902067,106.4805857250413,39.231040843109696,548.8984169795103,172.85608784756928,40,malicious
13.183681698091602,208.2278150994895,432.9072422795794,145.2664528288838,32.29310247639056,17.50305331005308,201.1355808663738,53,26883,74.2774877041067,65535,884.3000441095825,1250.5335189821742,8454.109565798124,27.31138254095621,551.7197555012276,2.2742025545637645,1551.9258234768806,117.68344800038594,32,benign
687.287583090285,768.2662166439312,2221.1457845577766,90769.87063549437,367.83643698864483,333.3437301673692,778.8603325519409,22,29200,351.1952123628747,29200,3202.8986104077367,753.1263826417498,1366.8533138876767,341.1769902005717,706.0562949522373,17.829094148612622,3039.2802845412207,130.23844738736335,60,malicious
16.645186078000677,239.5070773728106,180.98151090230962,17.514458419685074,8.485083156454847,31.4545518650231,160.17147788306374,443,26883,51.78353716754373,0,1823.684796451863,1328.4061833113,2192.6381612225377,65.50446371512969,1312.7766662521144,54.48551104233732,439.3892131365494,147.64150332812451,32,benign
511.8928033212213,1537.0247380183885,4249.076637246151,31569.85568764342,357.83667873427487,866.5424467772302,607.2721493991587,21,-1,167.33501886371036,-1,2198.787798694276,852.7966248376605,353.79967060931125,249.07845931489507,588.436179302083,69.68622562202738,1900.8140909494525,126.43281458166376,60,malicious
8.616336257588861,264.04911164755197,533.6068748910717,790.1337529480923,16.579417051189925,49.77228294634335,173.42998330410256,53,29200,35.145251596817864,14600,56.36193582885355,1164.8216713169486,16469.430610136973,200.06366075187003,280.9087113050472,39.03848227409377,1204.7341996511395,166.12758904824554,60,benign
989.7170413857857,1412.7109989139917,5636.134071420074,55193.04427344721,304.5318766418411,424.05943651574773,989.0637461317035,80,29200,196.99920395696066,-1,331.0305632053749,84.2912846065168,1262.2140079352448,351.56560937112533,375.2927194371021,96.11302609425208,3290.7426691399846,74.4574510081874,32,malicious
12.108537101641568,261.95256782655105,1221.1393406621842,105.70507947403212,39.894166171360126,71.22497181349561,257.8388196986743,80,26883,31.69443477010192,29200,189.12432134178925,845.339334640542,2621.612446778049,254.66050913109416,1348.3670785646714,71.16795700086995,304.45235533058417,52.12773417477651,40,benign
12.860462697476905,328.79606709378095,729.9186303247342,38.040691687143095,16.28581821792276,114.99675377807772,185.85337660368992,80,-1,39.99072904616649,14600,2454.406582957674,770.7458790931654,297.52221484757007,100.14252043084525,1434.0084813686788,34.171600480096295,98.23015528198277,33.98563243934319,32,benign
10.5960986857154,202.74940719894937,745.8897892143845,103.67521225270454,37.378445588653605,49.42891591014042,286.28949667458915,443,26883,20.750408480267232,29200,4304.182221409211,233.03261630649027,5201.838649855907,178.80753589587067,1262.7969724956356,77.78692943772666,741.3241111398145,38.211455935802334,32,benign
42.55160482460768,916.3009164009222,2738.5918965447468,81074.82627314408,299.04614778138466,759.6955463380068,868.3896333965681,80,-1,258.93581075988993,65535,13.559750394966175,633.6474075527099,3852.0055595611225,136.74414540210256,340.725155484411,45.85046713140327,3488.8225326564475,93.73136275529255,40,malicious
230.08278127471274,1006.9239256081052,2344.3308851183315,2388.8618367520717,360.38455013487993,873.7686048888276,856.9963856505459,80,65535,439.38653112366705,0,2039.4794121627403,361.10009246258574,237.87931737028146,236.33953476307633,296.0802022148455,70.15902497733624,1124.8433943009152,185.328040926039,20,malicious
23.45855840043406,284.9797259489932,1349.441189465001,188.30255575721455,12.609183523969733,42.833099706922226,259.08246715560415,80,65535,110.62732108461609,29200,3220.4679617308893,987.9951774557866,7738.633575888009,395.1214124151194,870.777796279296,30.826531460117202,411.393028404213,98.89349188812727,60,benign
13.656636287461632,971.023865589219,2170.2117245265376,16778.751683153183,394.97768396262705,665.5624697426825,994.2158097526361,22,26883,134.56157420053242,14600,2153.273791822477,593.7857962386933,3262.6184671375563,174.26004544437006,146.94366284780122,39.78889712402487,3439.556212208049,117.54343967999247,20,malicious
13.490812362983108,256.545042959961,1096.1810899240509,624.1138377949321,38.870242145895425,58.69412299524368,83.46271485862843,80,29200,68.78353173318102,-1,146.11273725573895,1350.768355381322,2889.756908924278,42.98748872855492,428.96040741920757,68.60536644327131,1599.5660897957775,93.8171774068355,60,benign
11.119338768392957,239.68255355372577,934.7742683544374,995.9841742077674,40.61497607505843,21.286060379504843,263.03404019890525,22,29200,22.949108678732998,0,900.7193503009611,1427.9341495331712,4931.814323019678,218.7530485707101,1367.7250681071785,97.00260948988257,28.71873799547194,92.8189170917908,40,benign
514.2260917012233,953.5862972733169,2732.917347867482,105845.4019175276,184.34271826562582,364.76658049188865,754.4599129992212,8080,29200,404.7405191463256,-1,758.8426361088859,753.0458680815885,3991.511952244747,266.56673501335865,365.6620160471556,34.821974363895045,67.8178002236713,193.2794637499959,60,malicious
19.04071466835513,233.13403882466795,933.8204402414129,830.7808150898856,23.195090582678883,42.83088794832624,103.93231814567918,22,65535,25.48785650480846,14600,5382.632181896674,855.330665421399,5014.298304494611,111.61651821802823,701.6415963538635,10.691020152508745,334.5251420369715,145.54839364125093,60,benign
8.570573482790028,233.46752044926805,908.986535115353,1278.2057911007594,18.131436923368913,111.81864234956073,59.938213455650654,443,29200,145.2037531797522,65535,4353.1741196644625,989.0653598178674,8295.343052326438,234.36146002679178,804.1329199476016,22.05610049644808,964.2273005570064,97.54964555767069,32,benign
600.3554832388917,1166.939902726678,3698.7197095565098,8482.13568141809,115.28430297981419,1024.0299972025769,621.1656147794604,80,8192,417.89478022029726,14600,3629.818489480963,1148.378365722356,1165.5224278613452,153.75125242746032,682.5209238884847,63.82068342221472,252.84254024680948,96.20084050829274,32,malicious
49.48511758318134,305.6329367012593,922.0248197148034,2268.901730502382,11.557665075295148,28.729221828416577,260.49520366757145,443,29200,46.79838313959388,-1,764.9242562172126,1314.3749911659015,2554.3581858001876,92.17875110213906,727.3246795039348,32.48644459643293,2233.470046026818,108.63218068772618,40,benign
213.0908191912338,902.6976938748403,3227.3449659220146,94844.20308133669,363.3650623239838,373.12009968190586,557.7404941884512,80,29200,261.5306310872811,0,20.19638417242987,359.2879945630709,9599.25703821846,62.916949466829806,1432.0026235637079,28.89411377007295,1080.9575881383767,137.5005535933525,40,malicious
1552.020181187213,912.6507850028559,7233.131037641204,38463.225371632805,380.05051541092143,597.987949216875,925.151648382751,22,8192,283.8929704220785,-1,1754.5783084454686,813.0652973674829,1438.9655235729927,90.18308594101778,1445.1166341096307,94.886704235054,2671.229870851109,99.78547556868722,32,malicious
1693.8994857368284,1143.7287104367624,5108.467053675524,53309.961904738346,333.6550128975104,455.86022104327907,846.0545743293446,3389,29200,348.83439497433596,0,1432.284917755003,336.6176528423035,16.93491759930867,323.921414265057,191.79482868829243,56.350301523702065,314.97235528964944,184.8640327671291,40,malicious
12.502668218599403,234.1896361667669,726.4867977896882,155.97969046785946,43.56152328372805,96.58694519255619,268.6920761511034,53,26883,97.85050482134515,-1,114.98882748939037,906.4779569370297,1140.0944445180985,351.69408642277875,231.25126520847616,30.160049084872696,3021.3465314745904,40.27519269947754,60,benign
1263.6348503615006,1157.5731257398454,3089.8103898612953,12866.994003500231,235.1530064798118,313.765182652603,599.4432043373723,3389,8192,291.7056924842134,-1,364.6445424714195,315.0879626554457,1672.6811301789726,308.74703452477524,437.37406824850746,49.47802096503228,302.0304641213954,73.65390815180503,20,malicious
90.21589630480014,239.98880795668435,1156.553500450056,172.29237344597246,45.41922577558436,118.34420649557704,283.7056506668771,22,65535,101.7236237394664,65535,2118.9924760775416,583.3622412353707,7247.045279626322,372.7167524674275,624.254609936377,73.34422519200517,3518.2674798012254,111.5441410864349,20,benign
32.92523408961459,271.64621640791637,1120.070138989891,2519.2322760917623,24.45978763560961,92.02539083090132,123.20755269650236,80,26883,78.1619443560109,-1,649.9528829438999,804.5391986606609,12893.222061514858,92.18207442465388,275.8820911027666,71.65510274883542,360.59572178759123,151.23898273377608,20,benign
1.0215908336487058,245.62609492537462,1260.642313298257,3.9512985312112243,41.18041642705678,67.17022848816715,136.90985444731018,80,29200,132.02202592607995,29200,38.71558934685387,585.4645607052443,5149.594091244992,230.234551341593,1039.2114781453686,73.6028952856338,1122.2430481796746,120.98091748046843,32,benign
710.5488458235563,1407.2670164278543,3053.464679744303,5646.179878337348,303.36166135832093,556.7672753591958,866.8190739980138,80,-1,306.3186918731584,29200,1172.374938836397,915.5375069842238,1698.6900012867911,353.70788044439263,86.56977807746443,0.5612046367609258,1285.9316984832644,122.06410742156778,60,malicious
95.67920933406313,244.20629848055262,1052.6640514974763,294.3388867878846,21.10154574807129,67.93825194876608,112.27242031207251,443,65535,121.63627034777122,-1,6633.491138121161,1059.868451743574,1104.7836240208233,28.135033628560787,1388.3276751330332,78.13793466196,28.574978608971588,170.38042319754936,40,benign
547.7144723337411,863.2926947280628,5674.502837865577,33289.24344772398,299.2272278423894,889.7523695384992,727.1189812821681,3389,-1,381.29878073987345,14600,1507.0803688049434,1074.4203977807433,1254.3576299459698,42.13666745058979,1061.7851819380903,38.5839729599206,2761.902029320631,76.40471531488943,20,malicious
30.350469384745953,275.81619241020707,1368.141983122496,568.6017023502525,32.815724631774486,37.745071625000776,233.47309188158118,80,8192,92.93878922322551,65535,1792.0927137303925,277.8850713010248,13667.231625098191,39.752035086655845,1184.4642663588043,20.371721041544955,2039.5301440517035,37.48807262811326,32,benign
25.485616834096444,205.8079909072381,771.8240478370664,209.98127792706154,22.040807966085154,31.632150787426117,110.56257481630034,53,26883,145.54190298876307,14600,4053.969999923419,343.72793442933914,1676.614746738402,157.69273356240703,909.0498104436695,35.06629113188898,603.2811767158373,108.11342427236173,20,benign
142.38113104800004,1148.205757627642,6882.0917918973555,32297.106771279334,272.4636118405164,397.3571009229754,671.6083325047496,3389,29200,384.09294906938226,65535,706.1101304511279,352.7622555690607,3536.900630197487,209.64902985125013,1496.6376635566207,18.591226502479596,478.86135129140274,66.76369755648733,20,malicious
11.52324817075257,304.4186063827981,528.9203467976531,284.7329314653604,11.091813063590994,101.1366105650716,277.61510521478476,80,29200,139.31631002109322,29200,338.89772469417983,1335.6917161910596,8801.774466501545,366.154987743291,702.9424458741736,85.60787292505005,321.1823214223716,176.92446640840998,60,benign
16.55751873839479,165.23659020608025,1396.3791858043303,1037.5973630309252,17.967232109271812,24.225313792158186,73.70077206673766,53,65535,110.732084125619,14600,447.7728306580588,778.6264873646053,6879.344268315429,114.5233184941033,556.0092080617346,42.57771045850666,1984.1590006364354,101.37052367708277,32,benign
41.662184151953156,269.35047846607387,202.4563812603987,1675.5430299681043,24.68174427448777,16.16110380980392,176.72105788515964,53,26883,97.4772524017743,14600,6841.301917758241,1150.1892169904474,5598.297985390484,282.5551496224018,1379.5597720598157,95.60449742563954,1646.5342614614299,103.4582506302569,20,benign
11.062825245970732,286.66395343717716,1441.0326859310312,1065.1237212170893,5.996074535066519,42.61386398558831,210.02371348723804,80,8192,122.60359544272852,0,540.243548603874,1281.7370366637697,7512.695548952002,211.63478421890807,561.375081452545,72.07363352814826,625.6235948371282,82.86186383721247,20,benign
2.4478122214905316,250.49081784346285,1324.2591268621381,217.8948583643587,49.55941140520354,111.15558216911563,79.96651865423738,443,29200,22.592323650257114,0,753.6189498892095,1426.3716542903394,3911.511035452309,42.3664912553621,210.6532297441328,53.15405074885273,1253.0970019182957,143.18155527735394,32,benign
807.4495915672486,979.6431493072168,2279.190843776026,16637.472587452,293.2448353267646,732.5146843699899,412.37912271666374,8080,26883,154.26119558613732,0,1208.866575752889,131.9558437190433,12353.442983085215,111.90260916915575,990.2289882021297,98.64489585439597,687.5140514993367,24.804343615949072,60,malicious
214.22232112396367,1063.7890181702296,4505.021439640125,28912.61667432485,200.01392713919938,718.0204521475753,412.95927359562364,80,29200,356.19914042670257,29200,2460.1457336036447,494.4280213666795,1781.8050859345092,311.66751619191024,405.2069516888548,52.6140593840138,422.70164459052944,72.63013654390733,60,malicious
245.34777227274284,1026.5242263039297,5009.838373531058,38504.74507436563,281.52730559199466,667.3119885129183,688.3053642500365,3389,26883,219.04676555964386,29200,13.889859645040326,570.1015485792522,3128.9372384139265,41.90050857537301,879.2586750643057,16.489295324157528,3018.462497078918,21.457573839728706,32,malicious
22.78020764079978,212.7843986106637,1191.9261959561636,136.10654532876475,45.712685691446055,72.56648098771709,97.67621509019159,443,26883,148.64978821606147,14600,2557.4088814796205,453.7255389848675,2930.9535609087793,91.31620918303676,573.3421845703566,88.39239280189354,113.23269355643264,64.75210884046525,60,benign
237.20484136098818,952.9474771890316,4717.85041976343,34373.04171549797,391.5387403094462,983.5423773748232,391.1370142141695,21,29200,139.74401315447454,14600,91.04858283726918,678.8631958760045,5584.2526101672465,294.11390703319324,341.9320879922353,54.3025365085125,1555.198142786693,152.22786951526214,20,malicious
553.5507931294098,882.4264797432747,4241.088588866843,2714.59232560299,312.5263062550439,1150.1073890820344,663.0016230522516,3389,29200,354.6183669670279,14600,465.8120558645477,1488.6755410640224,1618.6736222156917,389.5893436256503,271.8410238302748,41.37562444759525,4125.841552636948,156.2009097444685,20,malicious
18.789966102515564,188.3213171586983,178.8239262129183,150.77997269623825,30.382941689338622,108.57710000074924,208.56214979332984,80,8192,66.60035452655865,0,1504.6804502995333,271.3737395204997,7990.063255715705,259.4107897478282,89.35051082658626,2.7583022995792295,98.76285339408768,74.55675908501436,20,benign
0.8809049339539585,212.0714348027761,650.2526244548156,10.635332725667586,6.256974740062285,68.57359988130142,219.12737435330507,80,65535,55.485413112001595,65535,217.7245032785005,910.6848715589831,5944.046359915203,236.657972221374,120.81971436662644,78.0866704927471,5845.3637259654115,190.00685507436867,32,benign
403.3204776863751,953.6381567128303,2349.5259270151087,93896.95598058465,357.599921843842,750.275188903808,655.816825282018,21,65535,415.9654678964602,14600,1371.790699890868,311.91117553880304,10433.532537996422,21.643979819171637,1199.9052694178756,84.21157799994025,614.1457562230177,170.02848155159438,32,malicious
11.484185294971416,232.01225681145723,1168.7916225819495,202.35934026881267,49.85589212291136,21.86123356663368,113.61343192671215,53,-1,79.84839772455354,65535,2820.0326675412766,803.0779036193818,5796.774705826826,75.79305743921702,269.5619855545448,49.386975436614314,5802.489796246442,87.99845495842777,20,benign
307.1271664816334,1426.7837604977901,2198.8397521345864,51967.35681187865,293.75457301367624,339.7938823563502,561.0050419347003,80,-1,240.18696217062586,0,666.9211076115184,1128.0554115339098,6073.395267306305,44.05361071221462,931.5628706267422,71.57331109019013,390.4995275409158,119.1971917958756,20,malicious
204.8416881355002,1074.7052282892046,6294.0535449537865,75990.37531745833,300.15199394467606,465.6322331161694,664.8221936171891,21,26883,281.2811776375846,0,966.2658944167305,1313.343258959412,955.4119412273518,309.3762080675383,672.8394118619196,93.07665640487002,1098.1819123125886,137.84539488114035,32,malicious
82.85464373404554,1096.6314360140111,5831.439813500694,26582.866897292537,392.0349905855563,889.7216763840138,905.5920133572506,80,8192,212.8905522133527,29200,1578.5651569047523,201.91468145527654,5550.478493162986,216.70192475889294,390.5393163785637,66.2507559594586,462.0551098240444,39.20806067685348,60,malicious
615.3962550441441,860.8244861783213,7755.961121718888,3317.3834657852008,372.5016538276882,829.8287732011339,886.8897225477581,80,65535,380.74389696752746,14600,854.1418215783775,1269.9249780665384,1495.603427607781,377.87431164709034,1279.1296787947847,20.58031896096991,790.7632627892181,126.11954184892745,20,malicious
9.383620934395845,316.7055702724443,1370.7499189703376,429.0448206109072,45.87500223752903,117.08926147159427,57.82382079214922,22,8192,50.177792670869586,65535,2360.534914669541,637.4328115054253,2548.308364827603,152.21174424102534,1066.4882298694447,32.90176090226821,681.0752179279135,164.38828681178,40,benign
18.936161510688162,233.4128168479144,229.02796950331054,866.1985844203641,11.630416049141044,30.11385661655605,184.7645554729039,80,-1,32.53078548025884,65535,2921.9610443253046,537.1083554840002,142.78345735360912,241.06893325725778,292.02044710224834,9.195179207276105,688.0329855169674,142.37329073691618,40,benign
1061.8587466541649,887.3145041263725,7018.096402477333,7069.577516602735,258.08340644950573,1043.6007201509296,607.2719426237252,80,29200,242.43985484549913,65535,1425.7090365919541,772.0506678051397,2231.2898594616163,184.72670033565942,1265.5319735147198,51.734981501650914,1473.1031489354968,116.34475685929483,32,malicious
9.533751065816702,231.79638050799915,1328.7965812656469,135.99623760560397,12.742550970105714,70.3471256195927,107.41398316193374,80,-1,129.48765547756386,0,632.9460643535003,1401.0873741889761,11969.168119272275,136.4426961309686,361.7738038192136,9.372489839325581,2782.150479141373,138.64612966796176,60,benign
484.11275745031315,1457.208841098807,2442.3114096264444,34754.84986786434,139.44931578707119,677.9507123392659,805.7455717181374,22,8192,525.5664537093087,65535,237.7050487660822,580.1382124024618,4678.306433349988,347.6255141915578,1327.9133219916685,11.364716811060427,320.254979624972,21.707525774983402,20,malicious
11.5097568855157,222.9909726811336,1154.5781334474912,55.53879400174255,40.69749023074672,59.836814434158505,219.5143558531137,443,65535,43.35709924356544,65535,1106.9507747443006,1299.1219322700988,12794.812962110844,363.96715492269374,292.9670315557122,91.78861770395962,1097.7347294544063,75.69045397900763,60,benign
17.586325683463247,1030.6454739136184,6007.961874579837,30996.426656381176,398.8688206125587,954.7563247128265,699.7910218861077,22,8192,193.02473803780387,14600,2043.4539910557437,811.6061284417375,1021.2999848651272,257.4752809874061,1423.0465488928844,53.66268587465716,2877.0228292571924,171.2063830270237,32,malicious
60.516761947865604,845.0864700786108,7862.71285642068,33394.9126054385,138.72868634788827,408.6203296765307,397.55426555831576,22,26883,478.5701831273266,14600,658.9310069791285,1121.4694349507558,1787.3379330897071,357.2617298004718,90.35355179991478,80.8582481927793,1.4754309558874066,58.92284755240995,40,malicious
1226.5001465807147,1062.9215741730775,6499.358063908894,20434.372121554494,118.77763930733677,985.1061965645787,972.3210624680349,80,26883,414.04481888013294,65535,6632.999807474095,1129.6573432786656,183.72515561008822,135.90118077860677,1080.4891952792407,70.38484584690316,387.7934078417719,144.9941708931516,40,malicious
10.08843644407337,1111.6878900190281,4355.9149611735265,3392.389463275832,351.46015749417234,816.5874910716789,553.0661056951699,22,8192,250.7278171981589,29200,2610.66380334215,509.75118394556915,16047.537394776025,100.53821106146567,637.1184560070664,63.37466358998793,585.3180953528993,45.382131691888986,60,malicious
171.06015279304378,1162.8365715994871,3448.114305652344,18473.709046026303,351.5903889283813,1153.7933411091121,512.3247887635748,80,65535,572.7264288737334,65535,312.0943419889619,378.8096638618054,166.86017508195624,147.44708064846373,579.9237240410404,13.926268437693313,1761.8233268660736,41.11873269745649,32,malicious
21.10859783822997,202.21240893034602,942.812171022463,1049.5657481916076,24.753552067575658,76.49447643693507,72.92961320510406,22,26883,69.34287433310601,0,214.73104543794005,330.4400439794504,8140.843003776631,223.64245370890137,372.97392714815413,74.42819432250718,1874.000416586943,142.41055348197602,32,benign
8.387503709327259,271.0234488319808,349.8603968520987,217.89669123151413,14.669702634940545,115.62781921159518,157.10676992676684,443,29200,60.84383510528478,14600,1967.951229556538,777.2996573645667,7920.860731792621,231.81152231837737,664.0530994371643,19.289832321835178,2680.771098356969,76.83168041833702,60,benign
49.46429181271998,171.2140689915821,1021.2463321044969,391.6720946335839,7.63907044775679,50.665032848038315,205.8215771797088,80,29200,87.94265556530988,0,2080.465982684085,923.7217442101667,625.5514701167958,165.5079383985355,53.48536982304617,3.667305047018321,3328.2884502366187,126.91796105868205,20,benign
2.9030316383766093,234.52578966906086,141.55656911820577,926.9443678060111,21.331429731171507,39.39783575157081,137.59832901148576,53,65535,120.66907255603019,29200,25.46011149445851,1042.1981402002398,215.23220348233255,270.42364622144464,688.1160443696937,95.1485092994507,1302.4758567598542,115.7304414957121,60,benign
4.082106088934415,194.5875881481845,1375.713619243943,165.43910597946703,9.73444288704772,99.57735824558017,132.26087557803797,443,8192,52.58536831985203,0,2.8577814293474253,514.1558305546923,9838.419428085419,366.50017855934135,656.3191739371008,70.45442205355826,1779.6250143584098,191.0396583386247,60,benign
3.6304980734379715,200.43413810838464,1326.4891501553266,1463.9611832841404,20.5066980898267,104.42814697483487,297.95788075683333,53,8192,30.785447814477056,14600,3342.5310773200263,534.7295819655585,11967.10327372205,251.44260173806305,795.8848868696874,98.73119815537507,1162.48187348118,185.14492593646966,40,benign
37.84410848343917,228.19449825574029,1150.7834512337922,2.4458692711158965,9.644079638075667,10.088542793735739,267.8127185940899,53,26883,39.14618207095313,0,964.6727108909847,347.2380113375511,2522.037798120028,146.1814328244305,1022.9143751326438,60.44963685930416,559.4400242704662,43.10463169851993,40,benign
38.41212533088465,230.60059035396102,1330.3744340404367,324.9117026691065,32.81549243300336,29.713326131927246,224.54136911613583,53,65535,26.459267334618605,65535,3474.9490464833398,245.90730896361953,1781.346812279438,104.02026842757667,1356.8381656724407,96.94060538454023,116.9703728219605,48.320925693480426,60,benign
136.69011878556745,939.4408538254534,3794.158991448764,37612.54009268352,228.78835318470655,770.7798896154036,860.2182863540232,3389,26883,338.3520701972442,14600,1575.169524684745,1096.4569669863904,9291.360245914679,211.01801260102138,1299.8174106655893,50.534981796602175,2640.5821341965793,69.1298874171157,32,malicious
2004.3707785041056,995.1055755332778,3037.339533486239,106467.8143521934,210.53423145024033,631.8889264495831,812.0515905718216,3389,29200,330.30078576137316,14600,181.39176938229934,657.4553363751892,539.4384973051951,40.4839258475402,1498.4509905961693,78.71902525237823,1874.9836769802628,142.2856173888316,40,malicious
19.67091287022457,657.0963470674353,7418.737747144646,8839.240237743375,193.10338545614658,596.0271778044391,557.6626299776208,80,-1,478.4008823979423,29200,1124.8522170344318,1468.5700546994879,4189.469920674213,177.0543107678028,298.6804099022885,6.705979522667649,302.1427774118096,67.30720151243618,32,malicious
70.45423824670746,905.5876570496437,7489.9209619248,41073.71320284663,379.08518124317214,1073.3488304139298,918.5074863762384,8080,8192,203.42714773868866,29200,1155.4902778882931,786.3903275939289,1239.07847073961,195.96832669796336,1485.8435163202005,80.23363640303218,4309.953749860057,130.6787324451426,20,malicious
21.792852489830107,215.91764579014443,776.9912197424266,611.672110883482,49.98341839881687,24.44358188901175,98.4591837555397,53,-1,112.69306288428119,14600,1102.4289679201845,1145.1777649455646,17087.310826259305,149.74093484105597,1311.5193409462088,79.63943810592275,659.1445615694425,123.91404613256054,60,benign
185.01031520252002,1220.2218585302246,2183.42124418299,20485.896912982014,325.56509072156655,1029.7771678398794,537.8128670504719,22,-1,460.4686631674401,0,2297.8620281330413,692.0228478202837,599.437649790793,301.9953155299414,57.673558611585904,46.343009985247406,823.3251294711381,111.5303562753667,60,malicious
9.444994347048755,242.36241989228526,1407.1948532096976,791.7271824101003,22.61901677163313,31.480248720764934,128.48143825057255,22,26883,23.441656381266945,-1,3081.5230577388834,301.4900071465608,1743.853808646923,142.5956232515773,1477.9345293822641,55.83509970951116,4347.159466173434,31.28161257456218,60,benign
20.355779228480646,297.84350967297604,633.2712547956617,505.20095274408527,14.406607877571119,41.07376469267913,57.422976362752294,53,26883,20.74761699544925,-1,503.2449814542308,466.8188045950764,2348.551628810792,286.62661675894435,1083.943993764132,17.077904387500865,461.5234795736139,111.56097083756441,60,benign
33.094012215189615,202.2311942189352,1004.5337502980193,602.5858571289234,8.054031602991781,37.80534560199532,120.1388491181873,443,29200,25.511095410165588,65535,4307.7743938989215,537.7204736241752,5398.822313372142,241.54875532212776,309.9986190101222,55.792759577167686,682.3946910452311,120.15781573648428,20,benign
206.3165382296383,1224.2844047616268,5178.858618448762,24355.753627870872,303.96099497903367,703.4371023715868,782.7004640591896,3389,65535,333.41154103843553,14600,981.3857056995872,212.34504026945794,6981.170013019588,270.31382653111416,1139.8110562988356,37.56541729848162,327.86519740045435,139.4311448561162,60,malicious
28.098652677698375,1076.4574135066227,5858.473058193056,2565.3095012847084,278.97091987847193,972.8274662519113,906.4512021831674,21,29200,292.6494925149672,65535,8045.854937658614,81.92277444730887,7730.612714764884,22.324430978225912,1309.3935624566714,21.874822546837358,3012.942520505908,179.97111459794496,60,malicious
15.479633165529803,358.78538449148454,531.3157121520744,909.022757047762,39.62250424579131,21.67060600097885,79.01659567740856,22,26883,122.05919189352149,0,504.0765386038469,566.2581971951041,8117.653109683058,346.12964747171776,1104.3887099666672,66.78911186515141,1745.8227015642003,187.14992809679381,60,benign
351.3191363649493,1339.8908994842848,6837.238233021511,6060.726857216383,221.426022442175,707.171019759741,712.6432108817592,8080,-1,483.90548636642404,29200,936.1196343503583,1142.6027004665484,10959.410381479825,236.9014323513271,531.132254917763,59.970911249262585,3315.716095910104,83.51219942870765,20,malicious
5.649037279946657,258.57449504158274,1035.6215534176704,429.73942958529153,21.535262868504898,33.85378750017238,252.68765980007947,443,8192,40.93075922667827,0,1200.965560778796,456.1317010207635,14895.99148383527,20.437739188816714,619.4646986678397,61.92960045207333,1175.4675326384577,104.5171411711502,40,benign
25.465202248579967,175.30395750083233,296.3932799225785,70.28654991583309,24.977342683467775,57.29766292642004,217.73056668167118,53,8192,61.466540593445686,65535,256.55076307750744,1208.962836219039,809.3333350261754,143.1941822605039,808.1011588477504,81.3672828067437,697.7712576038097,139.0349266797977,32,benign
1075.9109437967832,1097.3702801981237,3738.6777504862985,92575.59771854387,291.4615021285098,819.4861658143924,793.0119826288187,21,29200,555.2497517732374,14600,3356.6340006501227,1168.4839648381653,864.0350146149167,162.948562228203,120.24649408851828,95.40107379165333,769.291327400342,161.1532531469498,60,malicious
3064.189684288951,940.8108510964993,4221.327435836889,17581.156037743876,300.36018448117176,568.9541137413526,921.8898916329626,21,29200,251.937822741179,14600,30.8529601292726,852.2839947551334,2273.3176556025323,229.3991914510226,525.6994517408154,47.39049948177399,2855.620849866294,152.36939005681995,60,malicious
342.1509798945609,1116.209642339225,2258.3938615694474,17416.131047821258,145.62900702405702,1196.9303953057301,521.1073506902575,22,65535,482.27022792708846,-1,921.004451569372,915.0875954795323,10009.847575102238,33.86532012975722,277.16833976468433,35.642882935114706,1957.9621561398815,40.135550570916195,60,malicious
143.89890631137635,1220.942563357729,3332.9098529532685,26960.30994856733,361.2334540840088,1174.0127719005118,500.08833994395115,3389,26883,472.24823283057765,65535,1206.8415564380882,56.616796750862086,4893.562996107442,187.67987972956283,690.4836819755637,57.943235301541165,750.953181943965,110.17552804837109,60,malicious
1278.936604832739,938.0981601630297,5053.880234094477,122190.57998793689,194.63375490848165,322.13425477788275,856.1375388194433,22,65535,308.8613614911633,-1,714.4683157409315,494.89014888157305,8002.011376956884,290.7078624631195,696.7980157772016,57.47375059298988,732.4591439663661,35.02539704209551,32,malicious
22.441118456620337,387.5965896241132,1099.8151081480232,177.03568366575183,7.713161964488348,73.58868810843963,120.26456281414609,443,29200,34.74544531078571,-1,3236.9111050612532,1192.4855468529427,616.7225895553463,152.25519920727353,1453.9759170102213,4.6329310755646835,317.3342507125741,199.92599989149676,20,benign
906.0983899684329,1001.3411005040507,2430.7496640464383,53628.9584069365,363.33603719629946,687.4876129864093,913.0489495923322,3389,65535,192.61730034535248,14600,635.7642119155224,370.88871452090376,2875.1903416921277,360.85220601037935,226.13654352640418,73.89883844640208,3305.859342748182,20.211822593607373,40,malicious
36.27265155462897,1067.619322295678,5188.262414414777,24795.098219722506,235.87109734726334,425.5078671955789,714.6727560030997,3389,65535,274.90478381500907,-1,990.6726899628886,1101.8734740937346,3239.7470121400556,62.910841217084034,1165.654944005147,77.30618965778758,2174.9108869372035,166.6630164634815,40,malicious
34.43014358647865,872.279826479413,6697.1031761661125,330.02517165925804,194.7785118177796,379.5141891697878,676.7036371855745,8080,26883,536.9123770085482,29200,2829.824267592109,1231.9114694850298,7363.692580956404,193.3137033972422,605.4292197268554,4.0854373844192775,1609.4548765514282,38.71793096430085,60,malicious
1369.8330827108734,960.7945018542006,4695.823962362193,48833.78880146662,179.04768715603922,576.8922535212117,444.18936413065245,22,65535,143.1619984696092,29200,1590.4781755492354,1297.0557421309863,12195.223338160233,47.45110593133022,216.4272057815849,95.11280985175931,2301.147344851488,92.03897801271145,40,malicious
19.46448823809483,233.62478990655106,115.15522325179015,454.8628478877554,33.31558999741554,92.36940415137833,254.82691219445294,22,29200,107.0908277772778,29200,344.7432240429986,787.6583454492069,3762.3623732666565,187.7726875458875,936.4770867380033,87.24603647202385,1205.186766878051,47.9511464412315,20,benign
2.9437080546686363,261.01371369250984,467.9821542089843,338.50454244378705,40.077594361648735,49.8651527963576,99.28812439955482,53,-1,112.24460100615485,14600,3401.7140549276264,332.9466603392995,5176.416251715153,26.181297455571,778.6041208709627,88.22815784304751,2164.372562990173,55.863747240090596,32,benign
0.026817664921597484,240.6720764278828,921.1747716849899,49.18238066762865,25.099985765156767,47.81603383151017,203.02082287819078,443,8192,60.04146245705304,0,22.628102230878813,1433.4414574770017,10729.30610162526,77.02874646906915,704.255010904434,45.81141493283173,5295.809931087559,195.0216441347933,60,benign
132.80759250805121,1348.012956960106,3339.799865296799,46221.53225612383,232.06079909124753,529.6278953728151,712.7113896044611,21,65535,179.7996396544611,29200,112.71113478459374,769.6569123515192,72.22302779045778,83.54639404135656,1070.9855130719627,29.52463513722344,158.87988881019857,110.77575711897114,60,malicious
22.714396522634335,252.42177239297993,1367.4617694465871,506.00739953344123,45.586733120480986,115.28096367046382,211.98533644270324,80,-1,78.57999682402723,65535,5031.041718114575,1073.9169167508458,8778.925327964862,280.0312263692635,577.3305875432145,45.93875561682127,25.672279930686393,147.40862556420873,40,benign
757.9970668077649,925.9172972537028,6519.280567165698,7422.585292816828,322.7275821743157,1036.5471036741442,684.8560688044527,3389,65535,321.48830243691987,-1,26.60111269518374,565.496595688276,3049.372819606526,312.2658211651639,248.84485258978236,77.54440801577094,480.3640546377406,130.86624598083296,60,malicious
61.49364362328603,218.82984862110646,1327.783499244547,812.3472695828092,35.518588366718674,116.43682851069978,93.81870380631344,53,8192,121.36011580941987,29200,915.3504418374438,228.42830354992134,4007.921682945694,399.38087802394335,62.70133291113551,52.60912075342385,7898.689939068508,111.08030817773013,32,benign
23.373302497857384,292.83377019581405,319.27402259219866,168.54986172657124,30.481662598911512,81.73521637484146,130.25833034351473,443,65535,46.21935584642987,65535,1693.6695203210652,1406.1502373269548,600.5718830146371,24.738118980179678,157.54820556456158,61.709422654009295,516.9194615780269,47.81697194934854,40,benign
33.57457472117936,300.80118351827866,869.4462789547342,1246.2525523285,17.26842831895228,35.426063147643305,220.52896401030705,22,65535,91.69320922190691,-1,1953.7291906800479,470.49633954950616,1632.296625008932,266.71691008891355,1334.379918104706,21.5917598682144,195.64540518094742,161.76901650253714,32,benign
34.25132715902058,213.51050810997933,785.5123601492642,558.8466236085117,28.854317889739075,117.29532012265052,289.573279607254,22,8192,74.5391175868034,0,3202.4040772891885,1243.1207483490164,3006.0932856577992,385.09911560506686,673.914088359189,2.7693271686487386,1584.725789196503,158.51754682062364,60,benign
500.8178365058945,1150.8741970921076,3592.41441000028,11387.876195637946,141.85004468973895,428.287822119568,916.5206688973437,22,8192,265.0774474132577,65535,219.250391269596,957.8948750380061,6388.103087061101,77.30245257899237,1435.385545042453,68.02748875337409,1892.1970653996032,36.360874825572125,32,malicious
26.2229118147879,1058.7033932960246,5459.512995802119,8196.962371534966,227.49503072279356,1127.15981132143,543.1824115986402,22,65535,443.30395761432567,65535,4178.626863530837,865.2642516627966,12165.250946884315,366.1388488134516,1323.0682413544234,45.27387844387902,1547.379746542829,161.0981185698893,20,malicious
149.12296792300418,952.1640637751422,5433.631972313897,71553.54112779634,134.8720384607959,540.956651716918,606.2750812308744,8080,29200,225.1449971448444,65535,170.57362160166133,1371.4611964550568,17876.364475171256,103.9613677758191,637.1322774536213,67.98804638505224,1232.396612425322,190.84545241644014,32,malicious
2.5331950054733636,208.5670015812223,1321.6131729651215,144.1779764132965,44.844275717091385,90.24425894604747,137.4781152121548,22,26883,135.22132576142434,14600,2771.277900402207,632.4703872621362,907.6499079776731,214.04863189716048,435.3876211943402,96.50393113086272,307.74407949451876,73.9852337986899,20,benign
577.9449171501474,1241.6138784689642,7108.265214476416,12207.90156980604,341.6621825555944,422.13411573986957,840.403150460095,8080,29200,242.42676343865764,65535,4584.815092458787,601.8017962890668,1780.7629264731636,251.65414310432715,1427.2438975358623,0.8752840131162287,2330.3874525481338,85.32398117434276,32,malicious
27.214292724183085,857.4646429273371,5000.442439092593,804.2462486939602,128.23333360811284,372.97758932277753,411.948680214012,21,8192,372.7027717943341,-1,1026.3484094361888,951.2873261145907,1236.685622345202,283.8294575079462,554.105444262788,34.46266922881477,2305.986313791638,168.94575804869734,60,malicious
1.384666082243011,230.2618607601651,878.8418243208572,977.9935433730508,22.530781535163346,10.135862653904915,121.53920630732551,443,65535,104.69526794772145,29200,1940.5751812955143,513.151493467085,8295.736776392181,281.1886653602478,781.1448317097447,53.181357176375855,1318.4593856062568,169.41190417778398,20,benign
38.80644667954175,328.70228863552603,102.52073028510115,343.60050579669047,41.16434700957597,77.24081519457832,96.69709174024996,443,26883,30.904234054869427,-1,59.01970926515431,845.7674896915579,4963.509528362998,171.27409941294948,1098.5752858904725,86.6613363100535,1491.9903530063264,158.10009607729103,40,benign
0.8100386452557357,218.25553993729798,465.58315549048604,938.3804036655504,38.390422041800115,85.18608892307074,228.31177256857777,80,29200,77.73808569576136,0,2610.2241388003135,325.50992084346007,11269.752400421476,311.1101900359082,269.9820405011918,61.54611127492521,341.8024214285949,140.2528702524782,40,benign
794.5591552504351,954.4283448009651,3188.081064530609,11600.008492360455,359.2786363655044,367.6103597866715,529.8846758645102,80,26883,540.259737712488,65535,450.02349397549995,84.21563228398617,5986.490179091217,247.2307504486151,932.41639691678,76.39891962782129,518.8425608418386,107.81158567508243,20,malicious
24.817922785302102,231.6888549324158,549.8429803146272,604.4642818805438,21.29591700192682,106.46825404067414,155.60810801528487,443,29200,145.57362446587604,29200,2031.8282392740748,915.4705437103037,10800.96197507351,24.363789102961764,1416.1624774376965,27.009643710582743,185.3135392280148,177.50200494366118,40,benign
26.376914523431157,334.2948092521532,1306.9592873422903,45.07095970193078,35.94828027056994,53.08409034990738,138.19491625062005,443,8192,84.24576072144792,14600,1480.7877982922241,195.65626938382013,723.0748894504052,250.10701983558332,800.17413768648,56.09131846215219,5230.173443245791,165.2156978556289,20,benign
312.17800628931184,1264.4695143920871,2210.4960418018445,6941.320278269332,111.18204892200914,1130.4010575166335,951.0607440913551,21,65535,335.1331984057729,-1,1379.7803239946286,809.8053805105791,22343.448458777533,278.20290273479344,605.9803968588471,87.83860252467996,339.9717405483749,63.78119446095259,32,malicious
5.208725533607444,226.24479228869592,457.5553651898284,355.60688083726103,49.34137135683391,18.0670995323402,198.74948100669684,443,65535,81.64975730564686,14600,3522.5671014182317,747.7798000668131,10348.81820867138,164.11080514524116,780.7466497858836,50.795808487823855,2659.4173314617315,68.50644838753817,60,benign
38.835557724296834,235.19563733941555,126.11400753019902,76.34609807931803,41.75100745587772,45.61892562035862,169.02084048852254,443,65535,128.92339891633063,14600,2990.96440679371,180.89381292206457,897.5789745613602,113.3860154682675,1132.07166588394,54.46523710862202,2055.979280931666,72.98421218080853,32,benign
6.056385414402334,150.09545779705854,1302.8564289082083,499.9770264059292,18.208732830193433,16.987791034445802,212.1598597841968,443,65535,109.77316760937664,29200,845.7817039863938,646.0534334844182,1883.9203740534522,194.7717416865795,1027.670777281626,38.61205991720921,12397.979655039018,175.3665661975776,40,benign
55.214347321211676,1305.390362811515,2351.3596378001685,11243.061457124015,167.19206837176148,912.9273012222448,738.3820630228712,21,26883,347.3499804991134,65535,1241.5731734813787,418.60059981680934,16860.611797697387,27.683108394364805,709.0666929540002,36.77468938294916,1692.318732308025,76.6352895370095,60,malicious
80.54239498921686,967.531771627916,4496.879707969318,6604.479542872315,279.00596965287355,892.5450093916336,765.4205137752758,22,65535,475.6899345192637,29200,4483.643031737074,1316.9698437439013,4374.555827217272,198.54103329476274,624.2560120527917,52.73800833215647,4460.759178618149,83.12203369805368,32,malicious
21.22786516850068,927.1980236235853,2742.3135232599407,36819.18712772404,177.19383343398948,885.2787654041631,848.3687554713107,8080,29200,539.5531706275285,-1,6700.137721575718,1135.3952643452683,6631.464016596529,297.13131669964775,1060.4356776471016,78.98372778313151,769.5010270343162,171.42499215001507,40,malicious
66.50736380165102,1038.8793854627586,2854.008909541805,7162.141696639808,235.29291188993955,638.665690241397,710.6828323041113,21,8192,524.8059461691814,14600,1563.5656645264285,239.0662051313931,4164.017723381636,334.02379199033066,1028.74609922319,41.59935997528219,519.3481018997763,162.396433305862,60,malicious
2573.2975577233774,954.8773058544575,7119.077386495565,77191.2890035612,277.46433215440607,1104.9104086236048,517.7731015040675,8080,-1,302.5595432765459,29200,2110.6718993828567,272.46853855566894,3361.1055116899756,181.83078188594274,1434.2121438778186,44.22668767229072,4786.936788025483,110.09662900042352,20,malicious
5.504688814263483,208.68909209217355,1444.0208243789748,526.7434958172097,40.998055026309,51.13722383005273,100.52806789654244,22,26883,75.77875437084018,14600,2634.439711130347,148.7290277225722,447.26716540487445,230.00187572223328,938.5241520460603,70.46292081705352,3894.868665618287,120.19631503809492,32,benign
34.64145121450324,1120.2014937070471,2858.579945505977,121838.90117257817,349.81814078166735,1151.0504183862336,537.2665589070265,22,-1,274.9895710824825,14600,177.89498500031692,95.29953241563436,1759.069768054291,100.53625087466189,733.590334676359,56.47043822696588,1349.038007507398,69.01167298108331,40,malicious
41.95686225028794,269.00337432201917,1084.330543514302,333.4183364576321,42.082550523180906,69.75546689780614,189.27674484297916,53,26883,126.42211485281425,-1,4051.2955640235286,1107.2281396592682,4594.26290905951,228.17605711314084,989.9482164195412,79.07301203083003,3065.6040404051423,116.931586874876,32,benign
908.2727771869136,1763.71193530546,2498.452873044839,83538.84902067349,248.06981016997398,501.59362479912494,433.71163868718867,22,-1,254.9458853024791,-1,327.03898312689176,138.00387370254532,2904.7374156679307,94.5399716547737,420.82041871457494,40.060873233309955,1799.2076920571178,64.78750115655056,32,malicious
1.8973264468019555,280.0635025957196,1104.6509826051229,312.14311690179625,42.108927455982105,18.12317575047527,181.49336542870518,53,26883,88.53498210509542,-1,568.5332544027731,74.08073207795994,2001.749669098989,364.3386995352932,959.9479270872537,47.26979472956459,2100.869635962288,123.36295504943129,20,benign
11.980886262370523,1138.196724828506,5232.081815772048,78707.7207208165,351.6855825740215,294.28973186147044,958.0180279365604,22,29200,579.6196046083122,0,3045.45361872884,691.8155978744473,3260.0315772283166,58.95211914939003,133.70531150859415,31.98962842071521,419.2749085504877,142.75142277849824,20,malicious
2.1123717915035116,248.3928589868047,1398.3937234785803,617.9347307024084,48.63098486114656,51.34390253406926,298.92860665119895,80,29200,148.60121550586842,0,7390.418965384228,1247.7196946664794,3727.9401348117153,61.83981128908767,500.64964928706297,73.03219986697468,20.187450750615636,130.9229369713466,60,benign
516.1702239809622,1354.7132284216225,6179.076689508299,40970.80445967209,158.4235803896913,596.8112836807431,435.76342755021517,3389,8192,354.4417765902108,-1,7934.003940208505,925.8031490841302,3861.7270335393323,168.6074259793516,616.3585597789754,84.0587000079135,862.9622461688865,67.78317266932802,40,malicious
132.20084424661775,241.2914880092309,941.802090105428,329.0480703491324,9.507127669349222,102.63267981287706,221.03129882854353,53,-1,49.101078812110124,65535,4171.357576730091,676.0185921115796,14217.580995340164,82.53263853177279,399.6580362282249,68.94415892962994,1074.2932258939727,178.71277862302185,40,benign
40.61403587242749,226.36961460136655,1032.6640611702715,26.558302729718594,23.436726102214056,103.10242814487079,191.69999221450018,22,65535,101.03669849748151,0,484.95812518287823,415.05963828483874,1505.1601614975607,170.52076228871587,1342.5410430945376,38.530199761600336,1914.6112815121655,161.8345835001999,32,benign
31.203625449808357,418.61122895287303,589.6236409677176,418.8338902751553,28.244378482659492,64.83854972724322,134.51298072730037,80,65535,65.38509741993789,65535,1058.8321794510196,848.0460773744805,4799.865597648199,65.54186210249046,1122.4521483179417,3.2510050888469033,1081.954641307683,116.013019768367,32,benign
51.698418839093456,343.2431733045888,397.808863405198,431.7091271654673,12.478089415330235,47.32510902257344,207.67034391327076,53,29200,73.59192509807542,65535,881.3987285693908,1496.2468416660336,4686.149039353547,319.24299605096854,392.2691843030034,8.14189975775056,2603.600730028025,158.49092060856387,60,benign
26.486769276721507,195.57582559891978,103.31652457315184,1039.904700038081,10.440678698144977,105.86876516196325,215.5789923111631,443,29200,31.118888359971685,29200,2419.171912822359,1221.8738245245609,5287.35051384806,62.392674694934236,608.122656863259,97.74798130120391,56.13244386124418,107.70001681986119,20,benign
129.52922334731014,873.1790610292027,6985.067824148399,15312.304726896928,194.99259181634818,610.6583230078226,629.0112506683114,8080,26883,156.19358271204055,0,845.446307479461,1179.7518426967633,4788.4699058923725,396.6696077893274,821.0512239621909,78.37348660066536,3008.08312084349,31.605195259529793,40,malicious
97.10389952378101,1141.9445865794057,5820.212851925308,30946.223443636733,299.9622377355786,451.67425384460074,697.5500132674599,21,29200,479.9008458404582,65535,1028.5329908806639,831.6017935902502,6053.948848275721,297.26016180346465,1089.4908531323176,57.37073917425681,1196.040329199869,144.88710752113053,32,malicious
620.994850048714,569.3924468941384,6240.971590501715,64819.308594189206,145.72231879348303,689.0273802267379,740.3391530940569,22,8192,147.84870717859002,65535,174.81586131314882,1370.7027465211295,867.9601333694371,346.2795733994783,880.1147339862878,46.67831856323846,2705.30646662588,130.42865677039612,32,malicious
5.3046889448957115,311.34630764084807,1205.5985413431863,866.5086035168505,14.842132182895597,22.32696726890405,94.5881995422528,443,65535,117.4759349730422,14600,998.5150932089167,347.223878000294,22836.291768195588,156.67006059646081,352.7154885984784,46.0421977472229,697.5765814774292,141.2874881264361,32,benign
30.360340800584513,179.4606463537257,1402.6470135825048,134.43405595710067,48.09562619083316,110.59144318109801,166.3834185575343,80,-1,132.89296483088373,29200,386.86116989166334,620.8321952356522,3917.0691237147935,225.40864282111897,831.6023547856296,91.12045209399605,1142.3921001119631,84.75063737146745,32,benign
12.780731525932012,307.0435208715051,1458.4471084805432,435.48899216853783,7.941788333525306,38.212413598362005,78.53530537643876,53,65535,114.45148945580536,14600,854.8308415851646,1340.4471271301595,7009.430524038187,286.7800512787184,476.22068829226714,19.36077872394957,2391.1399063913213,195.60714732905478,60,benign
35.66852188591552,1021.7473093470772,5659.480763300833,135832.75582311882,243.8918090062318,1130.2166715850167,510.2570111894159,8080,8192,218.94411943063514,-1,1176.2389528893714,235.56057164868346,572.8114450403752,312.60562152478724,702.5042958493805,47.360302089154935,1168.100054892789,53.21289492239534,32,malicious
1.7092244098742049,251.75348727892433,614.2700983482249,241.15928507784184,44.13894626377896,10.37290968736982,281.6174848194329,80,29200,141.08333152517457,-1,8572.307732102876,717.082043588509,2615.152390340409,285.75032168679945,784.3931230938007,21.98597996671312,975.6603085749234,33.170842900924605,40,benign
1685.576963935265,994.9324065814825,5274.216258115895,113753.91513004672,112.08297518332208,395.1135212660938,584.6331796521056,8080,26883,260.28038783352616,0,1339.2731316306915,203.7345239418178,1788.2886817693836,208.8576174341299,978.6985116480022,0.9226417270823073,2912.5191615456074,29.10921742316817,60,malicious
62.329079767087194,1434.8872628795662,4146.108303689646,20068.10830033023,113.40004603703605,948.4188912971472,513.7150194410456,21,65535,394.4733442029384,14600,1623.6343207957389,239.12729155707382,7668.765504944498,391.55313517840074,902.5480735273323,65.48884029166487,1450.3209208907049,67.09686761373567,60,malicious
7.006269751956453,192.2349633998884,1309.3418358034685,78.6920505556,35.676239906057035,96.9914506053027,214.14117873565564,443,26883,46.825905504669095,-1,1163.2488811320177,644.6138469509984,736.246461139904,36.650847561497415,374.3406138946286,42.75259068814494,2083.9942465534086,177.47927283498765,20,benign
2.480829552391733,178.946049472454,251.30682001864912,386.277257487677,11.320678439542242,57.6546955949439,190.9496889396663,53,-1,26.65553602949585,65535,267.75436977530194,320.44322051814305,10930.582200127532,378.93429235121687,915.6461511510223,8.172307939191404,215.21070794124074,164.6373578497356,40,benign
82.14542191656703,307.8930700935594,929.3092970984652,200.84391605253032,17.429825577820917,46.43281457222346,206.45479028327958,443,65535,30.875893293036786,29200,1670.789362237044,1401.475641552795,3253.7135240826624,243.4872795066477,1262.0969621305974,0.5148644665070479,4005.0406296789697,197.06040345599996,20,benign
257.2280149638348,1037.5265446507956,6422.41544999728,53968.817425324625,186.52315015296534,1064.581183665336,772.9305038688067,3389,65535,157.6996418269419,29200,959.4276098619208,1067.831631163855,7604.66944369595,55.71610643439076,1459.3182038947582,26.761355218668005,5630.73393055227,81.9287756832382,20,malicious
268.6391575589792,1150.121120983882,3619.1718460892134,390.49630095158113,111.95670705233643,537.5419417493179,533.3286727301388,3389,65535,354.83278166883485,0,1661.7754071205018,1353.329409028489,313.06764415025964,22.452999029094713,963.6602919819413,96.14654206828426,2419.008255562768,154.72155088355947,20,malicious
4.34665835159236,188.8105215617022,996.662487180717,89.8362785911089,31.38973128781908,47.78917685267264,240.71194337548954,443,65535,125.44346715016209,0,2059.1859458497715,177.46897813952938,157.62391659339966,261.13011698286005,154.62903149526437,65.92666383367774,537.5172289143383,182.2358874431901,20,benign
8.894761418199948,298.81477517672465,547.8414659748457,129.78621412670424,25.816429436396767,113.03017664928532,131.8950029406003,80,65535,45.27263422678639,29200,2681.0902660250817,1147.2067704358233,2465.868274610707,303.04030300909767,1332.9032236266887,43.40913040691855,518.6665113948517,89.5811341901563,40,benign
1078.4837113387794,1211.3053905846614,2031.75168218516,103835.44737334098,334.18255901819805,643.7335697742974,721.2776825940315,21,-1,289.69320334008523,-1,1653.4122103330658,1441.4609932422231,2707.067048133348,146.4466507132016,557.4906495574082,29.234120725588042,10835.48850825439,20.832864430386046,40,malicious
17.446442685116928,296.6469824518523,249.65679816113763,290.7817291321419,42.23699278195812,63.46297261139263,276.9712544529259,80,8192,34.41130113723212,14600,149.66262875914356,958.2743884744274,318.5998358134314,394.7161927914452,1433.9173720747906,57.34023490428408,847.0616372612179,29.59589374215837,40,benign
6.677962454632707,274.8687484778614,618.8317392602232,258.59939121184834,12.393102079914453,56.28160190914221,262.77858449869564,22,29200,81.41627287364042,29200,17.84663026938859,168.6343873949137,6102.0972006077545,237.2381948331112,1217.3079618358295,44.32709118059568,4769.002582382999,36.45548554830215,40,benign
198.63503087694943,1000.0460465536307,7010.234696854463,33710.79268657685,151.42607958245767,1114.4121983035566,745.6638244544076,3389,29200,282.4563670730387,-1,1426.4528133445017,477.6249183704089,5434.5177838716445,82.9096782396647,99.30218687365308,92.7586162785123,5650.015027679402,77.77813529277316,32,malicious
39.227444039047995,1391.4707324239685,6131.528852881229,43449.59529675323,315.8238494744876,897.6321470807288,858.2542202819354,21,8192,336.58136615832086,14600,477.878664732398,817.9896542914137,5104.013418380873,22.321315070254833,636.4057422738207,34.57462256484588,1302.2051617422237,172.01864958876243,32,malicious
116.45844024547677,1033.0308484631707,3796.6465571787257,10182.68889533205,257.1836330221147,1005.4378303310065,392.89630236635367,8080,29200,132.96876848713663,65535,375.8824039267625,211.99468836492917,7714.796417194459,120.63948389911835,1240.1303183504713,37.475413768584076,2059.604071321661,25.66014570284318,32,malicious
226.20862518601675,1050.8143912363976,5931.697025364033,12916.429707633186,107.8018056114961,1003.4222925025117,504.1264351074227,3389,-1,140.62781348824603,65535,3977.379395341761,1489.7627166468126,4617.8159988430325,155.82059411246294,1054.1672221232361,78.40058141869564,3194.0799741029487,157.44482369966528,32,malicious
2.465413760138175,208.97220565469075,1134.7989869233154,243.3538530333014,26.85572699256403,108.38918435847727,84.01823957215363,22,8192,27.2190630520427,29200,5459.888641449722,1366.9877526279242,252.9281347391781,293.26464666469104,438.7638587288731,84.19190797672051,1562.8511767514055,103.98439103163197,60,benign
209.89934657310272,1129.7348439961133,5447.709792196385,23991.586606394147,169.24010080152283,365.36790776550663,487.6296242128116,80,29200,322.93661692487035,0,4083.1068437416907,1202.94902468278,841.813759843288,384.1453129369685,1048.7504196291377,86.32922895586303,6631.763188650786,57.53131744966434,40,malicious
517.3724036595715,1124.8636813637797,7780.882966072002,3014.032586563747,380.03976878246976,848.3111015009566,712.966604816656,21,-1,543.408050539232,-1,2909.3293906818117,600.5753990924309,814.5145972646059,292.34087028916673,324.17289671105,86.89983544744072,1323.3085234821256,116.22117670986921,40,malicious
540.9115041199881,1284.0696006117726,4840.091432330563,77890.19714671971,217.63647348920284,781.4301248792432,691.6963610171395,21,8192,484.6019667063932,14600,1821.1995885022275,1265.0186676559617,199.50749475898397,86.67771521908847,1354.9935535447817,54.6498244179493,2102.5812648240326,68.23899126789364,20,malicious
18.763870785198918,206.59740754681246,416.6209011187381,388.7028881080214,48.19395781287895,93.42607070953882,181.47786699269128,80,-1,89.41260387376643,14600,2328.150116456457,882.154028436694,1805.369087941189,367.41210733871577,711.3390526085043,9.724091482443786,402.7855101707643,173.53631210012836,20,benign
17.021439857423996,198.37253476089705,570.1239539852838,1016.3425664285963,5.018588984892091,23.003217653027324,203.26798967466354,22,26883,88.48142835342026,65535,4379.00033267786,392.67302870364256,13694.404166014598,282.1869336088494,626.8929984765833,21.288650082342684,257.2676591958619,141.3619755747442,60,benign
1174.0967956044203,1133.1566869103765,4453.703998591586,155731.33376033342,371.31573891817817,542.1081566324972,804.7620931908085,3389,8192,445.2653941981495,14600,1848.3985123510095,732.4521121736907,8407.429731653761,56.211682666392036,443.74421418378154,75.50146628400968,4606.299645693425,23.12196687395878,32,malicious
94.6525538285847,960.0175371355294,7004.22777499834,6249.280057689076,362.935347135096,434.07456196342537,640.3057859854646,21,65535,594.4139159654724,29200,890.1153958520707,1314.4496286133906,4379.351593903641,119.42398154666407,558.0876493769671,83.71044443816376,128.75560666807215,194.63922441367453,20,malicious
46.44253682559799,234.11078132091052,671.177885649127,259.76299789085107,37.738682789694636,91.47897287894592,103.07455129586009,53,29200,95.0263339069864,65535,413.32399241852124,872.6764250833397,7662.443354996055,361.6747584535145,946.5967522246268,48.47800128879959,26.00987667625938,41.232033063636855,32,benign
302.41356412324876,1232.921536232684,4688.638766020382,7536.6779837698,311.7567182825818,1171.658449601307,747.8045114771743,21,8192,298.6597545295382,0,1230.989054459654,643.5368233790939,12137.035529919018,181.5207566261176,469.16020281371243,84.85293190459072,716.7124027839643,56.91846175170314,32,malicious
367.3866931006202,1333.7651369094372,3414.0317072562175,92414.77179580457,334.99318690412287,482.09095741268857,872.0483532929084,22,26883,423.02745960501056,29200,4084.659475590052,1330.7943270574633,230.33405257922416,166.96431827806074,1314.8753191331675,44.45174131717382,149.370788528129,151.80266927684093,40,malicious
47.185301688349746,241.785190615865,998.5297530442456,165.81328770676026,36.84502214966827,66.85383218087915,179.48831201231212,443,26883,36.69769988857665,-1,527.0928641219504,492.500876861463,9156.843742597657,33.08213761897478,1021.706408102778,26.47638361785627,106.63075463397014,194.99967142817738,40,benign
997.4871551750882,860.4395505728387,3367.5581396359344,35898.73474781335,351.2079090030559,295.78490445479326,493.48750166485263,80,65535,401.72600664133836,0,1121.588876517057,624.8662033790755,10580.118605270547,253.0823032049451,476.1408747472374,45.857674372408205,246.8989039939625,49.723776985502575,60,malicious
398.06361185197454,917.3742103830357,5925.518013519199,49268.53414224329,307.33640872458204,564.1371243003047,935.9301375743756,21,26883,438.5517731981097,-1,5656.564585654833,700.6670631220356,4694.227389693638,160.61360925038352,1394.0374385805535,82.20797819537702,1142.598653149802,154.4698187400598,20,malicious
69.19448720747341,134.09374540641045,969.7507104150632,109.16443998371835,12.82834837308415,17.965732893099123,155.33630212794904,80,65535,64.82379875287677,14600,394.43703900602566,458.5542511272742,1842.7912572940647,77.36071584403395,845.129753026311,5.260711907871296,3616.494458797082,174.6917808839215,20,benign
29.318700914927426,166.5884784578758,996.4888001107096,254.6582991068781,13.62443845044349,17.28260362056081,273.42555188472716,443,29200,24.451613157977906,0,3551.610391799872,641.5887047115338,333.67780933771604,47.31587275471509,310.79270306437184,23.885776253328917,178.93382125908585,51.86007939307706,40,benign
6.823667714739465,264.4566767184645,524.9559099286406,63.26883574544902,46.19755870307044,38.19859256409667,189.50307105449696,443,29200,122.18154488814363,29200,2067.7547147116343,505.49906321698467,2312.6386979292392,111.62436001671088,1164.9553178355322,17.868918206861284,6439.821479362795,170.55844510619838,40,benign
801.0142154892145,1090.580700613202,7621.323871311857,29395.82779891887,333.2759798648367,769.6009751228218,775.0955981910301,80,65535,391.82281163113686,14600,1510.4816466271259,1487.93360024112,807.2627880911132,74.90631968868155,759.4888531831255,30.153531017691293,3031.0752987295086,136.69264041096943,60,malicious
12.539307461178751,293.50569035543174,901.1104090694114,317.78352723716034,26.27110923355817,16.56035328466684,86.16903494150475,80,29200,47.84153205090874,0,2604.8595085065376,1325.8166207926474,4592.815444941639,334.0368973817058,365.15874921041586,30.82106022812812,5892.136135917491,118.07407021759136,32,benign
21.971234658458435,194.7793592023145,1078.0175941124303,321.40834597030243,48.08902379275666,18.02537000774739,106.39126769488362,22,-1,121.90432304893811,-1,2065.142858753005,237.98096914139063,1071.1226178404956,28.37620418671021,457.1518327096162,39.431822361869465,1119.9771220150956,139.1302200515184,32,benign
10.88920169206258,290.4351326473235,387.83486197945183,399.8083061130091,42.30986305420373,61.4976310023272,122.67472305112213,443,29200,147.63412019351077,29200,2288.2383610147135,676.3414308117907,5400.110094475636,270.2848850904888,915.5655198210522,37.70356650258396,1096.5286050551179,77.93045261002717,32,benign
1207.0986819856996,998.9849702860342,2348.4480525284544,4120.687228771136,354.64678591210827,299.07168484514966,681.0569240812555,8080,65535,236.29203212610415,0,4494.866299469019,1047.2113935458653,698.7347583650569,97.43806567843609,1013.0894266884492,98.2391752373629,3249.790089128128,42.377566805366776,40,malicious
13.404984313761826,247.30988456482226,460.5853660984764,245.07815077494442,17.051896062429243,45.089755847661834,52.39916928882247,443,-1,89.45733329990382,14600,838.7062144121787,1287.7877128027592,5929.789013097606,291.1320418920746,1077.839368193467,66.2750555586239,1219.1442754343686,20.876164951487073,60,benign
11.173985660534345,352.54275608390594,761.304320216686,63.33081226484366,40.87356337202689,62.06876712980645,151.69916532846014,443,26883,37.31257090360132,65535,2407.7955196044363,828.3769102388121,1525.0587882695784,310.857656553954,1341.9227017482751,73.53252982534826,4055.8505492379195,151.9639281683056,20,benign
517.05853708078,1163.2418794144958,2733.3193389475878,28912.12871775525,233.72911664505537,648.5553589105592,530.5540979926798,3389,29200,463.11544480820726,29200,127.35021749220176,803.2802417489416,6248.451315463127,94.56999318571698,1489.8209852012706,95.84120087131886,330.125613115655,51.53165435555505,40,malicious
5.551655444884524,250.34045946056042,178.12269345804444,96.84737345513206,36.09041481689682,31.258442388203235,149.11059175030175,80,29200,42.631586718593894,14600,7910.751423064127,531.629897997418,2400.4691239465624,99.60475602579588,807.5016332511881,40.590327841214325,8038.814414096155,56.88311122534136,20,benign
9.709144244694604,252.513080324279,918.0745013092129,193.06724635389781,21.27520787227379,41.76023864220311,135.64157072803653,443,29200,96.38507844913927,29200,281.25810239912585,155.16738286027436,11.549000575860608,372.7484738072564,920.2738966789857,70.0697169103366,351.294372614061,114.52015365808712,20,benign
245.62381219372918,1115.7677583669251,2653.4323618902376,34955.336697938714,374.0851245216186,518.7070860536327,975.1719647250957,3389,8192,179.10672785820032,14600,8.940183775027002,277.45966049767253,6380.719166323139,102.0272402106124,1125.11839225469,90.49014224394224,590.6826196636335,170.21465342502927,20,malicious
2051.509112475293,883.5326443756003,5468.639413303992,16311.412327599961,392.4284493190195,521.0641140225059,986.7724468766164,22,26883,514.9517312531441,65535,3108.239286143649,1386.9510076515057,969.502587907566,298.23727094906315,130.86545547543653,4.3956582240963105,4142.069041270809,136.56040745128809,20,malicious
158.31248889524582,1276.14375864157,2714.3492574432007,18063.728822778987,328.30892133800694,985.2421395198227,493.7019927060224,21,29200,337.3558467162758,29200,5486.10205475396,1444.7803968524158,4470.914298745934,84.35590754109197,1086.3653169213023,88.10917561288046,888.8556393921813,108.979386872811,20,malicious
31.822316861560875,929.760890221282,7719.921796239086,19630.380915977737,242.43909536563328,997.9247185425646,696.8498014464069,8080,65535,149.48740663302104,-1,391.4503578654217,805.7131291129685,14.518375708397198,292.4305233247666,771.9541131968597,7.781915708412623,248.35707410022738,170.53541987281164,40,malicious
30.37856103256924,305.0642663831174,1066.2928245055293,857.5462643342524,15.80001121125358,12.513569022797068,261.31033483081,53,65535,51.83628472893156,65535,1645.6680468779866,1203.2249799996912,3791.2974606628127,374.5784612551748,1099.2422138161226,19.600044675912585,7280.483521571479,64.25557722396684,20,benign
19.396900604721978,240.87843766794646,1268.6812223495224,454.1537831752144,41.428346044585304,29.097425291999283,269.13484055755,443,8192,116.32535175336216,65535,4651.682441637528,704.8449597117351,5469.580012525146,114.29278534123468,1357.1433661973247,95.80151984846185,863.7342249774214,127.55069028465847,60,benign
19.667303377184787,264.0167973023691,630.4258410521708,292.6085647339713,27.881867747718722,99.23254382197648,169.89982549049316,22,65535,119.52276416967945,14600,271.9613407473721,565.894442346398,11759.394298327854,338.3807695946533,949.2273761730756,80.8495228687087,428.29260395214976,53.53566832415511,40,benign
320.37679163114194,698.2707706430347,3168.4306440335413,1986.7691581919528,319.1716722918833,787.3200239867718,792.9308787934863,21,29200,267.44796328885843,0,719.7912750954259,943.1186164854174,681.2810347365782,334.58612463394917,149.58081398471117,18.603061015602073,2486.1106410076877,160.5286749090366,20,malicious
474.33804351143345,1053.7803428027682,2816.611898924096,41464.68852003139,390.0269790543005,331.21597785729085,697.691853890315,80,26883,316.87993933556027,-1,1038.974156025024,1323.4148774733105,2468.8693078997076,72.72141947103282,1265.2763603240353,74.8380366941751,1269.9292651040353,55.7894972638619,32,malicious
5.668002452956513,300.7931789252357,659.335872125044,79.21847147251908,7.6503212082830565,37.12863052918807,153.54725517558052,443,8192,43.83717415655529,65535,5026.043810999406,1225.069765355843,3131.3925539733195,304.33321424348765,590.5903190442797,44.68681684102157,1071.0682138286957,67.43006071701063,32,benign
1.223639299075672,157.21705137092454,980.2682498450566,157.89091476763318,8.626374132402452,38.02607269521745,244.19707401351434,53,-1,27.38127898768464,65535,690.9076143356398,417.204335746479,1530.9379112158786,346.42509991530557,861.7538919109153,38.45905303650608,466.9272519709221,96.94347566399728,60,benign
692.9154178772295,1160.7248796383187,5973.949753171216,5885.649043458476,251.21609117259507,698.4390718095099,503.8903323267851,21,-1,201.98474073944965,29200,1624.380222469512,469.26899892119644,615.9634993491158,76.09159737199121,371.63413157943734,7.570766038894073,5679.806912552508,110.63713297616883,40,malicious
15.555163284034357,212.8062652432036,1326.1897911985134,547.3204736253098,13.040792502294313,82.88737562192318,76.22010084331905,53,29200,35.28256151429538,0,7968.089167002824,709.0834985114057,5127.9728088497,146.04105145401485,1180.2625864857923,57.297772150804846,1200.635136957483,42.96752084837085,40,benign
752.5518731074218,1117.8830998210224,6912.880581644906,76410.73953774264,145.06971349847348,1068.9777107106297,671.396409824132,21,29200,339.0966401134149,65535,2846.929921339889,958.2343004020348,9073.931658373362,266.8390384565007,717.4228035725799,11.679928814266438,4580.165418857986,119.88380102600368,60,malicious
1021.1899058145477,1029.2701768643396,7950.463582205025,8981.156867821132,250.8120158081598,989.5479708624127,824.6364424861491,3389,65535,490.1991040029572,29200,2410.8976072138457,405.9189698200903,3076.1558838885685,291.3224183015714,1128.7601042384972,23.627967869956656,1662.3927206455244,176.7329127506763,32,malicious
652.4467207547056,1175.3575693740197,6793.243786372713,34719.34592487669,380.9747813894063,527.4449700933347,760.5614489487236,22,65535,498.3289939075332,0,845.1769587941415,645.8998269581164,2829.7607790675006,265.3067318873574,1379.15369487072,1.2630134290584127,1042.7675114744047,70.91681905798794,60,malicious
3.390444189403461,257.27123148431144,307.09849200122756,185.94020714900498,34.612032481366214,16.805828362084053,120.99733730971843,443,65535,110.40836394193937,29200,1207.713025330701,1208.1113207268281,3857.572551667447,227.3067930512849,307.8829488820659,28.398337332032785,1812.098142607406,120.3513696158237,32,benign
28.429920565607333,281.42327682917113,1499.0912062882246,42.59339833061712,40.660147697772835,81.4289328190078,219.4654585491815,80,26883,117.11853649972966,29200,568.085291585753,59.13066705889419,5033.039338698325,100.70438095242548,315.46221278479123,41.410286793222085,854.3524528168762,25.062516112840953,60,benign
2.8144682112343062,211.60574115959815,899.2242268595933,54.99702762423791,40.79428887663621,103.46173591201212,80.19174331347268,22,65535,50.773942732387226,65535,263.3025624851433,1439.6142230428227,5232.559991880864,211.67182523859304,1340.640707978927,25.72822577558105,312.7637845561373,188.76199502250907,60,benign
55.23978549807235,366.1454500243772,734.2173790509707,135.40806148622138,41.73935134199104,44.54140345595999,256.72068670373335,443,26883,88.48180277184585,29200,1477.775316781461,362.1289785501403,4657.011374044336,28.896233353847276,1448.6423833042645,77.08627926654496,2237.444704107029,170.74071891410517,20,benign
19.26824639260593,254.00850074868194,1021.7755597183794,1103.9958534940727,46.55010689176205,25.21207558459099,163.64715960113716,22,65535,141.270536002337,14600,952.4399871732719,576.3816805977084,2504.3881279797474,284.63420823447143,441.31335199932994,63.31715654072229,1887.9395898099267,199.46905917387986,32,benign
2.7362553012611395,319.73739731216574,1206.965054244859,1046.433527245196,49.719264879447046,60.15300202227619,263.8665390728979,53,-1,77.91632197849339,29200,58.69738219299793,1378.799036432349,688.7913462503766,269.84105819527565,258.6018257716664,52.88586715148503,1500.1094498594603,100.51251734390385,60,benign
7.144646488841922,219.68347747749058,1427.0561145294528,2514.8281969240716,24.904374366037445,83.6507115563239,120.25841190388834,80,65535,118.09238010576966,-1,1831.3928309801784,425.94877087950886,7790.554905719098,390.04687064228244,475.33490847259463,22.92785381864826,7297.667628044876,105.11665906267226,40,benign
36.783605172400804,129.2874758565967,1045.3596838778853,1963.2915996308093,29.131760760894874,38.483493012129564,186.36332685119558,443,65535,66.09124086482333,14600,1347.592153997755,1423.920131558755,9503.5568871059,141.3109400122875,502.02489905709723,62.619751097386775,373.8097878299746,120.51365131675925,20,benign
550.9777438944973,1129.8390560428593,3511.3393165431858,62096.07409517745,292.27091062435045,1165.0335881256078,911.644609525049,8080,29200,130.12172594721036,29200,3239.5886585996836,225.72260766029092,3822.572870317093,44.093100121129744,1015.9641308575368,74.42576922285738,1120.1412902545549,164.40300258516606,40,malicious
193.8230819821089,1221.638706127547,3988.547227809942,7454.074506247664,359.6437771469076,448.75301306539643,413.81981079308457,22,29200,249.42991328036757,65535,730.2412620135335,575.5689694492,20566.132179096934,46.960630269015525,500.7082603798595,23.105129229377162,798.943474749907,85.70329690548509,60,malicious
10.162429895746516,277.4350728262662,1050.4594691723564,725.2440838933119,10.37778281543476,64.03187199957085,114.59419220973417,443,-1,60.2199307493116,14600,7120.892125747969,1139.0085369215599,192.6095451694036,92.2535695042851,336.580840702078,6.080516844013239,2098.724269980324,51.40413705676421,20,benign
1139.0652713270988,843.8000565735483,4184.140309520317,19768.848068090014,367.1364160119489,357.87669394781153,894.2562786782778,3389,8192,422.2782367223019,-1,697.1798698999577,1006.3820248092633,2210.8105198687394,73.50474884297466,790.32436497546,19.688302853009233,1739.7328672049096,176.55808709190603,20,malicious
376.6927181664217,1182.627823488041,5277.578559710211,58531.54863601173,336.47752282304464,619.9240855774826,990.5666239086966,21,8192,264.590222142907,-1,288.789820775178,365.45350836833353,3925.4582877736407,139.4944188561929,1416.8561438788056,41.072543336231185,4030.7980027868552,64.83674402609851,40,malicious
2.547113317058474,282.23711001426847,469.8467280830171,187.43953039216606,31.760303058410244,59.532120752802896,85.97660648429421,80,29200,63.4962561409383,14600,3478.619951242254,719.554063191854,5076.94118120231,294.41262521286643,1194.9892491933315,1.5435417078514702,2916.9901849721423,132.05539750967796,60,benign
5.7257310559379935,186.1032580765921,1302.8303751781202,1566.4049879259844,7.717149186804809,64.16819402385136,70.00826500676806,22,8192,147.13741865610774,-1,4796.241972984555,1193.9259553750637,6914.136591960754,301.114372570703,301.49212408448204,69.12343133880944,4083.591628661549,134.5378079782608,32,benign
989.2927980525886,1040.3771673264364,5449.386297118841,20349.80848204306,361.78973959247116,538.370560276833,921.3060853115713,21,29200,396.189419145724,0,1902.8992586718186,289.2195051938409,2651.9894879350586,368.8987196225897,806.7479032996707,34.4777494446931,1817.625463982513,64.78218257741531,60,malicious
30.455719597152957,281.9556883961606,119.92193781172264,15.122022721008051,8.869690097624607,97.8406970435579,293.4337064524701,22,65535,56.91363860791422,65535,1131.5836671296604,761.3600115305309,4392.749643361319,70.09603030492336,365.96610197712573,71.07240253192037,1514.8316251924975,88.66118877980142,32,benign
352.87121337703735,1015.4468021159377,7196.211753050088,82987.02498882271,308.02133784466696,702.245026901189,826.2051726019727,8080,8192,374.57439880943036,29200,1569.1188841642813,111.85205888867338,4219.379665919974,239.42498677457365,1477.8399951910444,7.772963318523118,1974.7595081825498,144.8764460622989,40,malicious
1040.3710928784035,900.5923172468496,5423.032410582349,2689.323903841454,172.80677571554153,1014.8203369435525,405.85406323908677,22,26883,251.44502747844547,0,3833.2113750560256,1382.0358409543567,68.13635405508307,171.79259191261758,788.5587825561834,8.101960484899662,1030.3604973202123,25.181221021109323,20,malicious
2493.2715498496373,1152.1856047623646,3774.145473756881,123724.05131940961,155.70507104987115,912.8109380957641,664.5682225627286,80,29200,398.8712649610874,14600,2780.140911257082,703.5990917111494,11132.984495363738,101.760304002657,981.536022227561,3.015973550522877,8064.849496029714,135.07631066808813,40,malicious
241.8170274277899,1088.4868829546901,5439.474586260982,29424.33706197052,140.58069939961953,299.46311735242483,527.6200191017576,21,8192,298.875288434365,14600,1646.9258254123022,764.5916997207719,6110.665647650182,342.8491666415197,704.1247150718965,23.528544642055937,7283.516590683632,53.16300620528028,60,malicious
14.875027328560918,943.2027452630235,6882.286375004806,769.5700114643824,291.1396419580342,569.0549384643791,737.6808905430933,3389,26883,319.02255214990697,-1,10129.12810012257,1178.7212428054604,4834.9257824106935,277.58894239065705,802.6803488857593,76.17252000640399,2977.6047314984703,121.45817644073705,60,malicious
12.391552491435544,184.34356819020837,820.3240139162447,1623.2719461634258,8.807091217650672,100.38839535055891,169.29780567214698,80,-1,98.29940434179443,0,84.76247120614505,305.83795881532865,10991.384856734647,159.09664454487637,413.691880633608,57.52810477137407,602.3343664955597,128.4080579540115,32,benign
18.176599145252304,248.99262490680255,302.96349283107253,145.96417162421895,21.636730066213925,104.27165310290773,263.79615076077323,443,8192,98.92905326616987,0,1790.2895637552017,1085.123985149219,886.8789406496932,299.3028687634499,646.6604705362914,81.64164968742456,2106.673972602651,102.53639500446344,40,benign
22.042555707138682,198.08632952724818,1257.657893533621,564.0107461102835,8.388240074001068,57.80997734296474,126.43447554055521,80,65535,39.12411596958768,29200,3704.4981959205115,662.6434742628979,8236.815858907914,337.05911389080063,318.3387403332002,28.909359148083258,2604.6374709869847,100.87010399804629,60,benign
70.1568917203907,260.1681570214753,1270.7582869589507,159.29978924443768,20.35750349466823,78.86057438901275,163.3011404917778,53,8192,59.16014803554829,29200,4194.843962666625,1432.2382971613877,1546.9250885381475,166.19435091197275,807.3027986701319,11.79071745703466,752.9708813318259,95.20064898866643,32,benign
9.301373149309235,246.28289342975506,313.95059235894666,45.868057668340356,42.37645107984784,65.85603505729229,126.59523503526752,53,26883,54.376600600035985,29200,1370.581806437889,454.84759398350724,987.878056178637,26.567238985564092,134.3783069997706,99.64603511933085,1661.8503952592275,147.05785761753242,60,benign
140.09705348666085,1004.6922228821577,5403.335173851667,13148.94093085186,122.01522983342309,751.0656474340499,676.24357982796,22,65535,305.77477903278117,14600,497.4358615378603,848.1511328272164,8450.044533819228,365.06684912789456,880.9264034049062,8.293846504079871,102.22875290370314,60.26577628284216,32,malicious
31.69783905564649,236.0577709872185,129.66125945372366,67.80213836165062,17.294224249974125,99.02124718508836,193.06670301123268,80,-1,102.55987936860474,29200,4781.157128463644,376.3107506551292,3635.089707116743,238.18279775394646,596.1619723380068,62.083389515420166,2333.140973094515,71.95228557236595,32,benign
659.7026420897463,1262.9271732868135,6282.908801294326,44757.48153496774,121.01159996594075,1137.4563986830594,756.1105049669208,3389,26883,345.7699210869689,14600,230.8904437400252,587.8741406311925,7312.323457536518,397.288797463273,1036.0576452429457,38.963943405278,1014.5628287266982,103.97327724184393,60,malicious
128.47920755207005,856.5141003337915,6319.892781719523,6543.042359577654,288.1340145858679,304.48956989741475,842.5172597574922,8080,8192,336.17620263482934,-1,1193.5321488223426,493.21154955232845,5793.853785413155,168.2427521329637,1206.6843296876825,38.39207473025002,2288.2818148561028,157.9327468534896,60,malicious
0.2541457913688845,967.7605537874764,1856.7830972961074,3601.698371902967,296.03699123042895,649.3124584826955,586.6012022591236,21,26883,133.24993944926467,-1,1075.2034781181158,1000.2698175690571,4478.999540473213,120.22314837852092,51.57029423298468,76.60520136572148,4569.167855706773,123.41508485655568,32,malicious
216.2452706008661,1038.3125778263375,2440.7417486365903,19053.34640770371,286.6313545277633,1149.4226365724987,647.2378517953632,80,-1,453.9130972424975,14600,2643.53048302267,931.9563365441232,4862.85126404565,341.933298624614,152.20241649617302,3.848797665430981,2877.306582565474,24.089971330354118,20,malicious
4.901903248147399,343.41694678804413,250.36987371262748,99.3678668075093,27.34420978137254,41.57541582418182,142.79194811658982,22,26883,72.61722272256611,-1,1375.2967960010121,1139.1729462690641,19909.77996077414,195.9880552115122,1300.2583575808649,61.49104364627498,2465.2584367180366,138.05588753543515,60,benign
478.5002740195436,1277.3608399772932,4285.053068412588,22539.44649461436,131.263645765537,446.7085444479351,921.9135310229091,80,-1,278.04467121367946,-1,920.0411708561869,920.1337311764603,4585.72845872915,335.84658979215544,994.7298469792545,22.658937430255833,2784.2327494100423,145.63437320304774,40,malicious
116.37306200046969,1009.2291715007289,1930.4255058449476,299.08478569090255,175.04151637139816,1117.7243419388278,398.1342397231237,21,26883,513.8533819351459,65535,1401.0371389621778,1486.1906894513356,251.58206609115362,71.74891073609973,378.1272060483594,45.93529690148833,1595.9123911724423,125.00719156803129,40,malicious
1229.5631428425,1244.5942513651157,5227.828264856085,31719.78370893544,344.1439717467087,1043.822707357403,794.621168366473,80,8192,214.1321636234622,29200,2914.9643449981004,463.7646105420786,5069.427854100741,398.06502070424625,932.7735096641975,70.18050514176977,1288.748739945351,178.59355470848058,60,malicious
245.93780826408263,942.5799660656785,7943.284747065678,36913.74513443525,301.50136909856406,1164.155640615359,727.0672589467738,80,26883,231.31444074695776,-1,896.396998392542,1124.2899544534407,2141.1239900360065,292.7900977488718,1141.9080500148523,86.02050606958828,1204.980876085387,92.35015751430028,32,malicious
114.09529266097744,1101.685993532308,5972.306525573029,18716.234124847546,367.4695431002014,483.89781696198565,726.4149871769025,3389,26883,536.0166424110247,-1,1215.5355111283059,1184.205145951624,8167.854430858738,378.80299650109765,1131.423967031551,97.72174005269653,5238.408289298894,185.56252711205448,32,malicious
14.901680260484138,245.25112702159925,858.0698274008093,3694.832076749111,29.941625314777742,40.24357513226573,285.09056399770503,22,26883,123.15808194467212,65535,192.94567609226434,1148.6028308754937,5837.832359075719,289.1183414383181,680.6238527152465,98.04080658773339,877.6472895249611,191.8156662668441,20,benign
165.01494736272642,1354.042654619577,5446.390792924718,120939.47971004921,212.37720814049663,917.5288788989657,762.7036632649529,80,8192,298.3935673621835,14600,2824.4013376720955,675.0003186640079,635.5708107504905,177.8282530191608,457.65716620660413,17.14803081554018,2561.186957347982,156.03100392983958,20,malicious
503.1072477917498,939.7719607333929,1966.3324272713662,27133.356709470263,200.0608487290913,613.3646974237304,524.0666696197553,8080,-1,447.871863933536,65535,227.6679021310807,158.3989199923198,1322.542742811324,169.57399761728092,1417.6011197706623,44.68438176586646,902.8873911735825,189.88747431658604,40,malicious
213.44693065564147,1079.6701350132057,6568.715652156354,93652.9015823035,315.39925699037883,1187.364598568794,547.7211804695456,8080,65535,208.06682993717925,14600,220.12215460520068,484.62759743467706,402.28169974507426,321.8170865578145,855.834854034618,28.873207017623315,4208.827156944103,107.09615519694749,32,malicious
2.633421879972186,339.5854757686017,359.99246378236205,2077.934686713726,13.673089931566134,76.93794631692225,84.92630741591957,22,65535,30.318909151748105,-1,952.3845982294092,1315.3040116314687,2908.738324966845,255.11975182409145,1064.4068809114324,52.938968017202825,2805.3345261078452,138.11732255929422,60,benign
10.023467728271049,143.68847008323368,141.66916595293964,1700.5905148268635,49.926752691687625,98.26399161325583,137.27032646250228,80,29200,141.52925101889247,29200,4154.0098474211045,217.99014690592466,1992.977424480074,359.2434818951212,56.08523021039106,94.96744116065736,1038.2928578004596,63.74762150676012,40,benign
5.7576984309309065,242.34206574178387,1155.173862629781,236.1726506872859,24.91423765878558,36.53642429257221,50.378413767592036,22,65535,99.33193579878143,65535,704.6537641895699,210.51275724330276,3203.765738674291,241.99912014711038,1459.0636803489376,5.4075143562440475,9125.686866999853,144.0658516091449,40,benign
150.6069086894405,1040.8686328983872,5913.181516251356,101270.4566003874,296.51781190954034,366.2550060176165,905.3452073384357,22,26883,523.2066694800012,0,2578.6496361269815,1254.5459217721354,1228.9056048146842,257.7795134592537,225.11738014736596,19.412558373669487,605.5814926276992,193.38537757397225,20,malicious
9.808455523842381,345.1042098087803,1231.9976980070485,609.7653976512646,19.25177935595961,57.567754196820104,157.70723371194666,22,-1,131.44538294903703,29200,1602.743222919868,1157.5567831530816,3197.823218613371,67.38195723187599,1354.9862994416123,28.075417044614824,41.78920455326502,196.13581404901473,32,benign
42.269798220235266,169.7280913983,483.2163292041575,776.1697779484845,35.98637940718565,61.90007719050056,205.68156519893546,22,8192,44.83080494699712,29200,881.2962009763086,744.0119422320695,5034.843545846976,34.54485572214367,1173.5080981537433,91.4530937638566,1086.889990038017,126.11580659588594,40,benign
8.272923583267469,232.8056213751208,1272.1098665037496,525.1536149211913,31.674744379561517,21.699571782218722,122.66901947035004,80,29200,122.74370694585313,0,532.5504626339581,552.0879632334372,6039.063780502707,346.4523365539659,1196.2342476448148,13.119877765429756,1227.2297853761345,86.32160027239384,32,benign
1937.2040417867067,1188.1074411323343,4886.411019204785,65881.267415899,179.07428526414503,1050.147255542358,773.1174049796812,8080,26883,451.62008480850545,0,931.3301099389566,1325.924734158481,1962.7038729252897,388.4133681867073,1091.6450375132865,55.90350649031781,160.2892378726991,177.0875087941778,20,malicious
23.91493535511116,242.81640824181775,560.2580716134687,545.2200723180508,22.6369085756499,38.68740601852305,217.88796533343404,53,-1,139.37650115343808,65535,1203.0993451795098,1059.4458253167413,2850.5463639767468,196.64610744403873,963.1394999463618,47.12546443627832,1315.6430331256706,169.29516204273475,32,benign
128.99136807357797,842.617213820782,4707.6914258699235,2722.0225428377726,148.01278944469442,416.65344663686665,867.7381353696233,80,26883,586.0313425615647,14600,679.9207872206108,784.1674767574461,10767.39847078635,58.31661611606533,487.45914526678945,80.03012467470285,1660.468759721259,130.29645854216864,40,malicious
44.62346581906037,847.6331675778031,6947.2415992515225,53831.45393751641,177.70216155421636,942.0638205642338,741.527574032229,22,65535,511.22201602172476,65535,354.56547797927055,232.69198067147005,223.92615079380366,339.2022089029227,500.8231774981156,12.224360683732648,1026.2296108165413,171.52445344994788,60,malicious
2254.586856156514,953.9483329029141,4721.799082687727,13336.966024348909,388.19576576112604,1138.469658415436,866.2462515634465,80,26883,399.3508817122276,65535,819.9741617697878,1231.118460614195,9501.2755446661,145.90319338119224,427.07869267513684,74.8937130594964,1178.7970841571762,175.5050095352196,20,malicious
1069.1658825512877,1051.5527890431233,3816.458190410809,72965.18742867593,378.0508804864579,692.6319751733979,689.6153532935068,8080,8192,216.13454756756335,14600,547.35950580895,1007.6329596315766,258.93337347608866,66.54287561777082,1307.3608798553569,80.97609389730312,787.2932719923637,135.43510117607434,32,malicious
150.60719103626215,1558.85926619403,6705.010495258997,27159.393042709467,350.61430792598344,824.2443877782083,958.8229643663901,3389,26883,330.04515323066045,29200,1983.4441708011136,138.2594195185962,13776.278171209864,293.58057507929294,903.1003418238226,95.45549935226738,2200.7323672769053,158.3940562209425,60,malicious
14.768713736385672,358.15122471036625,739.0128948231456,126.91494003411313,8.613062642460607,53.707306651373806,54.52180047261136,443,26883,77.73474214974473,29200,2198.935193372192,297.81009762681686,1758.6796099382548,347.8475425530316,88.5839919442702,1.6330241692042002,316.88153612779337,191.97457680092472,20,benign
359.2524489775306,844.8452360936793,7813.466200325603,11056.614358816363,278.58647693881176,350.3411727474268,981.9157797872737,80,8192,346.5266821117566,65535,60.03553750468312,1347.2898464775913,2834.1957783841635,27.09537231302279,135.88882132216526,27.232767496551304,417.45180143754715,109.95581222395685,60,malicious
60.487524949053046,756.2665846173551,5621.694427386678,116636.98194526494,213.64608494423175,825.917801385538,421.23284588593555,21,65535,488.5994209245603,14600,7021.815629551309,1153.8576214661553,2621.552927080743,98.47051564382846,1358.1390671196675,34.22373664890917,2115.3001670812155,148.33252989285708,32,malicious
6.927637233312321,238.0653937542402,1441.6911353351622,165.71410141245687,21.96685514059834,116.0106815889188,173.91944916342544,443,-1,70.24372294460025,0,208.81663250488126,979.3686718189588,2849.466222682889,31.797220579077948,1223.850284033526,52.63679132333093,1321.006846494382,40.54877010906689,60,benign
13.628290507078392,311.7130745700247,1355.3578936404792,566.0321705402962,30.679425852463652,14.34184137594345,63.4967254199192,22,8192,100.46121250266386,29200,967.6742140551228,1249.5305187617564,755.167532581354,381.32101232749267,1212.5295155316182,5.033868191532842,6042.697425608544,24.81877326624976,20,benign
265.2896398322169,860.9328967599592,5478.6714188695005,68344.24127734701,170.34465970148437,851.1375930780598,475.6322433777961,8080,8192,355.5254887953446,-1,3646.0782574699138,66.66937288059498,718.5522968373731,74.21828884181924,1462.6226855904235,20.92799763558024,1700.3414898673084,107.70693386829386,40,malicious
1178.2421602918832,1271.6549742136715,6484.37119573142,22331.999098539778,107.14714631714878,984.3978613842357,871.5998591891946,3389,65535,284.4373386256233,14600,1268.290842701215,1069.0559844087613,481.4514335292094,125.4081904712096,1027.229272944234,2.168132490728192,1277.266708872411,73.13728168862934,20,malicious
45.2914563264624,226.72146224440672,320.54021066794087,100.61960907637166,43.03262537451388,52.269166655951985,255.44893958978213,80,26883,96.90117033439952,0,142.1806056068614,106.18330254045529,4128.606381143751,31.9475516612545,1384.421160687525,79.82515854522339,1113.3025789235214,33.87237874767827,32,benign
61.465241982793046,268.53164397142586,1185.0537288387416,246.24689162665925,37.38724990679453,48.291577307235194,105.03525620328575,80,26883,81.14409484083086,65535,1002.3037653708815,869.5946137389652,12812.213930844924,177.9084364329799,432.17112094597644,1.8421099633037952,1650.1947478104596,59.62069640235739,40,benign
744.6879512623943,1372.2294331559388,4422.936189643937,25244.8024427092,286.5607783033634,328.36142955164024,529.9243119233593,22,8192,595.9604115812078,14600,91.96750255912718,444.56834322888614,6527.274173038178,272.4070068070006,874.508971592214,48.82476060566741,165.175328332222,124.7174193133108,32,malicious
1.8397828651853203,197.15625231835872,1119.2986279075126,1102.9469454004454,29.479454621912645,42.88920570511793,198.1280869680818,80,65535,118.03621586745875,-1,6322.348289850569,1442.6117497321145,4348.7553017252385,58.31230203562208,212.76011580573677,5.320214582544269,2943.169405876263,63.701625217399474,40,benign
1019.7711577980684,1259.9976160980764,7699.653861018991,1457.3241381343203,321.98901710392704,971.2816096598602,537.626927964732,80,65535,318.16276872361607,65535,703.1324589878043,1237.9695356965676,3339.2424153455495,180.91961120185232,314.90547739266924,69.822236349223,4501.338288147772,99.72370385529632,32,malicious
418.0258748306054,1222.2739782568306,3633.7415035701706,89471.7651322197,202.8246455439163,992.9283304834902,851.2688646322354,8080,-1,562.4588925764492,0,2343.5710344066647,421.01893203917433,1328.785450070872,390.9994339982466,933.6936191148344,55.284901480081075,1437.237090601354,147.653954767182,60,malicious
221.56776097741422,1264.9765035470036,5271.858579243477,34531.77679665063,166.7917364241112,902.7674574814321,898.9348363121378,8080,65535,257.5026872803272,14600,1282.4770483423356,404.6961813592368,7471.368699001354,253.74425682694417,1496.9469962119751,41.30950447438077,8936.592760854168,190.30328766714138,40,malicious
7.781586324115915,239.70085921579812,1102.9645903516403,21.33996911179576,8.569915847108776,103.67673347473531,290.17937472638346,22,-1,130.78632428245635,-1,680.4490017414639,1415.141027260495,3230.6939962345336,358.73448882436855,1307.094684636188,76.74472526074568,162.51219300647773,176.2272045047912,60,benign
532.7772766129094,1269.3170692016702,5500.071833123566,64618.71037898774,129.58877057625193,658.0757720324768,418.2223045706513,21,29200,432.2179735544129,14600,133.3298575783101,168.66620622858397,1548.4366451515725,78.65716399491006,871.6019729608414,84.06818495171143,1967.1939358568525,110.61539715133091,20,malicious
48.07244369105849,824.9879257551398,2231.6149263308344,75963.86277738183,307.67597584183727,925.9546073465557,445.2478698785357,21,26883,200.9001044449098,14600,4.753794201720917,366.5506861233232,10781.370347624917,75.0197338696819,1343.0062571955925,91.42167719679418,3588.728055925601,120.1387082928704,20,malicious
162.16599933044506,918.1942679940324,5702.760053067403,5225.22977414999,310.2493945812473,902.0532212928157,569.4876268325045,80,-1,284.2868282036066,-1,1874.2429230130099,394.0209691536326,7743.871348282081,291.0123116269379,883.513103595404,61.46590256536063,895.8140153481514,49.81798152043744,60,malicious
555.5871901351071,785.3868007385208,4837.359206677947,40925.99393715372,286.3064893133089,282.9588103442474,984.050090662602,3389,-1,575.718435080327,29200,690.3133108931262,1202.836430253017,1961.5761389241848,98.40179937938845,242.45553866335865,97.93496454681383,1588.4616031103687,163.1455876397108,20,malicious
2859.8772355662227,1141.7153658463014,5115.810765426007,51416.13982385719,358.5938547107088,763.7442124205318,405.7583147370583,80,-1,469.4672089153914,29200,4230.094814436462,1120.380949939094,10304.71179944086,72.82227222945203,497.0340032358484,49.57219459819312,142.32885171545394,197.7769688068785,32,malicious
340.6214940316456,1048.4600048673537,3170.8301225456307,1788.9536782898422,235.91353410396098,299.99878447475413,695.013191989686,21,26883,562.6537109650685,0,1767.103757212265,1286.490161486548,76.91544860929959,231.87729035251883,1107.501455175439,28.173641086742375,3140.4419223705295,174.84182356480616,20,malicious
72.53680289044806,1297.2035815622212,3264.972263030569,34192.88259294172,346.38358911431686,886.0315187173676,813.2968657857123,8080,-1,166.4882928158019,65535,393.383146000415,346.54418059961824,13022.74619407767,221.71487884308164,114.9897877257438,74.84556706530863,1730.1042568414998,91.38102663159768,40,malicious
272.132440469331,1370.1356824069062,3313.0405282404154,22136.09071982085,277.3205981480552,914.6076222152996,418.08143395106265,22,29200,299.38229736323103,-1,2263.872761717807,1182.552946771977,5901.165056738213,160.61052683967316,1400.497458329198,28.796138772332625,367.9568540045922,40.13153666615244,32,malicious
186.51918177347255,1007.3622766578455,3911.037738516075,191.691393016656,272.837792792574,304.7143538616299,440.57123353883253,21,8192,588.2802110645493,0,1161.4168072934149,76.65226459175837,3607.707121075599,35.647165929838536,550.4162102330977,99.75416610223637,649.1785044796746,149.64631839582296,20,malicious
3.160594425635033,237.6354258260501,237.06489221486552,54.11943381340442,32.38467456757099,61.33703325846057,228.4414022228258,22,8192,138.9657471183895,-1,54.73006634409461,753.3728136729627,4252.034679982797,298.3005304847504,1296.4909013348333,61.96884991045006,26.298594853983744,140.87580501783665,60,benign
1062.5730214611458,950.5922487423891,6351.793675478595,167130.0109936042,262.63242964526455,570.6944039082418,599.2440033299436,21,-1,507.96517904772764,14600,93.02806865512572,1303.6225997766796,12941.4987032931,199.09187695033654,589.57491696006,28.17156965410118,840.7773135863011,191.88128708861996,32,malicious
12.136932460599558,222.64720973845564,1465.5782242360372,830.5456479453219,41.55998947557303,23.604505348207972,113.71297363048103,22,65535,36.49403064074803,-1,2037.5855450265487,1184.9927454864066,14240.244002317635,136.24288526952688,454.01734290988685,58.77400599743046,440.745894588615,63.468309293485916,32,benign
37.29366747384117,285.0315290307957,233.11490888548386,1352.5314328948682,43.5916504695057,118.34563342131719,260.85625080857733,53,29200,40.891433118264914,14600,1962.472559833351,1283.7348695896242,7175.0550087216425,74.97541126460534,505.4270089021106,89.20662677052763,2048.4728212236914,167.93105748149452,40,benign
172.64000596197252,865.7501111901903,2037.8127241512875,16832.991405071327,188.8177160416025,462.4546244864948,654.4743041721397,3389,65535,289.5298589652402,29200,619.2466418220752,560.74488733599,8030.78138158597,393.6167189643735,901.138484679247,83.71309109596622,1127.5201779189672,96.31619358823812,20,malicious
346.1535998948217,843.3184397781432,5989.115183067303,16967.099291489747,284.80327716386023,971.0121237002206,445.0151322859278,21,8192,537.8309899753363,0,2460.713114950461,316.28647594440395,3061.6844889782465,97.79766463004451,1144.140129667975,7.38609813463219,785.3790159459544,81.39842505162335,32,malicious
30.671333672157086,151.88184872318683,190.29125404530544,475.89736866867,41.22330744622783,14.739061637775594,157.89774463677867,22,65535,29.2104150030798,14600,3352.5591332761646,248.1473844338469,7612.374755725724,378.2969690899247,226.5691377862527,41.229170816714735,1569.0840209623984,181.59880934126633,40,benign
3.4755831762109106,132.18558915153608,194.1063235801371,508.38026289537663,24.030556231320766,63.9838452131651,185.65261148155656,22,26883,24.7191570433812,29200,1483.9656250373819,625.0778065274202,5038.614224582147,51.48235054859482,1267.7248275454494,34.8224295548405,1045.3843193757166,130.0615264969352,20,benign
466.87816991709076,582.0845494425968,6326.089271809866,26911.895671842478,382.77494730855733,745.3786916321874,991.9749954052589,80,8192,172.73651773265004,14600,104.9825991271626,648.1882959481638,13788.541089089167,374.6712496761676,700.939648374384,83.06894531845055,1998.4416248903044,136.76332217896535,20,malicious
385.0386943766008,934.0508248179959,6325.899484724495,20840.65451288443,397.90114146032795,311.33699213256745,414.8851046188766,21,29200,534.8365182068379,29200,2861.9039520933575,1003.8103982023266,1843.8481058945586,309.2414291717599,1400.5846628892277,91.32008626543806,4162.76880347021,66.3584517806721,32,malicious
789.6493614940973,1111.7156819273068,3848.6651014734725,198900.95943002595,146.76681415738238,1113.3922064433725,851.1471274361807,3389,-1,320.48468080212876,-1,2999.2065167001865,262.55955223061073,10208.752750535145,83.21411303307409,770.167956934951,92.14401674667704,1158.2468874598942,126.9369386028486,32,malicious
7.191398607445331,306.84554120496483,727.5731313147501,99.23538969018134,45.86384417474225,118.36337001826168,265.33993662693126,80,26883,101.99376182076291,-1,3320.2492649840933,409.066337285548,773.8284477021639,42.75920503997564,214.1390254184945,79.18212346640368,2086.1436312383594,130.1700245141791,20,benign
7.734294781360362,321.8751141823059,997.2589247913978,98.46135116484156,49.16847330586776,117.47578379224068,133.47267903639647,22,26883,112.7585486413641,14600,2016.4465449053805,1103.4144584809458,6383.171251084353,364.45914126567703,1447.815343744113,68.81085183224663,3290.7706043348267,82.84909510757089,20,benign
20.59584470413098,296.27231043154666,135.01501192154132,165.61584557276444,17.530479643817557,95.8537966745832,71.2918575578532,80,29200,122.11411757503882,65535,4913.955087981794,533.0985308378511,7661.611205981526,255.43312782912153,1162.5408179236204,58.976560151883895,2652.331888316997,117.56166364020001,32,benign
66.43463915206549,215.0336018606551,520.7538211013948,1367.5202550104411,31.08646280253413,14.970259006897066,78.66438280941574,53,-1,99.02706940952903,29200,1110.4086864594808,1184.2089037246337,6573.3254836318465,193.93863012903162,134.76733044505667,9.647169371202125,1216.1266109430135,29.14625378946167,32,benign
14.301416471784647,297.2903471745408,1494.6838817559765,370.913902473831,5.31777165246996,103.61879762037154,279.53269724594065,443,65535,135.95511642281542,0,2234.2338087690855,628.1840636481522,1065.6826050335512,193.69841082119626,520.4218153784035,61.62029861226763,431.9293144300537,65.69908099547749,20,benign
137.08611548051502,1013.6757535800039,7581.175565334652,10528.53474081773,302.98892498628015,723.1652722496053,798.0835390999605,8080,65535,472.3462939094418,0,570.9119012290829,1185.189597259684,825.685670791583,352.1095685086557,397.3379471450226,52.20170296932645,1048.2297810647524,150.24796876088234,40,malicious
16.07841260304606,312.15201047776264,396.1799431269898,1912.3663591156476,12.680157634449298,77.87609342711622,108.41148285842432,53,8192,30.831447441044332,65535,135.70425838908994,422.35225560991677,2202.665890572203,128.94089486615985,224.44358511307385,20.670909327543253,8327.320416691173,184.14377844214755,32,benign
21.08509931303513,238.98422810130026,752.2085288894599,633.5094599269953,37.64125217464293,62.95387862989218,206.36897135543816,22,29200,98.43858076866746,29200,4396.389740339253,448.86405017608286,7849.895587089722,195.5431832427582,1391.0591295983963,76.50466453252123,3522.762279573045,122.55297274533717,32,benign
751.0363581561708,1174.1270413508662,2554.8700477371167,8561.468174401554,399.6597528562571,896.9994411050836,990.8894680622542,21,65535,151.41615574255957,65535,5280.269320775606,792.4922523918965,2674.546937562448,85.8875694004912,1305.0511434010787,50.949924533035485,4342.5629490941255,110.12866613477556,60,malicious
1071.863926225422,861.2224478993313,4940.123750918603,31583.990437820616,308.01199824491783,543.652211065694,981.9952869037977,3389,65535,271.61248683757157,0,200.07239670313922,1332.372273352482,669.1852903409587,41.3634198259178,188.47876584269227,55.23097996906971,1125.1956970217375,194.93904171488785,40,malicious
147.5534251800191,957.365234815253,6788.044289529802,4401.656415446693,350.0186000764076,774.424169441111,956.543680972047,3389,8192,163.97127465207225,0,150.98302218156337,310.28011979428396,114.8226543837441,225.58007602296237,464.3528202646793,20.135574149391488,1106.88914152046,162.97095143702475,40,malicious
1465.081546577523,1170.9111065114264,4503.025543629306,88165.30514222947,384.1729396238823,844.2988315899091,575.5255048890353,3389,65535,345.1826387784315,-1,1133.6636963774367,813.2135763677776,2447.1911866433047,303.80002694339123,1002.6840240818244,6.941820623402406,1367.443373197813,178.77807738723857,20,malicious
0.09611097963596334,272.17336588329647,989.647561816313,757.8481732118272,27.338100083422802,35.75920148771431,210.51565684198357,53,65535,133.7343779596136,0,5143.604227118758,244.42879176858344,1501.2660815486536,280.34105706064406,736.970860904225,58.76946114215421,873.1787594143535,192.22774039478475,32,benign
2923.874347067109,1304.7848906214788,6998.8657924782,32941.00592898031,233.41280960983192,1018.521348154288,853.4187760571541,8080,8192,432.8618170463476,65535,1529.8908211600065,1242.2013879905464,1857.7367965258932,163.42724045853205,1299.5529109271465,68.50357819144617,1412.8197551355743,103.13935402644233,32,malicious
18.422019921615906,261.84496870464073,175.63461111358214,1234.1269771666855,48.60327593950963,100.22399503326882,191.80648431019847,22,8192,126.62509018913131,29200,10648.696830629593,1124.4293368771077,8803.023464476242,166.79143189613995,1177.0284601713197,67.93094404333847,886.5396315508963,37.99425666931256,20,benign
1535.2214690349574,1173.45312071796,6614.345747080614,29636.472726166812,227.43194685909165,975.8101634201875,807.0049633540784,8080,29200,555.0619179075996,-1,2551.7532843892786,885.7736775023027,3875.161762387168,96.74644805938925,323.5545478232125,51.36819815799465,2545.144530395232,48.193250789604704,32,malicious
3.039824823722931,172.5944818226734,1001.8975603404549,609.1471817088991,16.954460124831783,41.94639762552611,184.77693063014848,443,-1,107.61037599697468,-1,7245.6468497499345,1075.4752669479403,2687.9649041063813,168.14306865081278,500.2376607944607,47.510712683641586,377.7573001458864,119.30135840007551,32,benign
10.747152255150159,323.58371530208876,306.1446348957687,127.92759567640307,43.59274283225425,59.409475404975815,121.85581392339138,443,8192,35.60297793669493,0,2123.997041236469,1032.6789618991456,2000.0960372118975,66.47260546049522,480.23789426086364,43.948548489582976,131.48661389207845,49.22456550506229,32,benign
12.387400130980195,287.70446354589075,638.5645984609025,1686.7067559712077,26.128911943690806,49.576088013484664,263.80131720549025,80,29200,75.60759798147302,-1,3926.7728663714092,711.149147819015,20810.469930741983,375.9650271951735,1049.0574444549686,40.50994015497059,2061.253977166448,158.31773314084043,40,benign
203.30456831830634,1157.5401447805903,7658.032121609559,14597.966883254501,220.2486759107807,712.4525952082188,960.3460980513152,80,-1,280.68852228503584,-1,2712.192017407002,167.9199293520183,2273.845704351086,63.712448889056944,1002.6239868786575,70.69302530980006,254.91740662537683,24.970183108919592,40,malicious
5.686042285754931,298.3163784801191,535.2670573574653,2512.1645956645184,48.16580846306642,92.64783560654763,265.39627380245315,53,29200,126.80847260288095,14600,3590.7117061598683,218.05723606460688,9824.11907702874,146.57172125773053,1461.700808858979,58.55976863998531,293.54837768306663,134.94918690599536,40,benign
0.17835917152533506,1340.3299433948168,3257.8770423209426,5025.9295558315525,126.55646877821215,614.5682178013728,829.1537807535713,21,29200,516.3684205050042,0,5564.300316719134,509.92564086442445,1015.7888026731903,138.3909301845333,301.3878440549821,37.19860223727694,4862.643579788657,187.82562682234308,60,malicious
5.892197355374725,276.3789162295044,1241.6986662900474,7.467100722690323,7.449455891639751,118.20241532200959,132.3514255453651,80,26883,26.236458849938458,0,2290.427142899631,839.3629812906042,196.194661875471,73.05214918288351,255.08207668758467,13.522668713747976,281.7170585992264,132.4887179223383,32,benign
243.3644145083814,1265.8547403904656,3395.9287136681623,10158.8334140457,260.02314720406196,365.2532430397271,716.7065310891594,22,65535,173.58191519568408,29200,1381.172471556304,1224.660071488229,2156.7361605698848,78.23724645889814,144.14432527848197,10.717707373675456,5628.62568788055,120.73206178561105,20,malicious
8.583675160263052,233.10928542471515,1461.6603296562914,210.03717555878094,13.981133379161024,108.2753323649983,255.00039336262216,22,-1,46.28701183113102,14600,4008.1105223209406,55.73549601411354,1914.4205457043522,192.4739681874506,890.6276342267919,10.281423833210079,2041.2193215084312,68.72673296206352,40,benign
97.38379464166823,913.7946012512523,7408.3772449161015,3695.205645507564,131.01320002305042,910.7887552077834,512.3048735397746,22,29200,526.0814984497022,65535,1974.8702572549205,652.2173199784338,2865.65564311011,144.1662623900918,380.4789249264613,57.72469760003,1750.3769758295962,73.69196393903316,20,malicious
210.66470720377544,1542.1082132892984,5350.665579815853,40013.91923449944,238.66755061041525,962.8423193458974,676.4024515195545,3389,29200,227.34869155915317,14600,261.35939983850955,1233.5598100095526,2635.3060479756678,152.8720846020904,1084.1423261304474,73.07566034058298,3475.4847333755065,109.2361283576841,32,malicious
