dest_port,bytes_out,total_entropy,src_port,num_pkts_in,duration,avg_ipt,entropy,bytes_in,num_pkts_out,proto,label
443,3503.9193771125742,10.97718472359012,27129,12,0.41549929253830287,11.909886126553694,2.324082115949748,591.6607731754705,14,6,benign
80,31962.362166399387,42.02753437837282,40591,182,0.08333666321166035,3.6254307985965664,5.927360138127622,84311.67180895768,116,6,malicious
1337,45061.03645919679,31.464257068437135,25650,181,0.012383329403532173,25.512975781733083,5.576931954184573,24245.793794203022,131,17,malicious
80,224907.03504675315,33.221566235336034,65314,183,0.060234817373960574,0.04745580829944904,6.162393109718574,4322.444580421934,126,17,malicious
23,4112.631800636959,36.62230868830391,63539,168,0.04947956851820316,2.8210028231234534,7.96974062159848,82612.00899122511,126,6,malicious
4444,37329.518824107516,36.8330326401054,59212,173,0.0009536404347292357,2.729294101758779,6.343794491064356,74425.58856466666,131,6,malicious
80,110512.58015199174,39.29157930203254,50699,193,0.1660915610970393,13.025857227224762,7.497505198380141,48454.22223409215,135,6,malicious
21,369828.11501066637,41.561090133338276,34674,208,0.06912608743080031,10.739263946022383,7.3817835131569325,32604.05869353516,130,6,malicious
22,34.56944751901345,16.251133870146678,60509,11,0.2259251364376134,39.75591229732668,2.667076667032805,1602.1804600152618,6,6,benign
3389,35947.379436650444,29.62643279282577,6338,190,0.07272850456760323,26.46664899960983,6.12355394015864,136705.50309826457,141,6,malicious
80,552831.311571758,29.336794371182975,12228,164,0.21174289356864795,6.008138067064732,7.647004476039362,62720.52254318977,127,6,malicious
80,9708.62579751727,19.885071241577776,19172,10,0.06176372342562472,11.278343352633064,3.6030105312100544,422.14971518857277,9,6,benign
1337,9682.180838385659,29.09473158453986,7031,166,0.24311029515639346,5.568242794224938,7.3045326435954285,24867.227564058572,100,6,malicious
22,10909.268173108683,18.7291022388545,36748,13,1.5278246348392477,3.363759606034965,2.457802288175051,2831.3070622710084,6,17,benign
80,9901.765821543984,11.71829043995939,2038,13,0.1876385543599784,14.15568358422823,3.949937268287825,1579.0021107455882,9,6,benign
3389,11205.731406276913,38.75622615385051,42764,198,0.0404654337289507,26.176126463049915,7.006932115382461,12815.52174939957,137,6,malicious
80,176917.2326292621,34.34689206761556,17563,183,0.011333367450160503,0.4568465174063737,6.088527581209516,36917.491942123735,130,17,malicious
53,8777.879441428127,15.655302562894548,29816,11,1.2512883463306268,0.757105085647827,2.0807608895691816,2831.083229020128,10,6,benign
23,185537.52920292816,33.59928158517025,62766,164,0.04561513488273309,0.5698168968756036,7.310531271639917,148353.97365243937,116,6,malicious
1337,62723.670176710424,34.32547484504128,6571,185,0.06412345655131912,18.142219847648256,5.535051409558047,15598.372053349274,125,6,malicious
3389,81700.50195775877,36.236244158726976,1470,177,0.3652756175966967,6.426216517934792,7.732169507333881,21874.954017273125,124,6,malicious
21,394942.86559725285,28.247137111778585,22980,185,0.05962652664080066,18.51597897544702,6.715970828750718,5942.43930098891,122,6,malicious
80,3465.93370217384,12.30877886470492,41363,10,0.43901162293987506,3.780458802043443,3.9066460789051343,689.3516285451693,11,17,benign
1337,6047.50767307752,35.38313489320078,53595,182,0.07993397675344018,0.1577595070023834,7.350144465776877,51594.12045041465,113,6,malicious
4444,604389.7410644674,44.987326786735025,15651,187,0.16909674707736222,16.398686252366137,5.842695035247159,81577.98594516046,117,6,malicious
8080,1799.3893350845922,16.9367704833944,6700,17,3.467673327742083,3.245804792951389,3.464002514365756,862.0479195076929,12,6,benign
80,328718.87169710925,39.804612855403455,43388,197,0.015533267827518396,12.189721617097074,6.4056693861470135,28545.933549269947,113,17,malicious
53,1766.7050044430653,16.02912631696165,15471,15,2.0765156172137242,8.532288075309383,4.8564390174521535,6019.566950118412,8,6,benign
3389,100306.08738578545,39.99473189314552,14460,174,0.03554376489412395,33.1858250062779,7.772295594739401,7471.005980083213,124,6,malicious
80,183290.92239230959,25.440290029586436,45137,165,0.01682924561551442,0.5776300415510385,7.489102503497708,41048.10497968828,128,6,malicious
22,2610.540788836566,16.414380657694785,44285,9,0.3112862748699197,8.871058618772384,3.5138715463539416,134.68978984732357,12,6,benign
4444,216375.3561345329,30.166404766564327,51896,172,0.03691258219607896,27.287620981548056,7.622253506550194,35.97144645667342,125,17,malicious
443,4649.602070169211,17.540154727467065,9046,16,0.9572427825673107,17.1053471587456,2.751718781979235,819.003606181072,10,6,benign
80,5605.826250154358,7.702664306947126,61274,10,1.5321563765578445,31.62554353824795,2.6917296736153364,1558.8297299750407,6,6,benign
4444,103146.80216283332,38.423368948307484,3713,180,0.02710697685192559,71.10874038959419,7.9159944407422715,98927.0788968909,126,6,malicious
3389,443904.26817415585,51.2766190475259,63529,187,0.010699226134518248,12.20787760258811,5.658384316220352,41229.163286281575,120,6,malicious
22,1315.4582426075567,11.21904679937021,15463,14,0.5920167439610241,6.35579673609702,4.459747644465706,5106.276946332964,12,6,benign
4444,625179.8345350173,31.479572178924975,63793,180,0.07154197601230954,1.2651222165300977,5.664568003536856,13654.637200605055,118,6,malicious
80,160357.32193033234,35.79127799280021,21534,200,0.01695235987690223,14.84156908992039,7.190354641731851,102211.91775716831,139,17,malicious
4444,22818.153476803636,31.59953418435173,8017,176,0.005107140718522896,22.50834380499696,7.521564276992118,34075.60286956865,118,17,malicious
80,79881.41247644252,50.54951330995023,47859,171,0.061772479580802966,10.379097392459013,6.484374098419148,106314.23234786876,135,17,malicious
3389,194707.74640171797,38.14360209831007,49071,168,0.08784353323047192,3.442246344720815,6.07864602432193,57487.52075960958,119,6,malicious
443,1924.7184414250673,18.728867822720964,7662,7,1.3050652880737372,35.27975469931539,2.290657379864496,5117.9074903369765,13,17,benign
1337,249223.2895422561,27.531600324610743,21206,190,0.03973112474753037,33.93103358229617,6.290877561791654,131495.58927515647,139,6,malicious
80,296382.4336741169,31.376197782533307,47183,156,0.1695635224530627,7.246632408277775,7.343719290907049,5025.03957147635,107,6,malicious
23,216302.1345202573,39.39014429236996,64153,182,0.05633771627358423,16.064981440649966,7.974275700663264,51076.892082536004,117,6,malicious
443,6460.782194587886,15.618710290208636,3096,11,0.6050592076814332,22.026129767067463,3.328738371342092,47.60855757658505,10,6,benign
53,3990.921801578821,13.94387264682603,57316,12,0.8290764676817943,1.6104169194242774,2.6003893310710464,2757.493619398509,9,6,benign
22,7217.612849260898,11.017987318245416,20514,18,0.2783473050662073,27.96277517520093,3.2877853987222236,1105.5750242995032,10,17,benign
21,61244.552660840876,37.16877282478175,23662,175,0.0697578016160903,19.786416695445936,5.900288091551395,12907.98278804206,136,6,malicious
22,10473.57958049071,10.831305257945672,43733,10,1.462483508393706,11.06140169887855,4.4340361057895805,3116.553934756144,7,6,benign
4444,237580.81411025475,39.623529845425956,57672,171,0.004060517325713513,37.90856693119385,6.97994515117183,3724.3814759694337,108,17,malicious
23,57580.36132692593,34.46761741608457,13089,192,0.10131801984541232,23.07265632119373,7.750315633772607,170683.7438452302,120,6,malicious
21,484009.27670688444,33.553257126050106,52396,191,0.07449746470569395,10.176540049625187,6.488342683801618,63446.75279281251,127,6,malicious
1337,47881.801331093666,34.294965757782165,17942,186,0.03428274240777979,31.49224482634932,7.664275814194443,24479.852335178268,121,17,malicious
443,2179.877534938628,15.18107028166898,45929,11,1.8065546866040938,31.370519484166007,2.4414903082867943,1089.941327204015,9,6,benign
80,316749.7828978156,42.47425546520318,60506,192,0.06312565750328845,14.522541733479935,7.578781242397612,32731.59484774916,115,6,malicious
22,270.58630362961645,10.309598423028673,21065,13,0.6830300059006307,32.60038383127769,4.486566477341175,3374.82603106802,8,17,benign
4444,79779.67663276002,23.807490793823106,18191,196,0.06929607421937221,19.663417291155362,7.613046738936815,22018.625907148773,136,6,malicious
4444,35625.60023349916,45.641910197747094,39939,195,0.08609158478562023,1.523776719735439,6.287193601461885,55651.06496292948,112,6,malicious
21,32805.66496247088,41.10640408005345,47797,168,0.06335502007370428,31.419268060772936,7.347766292324297,14121.12857583263,121,17,malicious
8080,4016.070749316641,13.480616700651678,24926,13,0.5028662188783072,20.80328792375927,4.2302687472807765,2150.4570124428305,11,6,benign
22,1241.051095299904,13.916819835432465,21059,16,0.41588148647814116,6.047450593793206,3.1817495593207745,3359.177289423122,10,17,benign
23,119084.58686175369,32.11011957158919,15854,145,0.04108605870525999,2.2982449916589234,5.781194086572968,2024.9994754538614,94,6,malicious
53,1990.264150612108,18.639558681548515,50801,14,1.3389133281946388,1.1650580231028824,4.696850570090827,523.3455370548676,11,6,benign
4444,36759.88123074215,33.19823472538757,40756,161,0.2719285358247505,49.78686214246706,7.221466442950465,46199.96753108696,111,17,malicious
80,16166.945787784172,16.978703666786313,1421,11,1.550170560607109,13.477033275390921,4.870908154573894,701.6531766033004,10,17,benign
21,177679.71719172393,35.298375261061686,45903,182,0.20283985183881714,0.9809833538917715,7.9978403205979784,15847.932082878691,125,6,malicious
80,150981.12024881464,25.57131612007134,28782,164,0.022529634936833166,0.3754703911903103,5.851456915698534,27635.286636131084,144,17,malicious
3389,62178.91218488137,31.038548244712082,62290,193,0.08382288822978406,1.7095487402742933,6.739189014462575,5320.291687420506,128,6,malicious
3389,57407.3897825771,32.721829613096816,46457,164,0.0453001756002067,17.302037051183454,6.076249108896183,24780.92499766035,119,6,malicious
23,213405.5378104082,36.582735512075125,36482,166,0.0034930071432362174,3.521400392221523,5.708752440105797,287465.4460596303,111,6,malicious
23,48141.21490179287,35.15807566916769,60713,187,0.051466512303159455,10.85810082532303,6.625477588110515,148144.23666436426,121,6,malicious
80,6265.652935596234,10.761269372437054,8173,6,0.33063255027387783,26.734362357027102,4.047781195104912,3384.430435443562,8,6,benign
22,4159.473256297953,14.717909632262945,14530,9,1.2818627726401564,21.916908399579572,2.9387877539027114,985.2598502545616,9,17,benign
1337,971822.4870424831,42.640927940933274,39601,174,0.11080523265228212,7.649031709662901,6.4367647754658535,39992.443789807265,117,6,malicious
23,257.11753282776635,33.23078786435843,8979,179,0.06373362395925213,27.70026402309457,6.75230699298963,200253.98172347675,121,17,malicious
3389,174119.78296728537,26.67456867339522,26806,190,0.002715284638436966,5.54937162185182,7.758489660728854,43984.17175320765,120,6,malicious
4444,115019.22042631218,41.143797649650416,62657,180,0.022283262574414944,4.255918949300458,7.7813854086713,4332.18816864863,122,6,malicious
80,92475.25651155313,33.75298173181836,2771,167,0.27444817974409913,21.016191864985217,7.446659159362502,49372.179044768374,114,6,malicious
22,14183.49296588681,14.63296226624245,11828,11,0.18047596575160424,10.303742060370409,2.263144178972222,12.585899937112188,9,17,benign
1337,106132.92378983788,30.821209651544997,62873,176,0.20618247235585935,44.315343240720075,6.429651365996472,63474.270230566166,133,6,malicious
8080,3764.0807365636047,9.822179972108461,37906,12,2.0993430616052873,4.729488739125375,4.170665184345838,4727.4945148290735,13,6,benign
22,9842.294061297811,13.891859310202758,21876,18,0.8212511106261828,11.315928304894411,3.9158906847641908,436.9433163801432,7,17,benign
80,8800.73890229981,18.374267885927004,56187,17,1.2792722443200266,3.394550310057495,2.575424237136027,5241.421863553817,8,17,benign
80,2718.382195183692,12.82858635734089,9150,16,2.9825953309398576,1.2548860413565517,3.6307632743739506,55.13675164391816,9,6,benign
80,136500.10552968227,32.468595576405306,41844,169,0.01771124274358567,3.1180542628280477,6.526151271219935,9953.560931764272,124,17,malicious
8080,1043.3567898180363,16.769258155608533,62321,11,3.957058619578941,0.9119503343270177,4.850090334853185,2011.8647758301113,10,6,benign
53,3166.8658976881347,14.640548577095922,42094,14,0.658041935826629,3.3533273266118493,4.025967081115725,1546.8698132538439,12,17,benign
22,1321.6400818997429,15.824989555440611,18273,8,1.4466773048558244,0.3450748389599782,4.5999704865188455,1949.3426147629762,10,6,benign
4444,110106.7266457332,28.521284468487845,25371,175,0.0466258181030884,2.2032558515458405,7.416294096666835,40897.396237286215,118,17,malicious
22,11250.103737644165,18.472747398526415,3375,8,0.5053888365392543,8.502062843054699,4.262441937724843,2857.181905398263,13,17,benign
53,2286.0038058691302,12.925863549326726,57652,12,0.9178668519762954,4.894734147867524,3.1014662280855365,472.37484377896385,15,6,benign
80,5766.136604429543,12.155327983475853,43703,12,0.8092967343506783,5.981967060784208,4.634407448508917,596.9281231969306,16,6,benign
80,2350.8078560542267,9.940161202177933,39423,12,1.7222665074925265,2.8136317683249703,4.273260016546021,4555.386617584845,9,6,benign
53,3927.6585301404234,14.599117086592782,40368,6,1.366593024760138,40.104820587673714,4.185873430531515,1174.147880960199,10,6,benign
3389,238305.08351991762,47.48001202240467,33229,205,0.08295418540952952,33.84372021780121,7.628323421573654,141328.4847302515,123,6,malicious
21,9762.568678676409,27.133514160973707,65086,206,0.0035835656157307827,6.027153967990979,7.48321535867311,33569.584386044386,122,6,malicious
8080,7719.73894251373,17.469456507666735,23541,9,1.3756295830501248,37.400105517259,2.0063754542294494,268.24320241867946,11,6,benign
21,19748.661939140784,25.818475706344287,16525,188,0.11761710709485348,8.67216584143534,6.1146082375201924,107980.97655549317,124,6,malicious
53,9816.769950893315,16.072797671339128,41842,13,0.09184527601123374,5.255906599028103,4.03177099133433,1603.2213293550865,8,6,benign
1337,271552.8701589464,33.48185671653191,1180,178,0.05451838943828549,68.55567002592608,5.835028993975202,35852.0146571967,100,6,malicious
8080,7187.113476529373,15.377020416648243,59956,13,1.3523291404478823,8.426872455937474,4.318297253089246,5263.309057237455,6,6,benign
80,5250.021677562173,17.037796185874335,60185,14,0.5767802659272067,1.3089446464592775,2.4312195543035244,1925.1670873533205,8,6,benign
1337,52394.11330562812,32.06035975402888,14714,179,0.021068436372601723,13.133744973560324,5.858265834444531,35220.057099145255,132,6,malicious
3389,42825.679051284824,37.368284197071134,12192,167,0.04639225115067847,3.0080635970484564,6.565842313427385,3528.8129774893055,133,17,malicious
4444,157539.557520159,22.623921746544614,51908,171,0.04390309971837111,14.283692644951934,6.122050016041837,33408.97920598263,122,6,malicious
443,9168.61565793943,18.195752843558953,12905,10,1.211020169639784,0.7388172998248208,3.6345970769455116,1199.6463832162167,9,6,benign
1337,128216.70663051709,31.722676543262516,40897,187,0.0318077113276948,1.7608694416186623,5.628482918863996,24205.31700328272,118,6,malicious
80,3802.5734209980865,16.65422746809069,28232,12,0.396336568658472,5.622323313881238,3.07841538571107,6400.852438466971,6,17,benign
22,1975.7448892012605,19.872263339574115,41490,14,0.6140295669145732,14.369477209474864,2.571665660234734,1411.1819774866585,8,17,benign
80,285687.49895450636,33.32215058746888,50650,179,0.004754786113968467,15.583840099788354,7.426390575996792,4649.302227093133,133,6,malicious
443,292.0979846692648,13.83009482029524,20601,13,0.5337908238550847,15.644985552433713,2.8026072922559315,908.8585713011555,14,6,benign
8080,11244.570113460128,9.635021813848414,44218,16,1.2877158029431266,10.70482169408746,3.9561870459374497,1981.3209760513525,9,17,benign
23,227192.91428861342,35.94956184691106,59866,184,0.05043346153861574,6.021929739241614,5.822284414221075,60851.683786965696,104,6,malicious
443,6906.356654638539,17.889014975058537,37337,6,0.1817799955218885,30.981536337941197,2.41369010020166,1124.9433239080652,8,6,benign
23,46005.86078633621,32.64482242484245,8932,173,0.019468776442668107,9.018470031917284,5.8556059672271,1667.390245627208,135,6,malicious
3389,214606.15829727444,28.454365396235975,45284,162,0.09110425082081523,22.89601910969101,7.130292560227989,14564.915435401335,108,6,malicious
1337,39648.40331141802,39.56409650837614,14925,145,0.07872496196534533,9.573460421675637,7.039766947170577,99514.99031355594,136,6,malicious
53,15432.74681987155,12.880970753943188,45186,12,0.48345437693477034,29.26553756671371,3.6528265798719017,1147.6791672174822,6,6,benign
80,98619.12303738011,38.043973651150765,21177,178,0.02228490721153525,0.4259323365387511,6.164886560955539,29550.312889785768,131,6,malicious
22,2445.5661235603943,8.707590894022008,26516,9,1.7450295509166076,4.684740926329642,2.959123350037814,961.4024207773635,6,17,benign
23,36190.31168499111,31.014618281054826,48941,175,0.1074680459023128,22.71455308175036,5.973371315168995,144279.40983051146,102,6,malicious
80,8385.291839479809,15.33031455437356,53245,11,0.6756852797373627,17.632264249729193,2.911007018296947,5164.975958776842,5,6,benign
443,3481.656261192399,14.945076208552958,2660,16,0.11758721349131226,35.643656085919815,4.481011441913575,2344.4181806929705,4,6,benign
3389,34012.038871197314,28.24127494603905,51623,173,0.02970094568861736,13.451828376467638,6.064127392990791,56595.634259091064,137,6,malicious
21,72211.02990696377,38.76641588171152,30407,186,0.055103713510325315,46.72059687244672,7.017514163982036,108633.04432954115,125,17,malicious
3389,380427.28419953975,37.18409633522742,20037,166,0.07206801845191194,37.000678949499886,7.287677120216481,46738.31753892564,116,17,malicious
22,86.30623320696152,12.000218949089678,8641,14,1.2965197107936446,39.12740432949528,2.9000662307557494,5706.143429301932,13,6,benign
22,3932.2921899082103,12.967252957725378,54328,11,2.5760640910615615,14.306437697258858,4.58622114336729,907.3838841339679,14,6,benign
22,2234.6218495962257,14.222051481854347,52869,18,7.534201658975445,33.12698386911036,4.685385426112022,17634.34549142465,9,6,benign
53,1364.8791862182352,17.72036739047462,54646,9,1.2140534331479906,8.426044872459217,4.416680307252503,2976.529290450557,6,6,benign
3389,329522.9132895807,42.05470960051116,10938,177,0.014084802076763705,55.215538752190284,6.07168669540366,60545.62561295981,131,6,malicious
23,138984.29933097778,22.51010204111043,21286,194,0.006337159231657286,2.7271979136332716,6.427943601142878,44202.80118700897,112,6,malicious
4444,66378.71892794006,27.8521262476473,22986,169,0.06583606745577911,5.32769371246161,6.659611429756287,33405.740872543945,120,6,malicious
3389,235773.94733505746,38.10860649762968,61565,194,0.04981334725933489,10.760710746080166,5.558309852011789,57746.02827418559,127,6,malicious
1337,163477.72096728205,39.30394961358753,51780,191,0.03833304979599435,48.73675204614214,7.232989297968205,3966.622579632513,119,17,malicious
4444,124747.76495268596,34.54012437913089,37193,209,0.0675361263609841,12.938245865063589,5.946525559310805,37565.27938364189,98,17,malicious
3389,201229.4244873314,33.02815545269811,1587,174,0.09657431491121343,0.9695268095486842,7.729097618061128,11369.626672362756,150,6,malicious
80,21661.30419835421,31.927539572507126,48750,167,0.02107101806400895,14.426834529767957,6.26316164666348,48689.673280284034,108,6,malicious
1337,399207.4908203336,30.762677012248744,60262,185,0.06303312062191564,45.97108554442611,6.180951317914694,1035.534184248396,119,6,malicious
80,541348.5948157295,33.700193301593266,12325,187,0.01980921234594654,8.505402476481697,5.805728764145023,95447.55135539995,120,6,malicious
23,65647.7064959062,46.00110934130305,21062,186,0.08178608139291091,5.376838320997064,7.381668966626222,36368.385833303066,129,17,malicious
1337,440054.9035229729,20.437802188331936,36206,172,0.06491961679136635,13.708251459722568,7.82704884224728,32159.963166104782,122,6,malicious
4444,238321.19623340707,29.02870746129872,64465,173,0.09636487226087745,17.28026225242129,7.467988090340492,124964.28509307955,102,6,malicious
80,560.106074502996,21.00813412034203,27209,15,0.5048802974322588,7.742427962479288,3.623557488905623,1131.8654954382635,8,17,benign
21,374167.79424552555,40.74878904171004,17592,155,0.0316186303277329,1.1940989822942554,7.096467868942125,12764.96461988825,147,6,malicious
443,10868.212067350843,16.59876846827495,53894,10,1.081004480941249,7.022173316040108,4.228085362493411,2305.9773213619524,12,6,benign
21,45171.05735760016,33.81075816318238,8995,194,0.006377466268071861,10.015505718932157,7.372432699696734,3642.8858472488364,125,6,malicious
23,45286.231736759604,39.72435219920007,8158,189,0.0807599556113773,10.98969221454881,5.991679383485674,8966.63307651545,104,17,malicious
4444,14856.620283344651,41.21955116481347,4401,159,0.02925528281507721,18.102521114002037,5.5181486229596555,30461.365380231287,123,17,malicious
23,76046.93738074086,29.09915062530057,27463,154,0.11008857661881682,0.2488439824548264,6.402895217255986,77739.29350346043,127,6,malicious
4444,67558.81819082022,30.745869512544765,9511,187,0.0006178242182633165,32.24601479058854,6.969149964648256,8468.581543728438,131,6,malicious
80,63230.406201280435,28.96364622679483,40905,180,0.1419892828438445,13.965597534685084,7.150627957084976,11202.436656209944,113,17,malicious
21,64374.19669622313,33.44203822374086,21543,174,0.14311484580013054,11.294489575477812,6.5845304821007105,28605.775173916947,116,6,malicious
21,9612.098046564312,37.74908593546086,57138,183,0.052850503478105194,2.637574580672178,7.632978457088085,162556.24082473625,113,6,malicious
22,5950.762454057413,11.42708884519229,63707,13,0.13710849614850568,1.9344173211270241,4.187676818734918,2377.787312251174,6,6,benign
53,1745.788203936305,15.900618639835836,38489,12,0.29623100698317295,12.283372908031772,3.471925958321606,6414.241872905296,9,6,benign
8080,11323.906325185866,18.31074580146985,16403,13,0.9588792014703584,18.948542891278976,3.3933576034203,880.0058063272655,13,6,benign
80,391630.3343873586,36.09442408116204,47105,180,4.700682318591738e-05,21.552468971972512,7.301374800262762,44364.627300393644,116,6,malicious
21,50364.86389925379,33.549586772456585,45933,192,0.04183304085132594,12.693559345568332,7.427179007872202,9398.43470797555,132,17,malicious
21,177703.41732631103,49.588441973162595,40918,169,0.004852419878784277,6.573902200103787,7.453074864502897,102327.8407865039,104,6,malicious
3389,285191.4406111152,45.193479536310385,21755,178,0.016937364283287897,2.2898308791659607,5.949973060038037,36864.906693867335,115,6,malicious
443,6004.681732936416,11.736753273273482,22934,14,1.2083258243487989,12.527781650979792,4.536277446013288,2478.124978666872,9,6,benign
21,211307.72607605267,45.339458712893205,4688,182,0.0916629421062542,6.070527370655057,6.861224103295105,24958.544176504132,124,6,malicious
8080,2014.14401814515,19.44216377231995,51368,13,1.8336138055195956,24.819906521573493,3.66230822035427,1267.9557309609406,5,17,benign
3389,26548.90918500985,26.929510988547506,33976,183,0.0211143341638582,10.617524767482918,6.987400898780973,66489.59021717017,103,6,malicious
3389,10953.20237533109,42.512460184929125,32148,188,0.15209104789406883,3.812723701122763,6.662502240306578,36985.50000907824,134,6,malicious
80,153257.43669609883,42.81482025778963,11302,181,0.004489458816934307,26.62525062068264,6.187978341706792,114409.80628336141,97,6,malicious
80,1418.4953353150715,14.825716118640859,30361,10,3.0077417778681754,36.80658561325009,2.3462084817829516,2628.5067178551512,7,17,benign
53,7037.264446572644,11.93904040823865,3166,12,1.043085972509779,3.040647441451927,4.5476551711500655,1456.9016232969936,7,17,benign
21,372592.45461195963,35.78461739326503,33607,184,0.0007716480127889423,12.00631143190651,7.564374626303513,36489.37559806774,97,17,malicious
22,1619.0165193042958,20.438973113209748,38194,13,0.7532916545263266,28.195427293948157,2.659195028965003,803.0361128914666,11,6,benign
443,1986.9123744226267,8.001978055706768,38470,7,0.02612278356914615,30.11262666516233,4.787046739357638,4574.800769196584,8,17,benign
80,223211.44046690263,33.47716589069554,23060,172,0.014408007835457981,13.111698484931946,5.501072788963145,17573.932388817408,117,6,malicious
4444,264392.3103866056,43.0873239307291,30707,167,0.016374228320028904,11.390946530292492,6.546722951139904,36210.293007309665,124,6,malicious
22,4659.225570095472,19.879442143255286,19513,12,0.2718429072904599,0.7244007367220472,3.932081763248136,2422.9767347062275,6,6,benign
21,15662.35209425438,27.562235571337546,17329,183,0.14008376026253383,19.701871433523277,6.051842606591546,30520.557115264102,116,6,malicious
4444,284987.0288816867,34.12427821002359,13334,198,0.047809481438258694,3.030324370155412,7.231695290375942,57570.17917180095,120,17,malicious
4444,15269.74138564177,34.73071418484675,47948,186,0.02045321815458269,32.326242205414,7.472724315102888,93649.50920140212,118,6,malicious
22,1442.078463969477,15.621844784482425,6774,10,1.32673435109084,23.31136809842912,2.3195774742929363,6059.008992238818,8,6,benign
4444,32418.655321970797,32.17618074215658,24873,194,0.01777978761022863,76.91675627053613,7.03681198603858,5028.11110072188,122,17,malicious
1337,393546.01148060465,38.978483576442585,42281,191,0.01691589727420748,11.846798465720612,6.950215064380285,192347.7026763279,121,17,malicious
53,5370.142670431052,12.378828936555518,10075,17,0.3357768019085586,9.337212850605173,3.216584867613972,2665.8076162553734,12,6,benign
80,18647.64056982289,38.79901007265936,34727,173,0.059800239341865964,5.447527890011531,7.845822807107288,62133.43659506153,123,17,malicious
8080,2757.397388275609,17.546464399537637,8602,9,4.9352126980471285,0.6026760900013861,4.733965020729006,8257.518015120257,8,17,benign
23,34516.87813601284,32.69390613407276,15455,167,0.015401085571354445,15.130308337870984,6.273613054632424,113868.74293205525,107,6,malicious
80,5768.452913741088,10.163722448466428,64659,10,0.523709155133782,44.10936308236104,3.051779679928128,938.2910080835961,1,6,benign
21,27623.172873577612,36.51764629159422,42685,191,0.06697611557483149,9.610294687685984,6.405644612424284,46936.056850063724,106,6,malicious
1337,135912.5780892187,39.22662788495505,53004,190,0.16902813172207373,5.226830399474911,6.242861392567869,83575.97245181593,126,6,malicious
22,2800.404441356254,12.002019617096106,53417,11,0.2806986376371319,17.035544487695695,2.3254048234700497,6952.362494192865,14,6,benign
53,2541.362147160263,14.155112863000237,32126,11,0.07016348558961398,18.80091694766794,2.117815001457569,5897.291051448245,13,6,benign
1337,284302.7096578465,39.12030175560625,21057,179,0.04410114518145227,18.871761358885635,7.21358857043098,14214.175703431061,131,6,malicious
22,182.55069083056537,12.670461264085866,28202,15,1.4341676937383259,47.56214916094664,4.387018179305024,4563.136961351271,15,6,benign
80,4489.85685672273,18.043007840007764,56018,16,5.181437206354839,1.952529011181903,2.777143694870028,2015.7673874215334,15,6,benign
22,15186.727683304216,9.584809396377503,9776,14,0.13224346573842835,25.033777140978152,4.066600905349338,5841.139030585918,8,6,benign
53,7693.092292453899,15.994935582731461,9166,17,1.53026138205562,1.2893592846320754,4.6721158687984765,506.26357860519005,9,6,benign
53,9881.22754888728,19.638449962587014,55642,8,0.19223157865560547,18.170022561858534,4.441469215237972,9830.546126692776,8,6,benign
8080,1301.216077446716,13.040435514421588,51851,11,1.2901150413610953,21.076343974318714,2.5775477633121446,873.4785140962324,5,6,benign
80,184140.4615237491,33.87171742790654,2293,171,0.023940903906151247,7.7729139461436505,6.022844909124421,51509.6521056404,116,6,malicious
1337,5721.843397412827,45.19494542982866,3111,183,0.2161132435169566,19.024475348671047,6.623130808020925,29686.35168871062,128,6,malicious
443,355.36609011011745,12.554212346458991,55753,13,0.662514471523592,3.416566557295495,3.3376145315509755,1184.917806373186,16,6,benign
1337,19191.208966298353,26.183196561659486,6011,188,0.020521715898595572,0.4966301498015651,7.373122616480334,204835.83376321066,113,6,malicious
22,333.3745059035441,18.05163092529609,17915,17,0.32718610054486896,2.938525626748386,2.8638288717319744,2706.5728915575855,10,6,benign
443,20392.874224313204,18.835944117239485,28507,13,1.094751714083492,2.2236128746527646,4.552937662936131,8549.897263191604,18,6,benign
22,438.2663002108375,16.82094439589434,27255,16,0.4429815969807541,27.47362671351496,2.1881411212143145,5343.597568301507,14,6,benign
22,2294.0648134477333,9.924875129496408,16835,10,3.893304982069827,4.750996387743024,3.5461090000653024,400.44122031482414,6,6,benign
21,38604.57106728623,33.510889607386744,21503,200,0.19628896129828144,19.296766795737177,6.9855751380825915,29673.04090580718,122,17,malicious
80,165337.70314173377,43.2179626075744,54403,175,0.043179875026294556,26.702678059347875,6.142240654258895,19539.537396609096,98,6,malicious
80,21182.913885282695,26.40913083109815,46171,209,0.009050410294520498,46.50479132817675,6.585955488920812,19709.23739081026,135,6,malicious
53,328.60004917903575,16.633371616745954,29225,20,1.2042383595097388,26.163072766013,2.334102886457888,7552.2196287905035,16,6,benign
23,43692.6059706203,41.0292592788805,16107,185,0.21282644018133248,27.845979041923158,6.013197978939351,22742.75892834463,111,6,malicious
21,262951.07913223346,33.331414405817895,19676,190,0.11863195494526917,6.320259410711877,6.608849919667236,72556.09331868413,125,6,malicious
22,13670.676289791227,12.463242303214908,39307,9,4.893560669356055,5.13537091205561,2.0624166683386793,17.335200417580324,15,17,benign
443,9977.110944701431,18.091388893761888,28528,7,2.481122616907577,8.175277012914702,4.58399633374896,511.5078348845629,10,6,benign
1337,1469.5883446924242,35.18679485251462,18709,159,0.041138005925267916,16.9645324615228,6.484534579700924,53457.13044986969,115,6,malicious
80,311072.47123553243,39.7897334466186,46147,203,0.03756596514913719,5.5538997211741385,7.107919785377215,53240.91980987222,122,6,malicious
53,28432.486167982337,18.508787808726012,31832,7,1.344981633550662,0.4494134665306752,4.72087355170063,5883.828541327957,16,6,benign
1337,25133.161256599873,28.468153712167382,39281,200,0.09241282336926539,11.816054602555939,5.776525936109619,66422.13042914898,116,17,malicious
21,266127.05889838864,50.03434159191076,35399,174,0.028186782393645783,0.5092531462618883,7.7092857816239295,27985.31135130436,116,6,malicious
443,422.0644652933476,15.471715095782042,55516,12,0.4400592243313108,22.813973116894932,3.696002965886332,5129.811075857292,7,6,benign
22,6812.797292908004,15.561622405183797,54342,9,0.3474468231134248,1.9422242768743927,4.998983959299526,5924.5082767742915,13,6,benign
21,440120.5150628757,38.86480142912203,44423,184,0.047241214070035856,36.86003515384815,7.506352823876224,21150.25299086252,128,6,malicious
1337,130880.30459861865,35.946224385197276,38417,184,0.0039896002215820845,11.798552052093354,6.070399186866818,17313.997167056517,129,6,malicious
80,5081.6116550895185,17.121304700655543,40537,18,1.5794864573882688,15.31689944063875,3.833190783669881,2810.572463331662,9,6,benign
22,3445.9428932299875,12.377029057808638,19515,13,1.1108077431508843,6.947969489417874,2.0733423419996306,5839.05272079661,14,6,benign
3389,457933.1534424765,27.250068448314018,13768,159,0.065192701986192,15.771938210321045,7.4430523666371755,12659.125960675163,126,6,malicious
1337,20608.29630500711,44.08415748263599,50620,187,0.16282833696918642,4.390531577655275,6.78738036722592,77443.51813514919,116,6,malicious
22,2082.5999462028226,20.104201124664055,18147,12,0.3632040864830895,25.128546339400874,2.2406167571645517,1778.9870906937547,9,6,benign
443,4408.7124474750735,13.68122799407516,50718,6,2.006093254386647,5.809669568173855,2.3035478829223917,2729.0059172791766,6,17,benign
80,3866.3220442588304,13.979031010517668,22640,10,0.39697749335762994,15.194969330270053,2.127358858750011,5210.877950217484,13,6,benign
80,117325.90399330934,31.74707596692157,65029,184,0.21416461095494568,19.172298914765765,7.097724098954702,39995.58299213707,112,17,malicious
80,25958.015425968373,27.684391499028372,57059,170,0.2237500177974896,5.71162869964931,5.737365323924939,7756.486890010936,123,17,malicious
4444,3419.4344401916137,39.54092700933219,54734,163,0.1464184544936104,15.29136334971971,7.210817150687293,66945.28579114741,132,6,malicious
22,967.9956932232676,18.335593582687245,31889,16,2.1710372025039866,7.041268553665426,2.708450319900133,6326.907464218697,7,6,benign
22,12217.14744096507,14.78838251881272,29424,10,0.11437098085398718,11.735057020423424,4.716640984751455,2831.208297975645,9,6,benign
21,198805.12845333805,31.922336116661224,39221,178,0.005704424129750121,23.09978933213313,6.3820996881343515,80117.88623534497,127,6,malicious
23,144437.22489558434,36.32182531412101,51367,167,0.01652097414682086,19.618549980518235,7.865773504476131,22234.369137726408,118,6,malicious
3389,87505.90998911456,29.492839412698938,22450,182,0.3689666267413771,4.044157662885801,6.409863793132684,17257.49565602458,117,6,malicious
8080,7703.3909126384315,14.9220077770451,41707,8,0.574434804203379,18.2809506838752,2.9710202687050815,2118.3933700099456,10,6,benign
1337,37292.84079218795,28.914728767467373,17609,194,0.0024364742097839447,24.9730522730981,6.19374505056965,28576.064535710837,130,6,malicious
21,13115.409444547071,17.778318886776887,27079,183,0.021782766640940206,2.3216687575932036,7.236865135206421,27463.239740016637,116,6,malicious
443,10186.010208973928,13.29650594715441,37464,8,1.175446716768985,0.6452660070667481,2.0178527356091704,3231.1562768099693,13,17,benign
23,176314.29541482995,29.607335417238193,56801,185,0.017731638071459867,8.869696244698256,6.543329838684322,94290.2891021132,100,6,malicious
21,19673.19504729855,33.47543325728226,12963,177,0.008643588520949213,4.2561307989191945,6.937876158358628,104382.60805289376,96,6,malicious
22,4465.0907505974155,15.630708177357013,46085,12,0.40571932054370397,1.5608027889722629,2.634264422852829,5741.451390684902,13,6,benign
80,298416.56716739427,36.43182608670644,43542,156,0.04970191880714619,32.17956737215114,6.851409746883116,21291.115381994525,112,6,malicious
80,11918.675720595169,14.158179007911192,41007,15,0.252380363729109,0.5170796105603169,3.367384817053148,10028.987999998744,15,6,benign
21,234915.75362779695,35.02328699400094,13923,157,0.023145016067142716,6.086134979404527,7.317166414775738,9920.025333963094,120,6,malicious
3389,126580.14909466966,33.136196321057824,39315,149,0.24608512519582376,22.21644733535693,7.745012106383459,37703.04056881087,136,17,malicious
1337,305052.45526157663,29.2194980110378,12220,195,0.13282735365140855,0.6166181470760073,6.198080746453067,6413.375372825248,120,17,malicious
443,1315.2545104501728,13.136190601118713,22614,17,0.5033125927364811,3.748165341963121,2.1084292113046414,2778.9284985548766,10,6,benign
53,8720.97488458158,14.76301362813728,33206,15,2.546222464175583,14.682650394123804,4.961104955515845,129.62479364433517,12,6,benign
1337,263125.7187895234,27.312602046382057,59222,208,0.1775082358145219,9.43972086402328,7.997159855261593,33449.280389526284,127,17,malicious
1337,65538.99169909573,30.410387255891557,42612,172,0.013422976263359143,1.3771904318554296,7.736932890229033,88942.54370589073,118,17,malicious
22,13641.13667034739,14.103155103033169,18723,11,0.22129582792765634,7.702000408448436,4.1880112755143095,5029.090426096882,9,6,benign
80,3582.026013427188,14.92332650499959,48493,10,4.282540507198533,5.48340520773905,2.08292504395464,16898.004891731165,17,6,benign
8080,490.32679156658725,15.020668984928509,39212,9,1.8063591092000517,18.014815532087585,4.499698084496675,4837.264605146884,7,6,benign
53,11307.685831495974,20.542424563439187,59733,10,1.2963400536325427,12.273102192218099,4.711089804438695,372.3276196458757,6,6,benign
3389,124447.76796759861,33.784074048644605,19798,181,0.02276987120812534,11.269597130995502,7.775624665923663,37160.71405983856,134,6,malicious
22,369.04471578900825,16.80057463590606,55337,9,1.1321534889608076,21.413755039199234,3.406478295369658,1458.8592462253455,7,6,benign
443,52.92160619411481,15.352330030142001,1864,11,7.700934114121729,3.5631376533069705,3.074002926248367,62.98638079698652,7,17,benign
4444,571963.2143446734,28.692317353768026,27932,176,0.011705684121930005,14.529017370302507,7.651152420653283,75937.8203434436,136,6,malicious
23,336891.56593877,32.84853572517564,63508,154,0.2354128590877971,3.1525184895800464,6.886401089704362,31820.067498437027,122,6,malicious
23,106262.44511176193,19.345968994246395,30949,183,0.08666185488706718,10.338850517594562,5.79688719349384,123766.4714025344,138,6,malicious
3389,118842.29228536913,39.1923868682743,45501,200,0.006233273324665859,18.900876489905574,6.098522831726227,41961.86289134626,129,6,malicious
80,142877.75471527618,28.61013333516872,38308,171,0.0742758090084766,18.12079441061473,6.976351190179671,28591.914655538047,115,17,malicious
23,234688.1337179626,37.774240239075425,34980,156,0.06046416325465514,9.088793341005113,7.9255983449903855,27706.23523793273,98,6,malicious
443,1459.2599876824472,15.068519239263953,23453,17,0.08801145106838976,4.53497798967183,3.6952887814842788,127.02456376101954,9,6,benign
23,23766.55456727356,32.566916833536084,6338,176,0.0545754438391842,0.3233652087862798,7.144894119374398,11362.168238992539,120,6,malicious
80,148405.2156238844,33.53390788640588,53536,195,0.12782642135107658,7.373774917340494,7.415581009585434,16184.843171515404,121,6,malicious
53,13003.494194904306,13.93209720904103,43761,5,0.42145542033168587,13.587326274275808,4.806973698747656,4003.7001915605256,19,6,benign
8080,780.4190298215275,12.291505388734986,15164,11,1.1093037427829742,5.182103807329859,4.2462131559004455,7348.410931380627,16,6,benign
4444,28185.988608943917,40.09513544053777,9519,145,0.007841000389431498,24.88885902540452,5.765236649719439,8160.561810320369,117,17,malicious
443,7918.43622958751,16.061753222084537,42982,10,0.4940348319991049,27.829805122566988,2.275145370855976,431.5317769012182,19,6,benign
80,162233.8905645384,42.43646600706715,47530,182,0.007980365689644447,8.173839918449703,5.806492413228096,124566.13568986578,125,6,malicious
23,301482.6919940884,25.40918837451418,18511,183,0.0018256805321313974,9.095629989882838,7.669895151460118,118887.75310562958,102,6,malicious
53,1319.3883462564922,14.193109757767283,8859,14,1.042169941751174,2.9566376638614016,4.507098900532725,513.1106458741715,7,6,benign
23,407549.9039056528,31.63157482218148,26643,180,0.2801317626398745,2.5623229391979656,5.580079975202627,134043.59274887244,112,17,malicious
4444,23526.74909566415,32.2720822726282,31274,174,0.014959515452593697,3.9410794286997657,5.547627016894939,14590.578250284147,115,6,malicious
22,3034.4364115936205,11.553268907884615,25673,10,2.2453206617724555,7.937648141413883,3.2793240182921526,13801.398514783032,8,6,benign
443,5051.7055140915945,11.23347025984435,16626,13,0.06948569537544108,53.41670912747786,3.005040549809326,6846.697467537815,17,6,benign
22,6125.315495952695,15.291423041920003,56091,18,0.22185873842206238,14.70184628406507,2.3830448718062094,10040.332968653423,5,6,benign
22,1981.5253720648445,15.231207288272811,39276,17,0.07885174795305766,8.246678625906359,2.5938782693429063,699.6503182682742,11,17,benign
3389,389433.78429629875,33.43263314711754,57955,178,0.03832331981444397,3.6911846310689227,5.792903239190874,59011.38802936861,142,6,malicious
4444,78442.50382600288,43.20252218309906,1031,183,0.2767384238166326,22.64202140283999,6.650892353244779,61084.40086511285,109,17,malicious
4444,149586.98627106866,39.06547498313299,22630,156,0.005102237782523374,15.356091442265363,6.7479166331163105,69908.66557511222,104,6,malicious
22,10191.581202259891,10.254068129797144,38743,12,0.7050400046639927,7.831035116346342,2.501185426820602,781.1688628795464,8,6,benign
8080,3927.2509498904005,14.630686811823526,49472,15,1.986168839984943,14.12349384369357,2.9365165049513635,1678.388169089227,11,6,benign
21,67455.0231663481,33.05292371014266,40336,189,0.09266250522272212,12.930405309861072,6.172386715741692,24828.943040734095,98,6,malicious
1337,99396.1059827412,32.37206870108428,25403,172,0.05647847478682112,13.030158600315598,7.696788111951088,54208.08841384409,132,6,malicious
22,8320.568823322823,10.74253648379116,27539,10,0.7339202648992427,1.105931271159861,4.050152871616896,1754.6050840222367,9,6,benign
8080,85.4970214675053,17.19624097002849,12940,3,4.629213927504798,34.73283366876033,4.564171400954871,129.08815131580613,6,6,benign
80,183015.24686418072,32.62793407842819,51596,181,0.2216654454941304,28.69178720750841,7.281740021265829,19821.758385738056,119,6,malicious
80,538.3616650277514,17.585270046158122,18664,10,0.8637757080110102,1.28987181840334,3.7267752496250006,1950.8550886292153,12,6,benign
1337,33287.17582647717,40.618520938465586,20382,157,0.27013630890052,15.151397523617021,6.832446476495605,25015.91720078366,109,6,malicious
8080,6.546103696413002,14.124297220349588,57877,14,0.7400043970884416,10.303853996144044,2.1737253936460346,3177.738059191588,11,17,benign
53,5819.157387426395,16.900324924278962,51982,6,3.5988932215720584,20.35297920694831,3.593194780584478,2967.4352938718193,13,6,benign
80,1455.2417500430113,15.410950289191394,27982,16,2.25437533368807,7.687714557366256,4.317054560782816,9410.590634453076,10,6,benign
21,246453.38202204165,38.170411205504166,19169,188,0.03408710929493689,57.054921616506746,5.78268466437033,8576.279800502873,140,6,malicious
4444,62622.28827367648,38.35719338806379,1070,199,0.0499019861316552,45.50469820667315,7.6970054939104955,6009.911433884187,117,6,malicious
8080,39.881208459178865,19.405516031486226,38397,19,2.8248758186786227,1.5122329453319157,2.054766204273718,4191.078335776477,5,6,benign
443,7868.491624381173,12.001859393995904,53283,9,2.081274757852761,5.473896970810311,2.9955516721917848,1984.562546133407,5,17,benign
80,5414.820716306333,18.311111492556037,20319,14,0.16419574314602567,3.483218863390972,4.678119306458912,722.256982853397,11,6,benign
8080,2408.9115341015577,10.613848244480824,2302,11,0.7863774605554972,5.74687063654739,2.5096307806809537,837.426558106849,12,17,benign
443,362.30667549894446,16.33795723084499,12243,9,1.0120849542055586,9.734038996445888,3.376917291336538,348.62817763923283,15,17,benign
80,7476.264342797424,17.347402732756684,3864,12,2.9216210240850087,1.837371208312211,4.2211336353499975,1935.0127870188937,9,6,benign
80,13042.536731011947,15.342499350379105,53300,12,2.874202160161174,18.61758293968387,3.497657325401183,4034.1426640909167,10,6,benign
1337,29802.0478130956,44.13439691867123,51285,175,0.10911369730345634,12.804727494007075,7.4063971251783185,5790.240342720024,120,6,malicious
80,115505.06694519786,27.33985008764255,5314,186,0.05352812826634423,2.387696602442828,5.842728199370686,28454.22111320963,97,6,malicious
80,5285.427667620081,16.82785572018421,43944,8,4.300895017518844,16.97371669071025,4.376228526176492,4199.113857280755,10,6,benign
80,371.01731719166565,20.057856487468673,40819,15,0.11982072767013888,15.494802947332952,4.136112494649202,11284.854614885118,9,17,benign
22,904.7813973241593,21.391130899608687,24604,6,0.6660310173243494,32.193586785459885,4.731198975808994,10332.925940033041,3,6,benign
22,3181.306942742194,19.62660188675006,43688,12,0.6172793709248641,3.5676634905527584,4.715103712412511,17822.588230892852,12,6,benign
23,96070.22187486073,39.89565039811442,38467,195,0.009943259199783743,14.089206819551286,6.589068575317961,16038.597715708454,113,6,malicious
53,13311.622019107188,13.903506542873323,35793,13,5.777396557627105,31.30976661408327,3.0863375764282415,830.0313912663825,10,6,benign
53,8274.030200551322,15.971095727279858,65333,11,1.8462348980896883,4.580502118309414,3.287699207021386,5301.684409989745,10,17,benign
1337,69432.41464464644,28.470242342608593,50343,206,0.2024856592765169,3.9552636264179424,7.645341934556112,8117.676360593613,113,6,malicious
23,319509.3936463067,33.69392289541563,4500,193,0.053351844201345706,4.825920860442871,7.136436183446332,25295.90014025534,145,6,malicious
23,103452.34903651442,38.682288827081315,30046,169,0.13251063200924623,21.60509047580299,6.4553926860218285,8387.50194743214,143,6,malicious
4444,43721.59311729258,34.10547435839641,60257,179,0.15491390715888317,24.856645899515083,6.368788112689626,169270.83014137347,110,17,malicious
8080,4150.712441123259,13.495124736622216,11408,14,0.999634486035889,0.5265832057845455,2.9919799930043665,1563.9921310881266,4,6,benign
53,5243.200860447309,16.058894273977597,20852,12,1.9359395261185441,5.658354396709721,2.5855355136918283,817.9970762720521,7,6,benign
53,1396.113562918062,14.54603316184511,4851,14,2.635393219966705,2.0336815825363557,3.2658184879581786,10145.74606643356,9,17,benign
80,975175.7762651939,37.065243644256476,12121,190,0.06177532343796072,2.5014667549493197,7.421572323045217,11824.846876829339,129,6,malicious
21,4160.848441097898,38.35847946438913,11608,184,0.4207445296660866,25.386989515685038,5.591109560451466,24367.960059411365,121,6,malicious
1337,185285.41120838455,44.592991565588754,9731,207,0.037312735897798585,49.820661853077375,5.978527031043586,11110.372700968135,116,17,malicious
443,7257.063176971241,15.09289313967299,3131,11,2.8775016455923623,8.008465801662137,4.287935715394653,1643.0089137847285,4,6,benign
80,10664.694405478955,15.069258108057895,15718,11,6.14579195242448,52.639171846980105,4.887728035011067,1277.7343246795879,13,17,benign
4444,25679.362052965593,39.62448054616867,20219,165,0.19108359087246654,7.116175158734807,6.5200493873435175,31732.90909432551,128,6,malicious
1337,86053.62889253315,39.82369089198378,13275,185,0.0010787122516144909,18.88965791616544,7.806598509210969,62981.458212470876,121,6,malicious
1337,98805.24481634072,37.03871089960411,29093,155,0.10474223131397822,6.671129471989036,7.818724116433505,144794.2009775475,113,17,malicious
8080,7525.835214294793,19.817477008364907,28609,14,1.157054099423556,5.784426104899033,2.0678055016953665,5255.658556881445,9,17,benign
23,2948.643481816624,23.50893762571917,32307,173,0.000660789512190801,13.284269826501651,6.959446311185022,2494.1352043163556,132,6,malicious
80,2643.2911836212793,13.880481840608894,9666,13,1.345207299241271,30.54784447183917,3.3914711634020662,2254.852370079801,15,6,benign
80,244789.86213452267,36.91883994726372,5788,190,0.08755517969253142,13.494905073126485,6.043576300513552,87471.38014675029,107,17,malicious
3389,144312.55162860433,31.30660578093312,63387,162,0.10360348946030154,12.660780265533749,5.722219611907877,66488.31073735775,124,6,malicious
80,149110.0452563985,43.56544162981163,48059,169,0.07573344881013594,10.530164152678879,6.319023832172971,33186.805443893514,117,6,malicious
22,5077.871525823681,13.686254370268383,51813,8,2.6407851594797704,44.50255138984685,4.839771189631113,1345.7131835587873,14,17,benign
8080,12211.088098053822,13.228661323510709,32346,9,1.643554189794679,25.284052443739153,2.4916899770379404,499.2059446904727,15,6,benign
8080,5478.974484619802,17.075141408124384,12038,17,2.243190035314936,7.833248564045575,3.427533130908634,3073.297834816397,7,6,benign
80,35393.645702306945,32.522095166938875,59796,183,0.03328204126669121,26.078345969735388,7.689937538844695,48171.05876785535,116,6,malicious
8080,23390.92018103549,16.534955069317473,23845,11,0.17147814207263992,1.7225002983438837,4.355862546700335,7137.565477791313,10,6,benign
443,3902.6636574475724,15.679784826245145,38093,10,0.25268631540987074,8.574883271766572,4.247839063135825,1700.7420857671375,12,17,benign
3389,244051.32467737258,48.74321250991434,13427,181,0.12106638121837678,1.7779687546860161,6.834307977372982,45936.82474540595,127,17,malicious
1337,225279.0542049634,43.04872750430382,52267,176,0.03204552006325515,87.9364767562378,7.348743647912516,51855.761570386785,111,6,malicious
8080,3684.738917613922,14.528566611691522,43222,11,0.370250400882864,0.7227579416420367,4.9686459571145285,761.50594217467,15,17,benign
22,17893.753309369877,18.295618281582144,29235,9,1.2315872243062522,35.81254250980405,4.080099598867728,3100.6159200325046,14,6,benign
22,11411.711481754128,18.832415350066995,44642,10,0.09262659165579071,40.27980733135243,2.2500470947942945,2874.8508663400803,12,17,benign
21,33679.645714943996,40.30327223669083,16605,203,0.16079115737464922,5.19727071764551,7.391641908132608,15477.972403897105,129,6,malicious
80,83763.4156862764,39.684688014253766,63068,174,0.13381364288961256,44.797744055452796,6.325821945690553,17336.315465843305,112,6,malicious
53,2033.9138578752033,12.356862529618803,48584,14,0.3345367542441156,10.415083643856807,2.0007293424725,3340.612989362363,10,17,benign
443,4933.841308269864,16.01197074153754,14316,19,0.33017114042159973,41.725135681973555,4.078705831374883,8797.606435094565,7,6,benign
80,1843.1491593935903,14.007883145360188,21298,5,2.632190429449468,9.972394554973341,4.873145372518473,2788.639554200583,7,6,benign
22,5342.021983479215,8.81538065765716,29590,10,1.1952614865545932,9.53462885550062,2.1305383292957143,2630.7762657950066,13,6,benign
21,108218.18998769323,33.948482850731274,55364,189,0.02111538376912161,20.99977222352036,7.858991024445751,12369.57673709386,113,6,malicious
80,4881.316898992799,12.487319149933953,50957,15,1.193759066625374,3.9890735492114517,4.879870348477293,494.17467662076916,4,6,benign
80,32970.605785785214,37.32556546756221,30478,172,0.0666183868394686,35.175371734551334,7.435956352024543,37863.4649915725,124,6,malicious
23,153236.46803570678,37.76200085040739,24974,202,0.23057600406806805,28.29515316317157,5.963929545650495,154960.2868798228,124,6,malicious
1337,13824.221380885745,24.43513417019242,12413,182,0.06829902152278242,2.176230728597591,6.237793905694934,11105.736223123278,122,6,malicious
443,5955.098215672012,14.120382818979339,8315,11,1.63738819086029,0.4470567963524415,4.907749700808606,8052.089459474565,8,6,benign
22,8356.653788033424,16.96371350322398,29858,9,3.664003352437464,18.596806815436448,3.1687566443860096,484.46774798673835,8,6,benign
4444,228914.140677329,28.672680510982495,41994,175,0.007110865718323764,6.501325558667927,7.826896860288469,65957.10902795289,107,6,malicious
443,540.7737794715916,11.214141828557372,7900,13,0.7348558858791183,1.6151795095512431,4.834517541192932,2422.634904362645,5,6,benign
1337,19622.576350717143,26.443474293352683,17188,192,0.20762388797834266,33.86677000644526,7.3426654335500565,52241.583945989936,125,6,malicious
22,1597.7133406170462,13.131268593783565,6727,11,0.39658120536700536,77.3601618552962,3.295226063571203,1059.3582914178055,10,17,benign
22,4147.9195025926965,19.72803668855569,20849,11,1.8933927544742353,5.75524607914727,2.820709989276269,62.554915486506125,7,6,benign
4444,240095.9785224746,29.81059416087401,20884,176,0.06976376093195183,3.0735972616557685,7.2966885571927405,54914.09825916229,123,6,malicious
3389,4977.852436928538,28.77126894719526,21134,182,0.11227797996396811,29.141860548418144,7.790048346149852,92457.32057438402,115,17,malicious
80,439.6252162313156,14.8198347927758,46124,14,1.2145264305769008,11.311567234989406,2.588258213475404,940.6418446399357,13,6,benign
8080,3458.0154830777356,11.949935359830029,14923,9,1.2467916242777446,63.480569848283054,3.5673268645172733,2629.53851034283,16,6,benign
3389,515499.8647778553,28.764656773892852,7136,184,0.09600367926354073,15.230502751531137,6.147241116913558,32204.16506937632,119,6,malicious
443,2655.9454037094183,8.98841733630852,8430,17,0.3353428315987453,12.528085649503538,3.2182949328047727,1219.6343552548885,7,6,benign
53,9417.990218852196,16.28877669438076,37606,15,1.497052335540652,39.42622292136163,2.607178412797437,5309.531016097694,9,6,benign
53,7903.842237004857,19.43496454754802,12807,8,0.7820403475835324,24.258016968045002,2.6861150833322878,795.0586672029983,11,17,benign
80,228092.65547350148,32.700779798197615,30487,176,0.04177696584926714,7.847848983416984,6.708829533662507,52282.52171898098,109,6,malicious
1337,117534.84400616902,37.36157195592334,65055,179,0.057467052669322886,0.16091837106681098,6.666574867291012,71079.50652893586,122,6,malicious
80,3431.4052938205273,18.3144446856957,45126,14,2.6014988605677285,20.92181704764781,2.3836562807535766,1728.3153977016739,16,6,benign
8080,2041.4213615219287,17.807331463322335,2840,12,2.1351980508082806,30.072079107751048,4.37134805512416,3593.173660652858,8,17,benign
53,3820.728441425605,17.099575995416554,54128,12,4.019228012376143,2.0898963750709796,4.96301730809522,5174.453879564676,7,6,benign
21,59130.09006216265,41.691688938988406,14564,163,0.08594708942721485,33.83858529104072,7.354849810655347,1750.7827682845589,103,6,malicious
21,84931.67144470922,40.42175554305053,25517,183,0.02219939207799648,30.198854581024616,6.772553057232583,74098.35001482745,125,6,malicious
80,18255.270271044443,12.853875662886866,37712,11,0.09835733848670553,0.2659405070407552,2.0826162942241404,83.65883032063695,5,6,benign
80,4620.736107980743,14.646388137222539,41983,10,0.5371867321319572,19.557150294978683,2.580873747027457,3747.5435972097494,6,17,benign
443,951.7160791013616,17.080419821220993,4989,14,2.087050922838201,7.253585893467914,3.79591813641112,1115.9300795515173,6,6,benign
22,3549.613626064913,17.762736986360615,21854,10,0.48459308855462974,0.7831070414458879,4.538002351273169,3404.624044972425,10,6,benign
80,5986.4257499821115,15.066990660208935,50302,15,0.17859079607666772,6.025551995126854,2.015013659631433,3085.021319124675,10,17,benign
1337,54418.169343044436,40.97622637131202,29577,189,0.06723450976045074,13.930886462299693,6.112285393063372,206971.56749371262,120,6,malicious
443,3485.0148223420106,16.15087009234502,13558,21,0.9057373814901345,5.485945667769629,2.4379522087858847,6006.151319789886,14,6,benign
23,29554.23104878417,31.814530999222207,45162,169,0.03334975593273689,23.23732052465314,7.031052450913316,6972.222680116215,109,6,malicious
8080,913.2684138819546,12.94887673344153,38321,12,0.6915105171928523,10.248958933667222,2.653958715802444,3072.760662207434,6,6,benign
3389,161771.28674892444,26.255421025018236,53489,169,0.061674197141765044,0.5414133014892539,7.025882404576923,1728.0205245708466,131,6,malicious
80,6936.696855727969,13.886059038085744,38583,16,0.845465089548602,12.33630399438626,4.941740645321142,2642.0048403943824,15,6,benign
22,4331.029014541428,14.767359512744079,48071,11,2.314062051439604,8.637884283257769,3.3944478857906812,1813.0175979507185,14,6,benign
443,11837.188784359989,15.198805715254382,35328,14,2.43910724839946,1.4933117751264682,3.1314208397308,2253.4974824106985,10,6,benign
80,146733.65745303634,37.99868284386187,56584,182,0.04337981657297827,8.74749569267366,6.131840851224281,7750.867644853573,125,6,malicious
22,708.8489774575139,15.992602439382496,27753,13,0.6186272233486381,23.956089245494013,3.667372122423485,1399.9982077073128,7,6,benign
80,23716.890035124838,39.90274464956549,59695,170,0.016946878961090397,1.6872761961776606,6.086110368912873,70400.14544637529,136,6,malicious
23,72522.13233088078,42.66233911468308,13209,161,0.06828293528591509,4.2484304807232185,6.258823352645642,23910.63691437967,134,6,malicious
21,125680.9114594274,34.01042796384572,64393,196,0.11293763940866072,64.74871899282935,7.79472573549674,101553.1644724601,114,6,malicious
53,1482.0189717651724,12.69191666520948,22233,9,0.13150483516665779,8.030879721893443,4.832926186540467,2048.339264161152,10,17,benign
22,4464.282375785718,15.82643417381401,60089,11,1.5589409196247495,26.589093416729877,3.956708834831066,3763.1886340638375,16,6,benign
53,1439.5823522869644,14.72072077367308,22572,14,0.17485396677981047,10.517270858920005,2.507693460982454,1760.9705640748389,11,6,benign
22,1218.7789604372965,15.588309991568272,19729,11,2.755487745212178,3.9593514991598537,2.029040759435294,3494.8395707382747,11,6,benign
80,4867.189825333113,15.575998917201002,16186,15,0.12976782946534657,1.3473528635917102,4.3590283754548595,5272.255515788528,13,6,benign
80,102107.21181651142,40.78314976740044,63928,190,0.005256991258833432,20.578771478086157,5.529734042896142,70743.02752580147,100,6,malicious
23,143285.1223260115,20.884606583346844,3778,159,0.08610921580328619,9.955249209811846,7.892881838036787,128984.35239793806,98,6,malicious
1337,204624.67291550385,32.12493751952657,11163,163,0.010750716144549756,58.224926618911006,7.572658375869157,22026.11417613505,108,6,malicious
53,3663.0826545848345,20.39057663066604,28496,13,0.03500425906158911,34.95286197963532,4.357841063647929,727.5825236113775,15,17,benign
8080,635.9754939859776,10.518590196348441,32270,9,0.1776425452283607,2.512515625832571,4.051495520123398,2593.436135896884,13,6,benign
53,1741.3237186263698,15.949793783657741,50338,11,0.030931946034669852,16.0544999170233,2.3965954278752033,12687.768541823907,10,6,benign
1337,118603.75714205072,29.846044138470454,8185,187,0.02236893218094863,3.0374528296998773,5.7996222440120055,30128.310877117703,138,17,malicious
443,9195.624025902962,12.511841360546004,33193,9,0.0005297274232664153,6.8100737584187385,4.12738986360916,889.8288207785953,5,6,benign
23,1661.4761106030621,39.81269993276448,4504,171,0.003757383770350554,6.072353836384209,6.350340527908642,20140.29176316908,115,6,malicious
4444,160372.97470298354,33.58625938026466,41100,168,0.0036485171480804845,10.85295898348878,5.764817464251979,129173.59492345474,137,6,malicious
3389,216159.79897188972,32.226132258115236,16193,165,0.15083763297536798,26.970998577210686,6.348790489792115,59399.76708872255,133,6,malicious
53,4215.997192496552,18.059484850857935,33122,9,0.2565359336533759,32.40753438273291,2.3199357530705518,13884.035698681926,6,17,benign
53,6194.21737050447,17.680602720096072,38456,11,0.5079455452265446,17.23608974177551,3.208859712507641,4296.978991377525,7,6,benign
3389,284540.1289438098,22.98291941706558,38716,178,0.0635098593159536,14.92207168383025,6.206678824777457,42403.69425793765,124,17,malicious
1337,174328.7257562076,33.75824635099232,54613,188,0.013272699330550175,38.45896671803932,6.314973189673957,48447.65371049,119,6,malicious
23,54499.64310114764,35.58688985129429,5329,180,0.12078084206003575,1.6116451844771111,7.858444166358483,74953.1885835638,126,6,malicious
23,203360.62283921384,33.210811924380685,49492,171,0.08827985114551325,7.4683973843358045,7.455997893933974,72748.75721728665,110,6,malicious
3389,327410.67595669854,32.374851464736466,45962,187,0.23405481212079668,3.6894965015053445,5.829894799813146,30894.987028417014,133,6,malicious
53,4075.6209770026226,13.346190947302212,7792,12,0.792970560805518,2.205639835944516,3.060470063543529,1225.2592592349254,9,6,benign
8080,2473.607235151436,14.906869055722101,13049,10,2.44550700754968,16.671324878110433,4.234212761669035,10952.76138278841,9,6,benign
22,12506.320016373256,13.901693440764468,63604,9,1.0899061232487965,3.1996567038191146,2.6308984858826574,58.80024589759575,13,17,benign
21,9071.281883108328,26.04568549406207,52792,200,0.07221464226567638,48.41590777940986,6.1214948797818485,46747.978519256896,126,17,malicious
80,3506.910141385204,20.242261577070177,4522,14,0.7856889744179205,11.254452679957259,3.6622855964688066,1341.182448745089,9,6,benign
8080,5804.213694829533,16.313100870963147,7792,13,1.2173772592785217,9.565388336309578,3.341626285512204,3303.3953629462935,8,6,benign
1337,249179.39401735176,32.20282071591731,10926,185,0.01297050541494051,6.639075548344022,7.174739838848177,24897.23020142685,120,6,malicious
443,1838.414866128423,18.309936908953304,17705,14,2.7291747555037773,4.79766077231884,3.9862851916318025,4462.89921452777,8,6,benign
4444,50677.05619922792,36.21404314067792,18819,200,0.013419783683500622,36.33800182542183,5.697222169545167,27704.761623261547,124,6,malicious
80,9374.988248464486,13.431800599941313,42392,8,0.29530358277747365,14.323239285868453,2.6942832778986476,1242.667417848945,5,6,benign
23,211450.75745035883,30.628081051926117,20257,170,0.013543278262734208,4.046871816392208,6.962195725491397,5790.5079240163905,136,6,malicious
80,47402.50727957293,32.09949831795405,18999,214,0.05241795605360153,17.2502464851757,7.137255016905474,45942.949450157954,121,6,malicious
23,67403.46036687022,31.41517041381165,57837,182,0.05352566951769324,4.06678794195943,6.415415213815541,25858.45052466919,119,17,malicious
80,9259.527114891745,37.004661563430005,58436,173,0.0052642265730345325,22.087873961773667,6.287663596523643,77459.27299223655,130,6,malicious
21,20973.574274679064,29.489659277402005,29224,162,0.08402292316522361,12.084219651423403,6.664633195800825,64823.53739303408,92,6,malicious
53,2314.911786815937,15.633729705038549,12960,12,4.6951799944253665,8.756892627267844,2.3613221320311246,3092.0191135534305,10,6,benign
4444,103000.59351327796,31.01293334941746,28925,165,0.0496702666376944,15.950868245867824,7.097668968740154,39184.22736609417,138,17,malicious
4444,27694.952369651433,27.9058749011824,52779,194,0.07499973772057646,30.775248235886586,5.861566505333029,8455.453170160581,131,6,malicious
8080,2996.363428448019,22.497023236760676,25542,8,0.334840405859766,7.743687724765056,4.624039555065829,3324.7867244950817,9,6,benign
23,27774.80465560767,34.73294286236313,52315,185,0.06499338836439154,17.49141219679416,5.671943619347095,129864.15832084685,137,17,malicious
80,5953.7382213095725,15.061168412302766,29163,11,2.9108961086808978,6.768474832156653,4.656108125653779,156.4671631130526,13,6,benign
443,6086.838503242086,9.463361637204502,61523,13,3.239079998046794,6.714488804194645,2.97981420974749,402.4604025297181,12,6,benign
80,850.8017664326794,15.085565767936291,10057,16,3.0108530583887445,27.377549546993155,3.4400759706593598,4603.058555001463,11,6,benign
21,40926.70963952089,34.56355010720138,1181,182,0.13591639020994567,11.915026366356235,6.9526436346404505,113839.16003042353,138,6,malicious
23,119575.17505664773,33.49142794903932,32883,193,0.06150877864239917,7.77894556849367,6.53441807164705,74428.89898127802,134,6,malicious
1337,107478.44204167361,25.543030664120977,6523,191,0.0107012743788321,3.373994924084672,7.488307081135034,1812.1027404154718,97,6,malicious
80,1981.39455049699,11.200984157239436,22722,12,3.160591870223189,23.85636645345062,4.338396271195679,3333.0428655185347,13,6,benign
1337,222341.56420547247,29.395503483908122,56603,178,0.08341046536770837,14.918609535054188,7.858710627110572,34229.26905654636,135,17,malicious
80,2230.5590839487672,15.510074736313515,47326,16,1.6824003964275693,19.099017005007678,4.008794721496793,1818.117038252632,13,6,benign
22,4931.550436762052,19.464523628124095,31527,8,0.3726448359073948,8.589239797095715,2.0048106664948806,588.6654761147066,9,6,benign
1337,200786.49565049802,38.56366183441345,52838,178,0.05380014824389424,5.525810476709581,5.796810172439065,26990.898660252344,137,6,malicious
4444,338178.67092497036,20.582371923569823,47134,208,0.0847950883660695,19.33293102439637,5.743762148947059,94159.06031132197,124,6,malicious
80,6290.736440427813,42.12403381394597,16705,197,0.050164220569219244,1.3542986242673358,6.193344551558095,160733.48186706088,129,6,malicious
8080,5170.876866609877,18.950096871602447,62558,12,1.573211058980668,16.182776493043907,2.178822994758736,702.4285731933692,16,6,benign
80,1384.9696577780405,9.882738847515546,32273,9,2.5470738401026707,56.460222888350515,4.669158698625841,8136.223485458408,9,17,benign
53,4027.379057013102,16.669309146549075,28681,14,1.656906816495507,25.27196325646883,2.3593750228539494,4572.606351636317,5,6,benign
21,222646.21982206454,36.57117397564021,15519,173,0.013104418862379378,19.761849800007496,7.801318170915694,31798.91411107028,129,6,malicious
443,5903.804660339214,19.92199013596228,8047,14,1.2811186338052725,8.723535000885347,3.177859552904837,1261.1714726894984,14,6,benign
80,8987.264283253855,13.28143639266013,63303,14,1.2322955967386957,0.24625037846056835,2.489153676358966,5598.336257091896,6,6,benign
22,15636.10463781062,17.32771445503248,60116,10,1.437152228237769,62.87856869102151,2.2297616796640582,416.6618663970247,7,6,benign
21,159437.31190237854,42.20953480905941,37076,162,0.00439503822732078,38.01137733220135,7.117747345103061,49281.24837045189,122,17,malicious
53,13919.685224336194,14.731388138488443,2218,12,2.2515912718368414,10.341742699603952,2.1852531611050665,4509.668052470325,8,6,benign
23,125224.08759679206,29.37442085714764,22317,154,0.019511876490540224,17.439885913676985,6.720550584033337,61566.21878565669,129,6,malicious
22,4956.842390550425,14.891171999060907,38868,16,3.53817489902268,12.306154736823636,4.721540675074204,3514.7551761770565,12,6,benign
21,400535.87559631554,41.58261034731199,44254,228,0.09174551166243848,17.565003300033002,6.334010611626965,66220.61298735547,131,6,malicious
4444,78297.07720944623,27.189286015695203,10650,191,0.007607193307090568,0.8283400857161137,6.074160249267844,7168.315266204306,136,6,malicious
3389,177502.71073910373,35.760655528663285,59228,154,0.06083045358582649,96.89496682427963,5.706503404094354,4774.011727770909,119,6,malicious
53,244.7364758633285,13.442261572469844,27597,7,1.2163274666349684,22.747564745365747,2.101823567100659,5315.381175631953,3,6,benign
21,47415.375046208195,30.692841289525614,15496,179,0.12081530851331657,4.636139676631136,7.527305699995868,84639.65891483899,125,6,malicious
80,9515.09066529263,12.707561334678207,18442,11,0.35613227844526396,11.727047651876768,4.147323319979739,3260.6120616987755,13,6,benign
23,79139.86799288576,34.48893056465116,17734,166,0.002019634274099132,9.617923171952807,5.577114516598222,3425.882236140864,109,17,malicious
22,2771.624610303775,17.184628367163466,14468,13,4.773197822982077,6.562051906494803,2.3089754121147066,27.741187657489647,8,6,benign
53,399.43813223121475,11.685886698736503,65351,10,0.002697343137371737,8.661469416126996,3.173299170058171,127.69567996905386,17,6,benign
22,6551.699366288574,13.702365482794882,22760,10,1.1573975753661931,12.631458745078909,3.9356881225368654,2061.086845329723,10,17,benign
1337,79245.10101007781,30.434344809954197,28218,164,0.12739819579737827,10.742302792363269,6.503175867580257,49022.01198105712,123,6,malicious
53,4555.451199645664,14.307445356922116,7746,16,0.6225469659686901,27.31675570985101,2.3093379713326327,496.3743556007536,10,17,benign
80,12482.482125364653,17.318462113286767,55712,15,0.6048559252783133,1.9037623818013294,2.4472366163192536,2095.946587294953,13,6,benign
3389,145828.71358549487,30.0107429149606,29778,155,0.03886517751978461,0.8617497140034809,6.644658042408668,93405.34525674209,102,6,malicious
80,13738.740408004256,24.965600627720153,50990,163,0.19074169238974178,10.56873890342341,5.816045067897546,14058.363126135167,135,6,malicious
8080,8042.464218644384,14.098357191199629,17519,10,1.0837997551643224,9.451542619785416,3.2901079110521056,5474.672357505081,10,17,benign
443,51.97430457525683,16.28130253048524,15647,11,0.936077611501503,15.552193544694157,2.00297427026531,1858.052839186739,16,6,benign
53,12321.98934045942,8.887903897851299,36520,16,1.1076358795566625,5.140907473030087,3.918352011068722,10642.52672923408,10,6,benign
443,1046.07970938397,16.120233059768392,55560,14,1.3676975000125324,1.408525131106624,4.115696111579997,8618.184724639088,6,6,benign
8080,1661.294614397404,8.493211147022343,13706,10,0.43599934495217996,24.469119880451817,2.97204173569408,12571.67007240502,9,6,benign
1337,435449.9752421762,31.00721320299094,12450,169,0.08713474918468364,8.7097187123426,7.661352715674868,7581.233028880912,117,6,malicious
8080,5801.234570871507,13.19663134460875,38539,12,1.2054599133467623,2.1909763430200324,4.983857796969287,2880.80483305712,7,6,benign
53,2324.944867232056,9.862338813154016,22667,9,0.45900703924611924,46.72518743989849,2.882435555968223,2036.0213398777714,6,6,benign
21,119757.40684519906,38.704731589349514,12925,175,0.23041225931618178,43.26490423201142,6.2281958327075655,71710.62632694202,136,6,malicious
80,397568.48184896813,29.503362993585213,60001,188,0.07994628723149665,2.661117328135789,7.094967256449927,56734.068307297435,133,6,malicious
53,16956.0723148047,11.298084113361593,44081,8,1.1196330250320192,24.655954310740658,2.643559853117219,2125.5315865399834,10,17,benign
80,177411.7422016495,19.349288902171047,64632,177,0.11574704239262303,11.657152515308844,6.266320355007726,88996.33329606877,135,6,malicious
23,51647.967147221374,37.70850133864039,20146,193,0.09658082286016687,5.31610695788782,6.473629678990047,26346.043802731918,111,6,malicious
53,1967.4455335883229,11.322574819082822,60280,15,1.8102685436823993,7.497775024976846,4.349642670744981,2050.8305004731105,13,17,benign
21,127813.85403174422,34.49862570690668,27811,200,0.12205549903990359,50.07053118759057,5.698840657853865,26305.59521520596,112,17,malicious
1337,62678.06462930371,30.72635150427593,58337,183,0.08162427032902203,6.094933878551955,5.597595128853548,7639.211094719961,99,6,malicious
53,1969.5796789089134,8.848507049643036,3869,11,0.3732023934545985,3.605644207292779,3.3187291339615874,1787.3316660715243,10,17,benign
22,279.1128263565254,14.002183317856279,9640,9,0.11118097501074908,9.437015919199968,2.4243842200906,1318.7223791287233,15,6,benign
1337,410675.9591060895,39.538395323342954,9090,183,0.12911047393464817,14.312527252973334,5.8606293303902985,167915.5813542525,120,6,malicious
23,257080.70772430094,32.012521792887476,62049,194,0.06344359391015518,5.023846489578636,6.274106662285019,52327.48654060655,132,6,malicious
80,4781.63633555035,28.516371430045012,31408,170,0.016207303088969047,22.29680182623083,5.707835319705372,53809.925296584646,129,6,malicious
8080,13002.805648242209,14.858620867432952,21430,15,0.14702166139126738,13.957772394873786,4.3020657498042585,4093.361803216672,10,17,benign
21,10784.776322102709,27.588421125400878,49823,169,0.0038550470838367634,39.4562409076914,6.486457486533982,6776.80631192966,113,6,malicious
23,141390.1548766211,28.348004441501367,13006,195,0.04927990710524753,5.796492472289075,6.919897641776279,120323.25162331053,116,6,malicious
22,1331.6219926041783,13.719474393034805,4985,13,0.45092361865671204,16.362370909080553,4.113466535587447,1615.1646285009213,11,6,benign
22,12032.574155116117,13.226463897935165,29063,7,0.1586210325811197,32.5783065572365,3.661145107141046,568.650726891274,13,6,benign
80,114767.77742489296,32.87866507159404,60210,167,0.01595227711013798,0.06643410607465346,5.914402225300797,1916.0526432390684,125,6,malicious
53,16254.913658655558,14.270030255305691,52582,13,4.185499103932528,10.235858396632686,3.9609641027367006,1793.784150199939,9,6,benign
80,92231.46253678718,34.56600119643644,50665,186,0.09467090019858841,12.123306786626479,7.116081990047496,49921.21064811876,117,17,malicious
8080,6576.111145571479,12.201251714246077,38192,17,0.3982647615349276,10.636035828269804,2.3678545687213175,743.4011639567264,8,6,benign
3389,48033.450013959264,36.78810538837214,43080,194,0.1869697769309712,5.173145840746176,7.0823085577027705,21300.60540431937,124,17,malicious
80,74429.94130670247,39.82330225787372,43225,181,0.09566138179110135,1.4186052084796414,7.209495394891546,44078.89746065407,126,6,malicious
1337,7306.865682307483,30.776731132949138,38846,168,0.07844210634091318,30.026732621368875,6.299052634375347,4133.447517239829,121,6,malicious
3389,465025.1845259264,36.047375026443845,3698,178,0.08222153952835948,10.697629048015873,6.15827810819177,152702.32567922163,124,6,malicious
23,368469.96968741826,33.39070705095396,9893,190,0.009789289137082045,1.1286776474122557,6.648553297422115,14651.121837505054,129,6,malicious
53,8359.722640340711,16.577677515293967,61277,13,1.4710318460060043,7.925026072300858,4.698705547150341,5530.195921597417,16,6,benign
3389,126077.02325339978,34.363045346721414,40352,171,0.04662676043375999,3.036336383614303,7.779570953085301,21505.187610903642,107,6,malicious
53,392.97926969377716,17.907930538592872,53901,17,0.583742096118322,5.581788072095608,2.0273214519956593,249.93359025358546,7,6,benign
80,1501.222063491433,18.443770311352722,64580,7,0.7517248443867504,25.445608182376027,3.1308398560853217,1774.1039963709636,11,6,benign
21,50024.1227095734,38.91659776882392,17929,190,0.009450507541792946,11.003160971064084,5.646284129310569,31553.417237679954,139,17,malicious
8080,6512.590643121884,11.01904835345616,53931,16,0.13321688593935194,4.036703138040063,3.362758393088428,3291.3772743419045,14,6,benign
3389,195870.85704903165,31.92097136175757,39807,193,0.07077383648600535,24.940962746378656,5.571438161608393,95586.85687566656,117,17,malicious
53,2527.4267451240817,16.366854284289968,27032,9,0.07050696699554236,3.213394003297751,4.405674455560793,15377.83625544462,13,6,benign
22,11243.039541266908,10.772869894123145,52691,15,0.28176997026577455,5.726506887207501,4.110654308072012,388.9571020415715,8,6,benign
8080,9896.209194160352,12.279072282265755,32691,11,0.5010866726351751,0.5065797129123638,4.630772399066132,3105.9229904484914,10,6,benign
22,16926.768255130108,17.124255783059503,9802,17,0.6400388766449715,47.229747470364124,2.061810602345018,1419.2311672135372,5,6,benign
3389,132072.35426624378,39.08362405370151,42034,179,0.29257144597007084,8.129928382352041,7.967075032711671,7697.998314461195,123,6,malicious
80,23648.641458163962,31.26619757212838,17202,160,0.08018715770370373,2.7352386128226454,6.013959359157332,12993.585123833378,103,6,malicious
443,422.1466104630525,13.181714314168202,21793,11,1.0731825127354502,10.752811156664043,3.9120755293576392,5921.827865995056,9,6,benign
23,41984.01978264774,47.841663066486014,42051,201,0.15961942142639926,1.678977455543245,5.931489747236304,87848.16887196322,115,17,malicious
80,25854.107253104507,35.96965772918822,39992,193,0.007905770270717392,34.484250689819376,5.891912902697397,16584.339960375157,119,6,malicious
22,1359.1202194921977,17.39848457710749,7011,10,1.1684075016167075,0.9505179051283761,4.564528900905582,1863.4571717697906,8,6,benign
443,929.5536413473247,10.490236209254372,20660,11,2.4366921992354325,14.539575828956542,4.601693558133392,1553.8789201567774,9,6,benign
22,5101.7421901946445,13.604277153469127,4915,14,0.25666154168624333,33.3528940544834,2.859893587700146,639.8741050274056,5,6,benign
53,2497.1848922024174,17.722693731072905,36763,16,2.2739197070783908,4.269066205101312,2.233746987555329,2316.084115138867,5,6,benign
3389,26698.74403939029,47.36180875684592,34121,176,0.04337078303842252,1.5513851093981188,7.825309923385296,7934.197696955951,122,6,malicious
1337,44496.70965393911,22.800077127986928,60631,178,0.0767320240258485,9.35193091662643,5.632745660370587,81716.83260671853,119,6,malicious
53,3581.816655382389,20.092755563764477,40239,10,0.07840067562991947,13.404983903435,3.8661174282052366,4407.303997856633,10,6,benign
1337,897155.2999498979,33.71715582335485,41672,191,0.08712265764702008,5.132951165772332,6.810723313544916,171407.4566215333,110,6,malicious
3389,16319.467183416753,41.59882132681153,27013,195,0.09174822554916029,5.898562910297212,6.74443791879962,90370.60424577985,119,17,malicious
80,14206.780197644091,41.41318479735519,21796,198,0.10858946517612221,15.243535489726215,7.548503404144551,30401.676730602125,124,6,malicious
80,142853.16732915063,39.58098052057769,62729,195,0.0707784133918195,56.34309052404896,6.35068145925221,88856.12533671672,122,6,malicious
4444,60493.75210689646,29.679773698462448,58172,165,0.05671424107665517,8.29593929547009,5.551880613567039,30.984383836007378,126,17,malicious
22,6573.301610303946,18.085318665700516,32350,14,2.5872476872429364,8.798702619969681,2.413281667913395,4558.772792615689,9,6,benign
80,1548.4172647057724,13.716626017820973,21731,8,0.41566099049527183,30.6606060666502,2.40654250997486,5388.64171445771,13,6,benign
80,1020.9724154013242,19.90066905014478,51368,12,6.929822849030979,7.40834325393556,4.662878242750491,4356.396991786213,13,6,benign
4444,199277.59220156673,36.89317859199341,6579,181,0.15097881359081877,5.97209455032591,7.10164546457284,2804.1896298946795,104,17,malicious
53,2714.042811413073,19.02656471275647,6945,9,2.5215567300721924,9.404620837888519,2.7689089721740023,3496.6334806577283,9,6,benign
80,9858.759658432127,32.624991503414904,20744,167,0.1718555488763609,0.6449179938521876,7.5318867183791856,66674.25498829721,116,6,malicious
443,11485.960031598788,14.66762195132648,15516,14,0.5475895669382568,36.2126495958065,4.599678607392825,1781.613458688075,12,17,benign
4444,242756.36044979436,46.52817155952565,9256,175,0.022740345317983947,1.544563056305209,7.833580224979343,31458.901467932345,121,6,malicious
1337,160555.151755102,37.29678754478673,58085,154,0.02459418499124314,34.61577525028875,5.596429311520481,25862.093081653242,121,6,malicious
80,594374.0606399386,32.48545133071298,53613,182,0.005294408504820577,40.767598486844676,6.894532982362254,34392.29968212684,126,6,malicious
23,154716.63340270615,37.98770508727367,47616,171,0.028368356397060854,32.55738720157195,6.408100734894714,4383.21595799435,135,6,malicious
80,43005.06732432143,32.599418901557364,13425,174,0.025936052456691457,1.3643905761613566,7.900199099874286,13776.878337597893,108,6,malicious
1337,14066.561236193338,29.7287666914514,43711,172,0.07126882470126032,11.846970898429014,6.157772099841917,315001.0583499188,98,6,malicious
443,2403.180823889345,12.503853843263503,7801,14,0.26784128969911447,6.567082538728626,3.437700492912599,6461.659828833224,10,17,benign
53,4737.842582627281,14.831888257890192,39051,14,4.312199822616398,2.8222142016619,2.880947255437423,469.1823486083579,9,6,benign
443,9764.72974821194,17.486140992495375,59030,14,1.4461870918782083,11.699677787971678,4.983219029662384,715.2015356924582,14,6,benign
8080,1566.8634785753654,16.5857530922684,44672,11,0.24895910985444186,0.6385836654342308,3.5764654195792063,921.6414137428451,10,6,benign
1337,222097.7266753698,42.073260583848196,14558,173,0.09599611915851662,5.439787441589001,6.407669065090852,75922.01149025741,109,6,malicious
3389,178881.0981431832,37.13184334949807,26213,178,0.2376989862100135,11.086142594678964,5.617552325477145,569.7437549609824,113,17,malicious
1337,199974.41312819414,33.98619586173244,47000,167,0.07998540728944561,59.322850822137255,7.625619300551035,27273.053583273548,112,6,malicious
443,18908.32019122248,14.797366764764796,43429,10,1.9891559040181235,10.928641686580956,2.4799272632448504,9962.24963647751,9,6,benign
443,3889.3633227167716,16.356715113471974,42874,10,0.2601589860658373,5.595154312426884,4.340373341602065,997.459310742606,16,6,benign
8080,1588.8043859355105,14.756433785922809,30838,13,3.8880961182874074,12.05476115234235,3.192643131498976,422.25747006077717,13,6,benign
3389,13374.615067789877,36.46757615496688,60163,206,0.009457161782911437,0.7507174387514052,7.649770134178785,23832.42465525134,109,6,malicious
80,429944.27118957805,37.57716170778047,39338,177,0.037301572458349835,25.441937574648836,6.47360745306028,5947.791140743645,141,17,malicious
23,36995.011224573995,32.94084999412996,23897,176,0.016894479132520738,34.813172130401334,6.50049088287761,9352.862544185089,118,17,malicious
8080,4028.2861560279607,12.269805045156783,7356,14,1.5163278845638803,0.6024321876801578,2.9195651206371616,4239.847907197028,14,6,benign
8080,6451.419890017236,11.545074591369524,25631,6,1.1241463384479629,3.4747631141687285,4.332249857401127,1789.6424080700992,15,6,benign
4444,29651.260478496093,27.77970444059669,20635,202,0.17486986128590476,0.5421302728757719,6.939917038530627,173976.50769283998,90,17,malicious
1337,5422.904323654324,48.63890538549404,64416,167,0.0305160430142944,34.726310727764876,7.985368809989305,98930.2212433552,137,6,malicious
443,863.9131937842834,13.889426139408654,12442,10,1.5205548207148158,0.2768046529149913,2.728980256953017,738.2012907663155,10,17,benign
443,17010.446798007233,19.69049656800872,8320,16,0.6101581811315684,0.3334257686365711,2.6281908818116255,1690.782226877936,6,6,benign
22,1027.290374903028,16.20239279221656,35079,12,1.404625629670163,12.780371222112697,3.4270731108057184,121.73728229273905,13,17,benign
80,3125.2179048290486,15.69096713486795,48852,15,3.042571346053074,3.0973796339591746,2.264729075606847,3917.3682007044995,13,6,benign
21,9735.078584315537,46.63230661132199,10262,197,0.015034943469041155,38.85953687222719,6.2543282946395005,27347.89376209429,119,17,malicious
4444,335271.9510908021,27.9329781612253,65400,185,0.14632217330869834,25.130267285285125,6.664103922388229,49226.795531226526,125,17,malicious
22,3616.4757110586143,13.5553764743307,30111,7,1.5609062897577903,3.6166565877316437,4.028783036565155,2371.3448188449283,13,6,benign
21,47468.04801678062,33.46282967644608,22146,162,0.21905578232496975,8.755422273071872,5.850085261993338,4513.528899677057,130,6,malicious
8080,2080.55882234441,19.555172563166572,54827,13,1.2014067198095941,27.73391856550367,3.4167748484135148,447.61706052875456,15,6,benign
3389,3568.1170727549015,30.661512058544144,54965,159,0.01083413249603052,0.26277164301158096,6.430231372308201,43938.573668868325,107,6,malicious
22,2018.633089031769,12.238306131242345,56837,12,0.38190566406726595,9.652565567821574,3.0153890494023927,2152.13946038553,3,17,benign
80,252987.487988781,37.96926956738678,1349,200,0.026202419378454748,9.213486060936203,5.740336430555555,45989.74637361207,128,6,malicious
4444,5737.559074719472,36.343028882647644,13310,194,0.004644056698366512,41.15029321662993,6.455462481016757,54554.33349382467,117,17,malicious
80,6849.84880231666,16.22059261490865,37296,21,0.37639867906811175,6.304101181900934,2.576032983624869,2860.182204852753,9,6,benign
4444,150776.98686932508,32.90895267917293,46522,188,0.024785895798956317,3.579244868249656,5.903575475230212,26017.4055881006,144,6,malicious
80,13968.979465704137,39.976541426934524,55801,176,0.030716857468582114,5.820649223497333,5.934272763938519,77098.74718897259,116,17,malicious
53,1935.6976839853771,11.48896224336973,16056,12,0.9166535771090389,5.2130299006775855,4.335357722780731,19.55826800675593,3,6,benign
22,12129.000866980461,15.998191923308326,29656,11,3.122844920485388,25.43918357514626,3.3554607889349595,2239.6306665821576,7,6,benign
443,2046.8070389347668,14.858914290024778,59964,7,4.092204852168125,17.303819938139274,2.668327525953492,7143.6365216213835,18,6,benign
1337,57418.033494236755,33.35081975587602,23208,207,0.0041576665026227325,8.650830105767714,6.158599533664184,62035.10649861954,113,6,malicious
8080,6903.936905190726,14.878582604044318,48909,18,1.3165073897087827,29.03243253532166,2.188670937902176,45.30792692208436,13,6,benign
4444,103701.04211884725,33.88725711299872,27090,173,0.024968694561513925,13.436410137065682,7.72292677166957,121635.65523961555,112,6,malicious
4444,170225.38474212887,38.54250039244804,18764,174,0.059672912692747535,1.9984224956969847,6.573401692662333,22706.74060237123,128,17,malicious
21,411993.03324579954,32.07053903755881,7076,187,0.12298783778158756,17.061867982009556,6.427360816419441,32098.663874366506,119,17,malicious
3389,237838.69208225154,32.29148192661395,26664,174,0.004526085798783202,4.591410343830729,7.564590374323199,32376.492537425213,131,6,malicious
80,406697.46000546106,42.1948161700739,11677,202,0.1187380109531439,17.307932917387703,7.451857989497798,48408.942604783566,114,6,malicious
8080,6787.758639161616,17.701352592075853,39259,8,1.8276257375649858,10.87893309749333,2.5056167842793466,4304.08940466434,14,17,benign
443,6629.043120126142,18.25285418275686,10665,15,2.427900015520067,20.896527721024192,3.5887815732568984,3546.3485020189564,12,6,benign
1337,58304.34662789367,36.033939949524786,10531,182,0.0902317763865498,9.903047819622897,7.087388396715977,92096.26600570901,125,6,malicious
80,48593.40825718723,25.93241003157158,47159,164,0.006062474054151716,32.20471024084821,6.161528380876144,42070.725494169455,130,17,malicious
53,369.7483049043595,16.439041367351628,19014,18,1.1051680123969638,6.797028152575414,4.766847014611514,1756.2296581466694,13,6,benign
22,13136.894078356827,15.09699132682587,20946,11,0.28603185712231693,5.301981521132044,4.861583140803676,6764.489521832979,6,6,benign
4444,462798.5082072475,38.64689157461865,39792,181,0.0897031137694669,3.765375990923769,7.558480011149761,43855.01565732227,118,17,malicious
1337,121194.73312386315,28.354112390474686,13389,159,0.02434761106253094,11.689629094796539,7.8534297081227376,4834.5795885167745,107,6,malicious
443,1398.6064163539227,20.507645456734206,31344,12,1.231829571947455,5.155349601588844,4.261273503094044,2407.351544719799,9,17,benign
443,23.314895459830495,10.022751667497891,11033,13,2.0945876603613165,19.06384620473756,4.023959548984264,6062.082597722039,15,17,benign
80,77972.77581765565,41.21479753878672,17235,190,0.04201840030720697,4.184327908757978,6.444278519828673,45405.76652824858,123,6,malicious
21,68298.51498449933,39.4067885118749,63885,171,0.018187022366414,10.84915747763184,6.50029637249099,201241.8191656637,104,6,malicious
53,5746.4679112118165,15.365082792941944,52390,12,0.5961218080093145,14.507719188936674,2.5590175029567823,3275.454643285394,9,17,benign
8080,3237.595118966811,14.447079105957602,47711,12,1.0418902016979994,9.834572112273886,4.373370806654288,59.52609422636068,9,6,benign
53,9250.500134264958,11.505498257735645,23150,13,1.6694270419761348,0.6482830243110962,3.919301633840461,4506.075407608412,10,6,benign
443,453.93125665466107,15.494066479615379,43835,13,1.5164362178298805,6.143453076609632,3.5996570511021844,1401.0291281445986,8,6,benign
3389,97887.97680951508,30.238270249273906,64221,182,0.0016252821777147485,27.773495560561614,6.442449600068364,46510.737894195554,127,6,malicious
1337,385491.67502799974,37.22858951399181,10523,170,0.035157254375864026,18.330799105210826,6.5303890929597905,187543.88253728396,124,6,malicious
23,148700.80245755325,27.373115834285752,19627,151,0.034591532014556184,66.90987823146688,6.309745937233902,16582.765025462195,118,17,malicious
80,60541.05402690305,41.356183731280844,57644,171,0.18389144342485508,5.188043747067162,6.852124260087921,137.24672765754684,110,6,malicious
22,2949.0479350246073,18.58172121041761,26897,14,3.37398964442802,40.0077538823333,3.6753907437806648,2345.7002248248723,11,6,benign
80,57608.3590199952,48.9543163766745,61981,171,0.08465103286612191,8.345064681860144,7.162429404893475,33231.157921071055,142,6,malicious
53,12569.083805479875,13.289638827098608,60645,18,1.3136742901385379,1.147622750453482,2.4738697543768193,88.80533620648066,13,6,benign
1337,99598.22169486336,34.94151744841033,61182,202,0.04641170217800511,6.671239697044523,7.4363990992544755,40521.65323781498,133,17,malicious
8080,3759.379736277547,14.302884503614855,43205,6,0.3593989062635348,3.385276767897241,3.217048448506047,67.32901629333554,9,17,benign
443,5104.232579552567,13.806545302429386,43461,12,1.2298029456253392,5.022819182090814,4.0258904893864775,2356.6990325078173,16,6,benign
22,88.1530211601189,14.466509362078677,42114,19,2.0415444756511008,6.098763643226537,2.498909333875053,3587.4134940897843,12,17,benign
21,180358.04773110079,31.40445600997429,4614,172,0.1000905581550717,5.592729774077287,7.079432383400704,30910.18137329094,140,6,malicious
80,323.0210490412191,14.619840601264087,8171,12,1.6122766081992723,0.5135672630564874,4.078468744324947,498.88997724181235,12,6,benign
8080,1715.0524318489372,15.960087278085771,46625,16,5.543068466735731,5.2328720651446154,2.9158766191987926,10297.469921990443,5,17,benign
3389,16342.487299808203,26.346546561535597,41937,186,0.027515113324199206,13.45841728600853,5.8083798157387925,38917.88809478061,103,6,malicious
3389,76967.24750166896,34.25059350332529,51264,168,0.11477126564412907,22.48006735125438,6.931524517774021,2105.602267806193,129,6,malicious
80,5326.005915477179,13.56888038693466,18074,8,3.0658566492835337,0.09224357420375506,2.5428481378634564,8848.078363210947,10,6,benign
22,9232.690377146653,19.13117611519813,64309,17,0.3578822538732166,1.5789765778860223,4.30900723181492,4611.91582379522,11,6,benign
1337,265722.86664307164,38.98825137602861,59470,184,0.10293501705143975,14.644141075988339,7.980451454172427,93601.24350894593,115,6,malicious
80,258.60601147634634,18.32914514685207,19498,16,0.2751851389407569,1.223886760457085,3.297144916112412,6546.9487776941405,12,6,benign
23,58595.8044304795,43.55265271005013,7831,192,0.04111856787833736,0.24530002652370284,7.705353757753228,30191.86996125927,141,6,malicious
21,302471.9423951844,42.1302644917814,33626,187,0.022297307215275453,5.682082344125051,7.315291191606302,41102.693837375824,121,6,malicious
1337,191652.33994505322,39.456490681137126,48189,167,0.16389786767012346,17.69685255871907,6.074457716435574,25631.911296488885,122,6,malicious
1337,125799.9269607541,39.63635471900394,30428,214,0.14727918147691071,28.730427523416594,6.500109747864032,70973.13507333683,107,17,malicious
3389,55717.723590294765,25.73061459193876,61811,159,0.0628941458009919,11.361186062476035,7.230938012502946,156434.64895493392,103,6,malicious
80,8053.831259332062,18.348633742396004,65107,13,0.6434444444720145,9.690826530523394,2.4523263327220137,736.7123737099915,9,6,benign
22,5118.378328559894,20.250921583003386,60534,15,0.4938876282611476,11.174186523410414,3.818323932782106,3778.261106850025,9,6,benign
443,4061.2809343417903,17.051662568226238,44839,11,2.346254574178837,8.890274761742987,2.1121779016610724,11522.394503293233,16,6,benign
4444,40636.656371190686,31.48789970432955,35869,197,0.3223305557940124,22.815733949667663,7.867023751692589,16506.70626625718,119,17,malicious
23,97858.44875486064,30.71322066648057,22955,166,0.009414367830161316,14.464924498970658,5.621588015208682,42058.424563134766,105,17,malicious
80,1735.8469987440149,15.006483455843311,40657,5,2.117020388216317,2.354659706981978,4.263592420914385,2336.160082416011,9,17,benign
21,186089.27794372215,35.08940976217651,1636,183,0.15782599049038853,41.65771575720504,6.102335363242007,48807.38877067622,107,6,malicious
4444,339261.58162009896,28.930624442932157,57170,182,0.2610980347536187,3.1282680890067334,6.750130972865511,18334.055519577953,132,6,malicious
3389,91303.35376199745,26.931481407891514,8951,176,0.004157183624566117,2.848696503125751,6.709997658899322,11050.869390920734,138,6,malicious
23,13034.05840151829,31.479487667362676,11184,175,0.07119183024647034,6.84969110599604,5.6377936840517675,41247.06211731074,107,6,malicious
80,1669.3296758896984,20.28713927352642,5974,13,0.47374061314656535,7.010446061015882,4.986447890854232,1321.6311799570158,15,6,benign
8080,13242.995085842906,13.85601368501645,30506,11,5.288730231244653,1.2698466862146758,4.848736273621358,5600.507264158879,7,6,benign
80,12562.597524337136,30.94559095400436,52869,188,0.003526715164795826,1.5501258758404568,5.783231109783426,16937.73571196101,120,17,malicious
21,31317.16186031776,35.49133224749874,38193,171,0.03057377047602545,53.854611945724564,5.984614410275636,22233.57675242123,121,6,malicious
53,5436.201324234287,14.298134789473076,12333,10,0.3019785135559645,1.90039521977896,2.5921425257023807,465.1530842886594,9,6,benign
4444,33008.24943140381,39.53014388882086,47973,188,0.053509658912457805,48.13899631231868,6.770374428610488,163207.34496722763,115,17,malicious
53,652.2636590536192,15.030875131198973,47399,14,2.436763362144339,17.607522176541877,2.8963734298436217,568.5817816738485,11,17,benign
21,384354.2622157765,40.48395947004726,14571,174,0.029083213477257723,3.6858381417353794,6.8577137277898155,16774.55162424308,109,6,malicious
23,35182.68940411366,33.50887949763975,5405,175,0.004878173325659524,7.970572575635253,6.793669349945368,43552.53083059322,120,6,malicious
80,7992.6996805420995,12.683819725781644,47088,6,0.025679019458375023,3.940372961005266,2.330624259038036,4214.817077003972,11,6,benign
3389,196332.73745751716,35.888366168734244,34679,173,0.034783713130865104,4.000191805596866,6.2172608094350785,2988.8278294692977,117,6,malicious
1337,169502.96528197578,34.65867095000729,41801,153,0.12058525140463325,15.65792118808752,6.678526753970171,19727.518351958446,127,6,malicious
443,3669.0725675307085,17.67312081060295,52509,9,0.7828927949161484,6.149287906621307,2.002267369685355,660.5505666900458,11,6,benign
80,5881.565109170183,15.461103013701031,18176,18,0.4823472668975467,28.25110953878173,2.4914604338944466,7307.681437349781,13,17,benign
3389,126837.97158131388,41.20692527377446,18844,182,0.20053244401898596,11.2253211347316,6.4147867292881084,139740.43936862922,117,6,malicious
8080,1958.756025353378,16.63542586009007,45784,11,0.689221285047185,4.549082600103,3.560257334452095,2023.130809188166,12,6,benign
1337,73175.11281219363,36.57017692744353,53982,167,0.05994575194414592,0.5274441314119748,7.343297388179719,129466.17618285851,123,17,malicious
3389,84120.62246337386,33.97329259706322,61838,179,0.07840061838568416,13.48864468832761,7.562023605618989,76401.67285428404,129,17,malicious
80,5970.335878716572,8.261274507436617,20624,16,1.329058434012113,41.555548348421944,4.764215188126817,1376.20254289209,6,6,benign
53,8153.517065637727,19.085724698959552,23625,7,0.03349011955728124,10.58278612462559,4.697058919748567,439.72606748448374,5,6,benign
1337,47331.73839903898,38.96314998925238,48301,184,0.007045981796421229,11.706240369075472,6.138294394834508,20193.10324138722,114,6,malicious
3389,12484.6309607592,41.47223470640862,46392,198,0.004836562862405531,4.714807812611166,7.709776957749327,46723.83851123637,122,6,malicious
80,278.07757896323443,16.629081036428694,63054,9,1.1528215586784847,16.028581275403884,2.7363734746243544,2706.6303521629675,7,6,benign
443,8708.557785035022,10.99189002915467,57705,9,2.192039489248685,10.62640994239252,4.932172503506461,8919.323838736931,10,6,benign
80,38995.866641523746,19.838062997107134,44699,192,0.008503876074116049,18.789656163943068,6.379257891490482,35363.69392822605,131,6,malicious
23,220441.81074568507,29.116939362869523,51417,152,0.0367716070551641,1.9306787888841501,6.947102893944115,50581.57917293026,107,6,malicious
53,7171.511113232825,10.73922579736222,45907,12,1.905374694555576,3.9323019606348173,2.0559185808432527,75.35387265287929,9,6,benign
21,62520.346479395026,35.5206503126952,7244,190,0.01468968942807036,26.12110520495884,6.0860773387796785,30884.58725997212,132,17,malicious
3389,236891.65613878705,36.71670307183908,61982,189,0.05122100237497142,51.10838470766241,6.055441480306516,49757.225983142554,122,6,malicious
8080,7701.052905370574,19.04933461870677,44338,7,0.22265535481630794,25.568411088266977,2.5141194645336005,3865.1629876376264,7,6,benign
80,7511.209189131869,14.76011614725507,3443,9,1.4414062997261574,8.863733180164347,3.126156001695311,1199.109146667561,10,6,benign
21,54948.862745831866,36.26537824986512,17741,172,0.0017665166843825867,1.1247948445650808,6.959968932556579,4807.52953454601,124,6,malicious
53,11652.985177253913,15.192642331298629,27932,10,1.4567447842688603,31.211518646798787,2.4217226592231054,1728.3879616650781,12,17,benign
443,1250.0879802120999,14.837255344752473,55501,13,0.4232522870594789,24.787106522787155,4.37820736399865,2131.625877462589,15,6,benign
80,73201.41724093314,27.646818653299697,23399,179,0.31290786366679196,48.435439116343765,6.461563491813782,26766.90240013136,116,6,malicious
8080,1216.1979198164129,15.578255454789879,28685,5,2.1609623956562847,7.902518573967473,2.8635193647985795,808.1016059922048,11,6,benign
80,173435.03369614488,23.132887932759246,62419,191,0.02958780960890867,17.600624776260602,5.6012330757732425,142855.8025626179,131,17,malicious
80,1779.5289850084246,16.71639426271939,12840,10,4.594176125688216,2.59267701529428,2.8680031215711472,13590.841511977,15,6,benign
1337,714587.2801474634,46.42840496700866,61090,176,0.008331928067890682,37.42066877594879,7.921460105462224,43484.021090504786,114,6,malicious
443,5079.709073594001,15.317705076540308,52996,17,4.393086770731747,18.032875748381002,3.19924274167662,1712.7425450320322,8,6,benign
21,270366.6249872307,28.467699603054342,3007,176,0.03437956700147228,19.204232786327285,7.120731762006222,37535.95787196415,115,6,malicious
3389,194457.30491203684,23.832831882734986,41335,185,0.1426576248915756,16.794814410868142,5.534479826247996,20351.771680718437,119,17,malicious
21,64799.63020327297,33.44030422079175,62414,174,0.010638951615028877,19.11304364753965,7.895083996115998,10628.826366342539,126,6,malicious
53,4123.970737269542,11.203846922789497,59703,5,7.286787079023127,2.4701140500014622,4.329915087957589,914.4156231474515,9,6,benign
21,94011.28949023115,34.63504099128349,16460,198,0.004934296260226827,16.931032575461828,7.398002932691609,165761.94064787525,127,6,malicious
80,1690.914629389195,14.772785596593684,24320,12,0.13332868634177106,7.489557296011348,2.8283279477362884,1866.7881126129262,13,6,benign
8080,1273.2187252673739,20.53910576039283,51974,16,3.091044267540263,6.122732447473896,4.4452655245505746,1326.5443938011776,14,6,benign
22,672.5485273309243,10.262288539207397,27403,10,1.2170051448939712,4.504226835926288,4.047954959630115,1476.5818586738826,7,17,benign
4444,338.5829379665246,35.480182143297625,19167,187,0.3921151739765927,29.974020348376037,7.656316357604471,45661.08201493875,129,6,malicious
80,161779.36992220135,33.78354883558723,63252,190,0.0003615521055730791,20.137026872187693,5.8095281902053815,30733.688319680914,114,17,malicious
3389,139507.71571955073,34.09142483408814,13347,207,0.05006515088899569,5.2798439552788246,6.795003961469252,46282.80072457381,105,6,malicious
80,2933.1522814191935,14.041080458100941,22048,14,3.754793472663451,1.734668240084814,3.0692777509445444,2852.6974470842256,16,6,benign
21,512175.4077422337,39.20122867252683,37507,178,0.05786371998166029,8.311431709736178,5.790774259319978,75422.76421155158,134,17,malicious
21,177188.03090392778,22.677060558583243,30130,171,0.01741511529816143,14.354607034895405,6.260441911642818,20740.854521828365,110,6,malicious
80,41702.580800353855,31.989997077401682,56624,175,0.047307641280666335,0.15161786395345583,6.010124949585773,3723.395318997096,119,17,malicious
1337,71391.604307456,39.0484757063671,30408,189,0.0031011769591933447,11.041374768535647,6.493036312426343,146435.01642602897,124,6,malicious
23,108788.50993816275,31.226181289730256,45606,180,0.04830404676176724,1.6402901698653667,7.194425350424014,17633.795098480052,115,17,malicious
21,118235.12069597824,43.87068070576572,21958,176,0.08791617066569836,25.606106744449686,5.579346532466081,40114.01260711542,115,17,malicious
3389,48369.05505452467,39.18835950008695,38161,183,0.168951874535083,16.674797335956207,7.887045822976108,44273.17955430735,127,17,malicious
80,43040.408438552426,30.12724168865512,4154,168,0.20979894315802386,7.171431913919103,6.908281909926705,4837.540316775084,102,6,malicious
3389,53377.74415992316,31.479861698541352,37500,174,0.034877377163970096,3.787737368415472,7.965346576609981,64269.1874703196,134,6,malicious
1337,495963.3884382181,32.76145311157396,22934,178,0.1318990164176888,7.251438996216174,7.923902854868091,9102.388775446443,132,6,malicious
21,66831.79800139854,29.89115280280046,33507,181,0.16911183508376737,33.78675708926498,6.908747309005629,69364.55346773758,125,17,malicious
3389,70294.86398457206,31.787072835412054,15635,173,0.2793757510208177,1.0486304494172516,5.559120970403813,9667.778561529494,122,6,malicious
8080,8457.55864295024,10.956750231642404,45854,11,0.9761944411156702,37.67813328325894,2.380110240952688,159.0844870867541,6,6,benign
23,26646.50208710424,33.72356219088617,48088,168,0.13698998063128212,1.166618107918463,7.858359037850381,20132.503318341474,116,6,malicious
80,2108.427373470326,12.223779050242557,5603,11,1.9797043241246215,0.561083179152703,3.1440965597923016,3319.920533710255,12,6,benign
53,4551.209651363962,16.228115974586245,5058,13,0.032464782993939255,3.3369399027030795,3.6266024916174686,2339.6595023618543,8,6,benign
21,10003.513662930558,36.19882196369508,25652,179,0.1285928151293006,2.3720072164482695,5.611058492369813,51473.0170107575,110,6,malicious
80,31598.00658001716,23.38728777558439,12341,178,0.15376213018822849,40.301533157583854,6.298369494556468,27008.724413375818,115,6,malicious
21,94241.90128249959,36.535655699331514,24439,174,0.1341931388164835,4.207303316981537,6.860719348934068,15306.227580580211,107,6,malicious
1337,270651.43585325644,32.171661985460275,1853,191,0.12341854459747194,26.136419275887203,7.917510907424848,2607.178708080691,146,6,malicious
4444,197707.4940994721,35.8402367365633,11411,177,0.09187604576086962,5.793031156938966,6.357915921380278,71740.59556058388,112,6,malicious
80,310068.96832255437,30.337567048902383,5400,170,0.00941086842605033,2.4046592467550463,7.877619101835178,9665.060628230056,120,17,malicious
3389,285577.7751703703,29.623904646774832,62813,194,0.03722307854161668,8.19349192128001,6.701861353344476,198191.77475770764,117,17,malicious
3389,107462.9897688829,33.26752265812285,3762,167,0.022685643538415425,1.5442140471834265,5.618915336984544,29890.85548468267,118,17,malicious
8080,2378.093052968932,14.156474982109676,28564,16,0.24855153328603333,13.862257372471289,2.033981296858811,8989.530141231866,12,17,benign
22,1517.2703236302202,15.984408777479505,58749,12,2.4698883947272527,2.620813550443815,3.655290565318183,3253.1432019441067,5,6,benign
4444,202681.21251029865,38.81765370210447,61615,156,0.07615885236436952,12.333399812969382,7.668762138450695,41704.94480985413,125,6,malicious
53,912.1613534162916,18.397217184977908,37626,13,0.44163378360933986,4.038837042594204,3.05999164918044,1727.8466902764926,14,17,benign
21,64700.78402449734,23.057521981596896,63202,177,0.02837538225865005,37.385624411891186,7.54665448612925,40896.58715107217,123,6,malicious
3389,68503.2112132253,32.686245975490046,49717,175,0.15276420890061926,3.6862600360357782,6.62918949286377,88232.4956007364,122,6,malicious
1337,102539.89146770797,29.878333122026937,53602,208,0.03763915598235019,9.452732156688777,6.9177007488338145,62026.9373197126,128,17,malicious
22,8502.756559007237,12.542828048461951,47837,14,2.0190616332028632,0.26312768783499074,2.672035759171941,6670.091517816967,9,17,benign
3389,31147.570234860847,33.386569537596046,9615,158,0.11948825820992136,1.93219588952546,6.791564869620263,10098.038465808206,134,6,malicious
3389,135550.26395554887,35.88365002828079,60246,194,0.012128418336886522,2.645344806467971,6.8339833279208495,40798.690329342826,119,17,malicious
53,329.0275500605027,9.927020319228046,51131,9,1.2950081848344253,26.374961498631887,4.685166468306302,4584.169189979919,11,6,benign
21,101753.10984367359,25.25489299046119,10442,167,0.0767432811192515,14.664850057375657,6.532051878934131,663.5020832349924,128,6,malicious
1337,37105.596623084086,27.853723168350506,2699,199,0.067324664325432,0.6129631831078138,7.74029417555148,25190.15284458834,113,17,malicious
22,486.55699598716774,14.89425861717064,39010,9,1.6806210807263833,2.987177296012889,3.333463938919922,968.3807828669386,8,6,benign
443,9681.58948842486,11.472190429031425,1220,8,3.468221210795001,30.425972027074792,4.662197473324781,6383.954061175529,11,6,benign
53,752.5877836910165,15.007124068515015,15718,13,1.1111279980434627,5.492589594475223,3.2889539673249413,2936.8437912647178,12,17,benign
53,3529.857694560335,8.275189834755151,23351,15,2.745777186206529,3.518002692933788,4.262136427994214,1120.86690332727,9,17,benign
443,7767.924922139694,17.48933371412109,12776,8,1.0962224933964755,23.883276450725624,4.2539459180333035,1605.4203850881408,11,6,benign
22,1110.057930641027,11.275435822191564,26789,9,5.450450091582601,7.576088945146285,3.4944402727935757,841.9089671530481,7,6,benign
3389,342716.17762052733,24.409752265682013,4629,175,0.0660353827433324,9.920176540581792,7.298212576119958,45044.72108690667,111,6,malicious
21,141214.82067906568,33.59317406406992,12368,173,0.08302981311125765,18.3132416537912,5.673132293741786,62968.267543471615,113,6,malicious
8080,2524.362441678295,8.936562634778314,6133,14,1.3278484723107902,35.79738198676934,4.248186838756963,8210.187478022426,6,6,benign
443,704.900859367566,14.250414729951663,23060,14,3.329004983238552,17.986825984451333,4.585543621799156,1348.1286006376167,10,6,benign
8080,5170.585224132354,14.011619904750095,65400,16,0.20111512039578253,7.506885181802053,4.6703115930058505,2041.5919219550985,13,6,benign
8080,3419.115710082147,12.383536884930894,16730,13,3.6769781324767496,49.95025348486672,2.296374038232515,6554.240420423643,9,6,benign
443,18279.239107967638,17.298903216652228,13036,13,1.017045801616274,11.920256432086846,3.001079744750903,4501.656106399866,9,6,benign
8080,5992.104820516713,8.730010298540304,6259,14,0.917366289528842,34.889923583735055,2.8847094932285953,2230.4235145126427,9,17,benign
443,7114.623213188973,11.41933138935832,63628,5,1.2648088596015006,32.788347126531605,4.537920028186862,3586.4375870334775,10,6,benign
22,1109.99952431041,14.440821490274407,16371,13,3.131509894890529,10.727402721538844,3.9233144147298273,240.7728256711788,13,17,benign
21,90628.51001959246,43.822721585296605,8285,167,0.011335628437235797,3.505221260010036,5.6424217678160895,4411.386094366459,130,6,malicious
8080,4075.3821419035994,18.354666502980262,23213,12,0.19901157640435946,6.976940543391388,3.067082523721588,910.0664412419466,10,6,benign
53,2586.170642843779,13.506500266682375,33466,11,0.01791291454251576,2.891400315033612,2.038401958763719,4490.22095914276,11,6,benign
4444,1739.2375045112303,29.9185340279706,22862,178,0.04742762223418091,2.5913424819083772,6.572183156274433,16501.491342267273,124,6,malicious
23,106601.77710935239,33.73963600368493,57745,177,0.008312181532667976,33.79730425900903,7.0001847629450635,39556.51829580789,127,6,malicious
8080,497.8951320164628,17.75492437995262,10538,7,1.062187402891689,2.276226019248685,3.3602738312996077,3251.066490712861,8,6,benign
8080,7776.867322536131,14.434710278320658,14390,20,0.23474379610220708,55.255894397350794,2.123409919258531,816.7136061761289,8,6,benign
53,12596.218615605234,17.708756533943543,35018,13,0.8551069127610753,4.8862690894206,4.6772521011765225,15859.534551688239,6,6,benign
1337,1246662.5164156042,36.95484540092594,48229,182,0.13385491067565672,9.203740084826094,6.553112373847256,38256.805555150524,114,17,malicious
4444,29514.81885809147,34.75722979035689,26182,178,0.05809484439131593,3.078015530173335,6.96921623045329,12504.421119800554,111,6,malicious
443,7918.1723299815485,15.909973883193452,46184,19,4.49336886389306,7.009181446963679,4.675402204060301,470.311143173773,7,17,benign
8080,15356.847280397134,9.775726875221466,23521,12,0.11208228521707334,13.710045536203154,3.6995661495043137,6968.054416928844,6,6,benign
80,35131.64922062792,39.275718923857404,20127,178,0.058840574093711205,37.15989424167664,7.604102268933184,858.2854632139063,123,6,malicious
22,286.16740734026604,15.658977316690702,41164,8,0.9187803826453197,42.802061290535185,3.345325940498342,2313.848496571377,12,17,benign
443,10256.33948815766,13.815989944020684,28303,11,1.262873993365659,0.8201649838307687,3.604845367330845,2220.632686409962,10,6,benign
443,4414.926635295625,11.74596592556141,14041,2,0.31435619139854293,11.383759241192157,2.394730604759896,1622.0125133832519,9,6,benign
1337,65776.20692230227,43.51313379634169,56183,178,0.00010962543754590494,2.193660848033506,5.825573621614695,1523.5820919360694,115,17,malicious
80,9338.91011056697,19.191947887020998,22906,15,0.34156286539861996,2.353164649510782,2.0588939992407567,3908.053971442721,6,17,benign
53,8058.042771037915,18.52613673849144,16039,14,0.8197711038302207,25.796189920441048,4.756961368055763,2032.0684967801571,6,6,benign
1337,5242.238663179226,41.5500312017286,27304,208,0.0635425752943378,5.920788423320008,6.172568888717809,10774.192338731347,130,6,malicious
3389,199553.86621653475,38.95187225693666,52405,174,0.05124693919765681,62.61070908641226,6.424997872591513,85030.95474924955,120,17,malicious
23,484933.7886860362,34.41378752083138,55841,178,0.11363835856592928,23.982303741528607,6.456663721235112,61910.55080641386,111,6,malicious
443,1916.2449636314213,13.40995432944996,42324,11,3.9077833195946496,11.877371488948251,3.761636595335364,333.16181165707314,13,6,benign
3389,119165.0529718849,24.53182158210518,6033,187,0.14194519572210293,0.5434179916815947,7.264258037475732,11425.134969280414,111,6,malicious
53,11129.67420851755,16.2102843602107,57875,11,0.1529118141862769,1.1248377134729197,4.592515610509402,2399.173469623793,13,6,benign
443,1441.7450647687572,20.023901128322898,51531,10,0.5228526008481543,13.944602111187464,3.72526080647695,18327.925277078637,11,6,benign
443,8729.376684076911,15.447829886294931,39252,15,1.243181442611506,27.494080828509087,4.338799579091603,4666.848423616445,9,6,benign
4444,225829.67000764457,35.866495100464135,49255,205,0.0076582381350566945,10.90216024211367,5.523131755796985,6017.227736855404,113,17,malicious
4444,250518.5735410854,42.19894840947158,49375,180,0.002516798228271769,30.881867505247726,7.015320096442437,68401.0018105137,115,6,malicious
8080,206.6889874610628,13.812654454351692,16873,13,2.263091259603812,7.706663885486106,2.342040090126571,5000.746635515741,9,17,benign
4444,110798.29118109826,33.01999117237415,35208,178,0.030515767119556034,37.97585836871009,7.120382739070314,55489.33332210485,138,17,malicious
3389,294850.24870391586,36.36221601606616,34734,182,0.2321960483742626,33.16126679064408,5.54169913700554,36393.07276769495,138,6,malicious
22,30.25943585558649,13.681860942107791,62140,10,3.9091627106804,14.854328899775497,4.0167103860726465,1821.8981170417821,8,6,benign
80,5286.77639010823,20.091030992643468,4218,7,0.31859666778587176,34.33043240446373,4.660651443788502,8677.050066985445,12,17,benign
22,3654.5510518429423,15.95641206116058,51338,12,1.8887134216805714,11.562400621758316,3.491479147774002,1348.9655728133864,15,17,benign
1337,509377.3065111733,35.91794018661378,32510,155,0.10071571327997747,1.63059393372685,7.458951763017981,16318.13200572752,118,6,malicious
23,40235.672313145165,37.11098737185791,39028,201,0.017732684140581947,20.195091258552438,5.545938321319598,13975.774485112779,121,6,malicious
8080,6104.223173750634,13.362538512252401,26762,12,3.249579043294272,15.45168360637454,4.655995701413229,1392.9176554097605,8,17,benign
8080,1223.3177385070346,13.805802795956838,40165,11,2.1300793112558676,17.074498416149844,3.246963656063721,2358.2897321989462,1,6,benign
80,1155.5137850178915,12.228580571996115,57627,12,0.7714184613527009,0.6337789724777675,3.4587168773016996,9857.156080253326,8,6,benign
3389,282422.01112528297,33.02630670525939,4560,183,0.002698202186582984,1.6083845658783797,7.584406062679765,95432.27148298747,117,17,malicious
8080,32.82579947674886,12.268306978102066,49632,16,0.7025069601139372,92.70994270777476,2.5376037548892785,2228.9707948463392,16,6,benign
4444,2905.96476087021,36.31897754760956,33904,189,0.042455139140347535,21.859854403544734,6.1378880419788535,17143.71822254018,128,6,malicious
80,964.9054573565629,14.774357954910492,61921,10,1.9744353182792165,9.4680414395199,3.6131910969194583,1245.1317163973065,7,6,benign
1337,6180.672835308082,35.16569688495651,27543,186,0.01571288214657072,16.646239731313557,5.536721052153996,66306.39427624803,119,6,malicious
8080,6314.175877767011,12.191396907630905,23444,18,0.38848158540701583,26.846558960945835,4.749193305996289,4801.002276257361,6,6,benign
8080,3502.6067928655675,19.03978007464192,16234,11,0.05193553905153173,36.0523490762165,2.758208312801656,3290.241753119971,3,17,benign
53,2522.1098424182296,19.806537896141236,46697,13,2.3922330453499283,29.336954857225845,4.164115475254429,600.6202667282796,10,6,benign
80,5066.831958802864,41.830950832354915,7202,173,0.06370229315857436,11.781116231992685,7.001298943516978,20507.298632804865,106,17,malicious
80,2031.5639255329804,15.155613773129389,49572,12,2.102177403588696,36.21021826844285,4.0995162054067595,643.6131213067238,9,6,benign
22,3179.95525065041,18.387160239958675,55562,12,0.17758863964298255,23.356753667975074,2.985002463863959,866.7951949387582,6,6,benign
443,31194.12158002084,18.863390015266226,45559,15,1.1392326215528468,1.156255658069283,4.471941480686143,1375.3408304345858,14,6,benign
80,3572.8708921821885,17.45198528274741,21791,11,0.7624453917008407,1.6287817025946,4.405078053301565,1689.3426345880823,7,6,benign
3389,145913.40662830212,36.07481805958715,18022,169,0.10955873615480645,19.79718295515259,7.493749479936905,3762.040879950819,111,6,malicious
8080,1164.338183042078,11.898788944637378,26521,9,3.8923120095883172,28.541422079555176,4.77370037362818,1578.4882853063057,13,6,benign
3389,9306.089478513904,28.79091703588224,21905,157,0.020419314813325387,8.7770834888985,5.629533195545938,15524.994869277172,133,6,malicious
3389,5210.749636023749,34.745450670608626,47609,158,0.14313987530354305,21.68275419001795,7.669767956286638,1261.04995635135,124,17,malicious
23,37622.71646010101,36.87467953475121,9192,189,0.05408304384815518,20.57733300146156,7.7726829461758244,294882.3083385875,130,6,malicious
53,4465.226885334774,14.954005066984527,10955,12,1.4438532430662796,9.610936934822046,3.0481762077510988,868.0039200661257,16,17,benign
443,3559.2550611611828,19.18914062414027,37609,7,6.097663570059122,7.770747774421192,3.4347387735210373,6875.288627741392,6,6,benign
22,9097.535936103475,13.070797198928094,16915,7,2.0434526921667913,1.16251162492681,2.4829315840554425,414.56975572787115,7,6,benign
3389,7027.940761227219,42.18860192403008,32997,191,0.040790380369450166,58.77011079619267,5.903928167746987,64948.28622893635,105,17,malicious
80,44755.95176896079,29.05529591495227,14881,171,0.18480305037919706,3.427644542743989,6.096841331256214,123848.10460860179,138,6,malicious
8080,9107.11144550168,13.34573884078976,26714,17,0.598512770053566,2.4243860796881833,3.5349438166701956,6493.280429614987,12,6,benign
80,1889.9370419929026,37.87772685736246,20852,187,0.2936979231760371,1.2647158727205912,7.4331194711697535,94837.51182294462,114,6,malicious
21,138290.36296807483,39.82160012187485,15285,191,0.024064070046212388,10.713351214545694,5.66139813576257,1623.5460844759345,119,6,malicious
4444,29569.82852361824,28.920962784939803,44641,202,0.06578788373477958,1.0489056077584367,7.12597422585367,11269.931675344536,143,6,malicious
443,14576.684199949152,12.69274713428998,45376,17,1.485817582637519,31.515022410808815,3.3602025829817292,1561.1345120030985,9,6,benign
443,4014.8182128496555,16.16994709979166,42830,8,0.4595774612324449,3.376169140930324,4.126907754867474,370.8531784318715,10,6,benign
53,8363.393994032629,15.124273861080344,46989,13,0.1990576164994835,37.360890504796714,2.2296543930583534,8115.070135048591,7,6,benign
80,3934.9071439903523,20.3742894792788,48889,9,1.0777845446009728,29.261245039243477,2.444821925843682,635.966294060471,6,6,benign
443,169.45854701566347,14.841818423415287,36650,9,1.0046287046528382,0.6102938156046416,4.314197300356831,1960.7651143307069,9,17,benign
80,15601.780895995187,16.11741741529058,42650,4,0.7828740172459572,12.86343946620383,4.016194901724498,2426.1985363403983,14,17,benign
53,8512.34886677782,15.304486410423044,28866,15,1.1382082816555479,3.0181786873108902,4.107173254941652,1240.1274124870035,5,6,benign
3389,8114.751565664634,24.83501504809209,21626,173,0.2506930783304037,2.196257261419097,6.4893867036843975,318.43844583527346,108,6,malicious
23,77642.20898162237,36.072701161581115,34815,167,0.027240640022769668,10.875916640649955,6.445857903211046,89900.41711680776,110,17,malicious
1337,241604.25979013107,30.97191522732649,8523,176,0.22670151156145266,3.177912282474837,7.358722741187183,75077.51039051249,117,6,malicious
80,3365.2170926263393,18.92097000528538,50677,9,1.8387127242800645,9.013749363251966,4.40025814630472,1826.3751209653296,13,6,benign
443,6378.895862983669,17.241828496837826,13946,9,3.0060293721312346,0.8120912484654552,3.1725410714910263,6528.7792549851665,6,6,benign
3389,234997.9632037838,45.0690540548184,34622,168,0.0838752951968625,9.539069917321454,6.6376759187379015,45049.70842063118,117,6,malicious
8080,1235.0106740898789,13.980096311640722,38066,11,1.768665625717494,2.8021149281600364,3.219742913216933,796.0474123191793,9,6,benign
1337,234386.1119266021,35.80429320451288,47841,179,0.1098289426298599,1.848257834069412,5.812502120964824,3650.282358199173,103,6,malicious
3389,14950.943341555074,35.821445774222866,50908,191,0.3962195693465684,1.3085431315150422,6.296778253475129,2034.0356145118265,110,17,malicious
4444,33727.06887727162,26.68666950102115,8813,198,0.22809004960700205,15.246191031466882,5.789563427432616,6490.471566751056,114,6,malicious
53,1377.9236366098382,14.826301243977463,50134,14,5.469303155269991,1.0018321487611426,4.095841898867125,764.5249843766919,13,6,benign
23,860.4590528411765,31.75368356123215,25008,186,0.004511450784386757,13.091160099397575,6.694370824682098,24156.656138247436,130,6,malicious
23,703.535644346118,38.68134770196764,35656,180,0.07429356031200578,1.2297284722943767,6.7999238723971835,16067.449127696698,112,6,malicious
80,8531.12860264142,11.178943215894446,35086,8,1.172926810211663,10.163898594434384,4.945227414308596,183.2987622234472,14,6,benign
3389,302697.30374418135,41.47501894629504,29056,159,0.16564244160304692,3.9154066198794024,5.538971495383498,54686.23760825339,125,6,malicious
22,8303.458816451955,12.988636165604152,36388,10,2.0789644263536204,2.289235050572155,4.622979458459676,1970.8712774245844,8,6,benign
80,10498.304995384782,18.484010747705497,24422,12,3.5516537618871094,48.449189280432904,3.7729251169361984,6738.675997755414,19,6,benign
23,450188.9988728664,40.96641510763942,62985,173,0.1170196701357572,6.425510937521717,6.6719302549035095,3926.193873942854,109,6,malicious
3389,282259.2989570298,34.27284471009553,41876,203,0.2233848292247063,5.876777601264237,5.699319540783021,11820.046784622891,121,6,malicious
22,2733.355276834807,19.935006280056374,32546,5,2.142465918335534,53.57746585752461,3.0570867449105674,722.5850557165821,6,6,benign
80,3695.730294974114,19.116835984599263,7601,11,0.5085284485622434,21.05396991714266,4.472129768405581,162.78199137467575,7,6,benign
8080,270.2328049114125,19.55787848365717,13985,11,0.46465687628975716,13.6024113048594,4.116557225065474,1960.7780809622536,11,6,benign
53,10748.89376242208,13.790418968570322,30440,8,0.28133341541901075,3.284274701851222,2.4216292535862878,3160.8355976637404,11,17,benign
443,756.2704922595956,16.0489470233599,5834,10,0.12071744306848542,14.69425475290604,2.0021169314653062,528.4196706060185,15,6,benign
23,211826.94756170746,39.644102341700176,26287,180,0.10109812318830701,23.6719080264147,5.592791391280155,43827.36915844364,138,6,malicious
80,63389.512168104404,31.640549649905083,60341,186,0.17173258042509484,30.023759882076945,6.609331409685931,113455.0142869525,121,6,malicious
53,615.9296551384326,15.220989255688846,4717,20,0.7618865652986226,30.13593523323955,3.9965514747489417,347.0583826253527,14,6,benign
443,12739.45177463594,19.6392395804657,36419,17,2.2370247228598985,1.4705915695166751,3.975229651827922,2000.9894879545075,14,6,benign
8080,17538.40262135215,11.468027255689424,13129,9,0.05448208942585411,4.9356634541638265,4.091089345080539,181.9734135415842,5,6,benign
80,10019.698243660283,18.50285153209077,19695,20,0.6022402268937384,9.836518291053906,2.814340379539585,224.03060517915168,15,17,benign
21,174335.78265977796,28.891115991501096,1673,182,0.03160625341174987,9.645085227424586,7.480181166779551,83472.94008071067,111,6,malicious
80,68865.92203656909,30.19007140216838,63590,160,0.36323148189077503,10.000914975123978,5.506135780466793,51937.38078687218,131,17,malicious
1337,40624.12565313608,39.05887431927802,14750,188,0.06761094641685148,41.614252586604835,7.6974298540802675,24272.640612946823,139,17,malicious
8080,7394.239835578783,11.624326018380007,44657,8,5.295889952351317,7.61821650481678,4.59740981518009,126.86346251419586,8,6,benign
22,1684.1811521149737,14.566290392160157,58995,15,1.68367785387285,25.260295254413542,4.718024740088345,1309.8415210952362,6,6,benign
80,280613.22817640554,38.578204532664486,49021,190,0.05698705964339232,9.707347959254776,6.3578596174004325,54296.971134685904,116,6,malicious
8080,9012.984989880339,18.954941879272653,28016,13,0.2666721578381761,8.576287207717568,2.223804738888381,2188.631581499494,12,17,benign
22,1352.1275998954754,14.038354427851806,39690,10,0.017088671123434266,43.182492532871386,4.979109996942052,3398.319581173761,8,6,benign
80,70369.64428994489,29.819414745253127,64003,168,0.026268411343489423,5.328363799532448,6.263689412845082,1825.2568784758735,111,6,malicious
4444,49714.666286481595,36.3402715207788,32470,190,0.148043653767988,5.356772624598756,6.475264368668935,17250.6787578661,128,6,malicious
80,1210.0211502509726,12.540317474984686,62185,12,0.3799659199066779,27.8644507251695,3.042178934152436,8204.17519370501,6,17,benign
8080,4459.361848722712,12.925562186079464,12392,12,0.028602979239201843,8.872093900767794,3.828541303069386,93.94789020362356,7,6,benign
3389,2567.1131013026657,32.70259550314707,11722,181,0.11343056582791614,14.125234595991516,7.772777749598248,20284.928444504774,122,6,malicious
1337,166019.2672747198,30.034683978789616,22660,194,0.2411087278883128,1.0389527248319614,5.714642993377926,1813.6278376645744,119,17,malicious
1337,29954.54500033813,43.51245052374922,57749,167,0.15467862241691602,11.126163206309926,6.998633178682434,53981.74606204139,128,6,malicious
1337,478627.05608727376,34.67794106295011,13222,186,0.1179680958606487,11.786523670604312,5.804467774955215,59580.41601697919,121,6,malicious
3389,128705.66738579037,35.85218907835546,58792,203,0.04671905458656313,14.765639413637897,7.518433999343407,18364.635577843983,126,6,malicious
21,20311.09877784951,33.20847578628879,13706,177,0.13183900456915706,1.3312377671805553,6.36987735204495,1507.1416337723454,110,6,malicious
1337,8123.822425139781,33.062270622883524,25273,167,0.006321314348281001,29.730557701710673,5.797771034151088,39610.77883669259,126,6,malicious
22,7390.593072670966,16.163911691779333,65290,12,0.6239255075042484,8.172890234974062,2.033442676363258,2798.384083443004,13,17,benign
8080,7627.958971257301,15.421757227955068,34863,12,2.0003298442931685,5.2667805148001925,2.7079863546737983,7192.744277103187,8,6,benign
53,6526.729590232393,20.439002524334512,61561,12,1.4559351168914807,12.86833928613643,4.540421996367899,3921.0567861872255,15,6,benign
22,11439.720198230287,13.811780076710418,4039,14,1.8254519860476068,11.755351391533331,4.790861756997597,397.4045835208155,6,6,benign
53,3413.0940870891245,18.138062811704234,21240,13,2.6601595622819123,3.1009173543565263,4.438601404750218,105.58661533506299,12,6,benign
1337,214398.7789726532,29.899507808481253,47924,182,0.09997287915651723,5.463326886713728,7.109748972519411,26538.418765424292,103,6,malicious
8080,56.37442862008014,18.245419780533727,3384,7,0.09477909204787865,17.651926818842945,2.5862694043246246,3182.074788812589,7,6,benign
23,300555.7873091318,18.160033611816907,4519,173,0.14681906697417416,3.5540958637427607,5.53163617909485,91903.51546451452,135,6,malicious
80,208661.1427108201,43.89805543706334,40673,176,0.01281018515993477,9.563973359724645,7.029073637382938,43913.97000952964,111,6,malicious
53,9205.240480694498,11.969402888579179,3323,14,0.35315641767221767,31.04716402437093,2.981857189557039,1300.4133285149162,12,17,benign
53,4430.828707451206,16.7094079202773,48432,12,0.271648017127448,0.38647952392239404,3.483283800181351,569.4339220556581,12,6,benign
3389,156514.3750131293,44.083541833204315,55229,188,0.05422230622027528,27.381443366083424,7.905821940328603,3797.670880011484,119,6,malicious
53,813.3604288414284,15.484644751282682,62268,13,2.2940048127162966,30.0448270194881,2.1108346465287413,2035.7079097591613,10,6,benign
443,277.36912856623127,9.478425418871318,11315,8,0.2145656484093842,19.118681336216444,4.196346147445787,58.78218549890817,7,6,benign
443,1477.7434780591384,20.64013440421347,37531,9,0.5605612417713461,13.84782354499994,2.315225749316897,4377.166728703028,16,6,benign
53,818.3594892951606,14.304968524786531,33729,5,1.8569472366281272,9.29838987775282,2.8268713640086935,774.4780339724822,10,6,benign
21,6628.459186166005,39.30540176110979,46322,158,0.26553996709243366,16.480430602920077,5.945406514401544,49563.10266801438,127,6,malicious
80,18849.865013903396,43.97409385078245,62540,178,0.027491083913999573,24.644268720651674,6.508564409534853,9086.96385372259,112,6,malicious
22,2453.9493807800295,12.519825887540946,31734,11,0.6865472376899086,3.993078833064293,3.630082895148039,7131.221483054932,3,6,benign
80,63269.01752724695,43.146920775344505,52521,191,0.0024002262615005045,36.07985293501506,5.670693063310292,21638.73008080008,117,17,malicious
8080,3977.202776596135,15.039489616608332,54605,13,0.3317063056109352,5.0380395090344665,4.360522573139339,2378.6933475985466,7,6,benign
8080,5337.961650107664,11.853154444424614,25412,9,0.36475617068424154,0.20512986809229017,3.151406397597509,2750.244314450981,11,6,benign
1337,47033.073110699,35.27324640589097,55458,173,0.28190325030979013,17.526410263009257,6.526836342306034,3046.950646415868,127,6,malicious
3389,47712.17916439169,43.31810253549888,58721,185,0.04074251499389386,37.38099037599232,5.860300598833573,36549.93935622173,132,6,malicious
8080,6082.378069868827,14.700101879873746,28680,12,2.035265760751658,30.315641410992363,4.072236403242602,917.149179408576,11,17,benign
21,288457.64675255265,34.90108719965381,60678,179,0.0061147892362819305,3.1667115711500458,6.003965157937181,104333.77468198283,112,6,malicious
80,215152.79213043337,31.477114529278886,22840,193,0.000916442046026304,45.68209580311721,7.106189717491742,17061.81076716309,111,6,malicious
4444,322770.52492540085,36.349257025030425,33827,173,0.013008646814030807,42.30221119216897,7.533375843349167,76747.62267888624,103,6,malicious
21,693432.3851375205,36.84099639734975,64546,175,0.06966877865998253,15.868419632978803,6.94983561215461,27299.02601590195,103,6,malicious
22,11449.777812551545,13.947322638457415,51981,10,5.055486485145657,4.427296025121674,4.841568575869784,916.4812660149587,10,6,benign
80,176895.97041621796,39.17136355646605,16765,171,0.03607609129292162,8.130692387607294,5.5642079570459995,1375.987827058415,114,17,malicious
443,4596.271297809276,18.929927353493476,63049,17,0.4689382416128692,11.50127135714959,2.7139895840597617,1844.0807563506114,7,6,benign
443,4805.280734254912,16.396660553197826,8690,12,0.6509658367318844,11.230275735440038,3.982115960315266,907.6461066174206,13,17,benign
3389,38591.51279773751,27.18330721959734,59122,167,0.13642019418581414,12.997597595637988,7.482010766617648,41365.90339360124,111,6,malicious
23,64607.18069895532,45.825154377904994,1104,182,0.008792597622920714,4.436767861949939,6.825280544532711,27652.00391087637,106,6,malicious
22,5924.391100900509,18.281890788971488,50505,18,1.3747139682314509,3.1785350296504036,3.0649354339784076,932.896595481557,11,6,benign
53,12047.085484002917,18.13304935117342,23711,9,0.040132744900379075,55.114735046209134,2.9037801693430456,3283.2056951169616,10,6,benign
21,7253.820073844505,37.56609690070476,20887,208,0.007420397253544295,1.9660712752694112,7.426074055201104,113409.9918357782,116,6,malicious
21,7200.053091135204,28.800169592310993,50982,186,0.024427789388785825,5.89290716144035,6.5365746705945815,5031.509148150424,140,6,malicious
23,256257.05565860713,34.63540819653253,49747,176,0.025522216266455216,52.82309559965087,6.51484933954888,123787.26395026254,119,17,malicious
3389,10945.619820063153,35.769040413847996,49185,204,0.08464405336980634,19.19026364437179,6.670063567476333,43592.76995610549,117,6,malicious
23,286312.597261862,45.665825869510115,20734,202,0.12157731406557876,12.40823042807068,5.764093318120684,36085.488172565085,120,6,malicious
3389,387783.5193404212,41.461696554114866,44454,183,0.08168067226009253,0.20841893316252819,7.30267522916794,70000.0711244833,111,6,malicious
3389,3618.8733455110014,27.44373930495464,30119,160,0.04747844065014383,30.795262553114583,6.109882651290616,33612.844405362695,113,17,malicious
4444,37270.514426233836,19.707873064299886,44174,172,0.023071126943782036,21.629693244018103,7.963442157128308,23801.19112610107,135,17,malicious
1337,3519.4572921305,36.79636697171698,31920,176,0.21151984724111839,1.5963044292395463,6.3578347844247345,279689.6061967017,120,6,malicious
80,11343.272107627057,38.680084391927366,32827,175,0.01600076207979722,24.89377971492419,6.305837899113514,82929.54829412905,132,6,malicious
1337,114558.84595248982,35.26927127260242,22157,180,0.11729315654868709,4.556488168835758,7.215598256477892,57203.19293057165,133,6,malicious
21,196491.1382573037,33.32877961796227,16359,152,0.013660618270980234,24.833094204095485,7.360713143435036,222291.33301947243,108,17,malicious
1337,97937.23289884989,32.873235854407845,3470,176,0.043972496837040555,27.75165162770283,7.094453614295061,3268.3142682606267,111,6,malicious
80,73150.5610458276,28.376307926935745,5118,188,0.02868767823655274,8.526890105737145,6.764949478350342,55511.85463051192,115,17,malicious
443,1477.5426627977267,13.931792306150442,8715,11,1.062910718683329,1.2512940543167026,3.798812641101952,8408.095762013003,5,6,benign
23,40491.274696978566,28.993295714970408,6396,181,0.029224613837181335,12.31521173390478,6.024875721315661,58024.850984678415,122,6,malicious
53,2827.9585526632577,16.460237009406054,12689,14,3.9623634225853,12.09667924844869,4.640636973996062,6077.2625486711195,9,6,benign
443,9628.314678198563,11.274991734115817,8974,6,3.5747642184103015,24.503184314923434,2.0833058341028297,2982.30737258567,13,6,benign
4444,77770.7624003086,36.06570641627065,1413,171,0.020415080196658966,1.455927418377341,6.470412994440361,8372.53497422289,127,6,malicious
53,4037.7074890286985,13.909407960610087,55996,13,0.769910096385297,18.023629034351625,3.4314571695891707,5918.127892999253,5,6,benign
23,8028.926860565878,36.24637710475349,35079,178,0.08397651407291429,27.832619830185685,6.978163967707367,127465.10652365386,137,6,malicious
21,265098.62738891173,39.844668745300936,16760,187,0.06460200104865589,11.252021927136969,7.828331392474096,30005.390738320442,115,6,malicious
23,62027.7577716412,35.16792546918636,62061,194,0.044229246802833196,5.604066296828829,5.896991290794865,8320.383285046191,129,6,malicious
80,2840.0763031357646,14.826471127519461,47921,17,7.65188987601832,4.220361932937364,3.7203998482150817,3535.582421221442,11,6,benign
53,5116.783955749157,18.566072084983098,5009,13,1.2669776682279046,5.647673095394716,2.444892794788439,2151.1836890360937,13,6,benign
8080,6844.064483886486,19.183861078266098,16361,13,3.435801560734963,33.82844058413849,4.547176206348535,8115.425499440805,6,17,benign
53,368.9943939172885,18.47193378028355,28894,13,1.9765998754309542,17.93093041626019,3.031070070031444,1230.037740772514,4,6,benign
22,5599.992908062568,17.597510462442468,45156,13,3.156004894297938,16.398437288764825,3.4765851176799614,3563.2990792462647,10,6,benign
21,120369.3913755854,28.858734184396784,64322,155,0.12436875816787644,1.1058775508880707,7.208186524669943,54686.059669903574,119,6,malicious
80,1047.1149201330506,15.18048414775197,53911,13,1.5409090004018564,14.238896338472099,3.944428423403403,3427.5961975746477,9,6,benign
80,234924.27579687268,34.72706085273398,32606,192,0.19310072047769591,29.453383677270295,6.801336883281543,86878.80951225979,102,6,malicious
3389,221451.4313597022,32.68156887326709,51674,153,0.10546398352537675,3.1892502058192154,6.072168135987364,8654.006778964766,122,6,malicious
21,1910.4277425173752,45.54820698747364,36823,189,0.683722364981023,4.509553765769622,7.474188600806041,9468.633565985028,122,6,malicious
21,24671.399211693533,33.45335073302816,31399,171,0.06378573125076464,55.50490923047272,7.824454940779385,53106.59135796474,119,6,malicious
8080,174.66122614639792,11.728741426481262,46970,11,0.3275336053351203,11.842643831989205,2.2951931663483367,5476.349591797674,10,17,benign
8080,9581.043794311516,14.170361901563831,55959,8,2.928813437344327,18.5314248257374,4.289444301291253,101.53728141000319,8,6,benign
21,39145.883601747184,30.025590633725052,58039,181,0.006732099816351743,6.181053521611462,7.991768728778288,39460.097352651144,115,6,malicious
1337,58465.94017885754,19.65227823922392,11252,185,0.1305493783172875,4.720831475617005,6.06747172468732,3144.1363543742928,107,17,malicious
4444,93006.81690048783,40.27019547195662,41260,178,0.17377721319880823,0.8144211746704724,7.998771099196899,59808.86600499473,110,17,malicious
1337,133577.1618592493,44.671497416543716,54155,212,0.0475668799671172,3.4794092272311463,6.776278556685491,50674.0854374437,123,6,malicious
3389,348106.93948686303,30.793111232727213,11430,187,0.012894059656823229,15.369261874337004,6.8372745670940756,8331.933420169047,122,17,malicious
22,5255.448493692169,14.1579333833335,18650,12,0.7948832679272213,5.588502292486654,3.1023460450622986,667.4188218182234,5,6,benign
8080,5571.812133750292,11.877994704712787,20892,11,0.4718519469160192,2.480012960591352,3.5874414033427815,605.0948964282065,12,17,benign
80,4033.7719154235733,10.72622624009048,40315,11,0.8486378034246596,1.3900049588595562,2.9145141898335134,486.2295954651445,14,17,benign
3389,268157.34016001766,36.74250324563396,59392,166,0.014925741323585413,29.74169267784598,6.664120701118948,16917.754007639065,112,6,malicious
80,2001.3425388021712,16.39835701796002,29824,14,0.5211751381630652,9.937882249063907,4.501228140051481,179.77610335596654,10,17,benign
80,3251.983004389446,15.344409357630335,14967,7,4.8727358189760785,7.283372091483324,4.192030371203732,30.19078253305729,9,6,benign
23,429895.3323996143,27.18345118736866,63140,199,0.13910535790195236,3.2224438151590187,7.297271601374083,140917.13573201883,125,6,malicious
53,6306.013751548087,15.89922610816383,26251,8,0.11499084160570217,9.833820886812777,3.163316459852901,2451.5735326385225,13,6,benign
8080,4132.93907249648,16.54358898751506,56899,15,1.7534912278334256,37.541160278576704,2.546960678186005,892.718772393658,11,17,benign
80,230613.71801566306,36.232117113082296,36422,143,0.18344077435100203,7.501866161933932,6.094416055395131,1008.9514998734049,121,6,malicious
1337,6397.715447648328,18.265061855877043,26860,160,0.033440870824255266,1.073949888156366,6.353512410500482,32893.889759793135,110,17,malicious
21,358.42448538328773,25.032817348341602,21167,183,0.05023875601413147,21.49735488587032,6.554618956086101,16488.837653782757,141,6,malicious
80,28.802948848381337,11.057365659326202,47143,11,0.056216523923153974,3.923691821803846,2.5725424284942826,1922.8922168262595,5,17,benign
3389,93134.70741960917,26.505815352846312,55950,179,0.02589393588380746,18.655360897757134,7.259541053295297,42823.680333476215,117,6,malicious
21,118559.94846226361,34.74153715163051,54937,188,0.09423772205230221,20.33418992287978,7.6962742274801705,5449.421455256439,118,17,malicious
1337,71286.08112983756,33.11366343809139,65206,183,0.01471667999797849,24.5779126623217,7.203839943247249,46871.28732770403,121,6,malicious
1337,20682.195508038443,28.020764993597844,17816,175,0.06466634455995773,3.676761658080144,5.799686342079285,116041.32685842123,115,17,malicious
80,2361.542933675911,12.741553904217701,15198,13,2.2957144439869595,2.498986150079465,4.089709747545897,509.559766206235,9,6,benign
21,258749.0275760168,46.76711956559184,25464,198,0.02835208650286835,5.876690968633299,7.11648436965337,183565.74782047566,132,17,malicious
80,61355.46164251766,35.66453930546447,21161,168,0.015461054201168476,17.307008760617812,6.681572823432956,42200.13022390742,117,6,malicious
3389,134584.88019369508,34.0240031626455,44568,184,0.1661406321606366,44.62135071729311,5.799849878489365,12608.183761460046,105,17,malicious
22,2360.281155365081,22.09516932966762,4632,8,0.25146671388949815,16.714160536948164,4.516906469615778,8005.454300956539,14,6,benign
1337,197759.97536471096,30.5381571608116,60312,204,0.19087071210891476,59.52370532283972,6.381915572254889,31698.897710474404,107,17,malicious
23,100410.80574686629,30.999465356086144,18192,180,0.10291090923419986,14.623610336699857,7.559673129549282,4362.7577038351465,121,6,malicious
53,6782.402533045493,18.53417016654709,13642,12,0.6858760249480932,49.28614970934487,3.7781281087460967,4081.384027601655,8,17,benign
1337,346152.0508533183,42.960633007761395,13076,203,0.18170038948899586,19.315406931781688,7.816271685924635,116724.18203975153,127,6,malicious
8080,612.6685688725416,18.769965463672825,22457,13,1.6982988127570948,6.276219907455443,2.4639741811000633,2642.7644073893707,11,6,benign
8080,858.2311100741,17.407226586274575,58127,14,1.5274606549163208,17.116484415356517,2.0607568770683766,679.0877781761407,9,17,benign
3389,222935.97326893642,25.842795025942884,64366,176,0.1132105851806255,2.892293834459586,7.487071440755222,871.0466894062763,145,17,malicious
80,153.70545759731252,15.496749998921135,63712,10,2.0736582841484807,8.061495180771852,2.986353768400785,687.9602658928542,10,6,benign
4444,340062.26926723914,43.85187322357892,23525,178,0.14111116781497093,6.380607422701733,6.0460479856846705,4400.18347008715,130,6,malicious
443,884.849074523137,8.636182048044997,48518,14,0.538910578079325,23.896931324340947,4.30124584541235,1741.1858755930357,8,17,benign
1337,311330.1568368748,28.730453424278465,60746,179,0.10373252042550896,29.341252857018073,5.652987410317074,18446.41661156681,124,17,malicious
80,235695.26973168773,22.370671150336673,5508,170,0.06417052161979989,21.24506166219308,7.7912990436202065,109873.85190049149,131,6,malicious
8080,14166.638466587376,15.019730820593303,46689,9,2.1370584785226265,27.44532924363951,2.4653402701621467,8829.338058543915,8,6,benign
80,16675.059863213268,18.395237774976067,33358,11,1.1178454222927476,1.2091653767140593,3.4593287369107495,3998.554584903994,10,6,benign
4444,118116.60401276847,32.7249998027519,19864,141,0.19431782161591482,27.197415734901828,7.83558603095939,21073.176114915408,118,6,malicious
23,32340.19080419221,40.16371105944139,38272,181,0.07938139828677887,3.6938045501791077,7.449107666826071,117235.2744970048,129,6,malicious
21,502677.2398613073,28.21678351803397,55229,163,0.06303015922503298,21.51469271535754,7.855262462459903,55052.24579141589,113,6,malicious
8080,2040.0835959365927,14.618068173226462,35831,14,0.22182864505650363,9.940894609595532,2.6698353988025767,6427.913375641931,12,6,benign
4444,136038.7491063395,27.097056888023094,12448,156,0.14126558203481648,4.249782466871394,6.374293240237007,5550.546062515277,130,6,malicious
23,251788.95459114044,40.25817314799825,52173,178,0.0010418535104481515,23.14430980788607,7.791673958781212,6489.326778748285,130,6,malicious
443,17385.942256880237,15.648480635631437,21166,15,0.15070515790142625,0.38374599929809433,4.496293252742358,9401.747746972504,9,6,benign
80,9322.778765576286,36.678832980945444,38715,185,0.04594903622670873,69.29086404191013,6.070631757380285,18582.00898891915,118,6,malicious
22,2528.646943581315,16.97480800060514,4138,13,0.09187167887107824,10.820680602061877,3.467168166040547,2383.46586273934,7,17,benign
21,600026.1327944088,24.278296436816106,50820,175,0.2451181140307245,8.2664001790205,7.151208516983486,179007.36738432306,128,6,malicious
443,6515.118842722561,14.876405265296755,26457,15,4.750133061830122,12.385617014357683,4.544649100284648,2450.6031796260627,6,17,benign
4444,393511.2004958857,37.11325363085995,16230,179,0.28075058158042465,32.40906974432592,6.684436188986372,11898.366336861733,122,17,malicious
22,12818.330845171753,12.522622105595143,48149,15,5.053070290750172,5.000669042682353,4.173466790379597,4201.131376684762,7,6,benign
80,2660.3877765208504,15.39080224878051,37566,13,2.12846083939191,4.3418661026471606,2.7442715658601715,13357.243172370734,3,6,benign
8080,5915.333472032812,18.423691956577564,43777,11,0.29731882838135926,19.64882545394142,4.503848734753433,243.68348478488141,5,17,benign
8080,6177.918191545746,14.939684662844574,16738,11,1.224371894148573,8.525439517892474,2.941550787362482,400.6315766502371,6,6,benign
8080,4982.301164188094,15.452994563033034,55397,12,1.9015468291396778,10.294444360604588,2.1228755403950905,2634.189716691638,8,17,benign
443,1970.9491190627734,13.574530029154435,3586,6,1.3487676011627674,10.02490035326213,2.141901415850941,4296.148467845483,10,6,benign
1337,47104.319050356135,36.24696087313761,38912,165,0.04356530605176337,24.448182028289878,5.704581307187382,66193.88402231887,118,6,malicious
8080,7324.46547174351,15.871689198094511,19425,14,0.6012863314170744,3.7484301508649915,4.6839699908091195,2211.578934969804,6,17,benign
4444,140619.5709987746,30.774363323856207,13032,209,0.048811894069194714,5.581685408141424,6.58993426962176,48714.34006878806,122,6,malicious
53,2731.9852977792625,9.928699362700925,51338,11,2.822140141740092,9.480996473484051,4.914091090770222,3169.298186141763,9,6,benign
80,54.21073995504191,12.134186859398872,59133,19,2.9001249194941163,1.7300311004059106,4.742539855696267,1942.613231890045,10,6,benign
443,9271.717621052963,15.300758302891223,45794,13,0.7247958560939526,4.334885922465807,4.151286755475779,2511.0165997922218,7,17,benign
4444,72411.83198125086,47.90539956431444,20594,170,0.0201640985488229,23.563120958381802,7.192405338804119,21472.948082291165,143,6,malicious
21,40968.34942539165,40.33580846337224,53188,177,0.05018045297078693,11.422894895930217,6.008571844940208,78669.38676998793,120,6,malicious
8080,2649.201770150279,9.802988383719129,51036,11,3.0612593914357724,14.308092696056926,2.655958121764857,5315.913441306009,10,6,benign
22,5668.181668668412,18.089923488598224,40976,12,1.647800046873367,6.130730728478078,2.839791945000078,2685.2997507749856,17,17,benign
3389,176271.97063402366,28.195584966820157,15082,190,0.004159099144377108,13.774779393075839,5.635411723034705,14860.543559146541,137,6,malicious
8080,990.6485477522473,15.058940922455703,32640,12,0.679146783522349,6.6569797467097755,2.572637560052374,3919.522503935518,10,6,benign
4444,119830.7733826683,37.01941907870761,12192,188,0.18981004669245372,4.8011893820508655,7.031128764459447,1365.847433670629,127,17,malicious
21,221066.67260346308,24.63953000302386,65197,178,0.0564068298786454,6.617195153090006,6.009452172669006,113730.40315780458,110,6,malicious
80,46500.420046059575,39.87887769034916,1437,191,0.008168317814883329,39.026448003177606,5.620279520300657,61193.73179448231,114,6,malicious
22,1092.2712770711616,18.625482615572782,5964,15,0.5679064626941478,13.041568375003582,2.509818341266821,264.71015135149054,7,6,benign
80,3036.171431369753,17.204396606222453,45619,12,0.5716080388072022,8.553973331640815,3.094002732627181,1566.00782270111,7,17,benign
80,8296.334325402499,25.603071592335134,26732,170,0.11178040502783908,22.705448315330568,7.819035910458296,25081.362482866178,118,6,malicious
53,7956.051959357354,13.474437450256184,50824,15,1.619865336792705,1.6823584768938926,2.403671165860567,559.0101261956978,10,6,benign
53,1084.1400904832624,9.000315250836989,41716,6,1.099296243307522,12.262664665397919,3.6792688824662205,2758.0406532548827,9,6,benign
4444,209304.34860305872,30.967731057316836,58567,174,0.030873090364856026,5.356170589499924,7.93805145661219,61746.18955604444,110,17,malicious
80,506.66598614993023,20.358883290830917,14666,16,0.8249666098804455,6.520826419855202,2.6118556594189895,6351.910772482043,17,6,benign
23,82381.30542986024,34.352751303145254,45442,173,0.0015758024888714896,11.818525121068582,5.953562681360385,139793.12216225683,122,6,malicious
3389,167359.6991774051,31.988996766643623,1455,182,0.08969489789526483,19.02917206072487,7.576331346741897,14448.462715723612,110,6,malicious
80,2663.088635676632,15.755338357041927,17177,9,0.007442641417126022,29.10992410339726,2.783187451619217,3501.9158972052437,13,6,benign
22,16522.28803411145,13.071928773321213,26451,14,0.5332819737049959,92.66863371216827,3.8349076668906683,366.23826549054166,12,6,benign
80,4985.328899654957,10.859249088648568,59700,11,3.8985488413289637,5.803802096478291,2.743437823942065,745.5685085350879,14,6,benign
80,7066.31331221173,11.520326175342685,15755,16,2.5951904096182625,5.993348025418607,4.779921606355206,10034.122062432516,5,6,benign
53,3565.2984802389833,14.300421201552554,28737,7,1.4950980750552971,71.25015477966467,2.1356066583017044,21182.29613762777,7,6,benign
80,2808.470833323881,14.111463096681412,17362,18,2.6431072946431353,8.17219035214609,3.482432158261964,66.41588747603704,4,6,benign
53,442.3950590696863,11.056130255246156,22720,5,1.1722250248860044,11.861842305419904,2.980488186060873,4316.562614153434,9,6,benign
21,58088.19664239139,30.460662828258872,63836,161,0.0204979571430856,17.90522943270553,6.106950497974777,169683.76453344204,118,17,malicious
80,39497.04690872794,33.11492707813613,49686,196,0.011835949842918247,24.973612485226795,6.294650367569386,61302.0980981818,125,6,malicious
1337,65120.132124401614,40.305283458796595,60143,178,0.0174641123470453,11.964029681339554,6.1105069888927215,13190.373059160951,115,6,malicious
53,20917.465865994775,16.741822769653893,36101,18,0.10056665235863398,4.320699334779228,4.200504420334385,2686.39983001768,12,6,benign
1337,239689.01247320574,36.03510016159508,42666,172,0.11703828484279266,1.7924931500908106,6.0426010235673004,55054.90531888478,118,6,malicious
80,64788.04681335533,37.63585970814242,14049,182,0.2600542800955737,22.38015803734188,6.185281734504094,127192.1836220369,113,6,malicious
80,1688.5915749093358,9.85369093984044,31080,16,0.5860700488751455,1.347632515283154,2.1780705195771386,15712.468736014678,7,17,benign
21,69940.87256643266,46.90183783826937,47826,149,0.01305574746051195,3.1611271178482157,6.023161751919587,28273.485463594767,121,6,malicious
8080,538.6445904702985,11.091010585742342,44767,10,1.626543676882736,3.4670076913100987,3.3539891804815327,15.293905180457521,9,6,benign
22,4355.827403574778,14.864722379766746,11474,16,0.3693161915063188,0.533008168327869,3.2615547573264307,821.579008221504,13,17,benign
53,360.3691521791362,14.138310925253618,25146,14,1.5330479685077965,28.477071193797247,3.2915538496975945,2280.713567453792,9,6,benign
22,2960.4570135754752,12.525225729483566,16748,11,2.63822544593956,25.008538953927903,4.084419989843044,4600.279982489734,10,6,benign
53,4175.8556652923935,25.45347164573046,36476,13,3.1458067251795514,4.722805383609532,3.3438108445047052,363.31887278301195,9,6,benign
443,1295.051605800791,11.64590692636376,10589,9,4.47958306775003,23.239102200661577,4.933236962381603,2472.518115057137,13,6,benign
80,7468.157442241895,13.17688827543154,36960,9,0.074462251851175,7.0446529924867844,4.041036287771159,764.830830601473,12,17,benign
22,5617.307018273095,18.227368472734472,19132,8,0.25794675649679333,1.3338679992374802,3.817469396793976,1562.4188742753447,7,17,benign
22,800.0523262106548,14.601681258671032,13993,10,0.2797452962687209,10.850657371335545,2.4725624766567558,8336.181336865315,11,6,benign
22,20576.97431517975,14.829835818693297,55406,8,0.4112971285505576,4.714227727839344,2.713552506708173,1334.0718481064323,10,6,benign
21,99883.66163534242,34.118983234305574,7526,191,0.03694689042938228,1.616157274902271,7.502238479119756,11843.345863443557,135,6,malicious
443,133.8663522261762,18.70098914921111,43200,7,0.8091739514571452,4.188890246225876,3.1351084390741866,628.5630264458596,7,6,benign
4444,44641.358865472095,36.12455086388254,53503,187,0.2520761248534995,4.632569064737975,6.282794251740487,6966.386713907457,100,6,malicious
8080,19390.709671893754,11.437501609102098,38167,14,5.517950759870709,12.256269075428138,3.2858540447039046,7391.865338076672,10,6,benign
80,11629.749536744204,13.283218090795751,31994,19,0.15983405329585434,14.056442185726821,4.615476755025196,14444.345453806864,9,6,benign
8080,819.4404431876682,17.252700484628377,39025,12,3.1925360457220266,2.4225116958198933,3.788406975763548,78.65018921372685,12,17,benign
3389,305485.0428315834,34.3609020084105,22306,152,0.0043260749976652595,22.69634501950589,5.820333408129441,29219.532460287173,111,6,malicious
23,145061.52831027447,41.352332467812914,59416,192,0.0680837738864777,40.97499550836501,5.693340112116279,13319.884095690753,112,6,malicious
3389,81897.39184384364,38.240200543783814,64125,193,0.03724277544550157,3.929202248086114,7.907018689392251,39146.63783515699,141,6,malicious
443,7082.329203047183,11.811861292177563,25870,16,0.9644707073501629,0.48409773415182394,3.1791711634788764,4467.646824112357,7,6,benign
8080,2662.258479738481,15.94326044724184,29722,10,0.800938367258124,26.96480556891228,4.172045293117042,1832.0722201711685,9,6,benign
23,394372.54073712346,28.29979476597137,1422,176,0.302189521203914,19.982114183863466,6.58185340688762,804.0464837270937,122,6,malicious
21,213354.70525795015,35.81768318097502,2555,167,0.11616796880916237,4.98061990532851,6.602634233626,22864.021551908616,121,17,malicious
80,4538.616724285564,12.224638401854401,24335,12,0.47513624303247926,10.83165667044029,4.465028378859327,801.4353272202003,6,6,benign
3389,93161.15303512535,19.188143444698657,45929,175,0.05964140392154738,18.990574880130822,7.97642692703905,63409.76068336355,84,6,malicious
21,277217.9960584251,19.98763419865297,16701,166,0.02801828066141927,3.6741410647061263,7.402324194150873,3879.8794236792005,113,6,malicious
8080,1383.7893051570593,16.172324303362238,57725,12,0.07923844401686204,4.945110913999032,3.726786700346069,2605.692393094609,10,17,benign
22,6134.5394643281215,13.11258633953809,23991,14,2.551285531310369,16.013537609419078,4.8888343141539785,1633.0918898419982,9,17,benign
443,728.1219590004661,21.082889227108275,14357,18,2.4784723504143265,8.778331584524228,4.798215945716827,5610.110636566832,7,6,benign
1337,209786.0789450618,41.22420298489715,9942,185,0.08677231474522047,1.0076663128010452,5.715134578148281,15919.561077243727,110,6,malicious
53,3208.5971049785717,17.72520685855268,1216,16,4.574741074475619,11.492897283605327,4.397395878928986,3390.937238776145,19,17,benign
8080,478.9557676859605,13.49334010953731,13200,9,0.7729119756160243,30.062304075585523,4.089502987111144,3487.304298617373,17,6,benign
443,4297.48469332139,17.046627893871257,12090,12,1.2282616515715628,6.24262792382317,4.410874920873503,385.96561839475237,11,6,benign
80,162451.57842325815,33.79916623438423,12554,207,0.08147650315956581,5.649823757144737,7.9986070204473485,84779.48090119463,115,6,malicious
53,197.92333894068213,23.105741238028774,30849,9,0.31636370477196063,0.7747973411894156,2.9797741511087796,1320.9847606598066,8,6,benign
1337,288586.61370439973,46.193814018289714,27996,180,0.006939482123648779,2.3494533934105273,7.057540718695014,137061.0965866685,120,6,malicious
23,310400.775106182,34.25984000538549,43193,179,0.03753150356483863,1.4942280936780206,6.283081366636321,36306.51898881289,117,6,malicious
21,80830.20592106413,38.544217586021546,47941,162,0.20865418232044974,12.143718694131508,5.867486965020752,117900.16778712877,127,6,malicious
4444,140371.0044222604,44.03944723859027,6923,179,0.005078670587997545,7.09977354516158,7.61078700921361,74196.32428352065,102,17,malicious
4444,107227.8839018066,32.96726720447106,59062,179,0.026705966637867996,9.330231893487236,5.893800234687739,9931.53808965674,125,6,malicious
22,41.86291502295938,22.69159774908716,21105,14,3.489470821116845,21.321287322941487,3.309535137423748,4939.203167418703,7,6,benign
443,64.8945881928817,11.979743203605256,24194,11,3.2225159215683266,96.44014098877591,2.5780034095717674,388.92653496032113,7,6,benign
443,598.3093183905479,15.508879729311271,36204,11,0.1499879030484188,41.88086784368683,2.286849734444755,486.9006004373889,10,6,benign
23,100506.61271937363,44.623905525539456,2636,177,0.09322506967483257,2.6697667825041465,7.746324106675692,25865.160032843927,120,6,malicious
22,1426.744909817475,11.276831505808584,15041,22,1.5470296960754035,16.97079398307399,3.4723702620841586,19270.81220479258,13,6,benign
53,3500.426293564469,12.205443587069789,62555,13,0.12656508993913335,7.939922698713896,2.783128972784566,2110.441278024776,9,6,benign
23,71613.39858377074,31.779206146528324,4673,183,0.003737178339901541,1.1377644693942375,7.348569827648668,21910.357291288412,121,6,malicious
80,3935.4040124768176,14.53922575997048,4864,7,0.225537770121172,12.26056171005648,4.199887500043099,4313.820900526947,9,6,benign
23,231905.87952871932,45.03359351572382,53740,194,0.0861015622250336,5.95611332340357,7.023945136419451,154528.60031665646,114,6,malicious
1337,94790.89523818665,37.43668144322331,44879,173,0.0055703435321365034,12.124551695028721,6.750619190547347,28385.654800318534,110,6,malicious
1337,22432.89808693541,31.837500718516257,8512,177,0.17072893761620123,9.438595269325052,6.130763761223202,45991.513555533194,116,6,malicious
80,5297.604466984951,18.38558800093517,33399,10,2.1142070230226455,5.211452229896273,3.9023807098417005,4291.780876471519,12,17,benign
23,2651.443355393084,30.775523248735613,1822,185,0.026855910344616082,7.0900036833262385,7.687792300153495,17102.17991400926,102,6,malicious
22,1923.9691430987564,14.137634219747882,48235,16,2.905415246777728,25.768693119095666,4.383620935358474,6210.224911119966,10,6,benign
8080,3797.989532126676,16.830014369265616,23163,11,2.6283784649823367,31.817296868854804,3.772712185585351,2145.1022284414994,11,6,benign
1337,39490.580402553875,22.952638621053033,23263,166,0.026540188424508428,5.550689741934733,7.831783868628892,15177.738458697873,101,6,malicious
22,919.166696277966,10.228058075197099,12666,11,0.6060323342893035,14.522640096488026,2.172638066346479,7260.968339192729,13,6,benign
21,150003.17046697278,32.74905519707987,24191,155,0.0699167967938345,28.674798106632384,6.795174699237611,55163.148655982055,127,6,malicious
4444,41474.566355285766,42.0861124213378,35857,193,0.10657046815456057,23.451119392608096,7.863254040431887,38744.82759379001,122,17,malicious
80,2279.4245708354165,11.374421672548397,36013,12,0.26746736380426545,5.996491333004324,2.601481509037301,4047.536160286944,10,6,benign
80,2351.4508015676447,9.316577430702361,43545,9,0.054400747661510054,2.234720735412354,2.35435255348649,1085.0173387475277,13,6,benign
443,1149.2549817156444,14.46365674192539,15895,3,4.5199975001076105,14.567265762858522,4.5061573771310215,2320.8249435564353,10,17,benign
22,1559.2954487529591,10.02141863300217,51880,6,4.2740216702930836,1.0545623730161513,4.653078963617268,4152.729232440695,14,6,benign
3389,16493.694176130866,34.91097695857061,29039,187,0.11673367339916393,25.816058962972612,5.934419941803795,286.8713095016081,106,6,malicious
53,18.7255494849242,18.84810896328863,45341,15,0.9345816346207589,9.315905774856526,2.4967550984852718,5032.826284292017,15,6,benign
3389,172156.6595254722,34.33361476492776,64775,194,0.007142231244714439,19.048687164203926,7.246137198625343,66194.31554631953,117,17,malicious
4444,402763.7091741195,23.837227454431023,25155,167,0.0847435048846277,2.9309274893977926,6.848954245898854,2299.7036936187947,139,6,malicious
3389,143392.33550964823,33.77871209293044,18605,174,0.029003679867254637,2.763007218098745,7.87966195244794,83072.24243035454,135,6,malicious
443,8847.007391683263,18.946304398391433,61627,17,1.7428455883559657,3.497069848133262,2.877048028451134,11784.743768574315,19,17,benign
3389,56463.92525628832,36.26400438415175,44717,163,0.170304140185083,22.236117734951332,6.07408921931567,76307.84458892707,124,6,malicious
443,2952.774685723766,12.802289966541746,61656,8,1.5846253497947034,4.822707335760944,4.416374552038151,535.4470768655175,10,6,benign
1337,158721.09087127662,29.550652792992548,59865,190,0.06862087648966606,43.66397615694394,5.93521313406584,23229.49313601003,141,6,malicious
4444,59399.44217512618,34.454425302924136,11849,197,0.00919556840243496,1.105721804792598,7.715319754318108,26270.600373895846,123,17,malicious
443,7054.5449527453575,12.953550832248876,35328,13,1.4223947447010452,15.297716154750017,3.321703172547804,6168.902805932798,9,6,benign
22,9724.204495221393,16.376671984053036,56798,9,0.44337039498882547,23.93200850022836,3.8143249366097534,644.4215056174141,16,17,benign
21,40727.73848333126,33.31654655145966,32317,174,0.06696143752114586,11.978338708298956,6.641812492480987,7756.2375339924865,117,17,malicious
8080,1794.9304581764263,12.089062642721483,7597,7,1.618875627652475,0.12728577608304925,2.4240236573118557,4659.8110192161175,12,6,benign
80,214982.10265679282,34.30516130484045,13714,192,0.029500169502884144,39.87069955063153,6.6042576929746915,17269.24024884805,115,6,malicious
21,298906.69162970263,35.46433457472445,42498,165,0.0907684256695209,14.599133172809834,7.894407116526462,53207.62173657804,113,17,malicious
3389,3623.9271758832238,32.863495354077955,2517,174,0.07990607455957623,50.812970768237555,7.4676055757153925,22670.31183275138,117,17,malicious
22,2768.7688604263326,12.492684379252227,5989,22,0.4761658533778592,4.128198467709001,2.2884883636028865,2814.858739077553,12,6,benign
8080,2371.81670852565,14.484789394501412,59494,9,1.87168146027124,8.4227689378946,4.220689136194436,1387.7144374706668,11,6,benign
22,2788.945399337847,15.716456704148749,56249,11,2.3297781022527912,6.569024111379307,3.9234038422678164,3128.1074140081714,13,6,benign
80,2726.620727377296,13.764626674103342,16217,8,0.8113928676829434,22.2034989889141,3.5922973721924594,2154.8333143348937,6,6,benign
80,2807.2330988004715,17.292420426239218,45046,13,1.3935328109586487,10.021753178576546,2.5415874895290753,1953.7264537448414,13,6,benign
53,787.6162755597378,15.541101908442103,35448,10,0.46007352126198364,5.6335421080973465,2.518456397604111,838.967867027476,15,6,benign
4444,15222.417752638536,44.936732526169095,36430,178,0.018686457840071884,2.517600874877224,6.627531734186994,310.6101534360822,118,6,malicious
3389,13425.8348372921,32.47947398063498,12606,165,0.3023310162318673,9.31487052246844,7.6386105016834565,35656.6952341237,100,6,malicious
3389,105389.72770614317,33.66214787828734,51020,193,0.019411233359325583,38.90540677991906,6.866361930392673,34870.35843299621,96,17,malicious
443,3375.4450499783184,16.457974482227055,59771,15,2.58479831844639,11.279561412023327,3.1249031759043078,1370.7191015940866,10,6,benign
22,1836.780043099317,18.51219134275294,33545,10,3.4522083908454384,1.1012165184140106,3.0658773972293254,369.2292464920228,14,6,benign
22,2403.420610591949,17.339273732926372,17333,5,0.6349112256487406,20.21062611521057,2.382801801599698,4730.1889078185395,10,6,benign
21,132301.00236308057,28.521623967407702,65425,159,0.10514895962728121,19.515551469573754,7.781298530298687,136147.51622140844,110,6,malicious
8080,2312.4550155646325,13.90922022322128,19524,16,2.218315761711366,0.5797406361932806,3.7068332801651573,4543.335317458904,11,6,benign
21,179277.35881986082,33.35077775814302,28218,188,0.09673626035437044,14.526321628755252,7.357653351385337,45546.415911307755,134,17,malicious
4444,31149.013695295365,39.129121649540224,35243,172,0.058743919022777584,42.060930400653326,7.2313065963369265,350.1662017961906,118,6,malicious
53,1944.5547276363698,13.271567681892389,27884,19,3.00200439431109,27.04131637365638,4.06766477135633,4091.125920780647,8,6,benign
443,463.5609069463927,12.711525450575149,22751,15,0.02777030287076772,45.19057169146805,4.429650831842255,3366.1099389944898,12,6,benign
8080,7118.816322302485,14.82031429739489,48304,14,0.2701627178344589,1.9268585440739412,4.450246653191024,2796.8094321300227,7,6,benign
80,2355.104852888521,17.89533284703598,45554,13,2.9907513715928804,3.5537612095411477,3.315004679414332,228.87348235059707,14,6,benign
80,12346.946182864356,11.805117940126244,14179,13,1.6722137415733265,3.611146667458657,3.141234211872947,197.98087688964836,5,17,benign
53,15975.288772726031,12.791049209067094,58874,16,1.536300080781717,36.729459840801695,2.4432794860359026,4415.362183079868,11,6,benign
4444,128940.92795107355,29.931028283441712,18286,182,0.009023379256297074,6.322902070015573,7.325568069500704,43407.43821274085,118,17,malicious
53,1285.0918020758425,16.028671442176087,19700,12,0.176183694328711,7.646437040768283,3.877828287250074,811.4259635698025,9,6,benign
80,1463.8755819472276,7.407362913214062,4023,12,2.9949332092649503,30.908577793314635,2.5114988438558687,12996.855921415112,10,6,benign
21,251041.0242616032,32.27890885102681,63379,164,0.014047613925782233,14.954227829302877,7.475232029549929,4484.841238543589,132,17,malicious
443,2953.9440808380923,13.415667352680833,28823,8,0.3431484610726722,7.472359554365627,3.709396270538294,1790.3181747115034,9,6,benign
443,1767.6968158546786,12.327367676458,51150,14,2.012463743734804,1.1350547914551399,4.595364670028962,17416.961172865485,9,6,benign
53,1740.0473099127769,16.10321577879489,56743,13,0.4102878201735225,0.6130157378149104,2.258096474848241,7197.759505894892,11,6,benign
22,4307.426631454769,10.983970029539318,10809,14,2.444257433720949,5.615587180611218,2.4853784480636913,675.1078037855909,13,17,benign
21,32692.1357001123,41.76307425680205,12182,178,0.035844447822862405,5.20737279596583,6.1458588555233185,1519.4953202055283,119,6,malicious
21,2500.16479674251,28.62186678125453,58920,194,0.005092608326855639,16.2697641799231,7.031267060749975,64902.00845493508,113,6,malicious
443,4841.605529066702,13.339644217065235,29114,8,0.8250733448293668,8.86919994422159,3.1505851793309048,914.3555906099352,14,6,benign
53,6870.704726414924,11.840284384738904,36493,14,1.228178509939661,17.200309772400438,2.0472597946971978,2063.0422173272045,8,6,benign
8080,7141.842557392578,13.516410201603605,18920,8,0.8890988835672108,6.053282265965543,2.772520185893703,5808.35331983943,13,6,benign
443,12009.280146261464,15.064776757709398,58410,13,2.018476095514509,37.31471907692313,2.4841045068595324,94.39343286771226,12,6,benign
23,101247.78891949353,36.47124844187891,42086,195,0.009394586583116314,1.5004243504523653,6.650203985789129,6605.2056655364195,103,6,malicious
80,20877.61948104319,13.713716891714073,18826,16,0.9091376923090928,10.37894146757285,4.301475018886911,475.3818525088216,8,6,benign
443,1993.6721794253199,16.19359656078099,20565,10,2.3541864791135914,36.44935717893416,3.0419287073678856,3105.3846140622254,11,6,benign
53,1653.4196943235956,17.764461090878314,61538,8,0.3734131103874841,17.26200649114488,4.67802863823523,3891.8978011399795,12,6,benign
21,184738.63116542422,30.47972544856862,13726,173,0.008977678897420802,1.172769764491383,6.88242151536628,14846.889835034995,128,6,malicious
22,1535.0731934774503,15.000771775269286,64528,12,0.5159363179230986,29.165880332206203,2.3850120868352436,2060.876029762803,10,6,benign
80,5184.9621534186,34.65163876606492,9553,143,0.03021127724695992,4.010061252933773,6.030070253110738,28093.10912321491,126,17,malicious
53,17027.041919812855,15.735901058341764,48362,11,0.07761066788889646,10.790944895972213,4.97621470776629,351.22785464595637,6,6,benign
22,549.04205919746,8.384041969940544,16052,14,0.9671041276206037,5.366077840754179,2.2880779577281385,3575.494286060839,11,6,benign
3389,137951.4740743593,45.42299430907603,5165,182,0.007542340485210098,8.05317706725257,7.140091861679421,18166.51704043858,106,17,malicious
80,7568.03516606884,39.62028905787875,24172,186,0.019754716861829346,44.00285842259458,5.524232017050826,192017.39879259,114,17,malicious
53,15919.915066419244,14.206046891833902,12493,8,0.4394516199094869,2.3090921147947885,2.680218434162187,243.1496625499402,12,17,benign
4444,8420.243546434605,30.097836049878403,1688,168,0.02354992944136201,4.341389988759613,7.110817594747534,22942.39286199308,125,6,malicious
80,5226.29474070362,18.06694515118323,5528,6,0.24477280943064544,6.094249427968422,3.624908148317835,1617.2162650003963,6,17,benign
4444,84978.41185610855,35.24074587205647,25270,197,0.10236935784503669,16.384491491346644,6.914642622504376,3137.0733976237652,94,6,malicious
53,24552.841951654565,17.135266789581433,31381,15,4.306969161295207,21.68233102391324,4.15874875127334,976.5277223238454,10,17,benign
4444,710504.9617846782,36.862119151803356,20697,185,0.06013254613281831,11.650328808976465,6.8424067631779195,3770.892175566714,129,6,malicious
80,984.69161470014,16.11465760300299,59561,7,0.023567236540477474,13.589865734974214,2.6951413535108215,27.97555775013224,5,6,benign
3389,38140.13710339182,32.6689395205035,25611,197,0.03261918570690195,9.458491563127735,7.391579050223411,6009.571073494415,98,6,malicious
4444,104377.78615373367,35.314361610089385,7094,187,0.03578861058119417,5.241253826351878,5.760537120100395,2673.8540148424013,129,6,malicious
8080,457.3661873921334,12.614590751887768,56874,6,0.43769038767506474,13.101695742136718,3.6260607700393064,2207.913088870705,10,6,benign
4444,160392.80427040326,40.814809048138464,43999,194,0.11087560479479087,5.877127434898806,6.907452326980938,163285.40307275322,119,6,malicious
53,2953.3973097620915,17.065039599756187,27173,18,0.10414158039183749,8.705344745188775,2.1749851764559276,778.8255054700873,11,17,benign
80,2455.311112574058,15.234638650146973,56836,14,0.8638832888851298,33.79033720568484,2.6764777495949588,536.7873928364038,10,17,benign
4444,2156.5129508226355,31.176982356225956,22325,196,0.04180705338956317,37.342866951335914,7.634095447357405,179552.9468152036,124,6,malicious
1337,277592.61488086224,32.36657914915524,23312,187,0.03363744479313668,5.207670718753293,5.9902100853740965,29295.11204475032,116,6,malicious
22,5990.318150138895,18.5306666493669,61908,10,1.450749441758936,8.038775968558992,4.446021420447052,856.1688025408384,11,6,benign
23,299641.40434485173,40.599502313425305,64364,187,0.05942428122721886,29.2820787346582,6.669547137653836,48470.85826510065,115,6,malicious
80,3369.0922093307595,12.07624675988335,43408,11,5.021279172721068,41.710492698270414,2.633059596101553,5086.986897941125,10,6,benign
23,211609.44578736665,38.132475849292014,10740,175,0.05405883672697241,109.10452963808324,5.545561765107905,56024.44895274269,124,6,malicious
23,10830.946191971525,28.028119578072683,36639,194,0.11463510954568416,7.868274266027167,7.290138238347184,9809.70098609392,122,17,malicious
53,3792.0177231979847,21.07057751988703,26941,13,1.346662762761286,8.069658368728126,4.696442104519393,3079.91135272663,11,6,benign
23,332478.1058633678,25.628650551929734,8737,192,0.12904967853861096,12.287203937782015,7.289732885303575,73361.15354432819,126,6,malicious
53,8224.383188463145,16.538914518719103,39610,15,0.8049736343867153,2.63719418093674,4.93948403530927,3196.239095267385,13,6,benign
21,22949.06894989566,39.130887786473174,39657,178,0.07279758027746738,17.965851209419338,6.25645907345865,73693.80935285096,128,6,malicious
1337,32750.42835913152,38.668199181935464,51268,222,0.03083138738898744,24.13283824377831,7.131522453979626,95201.8537566188,122,17,malicious
4444,303498.46194001526,39.01267061640147,55897,174,0.051373325516434226,25.98823871615165,7.181230073740005,33930.77900884797,113,6,malicious
3389,50574.07670725641,33.022218169830964,10115,168,0.07239092807444156,0.10124345743660175,7.370038058222177,26135.65317036955,124,17,malicious
53,20906.329652809975,8.28638310551423,43116,7,1.0993566325879263,58.37984059157988,2.1741284516181505,2276.7246331398737,8,6,benign
80,578651.9689450186,33.274807924027435,2771,187,0.12255044191050887,13.214411855669791,7.559084951359975,90163.09242177571,132,6,malicious
21,166304.44550589507,46.36181411116559,24542,197,0.03413209008872953,0.13860333829975086,6.9720962905080475,26353.0326412103,106,6,malicious
21,267769.76083621243,45.90779752634511,12533,180,0.045396807261539454,16.461592580966375,5.7990131687495,79886.76353635029,123,17,malicious
8080,13165.747202989238,19.355056070211884,18425,9,0.9048121766396912,5.31784566692725,3.455862969325847,2548.1323418292213,12,6,benign
443,6885.964852205152,19.572586491232162,55623,10,0.743129709882483,3.8566478041578502,4.801618566101624,2372.4806142516377,7,17,benign
8080,4481.29267705639,16.22404875692219,37189,7,0.3139771937894259,77.75141767264967,4.6516738040053065,449.9247513062356,12,17,benign
8080,5869.576741482118,8.113419400126107,61648,11,0.6045920930860548,0.42974564992830216,2.845362863487634,915.6033142332864,5,17,benign
53,1457.955596365579,11.536661122168196,53610,10,0.057429348591415234,30.572401818800323,4.999324946272503,523.5214091435389,7,17,benign
80,3351.01657266871,13.333409396131367,33663,10,1.027595993445444,43.706430113949025,4.73127887311437,1007.4215782977334,11,6,benign
80,595796.8657842545,42.79817134967729,55512,179,0.04246066221816504,6.837697765708682,5.924574112670682,100185.06828353532,103,6,malicious
80,329.2110528350949,16.508633404840502,33155,19,0.1842564395280034,9.413468421030126,2.7276230256987137,9376.325072512922,9,6,benign
21,24045.460942190915,33.45660155598919,5517,185,0.07293069723595927,15.315010449475437,5.806925745165217,11894.776498709973,119,6,malicious
4444,34200.2636527358,39.50408424160199,23526,183,0.028286413942282734,0.3519716040685836,6.820794983637781,2965.770569765619,110,6,malicious
80,11458.31138242145,13.80502214766774,65488,13,1.0737105682189492,15.918672437257305,2.4230853945172246,2606.653308849273,9,6,benign
53,2471.1541039724925,10.729441909154477,58555,10,0.0749192766260397,1.8142557821614358,3.2048280516808325,2022.3545113238856,15,17,benign
53,2628.572226647643,16.362042851052582,5582,16,0.8061308248424717,0.16369235246383335,3.7726606056378644,3046.704381673064,3,6,benign
4444,114059.33568239163,26.785199064928022,59096,175,0.2124399495150858,0.9359602353636246,7.868081259933361,13603.61443925203,124,6,malicious
3389,34395.201133503855,31.557669324436162,64562,186,0.047160625493291725,3.69996739123013,7.029225688653817,13729.748369417397,140,6,malicious
22,3975.8710445056086,12.889563316968623,38284,11,2.8067170480446864,7.790354070790725,3.123331254029816,1543.2700521966956,14,6,benign
23,330096.57037970214,35.451474071146876,29922,184,0.016144011988143324,32.01530821589285,7.594663552607007,53806.99435564004,107,6,malicious
8080,2803.906130082293,13.322196056768512,17097,17,0.7155072026123598,9.03028421437461,3.427454170602432,1876.4563808853086,12,6,benign
21,23731.742989807957,40.453783370206196,11367,198,0.02285121296156993,7.3972743612877085,6.543841674535799,65857.55540225658,110,6,malicious
22,6147.534997013336,14.837837282266394,42013,15,0.23171065708975408,3.463285519965449,4.1958451409434065,4338.090576635274,10,6,benign
21,121821.53940512802,34.22380281286171,7377,173,0.04180400110175355,97.9552580925578,7.551230305320566,79189.74566274835,121,6,malicious
80,10635.857529096278,12.311066210712315,32504,14,1.7042352167236556,16.481478093458744,4.080295955658678,523.197451018358,11,17,benign
443,2397.0483121790244,17.746655148762017,15938,8,2.5871732221572055,9.03681673041168,2.1491330886369426,2144.5033276609806,15,6,benign
80,41357.406280888295,39.03707224210299,53777,163,0.0006614776432317214,5.8438564285562595,6.910835971015044,91953.25368188425,104,17,malicious
8080,4783.486929854184,11.874748208569546,28948,8,0.2824605401158337,9.646439627457376,2.8717990533518925,758.7981328890755,8,17,benign
8080,2735.7875051614474,12.450770094221848,22360,9,0.05286379855483869,21.120291188610576,3.8090266041948535,2798.2226422565086,6,17,benign
80,97959.2234897554,33.361401627969514,4139,201,0.10947448036690757,5.894804340307258,7.127979187054388,51361.572127577274,126,17,malicious
80,4488.544665954334,14.650443051341025,43576,10,0.8562053077531766,4.814231993000177,3.4335900117822766,1718.5411301524912,6,6,benign
22,2354.296028752381,15.806918407711219,57015,10,2.688389098265234,3.8255014968175347,3.7953933929393813,16723.30977842621,7,6,benign
443,2382.8598025252913,13.279704929030862,16743,10,0.044766096499545285,7.161900535314565,4.892892047429298,2391.0097366773066,14,6,benign
3389,100360.4920811419,47.46426452728043,47662,181,0.18622726734156334,0.4691370641546365,6.158999772529362,2770.440366175329,115,17,malicious
8080,5654.2444955179,11.73651268539617,20358,10,2.026216536622078,20.553331930380793,4.1447087591065985,1711.6973040922087,6,6,benign
3389,45509.9607658351,39.67847214362594,58226,182,0.0026854139908983944,46.2208765084341,6.692968853513797,16055.949743902054,124,6,malicious
80,2784.9790155490073,14.058681774802775,35038,9,5.006967465021329,35.35162194778253,3.298197541575123,847.4181262897159,14,6,benign
22,638.4880772365326,11.385155889356726,29154,8,3.182272523895259,21.817414054508678,2.405930308955149,1278.1223486852061,7,17,benign
53,7844.226444577625,14.256509539590807,64964,9,0.2846214340734893,17.938867073029968,3.023715260433035,3856.0385940367023,11,6,benign
8080,5534.438722471199,12.193933403944495,5576,19,0.747072460070236,5.333177124479769,2.22955213474893,4020.3846544512876,10,17,benign
8080,8064.537541156683,13.978760986236864,50624,6,2.06026421033745,1.720048286780768,3.11476250061881,4631.663878663348,9,17,benign
80,1898.1690392827845,17.910694751154935,31613,16,0.8206061365200761,8.760501308069742,4.206006375569209,6699.584594134205,10,6,benign
8080,11991.056711601039,19.43024587428974,35858,14,0.8243815786188222,27.847355410058096,4.095884277846968,2848.3055617180516,9,17,benign
53,1524.011022385826,15.216623498349346,12456,8,0.3589395455827148,11.714567198135846,3.7069440600052403,4176.750146134757,11,17,benign
21,365812.90443081176,21.196965848449057,11510,142,0.04278571595343603,18.635796001625085,5.670287733254081,19534.953507219638,135,6,malicious
80,173402.95042732597,30.13906631253635,53343,187,0.018630401815540616,37.8793282688454,6.98651936588889,64871.88147404144,129,6,malicious
8080,29651.619562695876,15.802466791654217,48193,10,6.633769988656572,17.142472066023547,4.957740282477373,12720.316490631245,11,17,benign
1337,186609.16771827955,22.533905062039807,33617,173,0.060746335989428614,1.0614457254879452,5.628475929913855,35102.02932403975,126,6,malicious
21,509211.5363656774,24.311794368363003,11664,181,0.02335154124412638,1.4659411582375586,7.143503922979457,22053.15954306123,112,6,malicious
1337,61532.54905993246,36.153675710779645,15801,164,0.031268207751129005,1.2673798398692826,7.451173203152901,3801.0124924292218,137,6,malicious
1337,84499.6736099075,29.40018681657095,33122,177,0.06599299515515335,6.640688797224914,7.273451792152954,50748.25069880748,114,17,malicious
8080,2124.3231984944846,17.002848608567568,43647,11,0.8494804532594032,5.087126905418529,3.9027235586863984,1743.4401837379294,5,6,benign
443,5229.258701954902,18.17758569114814,32963,19,0.22593063033490968,1.7425310128993396,3.887315406038911,469.04516247073974,12,6,benign
80,603.8285027563167,18.78128025653868,4782,7,0.9685417660308001,7.457786237802047,4.597896526010954,1359.3668488486287,11,17,benign
80,11146.40385480644,26.204687860469647,14477,200,0.041649161296487706,3.2291153581700804,7.2033426567631285,17964.720294537954,132,6,malicious
53,791.2120969835898,21.714296931988347,2380,15,1.6984591382849885,7.310131709139581,2.73956759163065,449.19398229906403,4,6,benign
443,5431.751528513954,13.702019911422063,18799,11,0.8849947549755206,8.814312211278715,2.444062348267134,1099.3245400919295,6,6,benign
4444,54367.612180910175,41.94909723538968,22415,185,0.0020817854562972587,0.07545883813502227,6.213955251759972,8450.227883168422,106,17,malicious
4444,59612.18862883068,17.713484236438163,36384,170,0.005437258108054319,17.909294913362878,5.527130146806676,17325.427371089223,102,17,malicious
1337,126457.18153395504,42.10384849458988,19042,196,8.25328340068628e-05,6.971674989233421,6.515111176111448,42309.91315008236,118,6,malicious
22,2406.905713834504,17.10918554202351,24452,9,0.0019623464862094783,22.526808914634792,2.2627114618099844,4140.653914317617,13,6,benign
80,190253.92504943963,28.16848109994993,46519,193,0.026331656620479333,1.825353322726769,5.685442467704417,21139.310798062506,139,6,malicious
21,4386.228643237366,33.72797660637875,60670,173,0.042136652123878654,5.14913587648799,7.394324226993211,98319.56050676807,127,6,malicious
80,230774.27098751094,35.440334334798266,45604,175,0.06886845138477264,4.708889199267528,7.115004413791154,99805.78693054637,131,6,malicious
80,1428.4523550076321,4.402403232456775,55947,12,4.5415229019918435,0.1509277685299067,3.7959197447273887,180.0245324092445,12,17,benign
1337,14128.439532389772,33.44337764521309,46446,198,0.01379836284900103,9.797459458276258,5.9113095324157845,165553.61166869604,111,17,malicious
80,7504.385273767188,11.108043018570607,14310,13,0.8619576304469458,49.72097667122077,2.7832222304117886,305.8421249620389,8,6,benign
443,1858.1723996859614,12.194276672371132,21320,11,0.9683561514918211,0.20900764245391193,3.3892491822208317,549.1633370584753,12,17,benign
8080,120.38617384902166,16.83621117965125,25280,6,0.6388601369866278,14.571527502636862,3.651216725167938,4064.974620188841,8,6,benign
80,117748.7620201262,34.43370379764901,30244,166,0.006457585653761262,29.144428593653505,6.670789802374481,4719.745683110139,107,6,malicious
80,120669.43442344213,29.051289729410705,60753,172,0.1293785602976844,23.604399131098546,6.094756707402125,81631.17877314222,111,6,malicious
23,95480.11360323157,31.32846339583451,42944,184,0.014042653431917823,5.08338755460114,6.848137673163414,10164.798932991875,135,6,malicious
53,2119.8767932229607,12.383387675559892,24878,8,0.7670479861926272,2.8869519906336345,4.610686265016029,2372.01833167554,7,6,benign
443,4329.21261797118,17.380557286166937,6534,11,2.0918760759126074,3.617929318778717,2.3766781167354445,6061.874834284181,10,6,benign
23,138400.56514191476,30.86019445372254,35862,174,0.03227295911493308,6.380413003162309,7.242402929929762,66351.94250519043,115,6,malicious
22,3050.296245949228,17.879153598497023,24336,11,4.797626202451315,1.6351959841219113,4.501890791546881,1278.9547052030516,2,6,benign
22,1136.9119073212082,15.150457690782423,15017,7,0.07796089007776913,4.787329894033153,4.145310631933454,335.11390412684204,7,6,benign
443,19832.350462691924,11.971212698428594,52797,7,0.13651727926338225,3.897409933819834,3.733875808358669,7370.012820791638,10,6,benign
1337,12983.312976863006,30.352822528137473,18278,198,0.039804771255448144,53.501197716371536,7.124939959392412,106565.53411867686,125,6,malicious
1337,739224.2376320689,35.521346430517866,18415,193,0.12244295826815578,16.650948680762866,7.140049721110191,62354.87104963535,112,6,malicious
443,4152.64089940227,12.84966769762535,33125,9,1.4448545332355645,14.781151826362697,3.0047982782504623,1352.4194969054818,10,6,benign
443,323.3822440182886,16.3079508874283,3253,14,1.1440768838071722,32.360214234910856,2.123156566408148,1379.357148477614,13,6,benign
443,8329.792871226775,15.933514013991768,63147,12,2.1732658272303214,2.9007278083950285,2.8345875413613766,1416.0073220086915,13,17,benign
1337,139063.0520014885,23.592248611108467,15152,199,0.039401287366866114,1.1170959283695958,6.491181345513426,9513.499575615362,115,17,malicious
1337,177669.5753409001,37.63680041049945,17438,191,0.11660055906399043,31.57084739213113,7.765007512348204,1418.3164083403092,113,6,malicious
80,641520.0224273396,32.352472024132325,25002,183,0.027622669450566528,6.514241396025089,7.434997368223133,34861.15436798098,130,17,malicious
1337,17942.33015010253,36.306225559730976,21513,201,0.004750702808116521,7.2901058026686565,7.629603884035014,27626.22459608906,126,6,malicious
80,19992.137952259993,43.23057990204946,44390,166,0.1768224390392312,0.46619386596158996,6.447692516422291,18841.12659373085,119,6,malicious
53,9816.34756347475,15.962091100020102,43824,15,2.956973313753932,0.22781316959362183,2.203999245758074,122.17061101588999,7,6,benign
3389,8612.620584435026,31.993066862771027,7801,187,0.07564099901492011,17.99825533094263,7.1429236604441435,27017.144064622073,113,17,malicious
23,195006.37341883415,32.75410732826956,49913,186,0.10682411140479721,15.502409074296995,5.504055094610462,64550.78562200426,138,6,malicious
4444,702559.0751391124,27.709602813086676,56971,177,0.09359137715227206,4.9911873799375215,5.684041475547764,91153.57995198203,113,6,malicious
1337,250247.49453161084,37.128534306335794,20219,171,0.06155477587676457,3.6074933240582454,7.244704345337845,21865.315048617686,125,6,malicious
53,6845.097227506843,12.604893676608164,56100,13,0.4888540721505454,24.023088093909458,2.1308059345917396,7351.569439497594,13,6,benign
53,493.6480870878674,10.378003834841113,7712,6,0.6695278306797,1.2705037429927946,3.14451086385999,175.7116973347102,8,6,benign
22,497.1320499030057,13.927018612947304,30507,13,0.13447414421194018,14.807786281965928,2.0141461697233405,95.8876336129496,6,6,benign
80,20196.83121210548,15.2724634811657,28576,13,0.8076877890237761,1.5935880212279723,3.243730889569263,2326.2393685200564,11,17,benign
23,125180.39874773912,29.617245578592563,8876,212,0.0013967503840040677,57.51082562097258,7.504564881964027,11452.72458767387,107,17,malicious
443,5170.397071633503,18.984719195083557,62461,10,4.534581932473227,61.27734773288422,4.4966763760230695,4303.211959880759,11,6,benign
23,51357.26620909536,39.245353231103316,7659,191,0.05679422177811616,4.78537190143602,5.920294073415105,33307.635393341465,131,17,malicious
53,37.32401486366018,14.17318392297192,11822,13,1.613958310434659,15.175161523617541,2.4738174335374743,510.1403847852775,8,17,benign
21,6367.987996597273,31.17876609050528,12103,201,0.03535978169688493,0.24892273963348727,6.465366428413273,5125.205896637536,120,6,malicious
21,269559.8004123575,28.922668124199504,9803,174,0.1451386289413611,6.027539686428617,6.391778669409846,23088.512829443298,124,17,malicious
23,34588.93871307902,32.866600364366036,49332,183,0.0072762398452349,4.063842493444849,6.515841160555964,98610.12865978568,119,17,malicious
22,4896.345168042271,14.37130237425034,5786,10,1.1030456006527503,5.2004458181132325,2.8063398448241466,1053.6609899415437,12,6,benign
53,9516.954612551071,19.85392917607193,35434,17,0.5800833880063273,7.964158533511344,2.7410675189218145,2042.6458097120478,13,6,benign
1337,119154.2165320806,33.14094510592732,14308,183,0.030682799624005882,8.08057105133209,6.072545646648011,6705.178426708805,122,6,malicious
80,43901.536466719626,35.71292394230618,10682,175,0.048599004797587844,7.47139333877361,6.087229686677036,26795.126950075137,107,6,malicious
23,122844.66232979916,38.58931965602539,52706,187,0.04250192382168591,25.930906438709247,5.629463563505536,12009.94918299091,118,6,malicious
21,138478.93344175981,35.59061426238449,32346,186,0.012482231978345026,0.8613016207934138,7.417531106869813,7354.799599918338,118,6,malicious
3389,83126.97168943832,40.93771239917443,15561,167,0.00789723143441617,5.876215172347699,6.8954814559969595,62621.727500306966,121,6,malicious
80,150462.47538681107,41.69944212302471,11923,160,0.047852680277950074,0.37104532507375393,6.297090609126273,12182.578320387225,115,6,malicious
3389,31899.887370601486,31.174867288831223,50272,186,0.06695733930410325,1.262272300915874,6.861902263924904,211765.9673921191,124,6,malicious
80,107799.06183011484,33.02599771564393,6006,164,0.0536265088844889,23.52372835072719,7.377876529618583,79105.41652523921,120,6,malicious
23,189241.12140338865,36.05053368138465,64183,182,0.09123598017718898,2.7066474685091007,6.810213490688804,79749.79568118206,113,6,malicious
22,3227.701377045,18.224108645125416,9233,13,4.03469760385585,6.38379547859904,3.539874709010513,1492.3382579661713,10,17,benign
80,79436.63835213963,32.62910371960481,18383,186,0.15936183380734295,27.10858787964525,5.946500207442709,13231.021550217436,103,17,malicious
3389,26905.603298679427,46.14843855502799,36544,179,0.07434178214957657,18.269877972913406,7.932443131275196,11225.665591316041,132,17,malicious
3389,143742.44693382198,30.635153431627085,29414,177,0.02052550573521721,3.3827399963068827,7.650244926626271,12829.510948112464,119,6,malicious
23,19776.072969144177,29.943219816492853,20814,168,0.16708031572325385,71.62176066896788,6.245218807614883,36169.48013682779,106,6,malicious
80,3492.8862487218707,16.50184695377473,27573,8,4.245861550359166,4.67157394012635,2.4043856774094436,7972.970639088475,11,6,benign
21,35438.31055092368,36.233685791666694,47364,169,0.03697798569938476,5.030816872159764,6.799530273148024,62879.04831000628,115,6,malicious
80,32374.6378455549,30.733863960763216,27918,185,0.01677947225983649,15.827902512055829,7.715302856850578,79216.9073208393,100,6,malicious
4444,15110.610201421483,33.98433297941106,21181,174,0.12056208207069029,18.631810749355246,5.5363033472527405,77254.94835788816,93,6,malicious
53,453.7994381407373,13.501977688762592,51797,10,1.1528285393134043,13.181298234210585,4.847575912085654,1296.4472185785994,9,6,benign
3389,303074.7524224156,34.90550853646248,50028,202,0.0446803043585939,2.65585931688042,5.555438677772574,109302.95295492889,119,17,malicious
22,2102.339633088568,17.11144283760676,63141,20,0.7214321739836026,1.1828099753003465,4.210686278114078,4008.8274802823767,12,17,benign
3389,226513.11999896533,34.273066595263664,12332,173,0.07934459193242485,40.53717665246826,6.580008083014559,1246.011114830111,128,6,malicious
3389,18252.412371588158,33.312451421832684,11736,197,0.02533042214074798,6.414390758041048,7.484775042315929,60275.138913475144,134,17,malicious
443,5996.305936102566,15.830433851969115,5692,14,0.9078125183915522,28.297327269656563,2.121466445258452,650.2288567328314,10,6,benign
8080,5111.836847020201,13.585772922368463,41779,7,2.725123852562766,2.8253558661945855,2.173000228147673,293.8591871511059,15,6,benign
22,16745.23143171222,9.033968172948944,38368,10,0.36774735207657683,10.594441044391937,4.518948960814123,1013.6592216836003,8,6,benign
443,119.81174985875904,18.800513360351157,23483,7,2.9981724754769496,31.516954105930623,3.6178351805771234,1132.2815237598265,13,17,benign
22,2851.6653779622,16.28778611457707,29539,15,0.22521425651538246,7.225481161388977,4.353449204601555,2359.494851934986,4,6,benign
3389,53604.586853078385,40.9687202934478,29178,187,0.005139686075868343,0.24699852691739926,7.711177610786054,167816.7082989783,111,6,malicious
4444,214035.96798972826,30.980320809261535,25495,186,0.029022304894071246,43.16218439792537,7.551656548275728,2258.6074532184325,110,6,malicious
4444,328822.54374898603,34.246492785172904,59966,198,0.0992156534111048,15.120670155802298,7.133517166789688,138255.76781150492,125,17,malicious
80,11473.225583993477,12.77292298833639,24251,15,0.048048419541867074,3.682793839750977,2.102815708977965,12558.387537398074,9,6,benign
23,6659.6532017643685,31.449405667869314,59145,185,0.05961318262222093,21.347029767880613,5.76545726885196,5758.485652055222,141,17,malicious
1337,47587.56767074235,37.83296265672034,55597,173,0.11763255716334786,4.20984476094853,5.85433886137437,86468.19985339238,111,6,malicious
21,205449.10928789753,33.171996617135754,23491,183,0.303072638071835,1.1474872793244062,7.985027949443195,52487.09864490334,123,6,malicious
4444,73555.98426435438,35.4980933038855,3698,183,0.09554228421216929,0.21936465529163654,7.304376944435528,15040.423136255593,105,17,malicious
21,147491.81603633057,29.811808948914585,38149,170,0.04535143192555105,0.10750599135658045,6.036485759480533,8206.237296431736,118,6,malicious
443,2614.860198425976,15.415425357860894,59848,9,5.0430750382415015,1.687600135152378,4.063422915472218,22410.65244401988,9,6,benign
23,357434.34980538586,29.52011535797707,48427,169,0.06014108610039862,8.889437559092416,5.547510753482368,63544.957496194445,109,6,malicious
1337,55009.16015127055,30.543942513153223,17741,195,0.08012367128085054,52.84210480872677,7.570661050136757,9256.965247374688,121,6,malicious
53,8166.934474479612,18.488421496955592,26490,10,0.04107782583905601,10.60154764454984,3.03265276021466,1089.630550228799,9,17,benign
1337,10045.984202788999,38.80333977090005,56955,178,0.4036333640906141,3.9716036310397858,7.143968545843851,128692.25336229088,109,6,malicious
4444,245184.31781794626,37.972688621520135,64859,178,0.05488421405250165,23.1425158940434,6.02459555729524,73518.50399319734,125,6,malicious
21,59139.165287497046,38.254774989890386,59892,168,0.11558397000400619,26.134765059177845,6.751114814755213,39418.453902727626,117,6,malicious
1337,191984.49143858784,28.93235637735424,57681,207,0.23980598466784936,13.927941128612877,7.201714514128444,58582.5213690343,128,6,malicious
1337,455.42774078750585,31.62186387046832,28958,170,0.019883847610504296,6.529566693520861,6.430077216753629,57313.496462752,140,17,malicious
3389,303100.37599089363,35.07319558524359,63778,168,0.03865147115758349,7.812796669034519,7.007233853183504,57947.54113671606,136,6,malicious
22,9225.064317694816,12.885536679383732,59426,15,1.1348790089149685,17.321475513930906,2.7808348586288916,9174.001251806372,7,17,benign
4444,95220.63408602103,53.06001042599848,25059,177,0.04015267543248235,2.5422536819698562,6.772374213025611,127033.24784776282,119,6,malicious
80,98842.10699412889,31.286632406568934,61330,183,0.10484525916598665,1.655891846581536,6.203883466172915,124199.88709167684,122,6,malicious
21,143709.78425933534,28.247187062311333,2592,210,0.014515001923649353,4.697197601234356,7.275958516423005,8601.291033630203,124,17,malicious
3389,554002.4926885534,27.88072062257484,7902,176,0.23421923411879467,15.597756823881259,5.8667374778683,58612.82928213992,119,17,malicious
21,122663.61307529733,29.29968592915126,62680,173,0.03784149966921678,6.799287952658973,6.3856629955137505,82519.53436113607,130,6,malicious
443,9769.041985572467,10.238264118354728,49134,8,1.335031117045307,2.6675743962755503,2.463360023900746,3283.448254434037,8,6,benign
4444,124919.74468287609,39.3934146872778,46587,188,0.25313734639054786,13.405320186266461,7.236646771353028,220778.92112646013,125,6,malicious
80,1489.4921694934508,14.441231175097514,3966,11,3.0164675068609834,8.813550173827752,2.6330717362119644,1442.9049345195804,10,6,benign
4444,214605.4843023182,24.661320457525132,15546,173,0.06645608770119611,19.53845762439602,5.721866738761958,66466.91141454288,117,6,malicious
23,54218.359040166164,40.6812927505001,57902,176,0.11474025304671448,18.639016456663104,6.712753034660031,44394.16655784218,126,6,malicious
443,555.4279716816154,12.6272615924192,51821,11,0.8384064700302969,42.45117453180266,4.220432022760251,1118.8785180297355,14,17,benign
1337,241472.66690435787,41.13634977664775,46847,170,0.04115895166644962,17.335134490736177,6.40506554113333,23783.561403351523,115,6,malicious
4444,59305.009502319685,29.813554341618485,64070,162,0.042817068016613564,18.19228450834237,6.154142304643598,19986.433643495,116,6,malicious
21,65077.451868260505,30.314019292088666,24003,183,0.08760151125409699,2.174880299071165,7.767748879900493,849.667593456023,114,6,malicious
22,2751.0926020312404,11.617294646641456,43000,11,0.09920735710960094,2.5520948428109635,2.781200871137077,1997.797481229638,9,6,benign
80,15736.286700834047,39.771889090412685,12394,218,0.10524325944963031,21.383071525485306,7.438889434357513,11035.14623218097,138,17,malicious
8080,1258.3927821063426,15.470236857781906,2689,7,0.05752833928104459,18.42165449907438,4.807239131527154,1431.3826555068013,11,6,benign
443,2758.712526750242,12.835692581857426,60923,15,0.054394720745369655,3.818615199295457,3.2909308932531545,1735.1423093857447,11,6,benign
3389,57564.1570403204,36.306621771339074,9048,174,0.041811599689036714,3.4872510147071147,6.583936242674659,17976.80651554865,123,6,malicious
8080,2159.6497981228017,11.714609162405225,44184,10,4.310721645098623,3.2011193162032123,4.9544515003040255,2588.352459280445,11,6,benign
1337,15511.658500575908,38.956061163977964,16289,202,0.006518725143620916,3.181463651312436,5.748934969345827,4052.8825052797265,128,6,malicious
4444,455643.6913583471,34.01391174156528,45286,197,0.04896071906190914,0.7439736040873235,6.449077042786863,11825.532462784395,133,6,malicious
443,5024.583563683832,19.554872261984038,4595,11,3.7380165776467047,17.783340576812094,4.485693318235326,3536.638986105424,15,6,benign
443,4284.5070744793475,15.824422272678092,52206,11,0.5907541497480253,9.647008793050722,4.445070455867963,1594.7797817585965,8,6,benign
443,4525.936439673694,14.500044239213326,6500,12,1.4323649009514223,0.8506369393293931,2.4216001404322114,3007.7580528155977,7,6,benign
53,3576.233437981953,16.098549282783445,47284,8,0.6668041461741193,11.592644412375675,4.129378136836108,183.27482253225713,16,6,benign
23,325209.9279127851,33.439412661382455,11288,169,0.11358610654816399,0.7116957390210087,5.833148517999934,124513.73883118255,121,6,malicious
3389,24536.631965086497,24.898801030570667,39676,180,0.023494199611764084,15.292145649113953,6.977433699509101,51122.69357265181,124,6,malicious
80,10360.237708535331,26.55747278636278,18069,205,0.004870390178672054,17.726604869947174,7.436860001637425,28453.73816871073,147,6,malicious
23,17172.344376418314,43.34312323972278,53104,189,0.004476458567127663,20.545279256337093,7.206814520869667,34796.202977523324,131,6,malicious
80,13790.780842465074,17.190528231778327,24996,19,0.7395924067605669,10.740770965595473,3.9331747430793778,4113.440008343063,8,6,benign
1337,13945.126226388247,46.9190861435345,43136,162,0.18250395214401102,18.381711318981658,6.987347325230681,28065.277470831614,129,17,malicious
23,158219.50351572476,33.4696893789997,46239,181,0.02409808661308553,17.98513857991597,7.749726333746963,66034.73023001401,123,6,malicious
3389,87133.45256552153,40.943618784623425,20463,195,0.35344262370936846,27.285364964900577,6.749858548717581,57657.37487728157,114,6,malicious
23,295773.6523305639,41.73641218053137,30158,171,0.019901065243177668,17.275335960771343,7.552206825622977,2195.5361450199143,145,6,malicious
80,3656.7342422702204,16.124437357098074,49455,16,0.05057770060678452,0.6122791362754526,3.444898098940445,140.97744789403654,7,6,benign
8080,6338.225362513763,16.765671500182908,38605,18,0.9792298004612687,3.761180058751475,3.350296029787809,1252.2139803812513,12,6,benign
8080,2526.8988852247835,22.445259517248047,8582,11,4.695131941863943,6.537530540216277,2.497678378308228,9820.97927972627,7,17,benign
4444,133286.15775645038,29.89467934686656,38210,173,0.027757001429927597,3.0767633252512714,5.774400740011607,18428.56650384482,102,17,malicious
53,1175.9418747407133,13.650287834243983,13377,17,4.105717079928045,20.64161156729486,4.837504404800322,3980.956356508397,12,6,benign
23,58516.14551941423,44.56300049346311,27382,176,0.0009750747964996881,4.833683020091487,6.56784673176264,61862.88203895649,108,6,malicious
80,3088.849078112141,16.62345919915743,63672,19,1.2785601016944075,11.142611861200546,2.465608178316864,688.336902128488,14,6,benign
80,487.54861242638503,7.819121471356402,24948,8,0.8688878829141591,5.468119399750682,3.151574401570458,2504.7273949068313,6,6,benign
23,22859.898681799263,31.827508858625535,15651,170,0.02833899952176274,17.04371862843105,7.900272243419125,50346.019280970955,107,6,malicious
80,11238.515129731024,17.67601660602335,39516,19,1.8576126412197524,16.885769318831752,4.287020180742881,2992.9851895339516,7,17,benign
23,11299.659143232853,44.982878259835886,47177,178,0.025976031058567526,53.97031340473811,7.245762626256523,9051.123264224283,115,17,malicious
23,292032.74780328607,30.166564736239422,35084,176,0.19445782064655262,14.235174134375484,6.371220362644798,23194.13535251659,126,17,malicious
80,236727.0635597524,37.164897205261674,25588,178,0.1432964537135304,26.58323280916957,5.822965413187202,5249.438771904503,108,6,malicious
80,16208.23297295698,39.73297663008839,6630,164,0.021270757715814687,19.406413817983243,7.524023659256091,8400.13509352908,123,6,malicious
4444,226993.30464619066,35.169452470067334,4339,187,0.0052039689101998745,0.1732312324014274,7.506024363024379,6447.524534125625,127,17,malicious
4444,153685.57309127727,36.06851759709804,18552,160,0.0025695310913696275,4.806488825093763,7.767131750231396,108108.10775717403,117,6,malicious
21,73527.30032329891,40.51040451783661,13285,181,0.1196744964291132,0.8108342592089947,7.595473472106126,39107.66747440373,122,6,malicious
53,34451.506800936724,19.209209939915176,54610,9,2.6099877014844166,0.4324153443193954,4.090335959361999,2916.9824897163166,11,6,benign
80,138328.10662501253,37.705498841031506,26027,140,0.015642095757423733,13.343144219432178,5.763542709087602,17979.701849481007,114,6,malicious
80,6366.734220985173,9.820430395841953,4817,9,3.5270843645307806,3.141504773157672,4.9054113255765746,1746.4243089087192,8,6,benign
22,806.0808299624763,18.94316632898506,49213,9,3.7709994707343517,13.700043726373949,2.047892499094556,2153.106379981634,5,6,benign
80,5040.640575126254,11.538345354369264,48067,23,5.055854581818049,7.0098432203339245,3.8186256970273917,8158.624588704514,8,6,benign
21,262895.04433191934,41.85401422651816,38574,173,0.09401845622065384,40.55811592825013,5.624617534588848,32722.75060958835,125,6,malicious
8080,10071.90189030724,12.54776819773619,60573,16,0.6105014744979824,3.243254014881797,4.555651656336579,2018.3117735837245,10,6,benign
53,2228.6204647830336,14.437453002602748,45256,13,2.8367411578590764,10.551462768391694,2.6552763426340262,423.67002928264867,12,6,benign
80,178402.1118324512,43.500969800243766,14321,171,0.16288988158353696,9.395276068931327,6.970870770566906,51767.40873566362,127,6,malicious
80,160269.92078539162,30.97174759211785,10402,177,0.03169379012489654,4.825178413591143,7.762344114601646,170275.28480545097,134,6,malicious
22,1212.7205647165988,12.559122117859859,28978,8,3.380120723365743,7.1330286505989715,3.751319625928441,1851.7879683448157,6,6,benign
23,61026.897538186386,43.01724713980638,51764,157,0.03255817871973063,0.8449241863905131,7.365329849598677,11698.147070792946,106,6,malicious
443,9966.626264050245,20.553332149799957,12772,10,3.6117155704861736,0.661369765262587,3.0498484540402373,2159.1064634312233,10,6,benign
23,84010.15779349237,27.490540962047845,42889,188,0.021598539426890065,0.974697111539185,6.031722721145083,34754.83891526255,127,6,malicious
8080,76.95487671006528,13.136224676987803,61354,9,0.797053788473046,16.09734420952849,3.0472583393980646,3179.5923281043747,11,17,benign
22,11333.240144746567,17.625718783741068,57190,12,0.6642523828675474,1.7133723456954582,4.658047564078068,1394.1347693026532,5,6,benign
4444,374437.07250086736,40.736942232401226,42752,172,0.0383780020605855,7.919029596160456,5.517612738321339,29405.325996953354,118,6,malicious
8080,1309.585371454391,14.832729403592706,30977,8,0.9959546441971956,10.002386947554399,3.577375851862974,2023.707647005996,5,6,benign
8080,1617.131069586968,13.558079655054817,30308,12,2.186953701899136,9.172518428805093,2.434622985503485,761.7773609175756,13,6,benign
53,8036.88210405779,20.001295494846843,5764,10,1.553482680214371,0.47437523742740356,3.687140439902529,6114.850919308452,8,17,benign
443,5137.480138392745,15.112069352163232,56991,16,0.2925486817687103,6.2141206672206035,2.9950305387529537,4009.699015520906,14,6,benign
21,119796.18618314965,48.048835493662125,57708,166,0.015731705725713564,51.51794544409459,7.638034284451476,32097.102882045274,126,17,malicious
23,50935.674299928534,29.98690514058297,39262,195,0.043242947715183166,12.71543185916427,7.712348763425849,7472.453043303113,132,6,malicious
23,219625.16529570552,31.052963019831992,28454,166,0.010021059835502442,6.830873289474614,6.45852057074489,3569.951017433839,114,6,malicious
3389,351244.134879621,40.82433473053227,23195,203,0.18118672768005212,17.77491343023066,6.13025392291131,45997.29970338058,127,6,malicious
80,189748.4051027245,35.65285676380094,34118,186,0.054252463904192486,5.858777745190348,6.469171267103829,16686.698795499367,127,6,malicious
21,32472.175337170072,30.30990558040788,13362,189,0.026874803625236976,22.16136872933733,6.26600328874979,63276.215721513305,137,17,malicious
53,3518.0032216656355,11.928027480496851,25715,12,0.3107405256302012,8.697192310881352,2.4322270955128356,2360.270830684702,15,6,benign
23,675814.2636988667,52.712181123928474,61825,193,0.014865643961461403,22.55452267102254,6.490495551680744,76050.27477584076,107,6,malicious
8080,1232.5376925311996,14.981360511811843,52971,16,4.209284509939221,22.124803569535434,4.1260932616412385,10967.155563905611,9,6,benign
8080,6618.002193991236,20.90270103431919,54602,7,0.06744022916828941,6.092487954663872,3.8067637052415573,9620.066464260486,6,6,benign
23,834.4580613167238,38.52758848729994,44847,169,0.08272759344841504,6.941068060126902,6.056752134974161,800.6977982628359,103,17,malicious
53,1522.0368060936294,14.959836698075812,11249,10,0.2166851327806491,9.918804116496412,4.321982870978594,303.46225888928205,8,6,benign
22,4641.462337804943,14.336162578183188,52434,15,0.6742264438017791,13.691656178082317,4.33264576597443,4855.304882295743,10,6,benign
23,360617.0542539228,27.2932057351911,62490,157,0.05342214843150344,47.73989102218821,7.37724615342859,88056.52162003798,128,6,malicious
53,578.3251580212542,17.424124596228506,42671,17,6.1185029888915885,16.72862957103951,3.763555972161141,5842.030467496938,13,6,benign
3389,49613.43033655006,33.35085491492579,47935,168,0.05474377270542846,5.560072652925821,6.867663608663957,14088.796726999653,114,6,malicious
4444,176517.06811482797,30.728640611832667,40918,178,0.0009025195007026112,17.38598461770875,7.86570997646293,52290.69562625095,122,6,malicious
8080,11697.741557083606,15.176853709701058,63454,8,1.4745995339557738,2.9283774333574546,4.079634835857265,487.83785352799754,13,6,benign
8080,68.21483340708497,17.58448399749726,13823,13,0.9682994658155097,11.069868550839868,4.610005451201051,2709.336686659128,10,17,benign
23,204674.43332719582,38.860521174391565,41669,183,0.05384886244001323,10.508676511090771,7.167823741859387,963.489901297495,126,6,malicious
1337,52908.80727733135,29.508061299595845,10672,177,0.05232874719419475,2.1364393630218395,5.770278408538626,15348.721761664236,118,6,malicious
443,3646.369490631615,14.64334417305689,33672,11,2.249288812495746,10.840393127181265,4.996343638159383,569.3314990907644,7,6,benign
8080,872.9400798213309,16.319095346360815,17696,10,1.979662319610365,18.882277235103746,3.9078500162705545,4334.7799384064865,9,17,benign
3389,160963.6280736221,39.120988173573544,55318,186,0.08197084292128548,10.202328812850995,7.681439323349419,78827.2519049684,152,6,malicious
23,233398.99462107028,42.5345370137076,53084,177,0.1276055662333978,7.673570929883365,7.690969072379183,102732.73234105193,108,6,malicious
22,1336.9474525274184,13.34600088795997,26215,13,1.725887541424637,16.192278672513087,4.166689728799646,1572.629537022253,10,17,benign
22,9486.437477993466,14.54829660457368,40925,14,0.8803593014916898,10.144980497617714,2.867615738002314,5130.5957630072935,8,17,benign
3389,121979.36943863529,25.673581400733458,7805,204,0.07020961781110402,6.167743303040396,7.5832486132008,67411.0347995485,128,6,malicious
23,11640.936386611214,37.5520088166436,54085,165,0.09232629623459344,8.857766138330387,7.474044731118476,89.6875246221055,127,17,malicious
8080,1870.1704454719386,15.465563763176924,32187,11,1.1015129340513452,1.2181394995947294,2.929976585386834,3623.936068813284,15,17,benign
80,69127.83301733116,32.39340143291518,10640,201,0.18679495190691037,25.08294031085634,6.729648180593021,50451.826523986696,120,17,malicious
443,7509.045103414696,21.351307091839093,3201,10,3.2226412276404686,6.305582449159061,3.975177295071132,4129.214176229606,11,6,benign
8080,1004.8934252667538,15.46522480225278,64806,11,0.837558111905489,14.464581113204751,2.49552447640738,3039.097066085432,11,6,benign
53,6305.6818771256285,18.858210295532704,11533,5,0.8730908461313238,12.196749956136964,2.7396558998751015,3200.955868091526,2,6,benign
4444,116376.93095478501,35.347128318327705,11087,161,0.03611919595546885,3.120850102797746,5.623982618328953,24412.987858195364,103,17,malicious
3389,223221.30878791556,31.84942310972784,4772,175,0.08722892348512928,6.544552268674073,6.309032813407102,21718.00469326032,108,6,malicious
53,2096.7038463587774,15.939360283943412,12264,12,0.12032485758189093,50.41239777054663,3.695607573788931,211.6764126287842,7,6,benign
53,14984.728731473975,17.80754147631624,57175,12,0.7230990681359042,19.966177917320927,2.1361499821689818,924.9512094429382,11,6,benign
1337,19169.736567397063,33.835726445552716,53315,188,0.09806117294190114,7.9470395815447175,6.5543705742132525,70381.94575777627,129,6,malicious
21,153118.9499815213,45.09311318253179,57844,175,0.02204667154300993,33.68583310268037,6.133753004806264,3277.9873724878726,113,6,malicious
22,2046.0329197351073,14.111773407590801,38428,12,1.6811910343204675,13.237030449352758,2.393897025226065,7348.445171130478,17,6,benign
3389,57555.24007691264,31.586349902880972,10093,163,0.08256899263089038,28.10321383404968,6.62807922662024,8621.649020309856,127,6,malicious
1337,237859.88164774716,33.07902683467137,41433,190,0.052749294060630406,11.188552530696668,6.714843017580622,3912.415255793438,128,6,malicious
22,2860.10986788431,13.815173360403014,31250,9,0.2819235520000065,40.203619039419266,4.971297995928502,11481.109718811707,5,17,benign
22,6891.536687359035,13.190157212487513,13457,13,1.9785344607879864,27.104740041973063,4.850627985507046,3208.8346242525945,9,6,benign
23,14943.95892666055,32.07329358625808,16347,172,0.330600275169562,1.2499737671874582,6.607783016648858,17732.256214659523,109,17,malicious
3389,80816.77606308728,37.00645339462166,7899,196,0.020691764549902136,17.231081292489026,7.2553005411591975,2931.89334040225,134,6,malicious
80,1510.6869426860087,15.34825376381861,23710,11,0.5648927099303256,8.851027024387607,3.051249665935413,1291.9154906476172,14,6,benign
4444,463120.63507253915,28.732628612837832,13707,176,0.12566741965244144,2.451379756757191,6.633016575489531,63594.00223113589,129,6,malicious
22,5726.845693223386,15.964681615742952,18132,21,4.903623163471022,24.217532838813526,2.5578244902891085,6188.649998601652,7,6,benign
22,6512.293405293162,16.17186792078095,9119,13,0.5977202371892097,10.10734570907967,3.6096576389500075,7141.716028401137,13,17,benign
1337,52368.40051294494,42.81152108189656,19267,185,0.060637125607762875,3.3875660777707757,7.346885817751424,8311.984716006276,129,6,malicious
21,65764.49981732422,39.066206465789136,61846,176,0.08096571328550387,5.89558011889126,6.142261750382474,78291.57508239168,109,6,malicious
80,34609.16660563049,26.665001253285894,53433,195,0.043076095459875334,2.758565901194796,5.644656829670986,72998.09015016288,127,6,malicious
8080,3280.2036062081015,17.16117328588193,48012,14,1.3518363898700678,14.243014802958491,2.490304839631058,1137.3901790448347,12,6,benign
53,225.94239560461213,15.141539655410893,64633,13,1.2290585651339203,15.131473584497167,3.1743275749948636,2305.389513858796,13,6,benign
1337,94458.65535224519,38.51517047752714,29840,181,0.03740678226695196,5.2339878277720455,7.050154386467467,24911.52429977785,123,6,malicious
443,4598.074537956286,12.47578994549618,13278,8,1.3098277393060018,4.877755510044432,3.2007666077329286,851.8877128565488,6,6,benign
4444,420015.5026984363,40.148165461977285,7189,183,0.014144848618374242,1.7633632628383373,7.577797579454263,4235.141290380738,125,6,malicious
443,1368.8014999057161,18.163362466438045,46920,12,0.641506018228436,55.50556940151458,3.910127231492728,2851.0899765362824,14,6,benign
3389,28586.982330483366,32.10840466905009,22277,195,0.118855182083347,5.659902212314764,5.879530372761342,29820.350127906775,143,6,malicious
3389,80765.6625766829,59.60205364781099,10824,178,0.105318326960693,13.708657350816326,7.302690341289708,37295.392624226784,129,6,malicious
21,70809.69791512303,36.465835631776244,26433,177,0.16244397854859283,3.142276312565672,6.963284539988345,50516.74961632251,104,6,malicious
21,270589.7873029366,42.836352382070466,3642,160,0.0014991749798778599,19.112258948514167,7.782055939985138,33544.353977746614,111,6,malicious
23,19259.3800134431,34.72447132484308,46397,182,0.0014501761773508285,16.197359906539212,6.106459495650609,52558.32779707573,127,17,malicious
443,3344.527700443867,17.349837843147753,61831,13,1.1163138379022535,1.972923276286678,4.2271577778915255,8328.081650719741,8,6,benign
443,1199.4539341946995,9.855441699012811,50863,13,1.9498275497388882,0.2718727992993271,2.393294601227112,5124.717031201901,15,6,benign
22,3595.245835912997,16.244480913267815,2409,16,0.03983762738663828,0.33251074505264044,4.2205913640864265,3306.2938176754365,12,6,benign
22,3074.460491027483,14.107500996579438,46600,9,0.7636542805710842,5.115737876744727,3.363553619084446,1906.4231779584734,14,6,benign
8080,198.46720130832085,13.992686573113305,32253,13,1.5319126974637598,7.942977677026235,2.9781345444941225,8766.97458272262,7,6,benign
3389,215329.16901470738,55.06245753530399,34146,186,0.003515936562268582,100.69842224209015,7.300082010210884,25147.24370676158,127,6,malicious
443,323.8789592588657,18.180209880515086,35557,14,1.1569088197136892,48.32024410594728,2.57818174018744,275.05973486635565,11,17,benign
3389,291426.7418300828,23.952483990245423,24468,164,0.005503766710617814,2.581827913727788,7.4499294260360776,3899.0647388891643,113,6,malicious
80,19603.124700520697,17.517951329127776,57893,12,2.417848431325079,16.007433891627475,3.5715382038339207,210.1489235456089,8,17,benign
22,1733.4597733371584,18.917834646195168,5835,11,1.4951551516909176,3.884498113769595,4.175052430902047,1301.100754495583,8,6,benign
4444,73910.0745544763,27.109707342946656,36202,169,0.3441415530448561,0.4020757185913237,6.782005200918308,66645.42707689122,140,6,malicious
21,75029.51626261533,37.47830711516692,13549,151,0.06154854976835854,15.054878061935275,5.5247485208408715,62218.32848492791,117,6,malicious
443,836.0178254934914,16.148136035905956,29864,19,1.4660234822196794,2.9465958339626184,2.945911324861937,1045.9612299850278,15,6,benign
21,138632.87829747956,38.02796645234692,44781,174,0.00847151460844637,5.5726828362165675,6.0648944029609675,8798.172052377982,116,6,malicious
23,90652.94880324973,24.088813311973176,36354,179,0.059377646409561766,4.230477093730275,7.437475843976467,38857.82870732594,125,17,malicious
23,125751.33213733899,31.806012231193133,44567,213,0.07016394277779109,3.5504652861186297,5.991640436000107,47993.598470420424,117,6,malicious
22,3050.400940386281,14.519493533547204,52975,13,0.5063697371072354,0.49577328220676464,4.60809498871869,2131.334903086171,16,6,benign
22,123.43821041808977,9.844279253915357,40219,13,2.2189233731235203,22.09637322985475,3.2908607873253928,705.4647334899645,11,6,benign
53,1580.1256210597455,16.199616064960956,15741,13,0.5976420618831384,4.456687750751988,2.551934829961085,116.42004913274161,11,6,benign
23,265876.84896612336,29.304796063404616,57660,174,0.14890954291634867,58.59333284489314,7.462746805359709,21589.784899280923,128,6,malicious
80,264392.2568896887,39.226185221171505,10550,186,0.0008112322672191749,66.56867537186149,6.851054368424328,16074.853130191921,135,17,malicious
22,147.32474959173325,13.6398195651745,64297,9,3.539629571691981,30.684394366813102,3.6221575269961868,1796.2201689782369,7,6,benign
23,257264.64947878747,37.17118138188481,5098,163,0.059903911191721636,35.08741436686,6.670143940134606,24386.49435053765,127,17,malicious
21,148121.68864648216,30.785279792549332,50248,167,0.08290429362683285,0.6341544646574823,7.26435388683584,26356.87517973589,114,6,malicious
8080,5002.8313352799305,14.256637046559202,20995,11,0.3830919906931074,17.4270998487016,3.617290431547346,1833.2419283216543,9,6,benign
80,209427.82110564693,21.244180149570433,23898,165,0.04602140148318073,1.6353393271446564,6.090207519767308,61430.52223810589,124,6,malicious
53,317.7130882624252,18.4133202959085,55170,12,0.5522556985292703,8.591381792816618,3.1611994264903247,600.7918617800524,7,6,benign
1337,302.3501903617013,32.42534738451244,63690,192,0.01096879469188773,9.364654223088017,5.572017569109971,26124.470909559554,113,17,malicious
53,6023.540495274346,21.086916415841145,55112,10,0.0028462915577205,0.648574156493336,4.727670285808251,1647.9144542766985,8,6,benign
443,2523.9861991746043,16.825673323654588,38642,10,0.9763372774760855,7.374285987444398,2.805149246981094,2790.0967995944184,7,6,benign
8080,5649.075156997398,12.472455927282098,61117,12,2.671419654914724,4.9835793964941875,2.41626376134309,1596.03667146675,11,17,benign
80,1605.0701391118316,14.166367381785168,7342,14,0.5219042201981972,13.391727020668183,3.6311735212133804,7555.829872370306,7,6,benign
21,15854.484297434063,32.35843074514176,43613,178,0.00034695833249271074,8.904275875743767,6.863897947554817,17010.733816229702,125,6,malicious
21,269374.179060438,38.095810774015945,7330,180,0.4049607749643859,14.562770031564336,7.708760127280261,62169.03164560495,121,6,malicious
21,172117.767928213,32.940572490846606,61245,173,0.0024204199682393234,0.03134225787698797,7.411601631735476,60146.58096908269,116,6,malicious
80,264489.66002074984,38.35504098661973,28860,177,0.07970322195507196,22.288009168540068,7.413512590959959,230065.7244116285,117,6,malicious
80,7768.794953969091,14.969138753562458,7648,7,2.476348027978775,10.70241426850255,3.7158610209289007,1215.4422089337822,8,6,benign
80,14889.548133525139,14.62438252249449,39310,5,0.09359124292281215,2.715475914344655,4.91828422529734,1360.2138951188433,7,17,benign
21,239714.88657442585,33.02627729049759,36829,155,0.15912616714409875,7.680903234480976,5.528902083468736,34614.45074951155,124,17,malicious
4444,61487.912194470264,31.36930670382904,10675,175,0.06316457263614997,6.270701742419878,6.429471389910798,105353.35493813011,132,17,malicious
3389,612.2241993310275,36.448729249726696,39782,181,0.08898471982455534,29.242970992033587,6.184959113728148,15371.527406295249,127,6,malicious
1337,294689.3496638535,42.07482917247225,45239,183,0.12345749695744505,26.445851305819204,5.754490898623552,24261.990642860732,124,6,malicious
1337,30617.588770135466,20.90126266583763,24478,204,0.06425509947510469,2.6066912557280078,6.020839381209363,148836.0015870155,121,17,malicious
8080,2166.7622524559874,19.09489369418052,13825,16,1.418244190546347,28.1750356149257,4.868323035512139,7422.422931948165,9,6,benign
80,144467.6101372624,36.8360100789024,51961,160,0.029936003241020304,14.080716548253317,7.3561961507401605,10796.250395627318,126,6,malicious
443,4263.613806013107,14.464142723199739,58694,10,0.5204658000284724,4.316484572403762,2.3255001825629407,3930.6219719764163,12,6,benign
1337,42597.01383780471,36.87385018130436,36412,215,0.12340152482649737,40.21903356464835,6.084758779548519,28841.861341968266,114,6,malicious
443,3434.377432131031,16.573623679696173,10936,17,0.8245663950368394,6.962534477840793,2.6396638113877624,1554.5953358011511,9,6,benign
22,3713.965278160149,13.270409167984365,25955,11,3.124316623775134,23.634991225182446,2.1874089374757837,153.84622590298602,9,6,benign
8080,6033.319574405816,18.44737102943791,37640,12,6.4000346681855556,16.65353253928495,4.5886291045483425,1431.2428118947994,10,6,benign
21,193378.57848089858,28.135084304499532,9817,193,0.008489427480244158,23.83439716492642,7.349190617879739,81581.97961129094,124,6,malicious
80,2796.606731341305,14.70756227663788,41907,7,0.2372351614873465,1.4868482621745405,3.8732674126402453,1090.3515878906956,12,6,benign
22,10884.89085837053,14.281536051660936,24073,15,0.04416001830650392,3.5075275648703257,2.2625524396908876,1374.4456942319734,7,6,benign
4444,115183.3310888432,38.89886436446741,3614,169,0.019649953813298295,18.77692816811568,6.656101891519695,196414.4232632695,114,17,malicious
22,5579.965920240316,16.43749942471841,33897,9,0.5427928686154851,2.3875708853145747,2.6057068323676598,2384.781839258669,10,17,benign
8080,1262.746983518312,15.171373230472446,57486,12,0.922830236107822,20.842743975426732,4.361423737938532,9771.664473406105,4,6,benign
22,2450.9134586966375,15.717576804479412,57104,11,1.0775593969765709,5.500717023816682,4.004628783333945,654.7044949215077,11,6,benign
443,10775.63411873581,16.24627743593655,36634,13,0.6947792921713184,13.857639512135309,4.161173939414422,1312.9742647339465,13,6,benign
1337,234510.37375127425,28.38700133672496,20661,186,0.07360804205957899,6.830947805343477,7.014179282503768,63667.82609286552,125,6,malicious
22,3942.25052918539,21.840430792844074,57020,14,1.936030936524613,13.741172864298365,3.1439254718812943,1456.3286343346344,12,17,benign
21,382920.81328032166,34.16176752836103,47331,194,0.19303910818106185,14.52596846192252,7.72733742308356,1658.5948944013505,119,17,malicious
8080,1963.0323974691003,11.578814638440365,60557,21,1.291211663793561,8.539608343781811,4.841856150030288,1503.2612792439318,9,17,benign
443,763.7214060220984,14.040434811870782,22004,7,1.2250351530749186,39.787782688759336,2.331752745413267,2035.6400565504548,12,6,benign
80,187492.81852556145,30.781542458827705,12251,167,0.01899734921121315,53.67497992657619,7.020043803223848,120476.82844246207,117,6,malicious
23,38187.755604361875,28.420720249126234,18503,193,0.1843784967694853,35.43787688706639,7.09688873382277,39828.12703491888,123,6,malicious
8080,1536.54504542025,14.644123668133746,35505,12,4.2028539070555855,19.92191530830788,3.8137281549786812,1920.1530253288001,10,6,benign
1337,39564.24728317181,36.210073256431144,2907,197,0.02975816150852089,1.9774277428731817,6.734798960703985,90235.6836861054,115,6,malicious
21,237403.2898407127,34.04989055585486,47339,168,0.25410430505102677,39.33502692150438,6.975180792760563,58543.6899044373,131,6,malicious
53,8728.61922060671,16.814140102722035,7197,13,1.009142691575464,15.189453397487064,3.5369390684272597,621.1509570541939,9,17,benign
3389,67243.03758832521,45.082284639409394,15528,159,0.16587073755932719,1.541766815025502,6.616239884328535,20067.754955254466,123,17,malicious
53,9381.278363741132,12.629644896464049,36348,10,0.6358883098380601,16.28238265256534,4.735151644512766,2940.166525198119,8,6,benign
1337,241289.4123664439,38.6614545602885,23516,181,0.004505872804496276,6.57990734256065,6.280150764623898,202695.0432208294,128,6,malicious
3389,91837.20378964173,29.333359868421056,9739,176,0.05214215306921562,35.23638553232365,5.917142169025036,99229.07448902882,116,17,malicious
22,6875.572136934197,13.600647170853941,16866,13,2.356726105073766,18.80078775785564,4.153508027059239,4853.263279949794,10,6,benign
8080,4250.576160537729,15.975399168168238,50770,11,0.10568946978876151,14.213424208657353,2.2436765238572796,3103.436108682255,8,6,benign
3389,84299.94685844678,32.83960122830467,1461,191,0.05138067748111218,3.886907523000168,5.580905219531637,47883.75709876475,145,6,malicious
53,5475.775373913081,13.269404471693646,18989,11,0.23789438021442846,28.429217600637525,2.260937074441791,2845.316592140187,5,17,benign
22,8935.294746013862,16.916859416281323,61636,7,0.5175818680690212,38.30031462161102,2.1107076064951884,1758.6387199415765,9,6,benign
53,3498.906418170568,16.87881063012955,18251,11,0.7790869910527557,14.95163887442248,2.823565140629972,2289.9006904758103,8,6,benign
53,2679.5884381115643,11.664750175318902,27461,19,1.23067549647876,34.29290454853937,4.418773579753041,1687.3730900013209,12,6,benign
3389,391354.55153151334,34.920243313367635,33284,147,0.02085403054384732,3.0657068306617816,6.224389290749519,34638.72557616766,110,6,malicious
443,11328.750585741018,16.655820310818015,58967,12,0.8791006787437865,9.915507738281075,2.239686521040521,1189.4407027817217,11,6,benign
80,33063.52509947236,40.556763981989405,15464,206,0.09219818460727901,2.081960531374333,7.382793649511773,4839.439104085097,126,6,malicious
80,41261.18022612806,33.479690489875814,14993,174,0.011477911752700442,20.810448666132377,6.656865403076608,69524.83896432527,97,6,malicious
21,259574.77179350232,42.4890214925258,25752,200,0.1593237710074912,8.324965710091385,6.898321674563091,64329.147188914096,125,6,malicious
1337,185724.54355065004,36.776080984526686,57017,199,0.004962865900092836,35.97649778024221,5.775662586852044,31974.16821975278,137,6,malicious
8080,5619.589671991889,12.961197724531397,26363,15,2.425177711385814,37.75265867637211,4.963163218551603,1419.9392582905925,10,17,benign
22,641.7720495985609,13.18975933281218,1719,7,0.5472221157182147,11.22451135401089,2.0697245104121524,5950.669840563665,11,6,benign
22,3776.626889958558,10.467095830631807,55835,12,2.836271837866846,1.6007892242100823,3.363401804364231,1574.3893788400762,12,6,benign
80,828.4760605958909,13.703967893741316,34224,12,0.5370042279307539,6.457703103814475,3.5695085897261696,5154.7051946906395,8,6,benign
21,211223.16174771296,37.05910159237616,19671,188,0.10310174639344571,35.057488161328116,5.5430094126070735,3873.46145293777,116,6,malicious
21,346748.97187216004,45.51097898969982,18774,166,0.16916109636305757,11.392387584820057,7.292724440542098,39769.02345214355,123,6,malicious
22,1292.7908954928055,14.722965424048116,2112,16,1.5904458264284878,2.0361990258222433,2.231770480366877,738.6712038002203,11,17,benign
53,140.5311322162705,19.07305728721594,38093,7,2.0330084296786826,1.0672616758999567,3.0809718104331996,589.8550669382603,15,17,benign
443,1074.2468781363339,12.784233589267151,46162,9,8.238638252474027,42.19118523848419,3.4918628877148907,860.8381516881205,7,6,benign
21,162870.30107450165,38.93978515036572,47397,183,0.11489634132268722,20.45526788334206,7.793750698710658,98761.8187250669,127,6,malicious
8080,1383.2643880510525,19.85611491390123,52320,20,2.240024653777372,13.445593177476827,3.194360094592513,571.8940118359774,12,6,benign
4444,18503.109291524033,38.07018696392813,22628,184,0.03949992577794753,0.7564016695187381,7.37374064717782,73633.31875500061,107,17,malicious
53,7783.737868938378,13.644937564538024,30405,8,0.3604466665166382,16.475677422054765,4.835980930909212,661.830538174325,10,6,benign
80,91900.74209478668,21.051571603808004,3361,203,0.04530711047100537,41.0659563316787,7.975714169420027,53868.3544492638,112,6,malicious
80,163740.9146396259,36.283375940346026,51094,188,0.20657259100653452,7.312686071831028,6.5178783194903875,39784.26770265215,122,6,malicious
1337,81110.70947848397,34.91526060765726,33014,147,0.05907997521468989,22.185175489631085,7.652080914438402,22214.193486822336,128,6,malicious
3389,70500.06942500801,34.806045725576105,56154,178,0.057184119676965864,20.89978682854088,7.427125153525672,34092.7254282608,142,6,malicious
8080,16016.116521504231,13.82648124794367,11405,16,0.2997248686295454,23.267237833306737,2.8568789411146196,145.4604461431947,7,6,benign
21,75237.4871983685,26.95494688914529,52437,175,0.08147775658673924,7.649723633099202,7.608586051239472,87235.82420273319,117,6,malicious
8080,12099.590969100502,9.890075754122563,10021,9,2.335518821402895,15.525372673313662,3.406645122239825,4682.133203354448,9,17,benign
80,523095.8368329188,31.545789794578468,17485,172,0.08499913051405807,1.3213856559769932,7.807983930619584,23604.823835272564,129,6,malicious
1337,390882.38065026957,25.142355292618397,8661,166,0.22672083859119377,4.0035095089775234,5.643490340532016,5534.404270051355,122,6,malicious
3389,5968.499308051065,39.19707158107357,35884,167,0.1308374716130755,5.813654764066451,7.111995386577922,43685.800006475896,112,6,malicious
3389,112994.06373823933,38.28020488668179,15932,177,0.005191995023475675,23.74977099006898,6.428399035107629,10217.035309936744,112,6,malicious
3389,187122.8712098806,24.58898739772584,7048,180,0.3276990077322812,16.686718431437544,6.723457906430701,91544.01785422626,139,17,malicious
80,141188.53350283136,26.160927696299566,29130,201,0.022402874894418136,8.299455385419556,6.572635894613387,86696.87895959761,146,17,malicious
53,68.56050014177895,14.721110028160671,64491,20,0.31126607759411506,7.676175096748414,3.244559828188609,12661.525598269018,17,17,benign
3389,243892.46329639482,25.475354937287733,43096,210,0.07754996671280369,8.921329773839771,7.959920201520911,1513.2715647780526,140,6,malicious
1337,143078.31699608135,31.40984640569421,3713,155,0.0036759115997584534,11.667794934980574,5.851706204985911,43620.850243765635,138,17,malicious
53,5472.810862417443,12.224328707155829,17928,12,1.389389622703789,11.9700351483221,3.558240788209484,2353.3094547840988,8,6,benign
3389,141716.15397250548,38.76751758293156,42929,164,0.04506229909359555,10.148603265964493,7.509850995548531,3533.313881063868,115,6,malicious
3389,48169.54825778142,32.01607309484785,40364,168,0.1332412102657498,13.551245771559735,7.313597846783851,53419.206012030874,111,17,malicious
22,585.3228883377707,13.093694360998496,1570,16,6.78295038794427,3.9302875464783185,4.415719387606361,5.732034737227781,11,6,benign
21,216791.03808339164,36.695210336215155,21371,191,0.03743251380352867,12.949531883784319,6.438562778187012,74367.84341741419,144,6,malicious
53,5904.0738435865005,12.86289265817613,41951,12,2.7704306310776934,58.218444168363135,4.145803905720886,3147.1894044430987,12,6,benign
23,49801.89869512181,31.0403783830933,27197,150,0.03337461522231118,6.961412456842006,6.459882222143845,87409.07270294084,120,17,malicious
1337,194579.13088582017,28.707007033393598,31181,172,0.04499113393760904,1.1340414503526604,7.14202425914052,9571.682966873692,124,6,malicious
8080,1256.2151879009189,11.450281739966243,24668,18,2.558251306358902,30.464571694847724,3.5376105398260633,9553.207611648724,9,6,benign
8080,15644.397097806994,19.037020860615872,43960,8,1.194090975442203,18.054409668584277,3.4370218662119143,4756.826853630354,16,17,benign
4444,118348.11436965992,22.485612816292782,34770,179,0.02956926341853551,35.094295434198536,5.8129333636351905,112247.5677544978,124,6,malicious
443,3335.513364971608,14.679552555480155,61283,9,2.294594443159343,29.434343277625445,3.441202114134936,1497.8469442349206,6,6,benign
1337,101389.16179985978,30.12236360864756,15661,188,0.12961954428629036,25.972808462212218,6.648087377711742,6250.358270928942,121,6,malicious
53,16602.3481418966,11.881321301853198,18372,13,0.294072927753105,0.15408540562309764,4.832243782159007,660.2196961060888,8,6,benign
21,68085.14025697747,29.909153824281706,20560,176,0.0016442490636904878,26.555221774196756,6.969769231280385,45018.45268412653,102,6,malicious
53,23148.984242034472,12.687589540755424,55649,6,1.0132396541227706,3.7948230133523757,2.0821461502970884,1049.183555543302,16,17,benign
53,392.30306860679286,12.002192564798554,17386,10,3.26575727705784,1.3835199282578312,3.6143493249940333,1581.1673942506359,8,6,benign
22,9064.965982696085,15.792740426711086,26581,7,7.404282713241651,4.011911592068542,2.8431108627991493,823.5946761952332,15,6,benign
443,15010.621241818226,19.50190241968576,57969,7,2.8834876642021605,27.899814937272687,3.583734256080591,17660.63128330498,8,6,benign
53,4117.573451619621,17.902717654234518,60490,12,0.31257507330341283,27.28695750646727,3.8677560135043505,1160.559037301833,10,6,benign
22,4011.6136899275416,9.949586141104657,61853,16,0.8815441734674012,7.663940183865488,3.7178513276183502,747.3009637557058,10,6,benign
80,5528.394430463599,16.48629181614282,25905,20,1.577683029394795,14.402690729789029,3.926836424928843,4410.4823419835175,8,6,benign
80,2175.7427986721596,18.89396184799725,29276,13,0.5239414794060521,16.81240705201038,3.1629210522851015,1640.0405766967613,8,6,benign
53,906.4308798337493,12.339894738290795,33038,10,2.7359082519987106,15.071705567576453,3.552684970046558,378.4721481067157,6,6,benign
23,231498.34935135907,29.084097527079773,26403,190,0.00244180590019357,13.318641604791774,6.98789435054063,112019.32139571605,125,6,malicious
1337,85427.0902061476,41.564239452194464,42406,174,0.011765835765447236,27.001701886958415,7.38176855449207,34600.74617058794,129,6,malicious
80,128966.1745532646,30.530192865625516,50174,183,0.05668639021860713,6.744217623932216,5.535122944766841,4392.472055486286,123,6,malicious
22,5922.0048636985075,15.915215591518004,9680,5,1.3580857144839988,6.351844691569161,4.606283599395779,1428.4803509443882,6,6,benign
53,2017.7261385437048,15.033151241731337,17339,15,1.7298518557975284,6.514051902291356,2.9756554801787094,3762.7552946636797,11,6,benign
80,8225.546747391929,16.97395580576312,55450,12,1.797283917954752,4.548523127844403,3.9093824897341163,7060.929910754424,10,6,benign
80,2153.308879551272,16.024026069443973,4149,12,0.2688981628274397,37.59173018983966,2.3387667989336833,2960.2244540983434,5,6,benign
3389,175990.41221206466,25.865579057883075,3073,173,0.04870814100928056,3.5654188993479514,5.792952833807634,27528.59957181375,114,6,malicious
80,2054.1807441872443,16.380618358792468,57413,10,0.15261185192213983,18.85033780155206,4.948248380877964,1851.4750552011596,15,6,benign
80,9496.475114622895,17.133203826445882,19715,11,4.656638563432655,17.544176758818608,2.889639060360274,3034.031590330976,13,6,benign
80,10432.873506865022,15.685830048946494,49878,9,2.2042815075511393,20.85462173903998,4.4754215836733,6916.109365606839,12,17,benign
21,148433.70195060907,29.761057136659417,55902,170,0.024519193480074558,16.092980638196643,7.559148456844689,39642.984474620804,126,6,malicious
3389,97546.25558961561,37.615088065586384,7343,185,0.004368919434825676,0.9477904775392286,7.744456336573213,31916.850040475696,135,17,malicious
80,15685.701506444275,16.154523285509413,39352,11,0.2288197878048677,3.7161494330537765,2.03125420364848,5920.075956738128,10,6,benign
21,397666.38988036045,27.540103342998876,39232,170,0.15442768491030148,47.05308861470128,7.534541327337813,88303.6017089563,127,6,malicious
80,835.67995109894,16.98355202011089,4587,13,0.39415674054352673,3.4764458931077655,4.583545584199648,146.53909196612366,9,17,benign
80,3486.147175872665,16.914804605237325,27833,10,2.704454289907988,6.099916590461769,4.607971540082164,2972.351493659655,15,17,benign
80,179066.28163060878,22.870999813311855,22645,174,0.02848948878361392,46.04009732284606,6.337354036370571,1555.87083241709,109,17,malicious
443,7701.654978760371,14.03082060897221,16050,8,5.163378674778476,39.25279268762475,4.439266979425411,140.60183028550873,9,6,benign
443,2846.2757570438125,16.14870324445871,13046,11,0.14594010937860513,4.8166423054789425,2.5135372778601353,1366.3527724233734,14,17,benign
80,1194.7348048870188,9.386766814410649,45358,18,1.8351911635484162,11.828014043508883,3.4151344076885737,5846.616119027909,11,17,benign
23,36645.31408435271,27.037045140364334,13644,204,0.007926354746707921,3.1980795459238447,7.7458053758062855,15600.348292692628,111,17,malicious
8080,13384.601670711809,21.233564769746835,2885,13,0.9833393382130735,12.350544048401662,3.5001154945605157,7967.566550026633,4,6,benign
1337,397784.93809497927,31.82047403652391,36513,190,0.049845031119752366,3.418576531944394,5.889783323529128,32133.66485705488,108,17,malicious
3389,209713.63533048602,33.120602831437374,40868,194,0.10200347352874095,14.908073578168615,7.581605680338949,1975.3887727226065,129,17,malicious
23,118991.24181957601,28.584829041792656,51663,191,0.05057040231430764,1.7660331593191463,7.321279412303923,138775.54808663952,139,6,malicious
53,12603.760033546316,17.69283766135755,20150,10,4.301670795409947,6.757442031176053,2.097158147306676,1248.2164585506173,13,6,benign
22,5908.711901232055,18.991430414416875,7519,13,2.612619575595975,22.521080948376426,4.179799221417955,2573.694416478515,5,6,benign
22,578.072208545415,17.75236109432848,15659,9,1.178312753397003,10.34237124757757,3.6007326193753535,6998.298269375907,10,6,benign
80,1130.8958500811686,19.703375959599057,27854,7,0.18039043264872903,45.53841403190766,2.4647738373421775,4490.574847971376,10,6,benign
21,211231.13376620063,38.49189805428414,49267,173,0.1064666523856376,7.3178425419628,7.681006474748591,149806.04458616907,116,6,malicious
80,49118.861868938,42.21331208303226,54595,187,0.10253205071125683,34.61097459172053,7.814433464581528,84911.73592688124,107,17,malicious
8080,3021.020700987538,17.247380355081862,5034,7,0.9645999305751998,22.873173091307443,3.957419182356135,1189.4017355272877,10,6,benign
23,119334.0044594152,34.66899992570722,34635,177,0.016833723154126477,21.181425710266236,6.223871580918894,46908.58467289073,112,6,malicious
23,14127.647771050542,44.76923590899317,22921,177,0.044970610124392484,9.652775164361797,6.909455145969847,19140.540085786113,107,17,malicious
53,5882.57603758207,14.715951202010594,27073,11,1.2157393808380585,10.4460807336234,2.4902464607629615,5625.488767981456,14,6,benign
21,54927.132870635825,37.183740367638634,1367,197,0.016786543818366,5.443978163017503,6.136314291015151,11989.000822631057,137,17,malicious
1337,7340.117385703744,27.37930504523019,4367,171,0.008522726872697792,36.15594838803983,6.202282544078261,19800.217039740462,99,6,malicious
53,3493.913999069318,14.182129155911104,23330,16,2.16827783072726,3.761937483481759,2.3133263469974086,7600.297265249452,11,6,benign
4444,110770.85366368467,31.269211403036902,11511,212,0.08975004467460006,7.717123816043418,7.174073998060406,27623.891259162552,101,6,malicious
80,4911.119511287543,9.196769660853157,2087,8,0.3959507244759156,12.517723434326017,4.929328975804502,890.7391935719472,12,6,benign
8080,4823.206456027391,19.060283935142834,53712,10,0.19267956365727906,4.587896368037092,4.328509328530558,6412.418458163938,11,17,benign
23,439178.0180167966,33.230657816417995,3310,158,0.05470834184211765,4.656508034618498,7.330611431770002,10473.380518521206,125,6,malicious
23,94431.95826800699,37.24868032654425,45639,182,0.08536776724906595,6.910496963908209,6.361956852988783,80973.7335659861,107,6,malicious
80,5143.942636209365,16.429709339364543,5980,8,0.02312125477942943,23.997667286365786,3.251759097043726,1640.292457863915,8,6,benign
1337,4624.9308842545,38.88047729019773,33725,187,0.08916581169839229,1.925654423356673,7.417173342137806,30809.35456698174,111,6,malicious
21,76419.51857587809,32.00420245085494,6689,188,0.09926128280897474,14.857584658939057,6.542663031707586,20438.656603398682,122,6,malicious
53,15251.042946338306,19.56655228007983,3709,14,3.74516441229557,53.41075024707877,3.5376402770270445,12331.354639463467,8,17,benign
22,14586.431271743593,13.495240802055669,21161,7,0.85058134433306,16.080709142568953,4.059244806241047,1560.6541665612033,15,6,benign
3389,28197.591871075234,35.780060509981894,51166,199,0.11857642434666006,8.991205535230137,7.886960311086483,34379.362816031586,137,6,malicious
3389,33686.65584924152,42.56254979396806,58613,165,0.17802988299579295,12.554072044801572,7.095454803802635,11743.333746606955,96,6,malicious
23,94258.51731367195,38.11941336527915,54779,167,0.005482458193155546,1.4640856141629734,7.2639704418772,175892.0006757477,128,6,malicious
443,7176.004114967751,15.228800731026983,24016,12,0.15290031493152356,8.203238250534328,3.405287018936133,3240.319927631937,8,6,benign
3389,40076.26234573216,36.283512603495915,64259,202,0.028802598032509046,1.9726363131142355,7.0256708249661886,22764.311033986654,117,6,malicious
21,190698.03006912422,31.531009835715583,51134,166,0.15729335448501744,5.37314997786321,6.016862494184982,18157.411036131787,145,6,malicious
80,36261.08943955445,30.543358343924837,28694,176,0.0041253651944967605,6.872878738389926,7.142975851047639,9649.665910634787,125,17,malicious
8080,13395.05419321643,21.0705407625528,38026,5,3.731340874789,26.337876936577256,4.802835942836648,2288.714910953154,9,6,benign
443,4653.019676803498,8.67824241983903,1558,15,2.1717438720962066,9.320333623024602,4.652933276654543,4093.626716755917,15,6,benign
1337,672818.2977862417,39.76051047212466,4796,157,0.11858033706226069,4.785179051226554,6.8232506198136695,88195.28121717271,107,6,malicious
8080,5191.605676058347,18.00806775489703,51189,8,2.471063054491506,15.083582495293474,4.402114418969845,3085.4494110878504,11,6,benign
53,7015.378769530775,17.182686901863207,15684,10,3.217490910415166,17.020295985023974,3.5630737224103397,5279.073052832927,9,6,benign
80,107331.06128502099,39.5346433925324,1459,188,0.034606855048523476,6.8506408078867524,5.710655611025244,88668.3012010003,126,6,malicious
443,19713.52046323731,14.722763426613453,13798,8,2.0330730634531466,7.017467807684159,4.115105940045041,2363.731868934035,8,6,benign
3389,332597.7462875023,29.535695938482185,20796,180,0.05795629867077562,27.696225261403676,6.35520395493935,66084.56950177364,120,6,malicious
23,40708.08736006877,34.3539458647743,48095,196,0.19098182292886304,10.056889636959022,6.050361850963716,2538.6787360227245,135,17,malicious
1337,13275.704130794371,30.27465713509538,26884,166,0.058445797687819157,21.282233494729724,7.4731930061729095,31085.106165527508,106,6,malicious
3389,86418.55548192533,41.945027019053356,64742,184,0.16342251928716994,2.1975235628301135,5.682844521319884,4633.175088878117,120,6,malicious
80,2300.3458794310222,14.862242607636684,34832,20,0.9593216057779547,8.681605808954465,3.1590063301519304,823.3157392687151,20,6,benign
80,307314.1550872609,31.444176448084722,26198,174,0.04564166688699758,2.4783412662287247,5.954875805374155,12851.321447154422,116,6,malicious
1337,182495.3614894152,32.29413851520066,12577,197,0.11392119666595797,0.5118078478011452,6.077381309937692,122596.15274212074,109,6,malicious
3389,431789.63748657255,37.42166315689343,56413,188,0.03552542994363956,17.94518207392377,7.162703600000322,23773.98284583026,124,17,malicious
443,1965.3786961659919,16.095591038413875,13786,12,0.7365028496018918,4.115546103340067,2.6462482078869174,116.50672415772264,6,17,benign
80,67983.76365010135,26.773968408055822,31200,165,0.04695398348884628,12.882244851763552,7.784979305332811,106739.66617550005,108,6,malicious
8080,12900.981663155937,17.014607321602597,18063,12,3.286038179580048,5.517229621629405,2.894783828419507,1651.059991330564,9,6,benign
22,3220.1024271540964,13.426803900542218,44664,6,1.8631190992872997,30.991258712306994,4.696595582983892,4501.723482124292,5,6,benign
80,2556.7527673017394,16.41016180194691,59755,9,7.933796680225208,21.39888178364076,4.048076392298509,4145.668490600126,10,17,benign
3389,997702.4650168762,37.87822832729984,63326,187,0.035683538368415715,6.506160201917478,7.759492070673953,5230.581637527654,133,6,malicious
53,1116.8703918255023,9.31906196593533,48003,13,2.79708344486667,5.5987797807202435,2.9073486796878276,5102.547834945718,10,6,benign
23,9657.828671226955,37.40155710069711,47870,184,0.12926156194337435,3.082219144950347,6.608323953049694,27701.27802488543,133,17,malicious
443,11356.439736415894,8.288196357256213,59443,11,0.09161386932773595,6.652829134578609,4.353102494349125,173.54730185304786,8,6,benign
8080,2272.0374106951795,17.358299732914137,64634,14,2.9162368922233726,9.567832344236255,2.3956203877213347,1413.4761703247634,13,6,benign
8080,6659.955134183216,15.59396717674336,63763,14,0.1761930946900944,20.5477670955793,4.782247351143843,2657.254912156545,11,17,benign
4444,231442.40291045984,34.93573039736358,10671,179,0.120366985201514,48.85748106870086,7.396568392258309,60203.94667150155,116,6,malicious
3389,20560.340810752765,35.110631642544895,14431,186,0.1312357218007441,4.558480209726101,6.8582547482602045,12473.973715132763,95,17,malicious
23,51954.257936179696,31.21181724921325,49249,183,0.06160175979638453,23.79375577364592,5.586376845295062,78002.51782925626,130,6,malicious
22,9572.726695690733,18.191541801044707,21426,15,2.5155855208921065,5.784977659094263,2.2233210559040097,762.4687729022975,11,6,benign
80,306143.7150205679,32.13178165225015,53676,202,0.03381496473802212,7.75494033531408,7.671723237616876,36793.55973364125,139,6,malicious
53,5967.545514156351,11.899346262029125,17266,9,1.9557556795188642,11.920063564830619,4.204368352493184,257.97054711374676,10,17,benign
4444,115111.19566695887,34.38268684349887,63439,193,0.013200181779504858,9.09260390865309,5.755253083705757,32379.802910765506,128,6,malicious
53,253.30762756720284,12.034308519070272,18414,9,0.11073176234864347,5.551602084800164,2.3373567078279445,6958.192591682743,18,6,benign
4444,106165.3505181108,27.13257790951799,44252,179,0.021336061836777734,0.43567684615099017,5.803780953851708,72188.106766026,123,6,malicious
21,27473.820577970284,31.649026089532267,45488,181,0.08618079656118566,24.133262675845792,6.209087371558513,87468.6598768789,135,6,malicious
1337,212560.33866559237,36.72093301475802,26343,186,0.19154438063549023,9.874547409301984,5.573070242776701,51592.90378849861,115,6,malicious
22,8341.76528961615,15.164060449436706,57820,10,0.26554758464063427,3.1137682913036886,4.795511455636898,220.73220478244923,12,6,benign
3389,6659.607092789317,27.202734027923306,25015,180,0.11633890635552226,14.707779217879402,7.544522751573478,76414.13504899602,117,6,malicious
21,442227.70410766656,31.346289932703545,41474,180,0.19211147581194357,22.242908200099897,6.60953483332588,96423.59510955651,121,6,malicious
3389,335201.93751475116,34.161057433428994,46633,174,0.020691883037659963,17.431384022529702,6.021610453601061,61267.544010601894,99,6,malicious
3389,53025.790269747835,35.34504380802573,11206,184,0.004862196997832366,12.34489190779145,6.6991242995563205,43873.926576858095,132,6,malicious
1337,51771.343826640725,33.34202949136552,59049,181,0.04357565949399924,3.162468944149267,5.508299653397322,17179.555128511638,114,6,malicious
4444,103725.61302185012,31.662457520396828,14567,176,0.037809849394940954,4.601258338133303,7.251817890224869,17515.922327783985,125,6,malicious
3389,144790.28269247775,27.856099574181897,17620,196,0.0727838640288647,1.599928042481154,5.5133529514068265,10610.51982577114,114,6,malicious
80,5197.589979259555,16.642444900270075,45154,9,0.32809598794644224,3.7729488683173256,2.392246679365431,977.4477111857037,10,6,benign
1337,237970.14046982984,36.191476385614635,50020,180,0.11036444155112536,3.127072816002214,5.957069983665555,79369.85582061848,125,6,malicious
1337,12262.109648791156,43.07524790694007,29212,187,0.12733072590249353,37.24073552136745,7.862982810439425,60904.755563760715,125,6,malicious
23,76083.82284472254,35.56507808475191,19422,181,0.0688457020838486,1.7721840393972217,5.8114614816774495,16523.143152642093,113,6,malicious
1337,121725.13753232462,34.0839709090832,65168,208,0.018640104324025148,43.07340490423573,7.029389943792417,19188.56010618932,114,6,malicious
80,12088.219085300216,14.120209040673819,5482,16,0.6041928073111872,2.311610906043116,4.11116382536389,6378.93602305402,7,6,benign
80,2026.4180006519764,15.60986427704446,52180,7,0.9830931542608501,13.05033372645159,3.224177068550176,3910.8364352503922,13,6,benign
443,3493.265607544694,17.478350985928195,56475,8,3.7509863317759624,3.1561186226453253,2.7641209922979115,2242.9753714476224,18,6,benign
80,41375.720000832596,32.94739598686322,55867,198,0.05674917600944705,16.064435618364733,5.763136463316297,24635.379995930427,116,6,malicious
80,3264.4586979167957,20.30317373975361,10454,7,3.7236430052335336,26.6335521148986,3.8716160393248558,1304.0926242854084,11,6,benign
1337,83675.9435883775,37.31617009012286,36830,177,0.014058618309233425,1.461829017713737,7.976124237092554,21567.291337876875,118,6,malicious
23,282979.6584284791,32.880207640372326,29403,201,0.0676325575980009,45.08651677518899,7.908248912087181,89192.49036971589,128,6,malicious
1337,1139.9930793291117,38.0267019599529,34350,179,0.1440033474858881,2.5147592438441553,6.037829104273263,26377.65603585464,106,6,malicious
1337,173258.38235728437,28.691316206589114,10620,198,0.04596717581298676,9.239968756773205,5.721023911113945,243496.32242610242,119,6,malicious
1337,37280.51036328868,48.87873177509153,44554,173,0.03127592976399751,41.08811448278965,7.019344224341954,8161.928130505436,113,6,malicious
80,321072.5082731728,28.54323982724523,21824,183,0.02506828096419051,31.96209623747546,7.226643271175097,556.419518480751,122,17,malicious
4444,57265.41598334349,29.984106967304836,64087,178,0.05111528476612699,1.6802327906475958,7.336047049502958,22524.246156594894,103,17,malicious
1337,115684.48838415404,16.70240693954394,59836,178,0.022640859674827287,14.499187664351613,7.781992865024938,14484.832159278658,123,6,malicious
1337,59855.844453096295,24.84625582972226,39884,201,0.04619793015230646,24.01174537204363,6.134740256332931,24685.156594180306,123,6,malicious
80,83081.19251285677,33.13103043479777,40490,167,0.055008134600954925,20.692120433377994,6.054073724812999,6781.57363893415,120,6,malicious
22,8650.835688597997,17.131909256406935,53414,8,0.6723168467308207,4.252015160039579,3.017509859439998,1168.1389557303096,7,6,benign
22,4552.351624766479,17.740810423284696,62068,9,2.428427492621646,6.287204977404361,3.524749140918461,2519.4062158602483,11,6,benign
80,2762.6689004892846,15.76909077859796,48090,14,1.3326322992524529,4.316951536278351,2.9851446930399526,1000.2597877600359,9,17,benign
443,17054.759751853937,13.364781391704868,62720,9,0.8575574074145369,15.828541433151589,3.7461670263394584,3790.918004860994,6,6,benign
80,2918.5005596110327,14.825307436160092,14088,14,7.398671459100204,10.175259278610746,2.5680698783237657,1651.5870885136778,8,6,benign
8080,3163.8296315403636,15.09823976306478,13543,11,1.678582206981842,39.65767770270263,4.896284327480903,1688.1886692721605,11,17,benign
22,24484.08548364301,12.788963553083418,35028,7,3.210502668268405,5.3471454102083396,3.5764595163651594,1098.5204110533862,9,6,benign
80,704.1481656368521,17.316738460136435,50249,14,3.819459444284482,21.097892869106342,3.2706454111138754,4211.905257281394,11,6,benign
4444,14819.572983262326,29.86513249454539,51080,189,0.2579182954076246,1.6788176112024176,7.870684429167078,45359.68117391128,123,6,malicious
23,187681.49454272297,42.996452672744134,43394,177,0.04490940812826053,5.8681458666242,7.186226342729119,130861.98458847724,119,6,malicious
80,4234.897575764634,12.5100301218635,19100,13,1.0169304337478264,10.50410476062623,2.3890596239572774,4703.255458476785,11,6,benign
22,801.3277355464875,15.536360372311508,54101,10,0.2581717817753046,4.111812354046533,4.103833309277379,1368.2193338654215,7,6,benign
8080,1993.6087972593364,19.059062975744375,53477,8,1.4371937047603704,22.278379329990095,3.90293182102029,14.336168954360813,12,6,benign
53,1243.9981626230192,13.213315386007192,25641,12,1.0771034877874706,20.537402675660424,3.643722114612382,1983.623705536565,11,17,benign
53,9482.135959240593,11.068222358389539,28008,13,0.36119899346601475,29.561296367238707,3.1949785270585225,402.6418403197428,13,17,benign
443,8997.544983621581,16.68388323141434,56106,8,0.06283339271287078,12.360354667283808,3.377729676742913,11103.881834518648,6,17,benign
4444,21978.95734981315,32.28215465639965,39927,167,0.24087656208311045,8.749971156579944,7.815448394806813,17691.992831164076,128,6,malicious
4444,13051.616776205823,24.619318385970335,44125,178,0.12430816259043674,2.1450315550303034,6.699735901198919,8678.386321657987,127,17,malicious
443,5272.629489196615,9.068205567052118,36596,9,0.7184216796496233,21.021080658449087,2.9271698287644075,6232.726922472961,6,6,benign
53,246.80831115711487,15.888620881444528,2199,15,1.231465311068363,13.149451733404577,4.5549086857970185,6988.935864531682,12,17,benign
1337,168493.35445778293,31.055750812369766,4098,161,0.06885701069167524,0.46208843208105516,6.566436053864679,19755.727802700418,118,17,malicious
3389,54735.10731429613,40.03521291548831,24839,191,0.048727785874468126,2.400470891544089,7.326052222282648,36038.17328971084,114,6,malicious
80,1284.3995241206178,15.719687200987664,10284,14,0.3857210437060424,3.917803558143576,3.129254057261637,6993.400848580539,14,17,benign
53,2527.159461412413,14.27368823175045,50841,6,0.6032685192600722,22.543364091652606,3.1994697230373426,500.0054652337785,7,6,benign
443,11597.151956941127,19.649441162891492,47982,12,0.009011843980244265,44.711637188388174,3.1241947334472417,821.2067024579981,9,6,benign
22,125.47731257668636,13.352780418249758,62690,9,3.884302938268272,27.41385485807486,3.8001661065155687,5479.5417708881505,15,6,benign
53,770.3650114690411,20.034010377801657,49126,14,1.3958539447621634,21.45375527420616,3.3748017933584333,2949.905986478806,10,6,benign
80,252057.71008857834,36.603192343228564,47869,164,0.1167695551381812,5.944496034812411,7.0722384723609935,67516.32797966822,123,6,malicious
1337,114308.2707165413,39.14784748572471,12210,170,0.06097096710043528,8.139447193743438,7.828504146681125,144233.39068738892,105,6,malicious
8080,1276.1116881177281,18.571471561718838,2782,19,1.2432058173631633,28.981356773067894,4.82695474749337,1272.617975025379,11,17,benign
80,63480.84301193262,38.449186841817,16950,186,0.035142743993476,10.492561979561938,7.527050194773924,190004.4209232981,107,6,malicious
21,474793.70991382527,34.532749596636336,53536,171,0.1318482199337657,27.186794322214872,6.187926204781853,3163.388875664624,138,6,malicious
21,30477.210221115467,39.316726298490224,3450,171,0.1955184285316339,14.21435450758729,6.8375891454172955,220240.5823481824,119,6,malicious
80,326729.1218849424,35.841224313133104,65384,184,0.02903511115157691,9.254657115138736,6.875441290672203,51667.99579228943,124,6,malicious
1337,200228.3964994612,35.9972781046505,29602,168,0.004599417821131835,6.964000683498661,6.088163645320204,152101.93756607032,101,6,malicious
22,12474.072006924922,17.234815837115644,26959,13,1.2010362422067034,0.17584795259256003,2.4626656714063144,173.19858704360203,8,17,benign
443,1181.3974304711073,21.965472209613957,31242,8,1.9839597025552846,68.20142780785906,2.5516496313574795,2942.1012096563104,13,6,benign
53,11862.013871474486,18.70861097526247,24240,11,2.3123430281113775,31.402187119607156,2.27570034111261,1039.358923872173,11,6,benign
53,5441.53339277164,15.252340860357213,23118,13,2.9751035837572326,0.26636369924005543,2.495111783076937,881.0046231047313,9,17,benign
8080,3493.539952871546,23.044463877005903,36120,7,0.6461084790155496,4.953514219543604,3.929717306244886,1178.9308746598383,9,6,benign
53,955.4957523642911,12.224215702565267,18381,8,1.3370811446143287,5.426657820355085,2.6305649351160545,2512.253924647339,20,17,benign
80,126999.891901471,33.19237916961127,1736,171,0.08011795399878859,6.1088280772396315,6.478578388609609,97000.5872608989,106,6,malicious
4444,219536.36836223793,29.591989453876476,27529,175,0.12132049555978255,5.181147105004753,5.60304307125239,15305.134787973931,94,6,malicious
80,249152.52179876497,33.427275762462244,20438,166,0.1495190409833607,38.39948534548214,7.889999432321755,8390.312905064582,113,6,malicious
53,30.992104809189772,16.020062692002668,12972,12,0.01434950461798306,17.525536684984058,2.5213385298982116,1088.563953628489,9,17,benign
80,6736.5440042452665,12.89452689189883,44677,14,0.2926068316267924,13.598015911697177,3.554593344083132,1486.2780475368183,10,6,benign
8080,4587.216616708277,15.235094880490228,19611,14,0.22163801819860318,8.486579599713105,4.892789211781542,16.82743238811675,5,6,benign
8080,3496.7059623924033,12.625591834757413,53004,14,0.5359215384029333,17.71513496050131,3.3417794613036875,8203.641207386667,13,6,benign
443,3044.45193892785,12.220126259424891,15084,13,0.6691468693533882,14.49659610596791,3.8654466369163103,2010.977155261984,9,6,benign
3389,132822.05490558388,39.92792338481806,62028,177,0.09794528878024622,2.9064541515192817,5.5570833374039585,1070.5432217111745,118,17,malicious
443,2346.6846713339655,17.39214753067663,11071,20,2.359345160021325,5.351260653775655,3.338280327792986,579.623284082809,7,6,benign
80,429.5965575530625,12.902667857886529,40813,10,0.33142063948678796,50.57350478252758,3.406830168776913,1202.7323177031922,5,6,benign
443,7474.388354440149,14.747065343253517,42609,13,0.4581616758127597,64.88637092362383,4.2231826864836615,3992.865161124414,7,6,benign
4444,268837.82848594675,45.162125466355704,12189,188,0.03499923218025494,0.6814074925257978,6.223140208462013,15984.476484902363,121,17,malicious
23,9869.185411853092,30.899523846542323,47734,186,0.016060837334100287,5.521130589745084,7.3682738486507855,182879.51252677722,109,17,malicious
4444,92530.26690415,39.2802379994756,35972,195,0.015699310370306762,64.17925211446857,6.171074125553006,17629.896472477125,103,6,malicious
443,942.2015182660537,14.502113773385103,6214,11,1.420272443566514,0.25192573050547057,4.233294389856997,1761.7227080969008,9,6,benign
4444,43864.6146028953,44.471863284531516,51061,169,0.0006334859389659656,45.96621358080548,7.602718123610362,446.98757648526913,123,6,malicious
3389,220401.77224671093,33.514270281184054,49718,203,0.009767759774768047,17.225060472831434,6.6533670468990795,160539.92146767126,114,6,malicious
53,6444.695368098957,16.056619301845824,29401,15,0.8240048938952819,14.827887306669219,2.359813167458434,3811.7858129664032,10,6,benign
23,130228.15071130097,38.0180753989154,33238,176,0.08849722519684326,26.041018546260794,7.012882215151153,6766.687116520162,114,6,malicious
1337,298433.2983129216,37.94233355391456,59827,193,0.05019792331794678,93.84225820013046,5.825018512843002,87163.15055582178,119,6,malicious
443,7880.566136878742,15.138730793300677,6683,10,0.6971570850908012,6.685606498174226,4.961800801470651,258.8927550390499,9,6,benign
443,2982.910955514528,13.045801279703584,55831,16,1.0256234681196268,32.154966131091975,3.8340941858915416,3680.2487408278134,11,6,benign
53,4249.7963753893055,16.435159890074534,31999,13,0.6756227593684092,10.251013070280939,4.478685397704345,1769.689652187193,11,6,benign
80,225983.7859123425,37.15878311449073,64224,176,0.08314349407309526,19.63215875822623,5.702053825223734,14917.269178474688,106,17,malicious
1337,123506.92029118922,36.32696428771783,25596,172,0.09203703105149062,26.05185451620434,7.709245783975825,158027.73340118435,113,17,malicious
4444,245813.40382293728,30.943812532321566,59852,184,0.04311515969681095,5.030564516063035,6.460588809600567,9575.423211886018,124,6,malicious
80,21887.827896169852,20.068083298508277,43184,17,0.4260792778510747,2.9692949642893893,4.379389353164578,504.0300138490334,12,6,benign
80,2006.3630348364702,19.378193805112115,17889,7,0.3966245718954768,0.0784763186719029,3.0410152468043,107.96397041416333,11,6,benign
22,6277.821447300406,10.609960456309114,64204,10,0.3069095201094173,5.611676843731534,2.922228226421312,2947.744580898407,6,6,benign
4444,133009.75099139477,25.417720739679673,61534,178,0.029052528953579234,6.653993216262761,7.53523353434213,20883.167410980248,97,6,malicious
1337,147104.6080120042,37.46643760614949,11639,168,0.013047026128513025,7.656864962321459,6.078869630986284,31826.7514301103,103,17,malicious
443,15936.508323273945,13.310044494190548,14172,11,1.0998515273832614,34.0537691112306,2.6981280264933734,155.76744068177567,11,6,benign
22,767.6310970591944,6.746797176538681,5086,12,1.386773120720524,2.5399249883245463,4.656844663139021,4085.083669060187,8,6,benign
4444,252829.11472825948,39.90473064178515,65455,182,0.20121007883477598,22.942725033041363,5.5344027499361435,90245.39638082303,135,6,malicious
22,9075.831887933693,17.27913579092434,8606,11,2.1752542486698943,1.3852207856437715,2.701273694317428,9081.401344548347,11,6,benign
23,36363.72645762557,33.45302971759113,32663,179,0.08695745867992173,4.7051024911796215,7.2636452245021275,59102.425110039905,117,6,malicious
80,5821.95059886323,12.251235679959525,23405,15,2.466582723951097,5.17952389349983,3.1885100409634877,933.723433835411,15,6,benign
23,45755.525722485996,38.47206500342497,11229,173,0.06917848484168666,4.550073176309785,6.47134928336557,18303.73459109453,129,17,malicious
8080,2605.950897028991,17.05520238644775,16070,7,1.1392375666681591,56.24133499163355,3.237185506614939,2039.4538345349474,5,6,benign
80,353.9982090016161,18.892666465198516,15123,9,0.13408540868995378,26.993642028024045,4.185328425518737,2687.0523724293007,17,6,benign
21,269822.1738870789,42.50290161874577,22017,162,0.060219955576071904,2.475188972086359,7.9627154178507284,20145.673657827116,121,6,malicious
22,14813.820142530483,13.621876550932068,65489,19,0.738781267620347,43.789504423141466,3.276667189546007,8093.329914567525,10,6,benign
8080,3131.051793682717,12.842110657727513,47563,15,3.6624505244150067,6.9206941669545285,3.210803203150809,1492.777184824654,9,6,benign
21,124492.9452338741,33.659122902042206,10809,181,0.059029430646918554,12.871972729514214,6.248974658285587,22603.904040649184,122,17,malicious
80,848.3759271022012,13.604119734770268,63797,9,1.7408799548244365,1.0257148957091422,3.0343998299081107,1329.3199813285366,10,6,benign
3389,205904.37917949108,23.367958329722633,48632,229,0.01528425034852403,17.456322220842402,7.612445147130138,80414.10100155025,136,6,malicious
80,4596.515372925872,37.059088719079284,21460,197,0.03750947213988557,0.23710568022535003,6.583975178335885,19257.44048619624,127,6,malicious
3389,197252.8037528453,44.228087314892775,5374,202,0.06267453683984464,14.805285531709703,7.686680675462026,47613.4410385474,121,6,malicious
4444,338481.1897498534,39.89877884959181,17958,190,0.04624704999016816,13.410363202547895,6.6038733562020555,4081.1857563346093,126,6,malicious
80,321341.2754264372,37.02015125646943,53778,176,0.11695091824147827,14.88514494715361,5.614158064376527,52471.6585868108,139,6,malicious
4444,221985.740045534,29.880445068468312,30789,170,0.019533273056584362,0.9040934050829479,5.618979052535029,35092.60938022119,116,6,malicious
443,14265.051600912533,18.05511995188693,21832,6,1.67948722534164,53.09330283339419,4.613892299714733,9954.293932049219,10,17,benign
23,184305.1960839214,35.73354866923281,51315,187,0.20827819136723846,11.955301844363246,7.321506502506565,58332.9869378358,120,6,malicious
21,174102.54596854825,33.94751425054283,40067,181,0.009654215865627438,18.070850916925764,7.962098148655631,79826.40587967988,117,17,malicious
443,62.4290089164634,9.276892471159677,3347,14,0.9179080120165694,11.024649334337955,2.935436924224926,1711.2596806454517,9,6,benign
80,99.40268026672281,12.348643922341813,34946,13,0.4732339561612175,21.492939613104234,4.3659697839370795,3107.689614628032,12,6,benign
1337,228096.44428315194,36.12149527020777,21064,182,0.059613097672855615,3.2040988479361827,6.241729392652833,66833.77597892216,121,6,malicious
23,898883.8507118499,38.80183989758312,38490,193,0.01035749385633814,16.167234564676537,6.102911968486003,46705.74500363203,108,17,malicious
4444,190908.52110750295,34.740506703091896,35901,169,0.08295573549230349,15.045244210648695,5.570140567100476,20532.59960532891,115,6,malicious
4444,130064.26129268366,31.255725917351548,5828,156,0.019964560022688246,16.30068269062483,6.830428096998442,67897.68218419935,120,6,malicious
8080,13247.541416761782,15.041224344602957,46531,11,1.413237361521419,15.96903956950365,3.184569323619492,2008.0272728264472,19,6,benign
22,1946.3853746785,13.873705838742918,3218,11,1.1528564061011823,0.5302020700515736,3.771896741869464,5672.732840139554,11,6,benign
23,157358.8559076867,38.08617702136318,62052,163,0.03778055095589628,14.180275369907754,6.315249092168533,53603.87447758295,127,6,malicious
8080,1727.250676386888,15.01036726401691,34575,12,1.4044357733731334,28.28108150133087,4.900907333083327,3102.8665526746745,12,6,benign
23,296410.4479533163,40.06002675836752,17396,187,0.05678454480034001,12.834704253252678,7.116874170271199,15512.910774934,135,17,malicious
22,517.2889916416789,13.156999842164804,33685,14,0.7644693158194238,39.49661749682431,4.2302205684503695,147.19470196011505,7,6,benign
53,4386.384152554054,15.175926835034833,46287,10,1.5377438139925226,0.4907874975661397,3.6795591103880643,5379.867870276715,8,6,benign
443,1030.8331432166192,12.349671397133722,2196,9,0.1280979476946439,9.92855857839768,4.43364022080141,328.68211296112827,5,6,benign
53,7097.251767377691,16.8453991685435,31159,7,1.3932455654701577,5.87367105804501,4.109812714378576,4236.498827541017,11,6,benign
3389,482288.66368339263,31.60948497577892,16827,171,0.036809527779696566,4.199368545316029,7.882003874714403,31870.806626382204,121,6,malicious
80,2453.8374814274557,9.801541587497312,10017,10,0.06550906155359647,5.910813912364161,2.489994962912227,2326.4636134766456,11,6,benign
80,516.3082978726509,14.294071241893453,18628,12,0.9651982055937078,0.6330937018742236,3.36118494009475,521.229479267073,9,6,benign
443,7292.363647924137,17.390227856641037,1487,16,0.9067230237272015,1.3723403530101648,4.000953983582996,200.615267163774,10,6,benign
3389,359163.98715476965,32.561160952389,17985,159,0.09667217438182184,18.408110389613082,7.9284965939568295,7217.420289005713,113,6,malicious
8080,1599.2539111144604,12.029265462337765,65292,11,1.0191588497187318,1.274404311334814,4.378949124141851,457.7091222275547,13,6,benign
23,134497.32827052727,35.57209417664266,9695,183,0.02365818911317745,34.06989905090574,6.799863646440105,17675.093492865566,109,6,malicious
53,4319.9734271561,17.21384513321425,32626,8,2.5901370786320377,17.246576832674858,3.162015361519156,100.95206431814967,16,6,benign
22,3604.987746328795,15.980914559799304,21069,7,3.458340310222673,15.506367271477275,4.7872908352478944,1154.640549746813,13,6,benign
3389,102003.07619321077,39.95873356733375,60564,160,0.061442981503964406,13.197616033883218,7.806154153780159,70053.52371698478,93,6,malicious
443,2813.8865774478154,11.690234256008301,17851,6,3.9499404083427603,36.74478115338814,2.4990592175235626,1572.7062812338986,8,17,benign
53,2866.7563743542246,16.428601133101946,24771,18,1.5631626161925838,6.609543194936987,2.495063375481662,2483.943574941282,7,6,benign
21,273855.1930085262,39.13420457727411,46185,169,0.06118385424622676,4.2281915078691545,5.86845526732218,24465.568028239246,113,17,malicious
80,3763.8300873197386,28.095405981293084,31177,178,0.09104697284710668,16.296736015560754,6.395010367037592,36052.81354102883,143,6,malicious
443,765.3625822565058,18.705105141902717,19885,15,2.342291666249321,9.98054995282252,3.2860412580178853,3449.1386389709514,9,6,benign
22,4078.797147125072,13.972778220408463,62735,10,4.393662122733116,34.91367109157989,3.6312812297586534,2542.4117677380546,9,6,benign
23,309882.78022136056,37.2088679164525,8374,198,0.08240136241458319,0.9827988361816848,5.818091117055694,2305.2941903556703,125,6,malicious
1337,26298.73516145752,35.388266456193584,9208,166,0.01396205590624252,15.285559879006275,7.894426433730256,15999.228194544663,120,6,malicious
4444,9046.082362168165,27.777662592810735,12426,171,0.11532207235791646,28.135494639173913,5.7793018366823805,38340.699318180195,111,6,malicious
80,292470.4525857579,36.3997202375448,52221,180,0.09448034995331478,3.958802739368545,5.538881698271601,25775.258562025556,125,6,malicious
80,88185.08148247139,22.691436281617207,61472,190,0.037204386318758796,25.93858920871576,6.674713109080784,207069.75669954857,101,6,malicious
80,15040.85671536303,34.518343886221864,24661,176,0.08828334531606209,12.746672814153044,7.766858044926492,23439.21977525845,130,6,malicious
21,156584.08372843804,33.45887417701193,47220,199,0.03713906225165821,38.729470091672866,5.820645304218806,88288.48882093634,131,6,malicious
53,119.40460810511826,10.83788144431453,39857,11,0.5620690862595263,9.019746967565682,3.075442623029343,1898.0275157438653,12,6,benign
443,2401.770919011861,15.68410404430535,14003,12,0.1357967171119121,4.560709909941918,3.8289879961223114,937.9380443790191,8,6,benign
80,9118.577099361575,16.46463078199668,50250,14,6.4878523442025795,20.469036654956813,4.875618471053322,1520.8093657551274,8,6,benign
443,2066.8801263221358,15.155863042203206,32475,18,1.2606881452421566,6.080647912777986,2.781815235848688,9205.502303750618,9,6,benign
4444,464634.2672362217,25.321507034776623,16445,158,0.03698497121557147,3.725687184166594,5.808052573439973,16062.321661557153,113,6,malicious
8080,1513.065494046274,16.194861055187932,27617,10,4.806238474818934,18.69651520989107,3.667043670778863,648.6025101216522,6,6,benign
4444,75890.43838042732,20.84879440345302,45736,174,0.05251556579889451,26.24576311170847,6.219616244016636,52977.003394950065,116,6,malicious
21,184748.85567187943,37.574855123875196,42762,177,0.004912030350526942,43.62316273764216,5.758086287652785,66003.89178424912,108,6,malicious
80,182.09688998662483,19.355176987047646,4217,15,0.6816210006926366,5.346707022824847,4.686274014983294,3323.5216357520485,7,17,benign
21,51421.69332058818,34.63421664487565,5126,185,0.03656647356164344,9.495375769687005,7.991222354449457,200518.86953835972,132,6,malicious
23,38519.14806042403,38.36640886507328,22862,178,0.004716918030830629,3.048767768608413,7.767626958568142,40686.51432735047,123,6,malicious
80,30874.694872251337,12.893218625315992,60115,12,0.9558826687162996,42.01244863826746,3.949678181492234,1308.6680715679931,11,6,benign
443,24942.971662305128,10.90849756081838,20367,12,0.5616957929285469,25.946320315901414,3.5959827398093305,212.52672138847092,3,6,benign
53,6527.924823900116,17.677972857893074,10012,11,2.0234170848734276,12.495939406836547,2.457600753793322,1632.9370625555698,8,17,benign
53,7495.992735191954,18.31038184473607,3332,12,2.849848792447597,37.213939789186426,3.3854549163685688,2180.694117629898,6,6,benign
80,28663.81422714321,37.89772607071592,44756,188,0.003974374880070889,25.72721843160353,7.321075380498517,40759.875427374835,115,6,malicious
3389,30285.787433672984,30.553330401641865,23871,183,0.14761328052435216,0.47045895244776675,7.356219937059318,114627.66533223471,120,6,malicious
22,8261.935770892684,13.705474327335775,53646,6,0.8429101377584475,22.629961035421086,4.482671730573735,3854.5314133763045,13,6,benign
443,1571.455631340598,11.325560945978918,23941,13,0.34955552837216874,1.9460468165553217,3.9958785139809514,2719.290014051076,3,17,benign
443,5248.897199475723,9.981242318235761,40752,9,0.47475525659665296,6.036419569009551,4.188746947415618,494.75930359122566,8,6,benign
21,39531.010203387144,28.002779927454462,4310,181,0.14985740038265122,1.8940052188069045,7.427062252070483,18617.617888422963,119,17,malicious
4444,36172.79466604497,18.49798912335693,47467,196,0.1929881292931957,0.989910651425731,6.360898625565863,54692.791878745615,146,17,malicious
80,5434.320601132877,14.198384586955427,5554,12,4.087570139127623,13.968099944631696,4.252092638973866,494.1260964495304,7,6,benign
80,581506.9672083075,28.205770829619155,9001,188,0.19923682685936508,45.7068742547649,6.228286521607161,69185.88095777768,107,6,malicious
1337,9438.561104910801,37.494313885479066,23550,187,0.05093081301180025,1.1196650915121609,7.122641317177932,122493.10345489952,122,6,malicious
53,14371.831849815748,13.345626053860205,59895,18,4.441063553211949,20.74071451539146,4.479658844322827,7092.549967472327,9,6,benign
80,3308.297423954894,15.134236225784718,26220,15,0.3668361005117339,4.912690756924802,3.194005156383269,9247.815995370687,5,6,benign
22,644.7243406338522,17.897276123812265,4444,6,1.361496414833561,1.4192240289105884,4.223316985157949,271.62623019709156,10,17,benign
22,4834.215160849234,17.96704376394203,51008,13,0.5498560887993938,38.32141941989602,4.039244767843229,330.0330018359157,13,6,benign
443,2088.292577391332,17.150025529127905,21252,14,0.5025882418524817,0.8346693878074264,4.665805654958013,865.403846204848,10,17,benign
443,2715.93115524836,10.079666624483263,9672,14,1.1657744257607514,1.6763440216608223,3.571934786359175,9582.124483973883,12,17,benign
4444,160236.6027830339,41.339825424343125,31950,171,0.13546694995690878,3.8555694987885265,6.954092665662005,14977.629233110696,120,6,malicious
22,4914.659120046047,15.642791277017132,65136,15,0.8142316647665142,40.03521110339055,2.8581343896697664,3535.1911058779756,7,6,benign
53,7738.180104876966,15.70416432335591,26592,9,0.4955456429539246,5.425374138164046,3.404642573985707,768.3146947532292,14,17,benign
53,7271.580203928979,15.699681969293433,32791,15,0.4321314087579091,0.4466204260400101,3.3950602461197104,4632.693080517166,7,6,benign
22,25482.369652681547,15.772074706721192,31524,14,0.55459737845274,3.117128735618406,3.9548474380304572,3299.3540098810477,7,6,benign
4444,63695.94190959296,40.35847905762907,33076,170,0.06943257533810425,8.83248206940476,7.498706698297608,10320.695377644854,130,6,malicious
443,12275.326247256053,11.889729646781921,35845,17,3.096995926462167,32.12933349907518,3.449925179800167,2657.3600895024065,3,6,benign
3389,983630.4907536206,42.65255505921017,50086,174,0.004748607574617121,4.522844199399284,7.146628574340068,64036.79056405206,112,6,malicious
22,6146.2052424494495,13.885303299759087,30922,11,0.4770452364544493,10.718717021234697,3.9224046622626356,901.7303540331307,13,6,benign
80,5756.244403905709,14.699793221662805,2648,13,1.2806979725106582,5.393611142511929,4.193388618279216,2350.0322114069368,12,6,benign
23,143745.59849947103,34.33842860987828,29885,203,0.02709177845779409,12.813731118068818,6.807229379820402,122920.77513252183,117,6,malicious
4444,32683.11809008432,39.63034824863318,13009,178,0.04646832347934285,1.3900657896237276,6.487036222805907,76593.36628484359,127,6,malicious
23,98595.70546328327,33.45857017602111,30933,189,0.016529531342420065,10.399438605192973,7.574402387075631,6355.49601753982,126,17,malicious
80,9743.25615323907,41.23635783011084,59451,191,0.0019600047426603776,1.1072895616928062,7.689498905083157,42029.43230760696,121,17,malicious
3389,521875.7440199325,27.32109515785708,44840,190,0.01751089074728443,58.47344949855365,7.509257243148267,204413.21640934594,123,6,malicious
4444,96033.61347489427,34.858132966830496,28621,166,0.05670089850616107,37.484154288671974,7.790143918264768,37557.22509390853,116,6,malicious
53,6723.5562018489645,16.89863921090919,58889,10,0.24915076568876718,15.60138691975374,2.0213636414964586,720.9577497615572,14,6,benign
3389,137096.79150295118,24.55867300625789,30288,188,0.2531739723001853,37.772105734253486,6.3481247316139235,32544.97275941274,135,6,malicious
80,1029.2479709187155,12.634079910260894,7260,15,0.21630327120187348,13.303382828686747,4.990159445561267,244.55602085215247,10,6,benign
80,175.13164314430213,13.888868539552846,17733,13,2.668171632538901,5.487745315903109,2.799984002988804,395.0193250749759,9,6,benign
53,1399.2570074420055,13.051673192398152,16006,10,0.2541016967396044,2.364198291830109,3.3936403484076747,2233.608646096784,5,6,benign
80,372544.19147803506,36.06415836001564,23812,182,0.2741731737120063,75.58058528133792,7.238186548763694,34385.76082178194,98,6,malicious
4444,83735.71997910108,41.29453417390105,49178,170,0.04077071114457643,4.213865241546911,6.373448239194875,7152.579960983202,117,6,malicious
3389,187023.6026039058,32.296509731290634,45218,163,0.31807137084226617,30.227881656638406,6.822497360667654,71834.27799577266,105,17,malicious
80,126.52984145265236,13.135046775382326,11190,13,1.1057260610738542,8.484460112674714,3.002440646432565,207.95161679219504,11,6,benign
443,14336.699741097329,11.059796916239828,46352,14,0.015509274030582429,5.886026949027854,3.9474084277396395,828.739688555136,14,6,benign
443,728.0380933820455,14.166681024026657,20998,11,1.8530598575860202,4.281635566664568,3.8092772002788164,3413.025465498091,14,17,benign
22,11533.882937212193,13.53834555543304,5820,8,0.76797664535156,29.76332719985627,2.8671982711608015,3542.482474709889,9,17,benign
4444,356371.67080382997,30.00594966506027,32576,178,0.3080171612986988,27.591637299226118,6.4002041236185585,143230.4005145392,127,6,malicious
80,2511.4618254382367,13.500381904871858,36110,13,1.362651457265918,30.887662518350556,2.279616573163884,1894.103113160816,6,6,benign
443,2780.0925779274926,14.136418729667506,54757,11,0.22530179175455947,19.89951513514506,4.632759373389966,12794.06305077767,12,6,benign
443,2712.176775620951,17.419114081193147,3257,15,0.9576557982454714,0.9773588011920891,2.519940453654517,6436.986797520461,10,6,benign
3389,87482.80562424855,43.20259456689703,41776,192,0.029032627967153238,6.5452899013373,6.593887844309233,42799.66279562027,111,6,malicious
8080,8324.734771895623,15.734053921050132,18934,9,1.0409627968832416,25.288985136223012,3.8320889532664433,1143.6011218411988,7,6,benign
443,3546.339229551364,11.013624424327508,17866,7,2.3242482087751553,54.22159069493198,4.806666657385657,5861.582536871983,6,6,benign
22,23541.953436524956,11.216525893649882,64563,16,2.8418629737449215,29.574487689173775,2.864355991390261,2731.186347765498,13,6,benign
3389,2989.2228728765303,36.54739519352027,25898,193,0.023278772460572746,16.570308652364616,6.195320042628328,27736.401810177453,118,6,malicious
80,89859.49932220273,45.55246993100598,21300,187,0.15127933729167667,26.0190458168422,7.291765260088027,3058.1253441326558,115,17,malicious
4444,12879.22673846072,35.53926848157512,32368,179,0.06258646590164903,6.866397822657198,6.287240917031467,8311.382709814336,112,6,malicious
80,123904.74013692717,29.603136518738715,43242,205,0.3655957862772831,16.627787757810342,7.362907993526855,16780.74159539281,126,6,malicious
8080,7770.852725650161,21.644256739418896,39095,9,0.37747609980771646,21.31244364597868,2.4781620247720126,1794.9122166346003,13,6,benign
443,841.903232721386,13.47319875581924,1613,16,0.8369536096186424,10.476091156543344,3.5786176183939737,580.8522538502934,12,6,benign
23,474424.51697465003,34.43364212259649,37498,164,0.0050070090298145525,4.531909487654281,6.682034207197928,18949.708992055374,146,17,malicious
1337,62547.682267473676,37.62355067653123,34892,199,0.13758229587383164,39.4467508350361,6.779596595902692,65420.61354326938,110,6,malicious
22,6216.409406453357,10.920712820502562,16195,19,2.697462128898751,24.118404067959037,4.312388933451662,2512.625420686273,14,6,benign
8080,5161.719449698199,15.050527793683353,48495,8,4.0860360275782845,4.255216295701521,3.7469467535417342,2396.9243365818684,9,6,benign
443,3561.0771317878375,15.644037841771645,20196,13,0.021336453395427397,1.9183339820754808,3.61302113965872,1729.6226471296595,6,6,benign
23,61062.52274163851,36.228043192084314,48909,176,0.014808069124693197,20.12362091463441,6.29042431854889,77915.276125333,129,17,malicious
4444,8656.631429349873,40.97797895756768,12492,186,0.035582427400667895,16.179236150380937,6.616388694753607,241137.97099812576,106,6,malicious
4444,529170.6684360638,36.792676081438586,33680,164,0.014367912812173072,13.43533389391315,6.202751014849107,47795.54313603113,114,6,malicious
3389,67496.58046617461,36.311693444501095,60526,183,0.021914891121927432,47.61310714091521,6.450152500885895,49829.36777008254,115,6,malicious
8080,5078.290442356977,13.291839226569476,52006,13,2.173973924675478,6.248108222389148,2.3405324721870393,4409.892784101351,9,17,benign
4444,368188.15029791597,42.24642553452542,21551,154,0.1489828567162652,1.960511178085158,6.7555901492728,33696.54345691714,108,6,malicious
80,514.9190770563882,15.19674958664927,41093,14,1.2544120103061709,3.461473778071208,3.8207435062054396,807.880680787315,9,17,benign
1337,112856.86827449252,36.36257886099865,17813,170,0.030697357012519313,19.198639231429592,6.811267650394232,160953.23083430034,100,6,malicious
53,1592.4500086185878,20.18504094645749,23638,12,0.8541363696376487,36.3213468997117,4.879571090390206,7660.9622341265,6,17,benign
53,8315.403387434131,19.363806894653973,46884,8,7.409976674971589,17.422313835084704,2.766160548991487,956.8533517878463,7,6,benign
80,4486.188354610633,33.84581444482389,35427,167,0.014231653665200482,2.3654051048342737,7.162377797397006,23776.83948717806,119,6,malicious
22,330.92375127224784,21.607401823672433,50920,15,0.8265290990396028,18.391230478029115,2.9887664640766585,2552.1065104297827,9,6,benign
80,329050.5689074799,27.412239482450687,38136,187,0.015409381874329347,5.710667737626829,6.936573952564866,42178.48625459775,114,17,malicious
23,120840.22547996364,29.293089533547317,13866,180,0.4452108281717034,7.632654255661414,7.750652547565387,151519.7271403018,104,17,malicious
8080,4195.192164112935,14.145535958070438,50220,17,0.06655709517054254,15.452975629896658,4.886657167293858,7073.826985380691,9,17,benign
80,3899.242807417113,17.442561614102864,20962,10,0.6948331006583828,8.35492547867304,4.862680383581896,2997.827451198406,16,6,benign
23,205093.24957081815,35.76239066922523,53881,185,0.12520915446197406,48.78928785614766,7.665653652419465,43553.30810346811,101,17,malicious
443,1471.4208995859453,12.610102502904038,11487,15,0.8042982552108886,23.720449378086894,3.485939585353496,3933.7283730347867,9,6,benign
53,784.3478764000379,14.907193819908002,49088,11,0.3012301924625057,11.780096788640792,3.9374212915687816,590.8519547996685,10,6,benign
23,877082.52991982,27.135203690984763,9859,178,0.058553557695240344,8.510414531591714,5.67502901223222,1319.7031156973555,114,6,malicious
8080,4295.553987136061,15.002210042945299,27118,8,6.629489546954634,6.013277745218777,2.4941239628427847,4385.84927718798,10,6,benign
22,1226.582989416331,13.789301042336225,41411,9,0.624861903501823,6.044204940157972,2.8089807933713637,433.974123025381,13,6,benign
22,2081.143756464288,13.09211268436895,23520,10,4.8313499669757904,15.529068458890482,2.746558478505124,631.324964975111,5,17,benign
80,5365.524804974455,14.488118645974279,21994,8,2.1187918282918368,26.82772628843013,4.67365812921178,3031.8466512702958,11,17,benign
53,619.2065011639519,15.888418822306681,48696,13,0.5967157327537633,3.1920697767296975,3.5272189376956296,1249.1433393418142,9,17,benign
80,14529.845605945118,17.803896442855592,44705,18,0.8162343715149399,39.05641459745948,3.285045506649477,2899.09749884426,4,17,benign
443,3800.200378557203,20.269491019622166,64797,7,1.4793789370726782,5.365858694957509,2.2687863469068583,1875.5703873582443,14,6,benign
8080,3304.3364227407524,17.12353971051341,27814,12,2.0661498193149996,18.408984441227652,4.335285229376588,1797.9935009929313,8,6,benign
23,198006.14118007082,41.171476198198945,59598,184,0.2406548592227388,21.564340303276047,7.641254494382322,30948.423880616516,123,6,malicious
80,28322.99096778769,31.248467981042268,50015,180,0.3317932280064627,25.850520868722995,6.534829825602484,16027.822875931171,112,17,malicious
53,3302.4389886248064,14.974990978805357,25177,17,0.17892649551267306,7.437852689968,2.543230135019595,1622.5063849684045,14,6,benign
8080,3330.3105705584403,13.972891420728496,58790,13,2.8879366342094848,7.933467194582898,3.497435088818994,109.36850711416064,8,6,benign
23,158713.754509151,32.54375832315547,33095,191,0.001835999443212435,16.86258622426521,6.222983297177071,5350.388557982086,117,17,malicious
53,9399.255367040032,9.222294866298817,65497,13,0.28909542689660217,45.51250419122421,4.795372893741763,1141.0112198258873,7,6,benign
3389,179713.9425573794,27.035046942941783,60176,174,0.11366228038187591,39.7501865535933,7.823334521953948,11032.337102830708,128,6,malicious
21,22851.346444342118,28.651514327633766,22109,167,0.013661197998534077,20.593694108762925,7.606644509103428,24304.486465207927,120,6,malicious
22,2053.0625555987112,12.30848840307289,5756,17,1.996425337873018,3.2055391273269085,3.8520055821317083,1728.0630183932292,8,17,benign
23,22029.02948193488,39.93729810331321,33378,172,0.018159769626687187,16.600878516485064,6.173447287050482,152907.81607402378,122,17,malicious
3389,6167.361006822086,50.330727925354225,11019,181,0.20143887302585867,25.67968074025051,6.147172371543069,117225.3362703125,131,6,malicious
4444,86110.971076554,41.51240884227762,43269,165,0.034072394338637194,64.77111319247396,6.743529860559944,60495.740550532326,110,6,malicious
8080,2187.1158006951837,13.781613202261742,19868,11,0.007125951347734022,11.916247484263835,3.9861964634921856,2554.8534615354674,9,6,benign
8080,90.84644957345972,15.593110783465313,22413,15,1.7090022290606004,13.329504478344548,4.806963827516474,1827.4039954792963,10,6,benign
80,207.7701083416397,12.52777374933734,4864,11,1.0258751518871045,62.03021320863472,3.8368347003631387,5347.841753806162,7,6,benign
443,149.56540088925865,17.814720126605955,14298,11,1.6735726356543454,28.059532084796146,4.563135942202546,4574.826731098552,13,17,benign
53,10603.784415183454,11.361924333313198,40358,7,0.395478995647467,1.112296379443064,3.246399342707345,2811.4492439215664,10,6,benign
80,775.1300290939306,17.98421122725738,8965,10,1.906577404513587,49.939652468667454,3.604703918117435,1237.59665200484,10,17,benign
3389,7713.005040616405,42.39793117470604,32736,177,0.09366599528818194,4.228950896542849,6.0433886647425155,37994.02557473881,97,6,malicious
8080,3369.3288857327093,16.013108556632464,41070,19,1.0310303128850264,28.695103679847257,4.241672164953803,207.06987818125114,5,6,benign
80,98163.3464533305,29.46831797861145,49775,163,0.4587885173104093,7.416795526811638,6.821464533941757,48153.53841571441,103,6,malicious
23,145549.44478223246,55.21532380397234,36267,192,0.052900005018625275,2.4839669973287286,5.656628850372214,53838.994609643654,112,17,malicious
8080,12012.772612066055,17.052181647484314,49064,11,2.899055737969298,29.139448986463055,2.610941447215108,7650.8917091082085,13,6,benign
80,1313.854541077006,14.071849648665243,21854,9,0.6040956228901488,0.37361752533932185,2.8701710828404536,1413.2420956277062,9,6,benign
21,97652.54492403376,40.59167732364796,15472,189,0.006608047409173427,13.139919636445638,6.549506289011219,40979.87700781726,114,6,malicious
1337,27583.55387876497,26.181747643564776,65252,193,0.09185336796605219,3.9919160780978475,7.5058151631169,198431.0229676466,114,6,malicious
22,12.986450004029983,18.13799789086083,62879,9,1.7811686565004399,2.894732296727281,2.0510814058838576,5329.486750381894,11,6,benign
22,17853.05828780598,18.479292698080585,28768,13,0.5264499811612993,11.824732123177297,2.8837619581871823,11663.304096158268,7,6,benign
53,3305.494388881026,21.363602100376987,54227,4,1.7902991498194114,36.656998154322025,2.317893827172092,1481.5693959415116,7,6,benign
3389,92870.87185283266,36.80858091758845,11268,207,0.02741614774583015,50.111404045362825,7.071726371176747,28239.9032332087,115,6,malicious
22,6627.745393612741,13.663040804940731,32814,13,3.065940721429386,2.3325181811381794,2.949359041167389,2925.7958924506192,10,6,benign
80,52612.010288116384,33.484910532591094,54015,165,0.08523151245436576,21.094051155300363,7.417363115672752,191881.64791673463,132,6,malicious
443,9330.32723141159,10.386689969286955,21904,19,8.595237729047234,17.48112374305106,3.0997020614323723,4114.270189386886,12,17,benign
80,284526.1884323494,34.0956823203715,26912,169,0.011990240357312991,7.6232884468653745,7.142880324492968,101423.61207015622,132,6,malicious
3389,125862.9761036666,35.81854700395343,26281,173,0.09612509157229998,1.5325136938837967,6.636671419651759,95716.40445452921,109,6,malicious
80,8385.91493540534,41.449851259577976,21398,174,0.05120523411271918,10.966656396721492,6.404166465755705,33027.249010085456,107,17,malicious
443,2243.843162666934,18.76687508717683,5701,12,4.0295153414690645,22.922308438052898,3.71258013733845,1476.9341037287684,11,17,benign
1337,80576.66987910155,39.168627648621566,2353,185,0.08370887673695389,0.09143517270656785,5.709445471439477,2939.737333088991,131,6,malicious
23,193140.48822695063,33.493043173029356,31900,168,0.07789723054074417,7.116790266979053,5.5391046269838,1644.5368026711812,133,6,malicious
23,46597.793375611756,47.423311906917434,30015,155,0.10607148558965836,1.1303583193539273,6.2550520055573475,18498.516996754886,122,6,malicious
23,139620.6532896817,35.52094308358265,39653,163,0.03514754121707149,0.8650432753848506,5.542706410004808,47209.03080455873,105,17,malicious
53,203.67108129953306,13.402960222405763,40963,13,1.0998404118508653,3.92553821224877,2.0698662800250305,1639.850713717193,5,6,benign
23,112251.60046588424,29.525999610493628,34680,197,0.22019292139193322,32.779199067470955,7.063111674316011,25690.327116495297,118,17,malicious
80,14862.96696890632,14.274127952250078,21477,18,1.124023081372993,8.676322101335263,4.987676457518759,937.1942872862685,7,6,benign
22,9395.3263020915,12.919166857175275,46470,5,2.1333585522745717,19.52761042901187,4.084231042129339,1348.8762681081719,12,6,benign
8080,651.5916534072671,21.436242659913574,3662,15,5.331517474063279,47.63262000113823,4.38876169344739,459.6309287928356,9,6,benign
21,393951.97774803895,32.28457204845623,49917,172,0.03128452144977934,0.07931937602516169,6.405058634357485,178654.08064453266,119,6,malicious
80,92668.11342339612,36.14531981790678,18109,170,0.011568704095845815,23.984898999289186,7.667750678066428,16328.370601850092,112,17,malicious
3389,153191.412509504,44.05172674186618,24378,162,0.0890991640568488,1.9715349492704957,7.220769515688461,46121.90591818064,118,6,malicious
80,126332.64693382644,47.11417344825635,39060,172,0.11884751842605276,0.8479617461962098,7.3469689682407395,10980.032415314941,112,6,malicious
4444,32582.659262733105,41.98272956982724,56055,200,0.15694280519300327,16.15425193809498,6.690130337255887,55345.06136580775,122,6,malicious
23,30576.389336348584,39.15593962007848,7439,200,0.010205202827029223,18.68488684562503,7.7800851858768185,2198.659735411164,113,17,malicious
443,945.4893856228208,17.996910379657074,8517,14,2.1350772802034044,18.901337735645775,4.814276927419635,3702.4497089196757,10,17,benign
23,111055.92602978567,33.151907932425516,36748,171,0.18561783266048423,4.5014501057463026,5.7994072408126325,165227.61613187983,118,17,malicious
443,6403.362658211406,19.39604790686338,24199,5,1.995046357784629,2.486947502523927,4.065883756733882,549.647271747533,8,6,benign
8080,6219.239632299353,16.950779880864367,23008,11,0.18948967705926273,1.9868771175586715,3.7159290735013704,249.51045900798366,13,6,benign
3389,52875.92727029444,34.11824687486904,44860,169,0.01648145174329157,4.7775070086841716,6.254027235954528,12434.648454921482,128,6,malicious
22,4942.586717713669,16.93812609355506,6018,16,0.3552874649343793,7.95717933394596,2.2909683565787002,3546.0330754380184,15,6,benign
443,6485.962925825977,14.801593274980323,64110,14,1.4108097323382753,34.724740473154235,3.32046543327252,7463.791330501145,7,17,benign
3389,10408.741909052522,30.229532918492495,30637,180,0.02072683867829539,51.95028421882122,6.592525101443764,98178.71609495301,113,17,malicious
80,6663.214793515039,13.252409670861995,12733,13,0.24731327132072353,0.49044770486729483,2.616128436314784,2332.0239882974524,7,6,benign
443,4458.605013738536,10.752794300134656,3094,13,0.6308153243468697,0.3094914417840287,2.703297590067237,117.55022464233265,9,6,benign
22,20095.79512907194,15.710511621520682,39164,7,0.5346478702539728,13.135138506049286,3.8001821911582474,8576.381161340581,14,6,benign
3389,80505.43657579596,34.8295691263241,64135,179,0.030432971431943404,9.372739636164471,5.657424213940459,108257.80308417865,121,6,malicious
22,62.736871425737256,13.860003668920704,5011,13,1.471224785858365,10.631732542350113,2.6067943450393822,4743.407466312245,10,17,benign
21,104428.39825061761,41.43645199026513,38685,171,0.12111275950233269,56.76588691581746,7.085632594611772,121984.42774612075,116,6,malicious
4444,139509.04312165035,32.19363192764014,53997,175,0.1421638911076543,19.267453189017424,7.513313013668471,34490.38569577603,108,6,malicious
4444,181369.62248025404,31.077662588795903,34506,184,0.013033197606662644,2.4913110484224212,7.007339758018899,30098.57639511021,104,6,malicious
23,61914.76548286311,29.476777594790583,30773,176,0.1258623920035744,63.70936451398041,6.493330988282109,6275.679218937573,147,17,malicious
21,610923.8650830275,33.74375720717013,59283,199,0.024925119082750535,10.534647924842169,7.479465814343582,109494.30710546018,110,6,malicious
80,146.88436076280215,12.974703353195029,6401,14,3.6465699813247943,12.673205252718287,2.903316270967093,4108.690120570601,5,6,benign
21,269788.84200721025,31.869926914060773,57441,177,0.007188780595894446,58.37408231180741,6.131683162537398,6857.028730668846,110,6,malicious
53,21579.40865336553,18.145902302114138,56976,7,4.498235979839281,1.6047006693917014,3.9233538277346067,1520.1594919737875,10,6,benign
22,1993.5540159855047,13.11510826183277,25358,12,0.6216386331021905,1.3505335811475372,3.032833512048212,2988.504471474508,10,17,benign
3389,120222.86802652924,38.15523000393204,4544,172,0.0005462682740153711,2.6830835194255958,6.873333862906186,11496.222449923995,127,6,malicious
22,5507.398789205747,13.354129110749664,42990,13,0.3890356690622385,3.6638869789838284,4.832128577139662,749.0828388128352,5,6,benign
22,5607.324129249998,18.890287013953174,37060,14,2.0087157333313765,10.86946932630317,4.017651518868868,1904.7455345738163,9,6,benign
21,118066.14041382664,39.83111330500973,1889,182,0.019141202313034757,8.178761500475801,7.652411953302773,103594.18547785845,122,17,malicious
22,6539.222657121194,16.173600110139216,53444,9,0.5820098566794207,15.278986640513793,2.1468644583839174,2396.122580229938,8,6,benign
8080,582.4822831518962,10.139410304176554,61543,11,0.10169256283157097,9.498274483753319,3.4780543380512405,384.8681559025145,14,6,benign
23,16768.175180898295,39.84834493620027,42092,191,0.013065354035292083,17.083073810142924,6.710083592705748,40187.61811340054,110,6,malicious
80,6936.219267579753,10.162075786395912,3527,11,0.04752534190981764,4.159316418115644,3.114667581636902,9964.357746671101,5,6,benign
1337,105529.33400611118,29.305238276703502,63299,169,0.0687008535539246,19.596889860956868,6.2437037657242405,59798.91149214796,131,6,malicious
53,1513.6128618566613,11.878340654505312,43306,17,1.230605542617107,50.64921045295705,4.141216716306545,673.973998899743,6,6,benign
80,225638.95126739106,35.772208088175375,8075,181,0.0030077130595472746,0.605790576182918,6.720741744641213,124957.73157731256,123,6,malicious
8080,1069.9064993632967,12.554973695162783,19427,12,0.36607047574299,7.595531751805179,2.131809309282519,800.3141735520244,9,6,benign
22,1291.1831034137745,14.617359007518296,53739,14,0.08336858005210615,18.758961684181845,4.6480373591197335,5379.913853202072,12,6,benign
53,2223.093134799212,12.603308005445596,33373,11,1.7905633662773197,3.240425820892505,4.4255246153734085,2557.5331301739943,16,17,benign
80,9043.893044620721,46.486634283549826,38610,160,0.14211382883145962,4.717329940680295,6.594682093171585,43513.85849642799,118,6,malicious
53,2808.174444890175,21.946314973015582,43285,11,0.4192887856065268,46.36810038661254,4.9355001153921325,1522.5533016921252,5,6,benign
21,342743.3993587411,23.44743091049994,33527,165,0.12716404363589745,20.482523583627373,7.080620492379302,38566.95786295161,121,17,malicious
22,1557.3074607423096,8.888253366035713,38619,17,2.7282640588778286,44.11264015517086,2.579465061170993,1761.912208305216,9,6,benign
23,31348.85059613438,32.27638695273132,18781,193,0.017439427713671463,69.19009714451298,7.281104553809881,238936.28129227945,105,6,malicious
53,3951.106224909198,13.788819436321706,1989,10,0.9013729942759519,5.129498717724338,2.6220417820565127,4543.433273103263,15,17,benign
22,1596.9787117702488,12.398361763340583,19688,12,0.03896805100421849,28.56498450976084,4.672902423261641,1005.330708655957,8,6,benign
80,120733.8204126686,33.908858938241956,28028,181,0.0597044777135472,4.408893908997104,6.834906548844888,150604.68287392877,134,17,malicious
21,295281.39469476,37.922273331479786,56723,167,0.02855762791662716,22.748642185989755,6.23287838738328,51123.64297700918,112,17,malicious
21,374578.70370692824,24.26605036749936,16753,173,0.024227772582397028,23.868538091367085,6.145800311609611,24875.172171505517,133,17,malicious
80,5960.605092342672,13.26376711681958,49038,13,0.988830369822227,51.7452352266882,2.6623872873037593,4191.763062514592,7,17,benign
23,524879.227239107,32.98473568584607,46706,188,0.04072373495786353,83.26645573895375,5.713126992507638,90376.28240029891,103,6,malicious
80,1097.7936653927845,15.654040781317242,12068,14,0.581646091202653,15.19870827964922,3.779791828033887,315.5154761159528,15,6,benign
1337,269786.4922638113,34.410497407416685,20123,203,0.0010259124672483207,19.945683423339368,6.76569133951949,58123.36664194512,112,6,malicious
8080,2240.275870306245,12.152405890436007,13066,5,1.1659169561891405,25.181131660756545,3.398873832756041,1502.6570756791436,10,6,benign
80,8107.3700357023245,17.333248822321284,6469,7,0.707738365003824,26.921568662085864,4.429047698953002,1773.4650207093484,12,6,benign
1337,137230.3149735006,38.456301280680904,64767,198,0.12889899970956897,10.711757700956587,6.1113271128251725,24028.255969890823,111,6,malicious
22,16267.92370434655,15.15372815364813,30234,20,3.336709444482441,3.7666338432181066,3.989114555533544,6277.489855599941,6,6,benign
80,403402.0636170676,40.23525841660785,31529,151,0.12286223370030416,26.048587517347347,5.964464198582457,8857.712161880427,116,17,malicious
1337,121462.38598148689,27.764316312841434,60746,148,0.25037159230471784,14.605841297504348,6.883943883372874,48031.97642290724,129,6,malicious
1337,4243.665608912223,29.229647180198448,19964,181,0.04838322712344172,16.25035480178979,6.747166428511882,27774.615337792726,126,6,malicious
53,4044.512062326521,15.384197409522203,32594,17,1.2222336348093383,7.9244159558936555,2.6916934833395505,499.6670515469581,16,6,benign
80,7779.367541959567,33.78683275502301,34763,179,0.1548022352923906,38.7205234408441,7.105169131797707,85172.01943286153,127,6,malicious
22,5886.289552495924,15.604758860372046,24528,14,1.580216962119545,32.20980757232362,2.422217741593151,186.04042851666605,11,6,benign
21,100002.85540887964,35.06385720019949,6919,197,0.10556718346743738,2.3307240404707668,6.114320763504441,80318.05121705198,111,6,malicious
8080,4731.3992934836815,16.474485864868907,43066,5,0.4290211978218904,3.09012117509248,2.231006830925838,4286.318136230582,4,6,benign
53,918.8252298112053,10.745751911273757,24180,6,0.8241855103477473,9.574079196443213,2.2944994829103686,716.1095319651616,5,6,benign
443,6213.017312465302,12.200176734487957,11195,13,0.17762856178819988,15.8394444471284,3.0438235684063044,1084.5036024157657,13,17,benign
4444,38467.45860139512,32.2901117537836,16350,144,0.0010737465637766653,5.056519029600121,6.048006556360248,20620.376064568736,119,6,malicious
3389,153556.91088175974,32.52207564664932,28477,189,0.0618398729390154,8.486213071126675,6.972255591923195,9698.056614564264,121,17,malicious
80,103436.13027295767,38.35463562539273,45074,179,0.00477341735949517,2.638070268165103,5.872720258440836,887.6294764369678,112,6,malicious
80,403.2562048319459,10.725426043520422,18218,11,0.0662431997843509,5.587826862734974,2.1418515164009637,1010.7304232786425,8,6,benign
80,1020.5850020189441,14.821052639963698,5051,16,1.192317787663389,13.890670773581475,3.89889929835614,3177.1554905133708,10,17,benign
8080,2194.390276391734,8.571632682921638,14770,10,1.7547340851231668,3.5818409647980958,3.56260023789574,322.63213060262615,8,6,benign
8080,13551.084743147983,20.196878644701336,54355,9,0.5197000129330029,43.07854033156643,2.480314396907752,1781.1743524369053,15,6,benign
21,293382.54724444845,38.201343024993854,29503,188,0.012819709861843165,44.86500726704209,7.075898011698417,242766.43263704889,124,6,malicious
8080,8403.91052672026,19.87494186420786,57921,16,1.2109897083024388,14.213534814681235,2.4570733912550393,1880.296134778011,13,6,benign
443,547.6868534692867,12.132164626818346,3909,16,0.9382890071255645,2.0509404163733356,2.7171946828615283,3.052197357574151,9,17,benign
23,19630.70854291065,38.16832891870278,25832,197,0.02179983309846477,7.34617293466524,5.645989394784887,15444.043061859918,130,6,malicious
21,7574.228218404787,38.61629977681294,44506,180,0.04455977263076137,19.812705576327122,6.438849906104226,7673.810253216541,131,6,malicious
4444,2614.0992753760256,33.665648640950124,27951,179,0.009250155583009121,4.1223996889976435,5.743771105961052,6268.8896673724985,109,17,malicious
443,7280.278797238716,16.72700971083676,44945,12,0.3254077385428634,24.411346572209112,3.8824924121843787,4881.558211311349,8,6,benign
22,6430.710941091191,11.229820506700328,6163,18,0.8300518307642379,0.11708018743769324,3.617883279362276,1046.365040625654,7,17,benign
443,3240.684887964861,14.934033337245882,26056,16,2.3258733834364773,3.1648644517115714,3.6454358738150217,376.3487933959765,11,6,benign
80,63839.942119576284,40.39748215580212,10690,186,0.00034796074216934196,5.666569381763047,7.030138934948153,73279.18138503272,108,17,malicious
22,2089.9358024780818,17.862204890595283,16423,16,0.7625085765376092,50.76552966845671,4.220702050210472,4586.416581261121,9,6,benign
8080,2770.4831726869816,16.497593929976702,41829,9,0.9406128088908168,21.103233257308418,4.387980417957516,6628.876824709529,5,6,benign
80,3881.1334780378006,18.108412288693955,59921,11,1.8598812280352415,0.29273732051590806,2.0878678003506796,4509.910308472549,11,6,benign
80,153827.4675729442,33.40157982002025,24459,183,0.1545907931575617,9.329746388803974,6.6506400297439034,48679.03263702491,102,6,malicious
80,3621.30807190537,16.02867641044251,53879,12,2.7464156207314865,17.651701316985,2.496366821291788,7894.291903546406,9,6,benign
443,1958.6695030742321,11.10294183006984,27631,17,0.47630583935974247,14.434622248808486,3.1385793841727185,1784.5962874091708,6,17,benign
3389,13804.360279044793,26.677631320666606,21330,190,0.06320703738382803,9.33429923553103,5.918425306474009,72558.64234694441,109,17,malicious
80,4299.965384654711,17.129485267158508,44697,13,4.1807006558695905,4.517126442899464,4.455783204806071,801.988953179003,8,6,benign
443,1999.4258760501334,12.507853759040328,17760,7,5.268762091889455,7.000770983835982,3.232352254490311,1601.4541220308547,12,6,benign
443,9672.645325966605,11.52376576264375,19744,16,0.8523606945870087,18.59774828609635,4.521941365227128,1640.9321576174584,7,6,benign
21,98584.8183841608,42.96183172584938,53893,191,0.08338695070656173,21.268485802720818,7.29981644635728,53412.698518868674,126,6,malicious
3389,72063.42963168489,45.14202219588147,32629,174,0.04736622215424517,10.141398197177068,5.566365803869817,105161.64271073577,128,17,malicious
4444,266032.39929460513,24.38074490278963,12729,185,0.03232464825713392,36.937830323864276,6.68328543995061,38038.4630519515,104,6,malicious
80,38522.97555623708,28.328852657146072,3256,162,0.1511072923061979,47.833814368338714,5.845868235843959,4811.649001941984,127,6,malicious
21,22050.512294469096,29.92571122259619,7807,170,0.08173536174394158,22.892557759657514,6.031458839124237,111173.77300194334,115,6,malicious
443,10460.943063938601,14.359099978404773,38536,15,0.6761322581491459,3.4048974349826846,4.349394367082313,5409.286329707266,7,6,benign
3389,41839.854408637184,29.0852006791398,51593,186,0.19967307220348549,31.70722195654491,7.164303060008088,84527.57514113376,125,6,malicious
1337,4915.070992067538,29.665567730920394,39339,205,0.014991660611285712,9.073442021763961,6.357177043187733,125824.58348319691,107,6,malicious
443,10688.619083093256,18.686568322355015,31412,13,0.5147075495471524,3.7588024013707924,3.233760645308978,1302.2138103637365,11,17,benign
8080,3411.598404444104,18.237975679882496,8346,15,1.490571781415434,23.092674399197055,3.546648118564285,658.5292663012814,11,6,benign
80,84810.78886018868,38.505254071999175,26192,183,0.28285745499662324,7.694637490305504,6.51304460314223,64335.81289157422,130,17,malicious
1337,95255.91469364976,41.257939599839816,50355,166,0.055580594419717376,4.091849671111059,6.1683098150741,14955.433966002412,112,6,malicious
80,9444.867812888711,15.283003569935616,46931,12,1.107861338021626,13.288990610377905,4.782745715254615,1933.98848184025,6,6,benign
4444,186225.31929211135,37.01081571866787,63679,196,0.009162265123344776,1.884155795279491,7.613832984666223,537.3019368622862,109,6,malicious
3389,63172.33902659436,42.71956651107583,41141,172,0.04329166151305711,7.136113596644976,6.530494114208752,7566.86934673381,89,6,malicious
23,195634.31962976078,39.876051256849394,50316,177,0.044059410600520085,6.3741685275648,6.405254127414063,50084.73809832387,126,6,malicious
3389,79391.92841446304,36.90713757072133,57502,203,0.06958132962307528,7.698116788016761,7.109694802796162,42602.50065782188,117,6,malicious
23,112265.00958993343,23.787819314218396,15081,190,0.035360161306819245,8.801904573519007,7.594346929696315,44384.11338958656,105,6,malicious
21,133551.6988639713,44.15709183233312,18384,196,0.056938387969763,15.223377748038056,5.779763894075566,11201.560687453302,135,6,malicious
23,32889.663433020956,24.612193023647475,59122,160,0.0741499039600688,0.8965892862599997,6.9733829936514535,43132.62717147825,115,6,malicious
4444,52224.065796083734,30.466426714586376,11440,181,0.15845421808010776,9.326330930948894,6.336027737358151,42154.23782545668,120,6,malicious
53,4276.8580455809415,17.933765226251957,52426,14,0.5260351094978805,10.307633823365578,2.780771243238522,622.5909064267281,8,6,benign
4444,259690.47804499028,46.125949468943645,38810,171,0.17176562186066158,6.164595838367244,6.95767023692386,23243.874499612877,123,6,malicious
23,488344.0764068731,31.227291136307073,52748,172,0.006826909993329683,20.454750359747333,7.861228935319639,51655.15500347768,122,6,malicious
21,111404.18819810533,35.43072779005077,47021,171,0.02869185437297949,18.903817696602058,7.034094869748372,86538.43114000477,112,17,malicious
80,4738.3251873311765,9.869592161212125,29234,11,2.3506075824508166,11.058002272838971,2.6306996575249184,1047.9977895763013,11,6,benign
1337,468580.57002398034,36.22498554102958,59897,185,0.07134857628332013,29.238824196555193,7.163566230780344,15196.298766938304,118,6,malicious
53,11813.307449841546,8.956554923260914,23978,16,2.022854152562966,1.8741974008441837,3.9108757397639984,118.73892052699131,13,6,benign
22,10029.329718128141,14.98673321184416,42227,14,4.394325784772617,7.0592109971850485,4.153435120907725,276.77031311571926,11,17,benign
4444,537418.6878509186,34.8994530112256,59239,165,0.04859113532833185,17.07352879778865,6.03186383192232,111317.28064248827,120,6,malicious
4444,49382.690166358254,36.981928173502716,8054,203,0.07487128362736979,38.501879489883414,6.752603562910801,136384.07196764436,106,6,malicious
53,290.063893588405,13.621458494936117,47459,8,0.622346025570218,29.508078774394257,3.2045605015950827,126.43580041823606,8,17,benign
80,23343.647109123423,39.740973687078665,33614,192,0.08956382280988141,2.678083590866836,6.548481992937537,73610.33219868164,122,6,malicious
22,980.6165765724361,12.338450882166274,20181,12,1.891690873507565,0.9619600782542171,2.4928784121796403,2508.328938286366,7,6,benign
80,9086.647919511264,19.649711911783665,19416,6,0.45335641023293227,12.17925027637288,2.0848390782347037,2318.154987537636,7,6,benign
8080,17735.380515881952,15.50383124402932,5138,10,0.6031745000122715,10.276240395521445,2.5011230152415584,9417.991634216016,4,6,benign
80,20237.14309153072,42.02386253287324,14108,170,0.12239131683974705,6.763817488580863,7.635873088780148,17764.895123332102,125,6,malicious
443,3499.3330474219015,16.091804049711783,16887,8,2.179794251130139,3.4870053961042573,2.8379847394491042,9458.82265417882,13,17,benign
443,3576.935363253008,16.300865611504452,30294,18,1.4830770663392459,7.660027792946305,4.250178734004363,1332.5295816646064,15,17,benign
4444,242522.79771148888,35.52301128130311,24786,191,0.18889072084451866,9.708608258855872,7.49094186613807,39645.842868384476,110,6,malicious
443,6396.116948187687,16.660784188307268,10178,15,1.1426098431745388,5.236745159083845,2.9455133724059017,3035.6387783813143,9,6,benign
23,77061.15304504323,37.6523034189258,50834,191,0.01739700053492762,0.18474411225500736,5.632297148646923,159118.78068887224,121,6,malicious
3389,62739.75163891428,31.563156308768676,55308,188,0.01655673584810948,12.249536054545775,6.835669979543219,7073.615997110635,124,17,malicious
443,15153.944668845023,13.604568256107317,7776,12,1.6957990179131355,47.14064497960712,3.224289666149294,2521.8900334663945,12,17,benign
21,248404.59322530808,25.59545797770383,21847,171,0.010578362775758028,6.400016224676223,6.912900720132427,144932.60036102223,111,6,malicious
53,1037.3326496465504,17.579718345432546,49701,11,1.5646755157318413,21.986194086252894,3.722412043266845,861.6384001447282,9,17,benign
22,6650.228772901491,16.579295934674338,15778,12,0.5898589142218305,33.803326511413964,4.90285267774691,325.21181113498085,10,17,benign
443,10588.348203661664,12.86807951920739,61984,8,0.24526899035312272,8.522423945163055,2.1490850480979296,1454.5481612106073,3,6,benign
23,1987.5657617586241,34.18525944074572,31276,149,0.028238959306002107,6.7214953848075645,6.558637129698502,84317.05521464357,129,6,malicious
80,141269.72966364885,36.248629428634466,45752,176,0.06812823956070219,33.27201511300356,7.374867613973462,102396.0518251515,119,6,malicious
1337,275077.30074303696,40.35878259004686,55856,159,0.06162816251701478,1.6671950098685975,7.854386870571902,152061.5375664342,132,6,malicious
80,66.29404088110458,14.829594552126233,25537,14,1.210814915187099,10.105519396053634,2.993739553664457,1600.8005054337734,6,17,benign
53,11927.129541083736,17.9764875360815,59474,17,3.893510913375148,15.515074733853465,3.9598129292949644,604.6925481487294,6,6,benign
21,248080.1285861898,41.161071773333504,5670,182,0.019054639269038443,16.786925228611075,6.699496718655544,88970.9662249248,125,17,malicious
22,501.3292030238517,17.70110880868151,46638,11,1.1538060923905935,1.7997988193357985,2.3194551513393997,680.9762009880484,10,17,benign
80,312321.49941201357,41.45034322131901,48800,200,0.13767101667178844,1.7730151709763668,6.088473627650438,14153.587927972081,124,6,malicious
1337,223560.07053238637,46.27732092073575,30042,180,0.028353171349928347,5.071648556844993,7.198711057819034,12068.888141532725,111,6,malicious
443,1272.4935019264915,21.728379753401768,3761,14,2.106702173902305,22.80037832920896,3.511431512118151,421.7399069713205,11,6,benign
23,136403.4807445107,32.00641820363388,25281,194,0.005224035592361165,60.00481687027613,7.040973950661474,8939.669115224131,112,6,malicious
21,7892.862774306237,26.482667391566466,63008,166,0.06237265189465473,13.40170211892965,5.702762174382617,31779.053136382,133,6,malicious
21,23776.774091888616,36.87600604684758,54960,180,0.08315634061861436,16.315467618999406,7.73463195053575,22145.582660384986,131,17,malicious
443,6262.878717921356,9.700451153018957,57542,14,0.8959232538224978,60.647760094708495,3.1753666385210124,670.5583798275709,11,6,benign
21,1470.3145689267594,39.687211013275366,21897,184,0.1156870635889711,3.940771078438115,6.903234871180313,10076.428565874945,113,6,malicious
21,34079.24173713799,33.64317203733111,13211,179,0.02408233473693705,1.46069135799666,7.43835170567175,38665.77186230284,107,6,malicious
23,22415.758989346486,28.6898316109579,53336,207,0.08296501707048767,2.8256009376419864,7.3635037709969655,65782.14337325763,107,6,malicious
1337,179981.51122199532,34.53424786546456,41310,186,0.01592878974119216,5.504698246517111,5.538891437981035,17429.98553435729,116,6,malicious
80,16756.15347224845,24.169470817346372,15019,189,0.013911782144927404,17.1426527028995,7.729945070996442,37723.05906775539,125,6,malicious
23,3050.1520730519546,34.37303546294223,41853,176,0.017324603969182832,5.393314529777914,6.941499125650681,3466.7177757740646,118,17,malicious
53,4709.654188950244,12.049036014445527,40716,12,0.6621918129938746,10.366991607001646,2.0294488682500416,5031.391636483879,8,17,benign
3389,309251.33950963715,42.4193185826141,12796,184,0.013330213065564714,0.41485874449040017,7.323940544354244,12079.286525101821,113,17,malicious
80,66579.93650997392,42.90983790765723,23774,176,0.03221480707442423,41.951223292089,5.578758530906468,94202.49299065868,116,6,malicious
3389,15891.418614438286,34.97568289047183,24092,195,0.0996999646181934,13.370322603394158,5.802628205469631,42024.24368157876,111,6,malicious
53,4118.631726265579,16.238905299098246,38951,16,1.8167311241035489,11.856079780693287,2.4654749099190556,2714.5972564146814,11,6,benign
3389,321986.0614786344,28.378574028697365,37256,178,0.03400173518102484,20.495443284075474,6.375184326104715,31580.691362648467,129,6,malicious
4444,551257.4486357942,34.94442499968012,50398,191,0.10393012454600577,44.56310185891901,6.5574868537862425,31223.44974135631,121,6,malicious
21,20910.67930707433,29.67138449637867,53660,176,0.11786299811449778,14.179659435924581,7.3327978068176645,30996.75071780727,125,6,malicious
80,137522.63645098914,33.214247193728994,11395,188,0.039164523323369664,17.044505504375724,6.426662611156843,43844.85416552275,123,6,malicious
8080,520.7433816915387,16.618148031741704,42320,11,2.037095308352155,4.897535557291673,3.254832095202412,1270.7244206963053,17,17,benign
22,2920.5130234000167,23.033038548737274,21456,18,0.41236814215360845,26.05627650699156,4.7659499589254715,1337.600633699893,5,6,benign
3389,247457.59845841702,35.251110847358206,60818,180,0.09660752611068835,23.266757405496087,6.368479008222148,59780.68474774976,112,6,malicious
4444,228620.42060238763,36.70843287275719,55666,170,0.008478931334228211,0.32700349698998943,7.528326888351574,10224.646766682614,134,6,malicious
53,6978.573494675532,20.687540171492746,17327,14,0.010388333599281449,22.554101761430964,2.667227718832174,4689.000813624263,18,6,benign
53,15331.975873668387,12.633964612719751,51394,14,0.9193691239471313,3.2150148127156437,2.9389330932302293,1883.1049899602658,10,6,benign
80,2337.2448300676583,15.422409552249487,4857,12,0.06716311804958247,2.954081989359705,2.657327743289283,1989.8271463951564,11,6,benign
4444,263669.41213955206,35.72204801185616,60896,173,0.1509323796618843,5.980332466033239,7.361797903382441,66528.31236771763,142,6,malicious
53,3239.2402950868513,12.699343828068876,25188,19,3.4617574492972354,44.892324384790484,3.2480595876952987,10251.977983677447,7,6,benign
8080,11636.495715189412,13.940317898904446,65449,9,0.5802736746077326,13.397203453898486,2.175341949919627,684.3804136544431,9,6,benign
22,5468.212837861242,15.900930314857012,60785,11,1.3286010366726493,43.763861127588086,3.8960524216967936,561.5687454701375,7,6,benign
23,78752.48003157468,17.17025775294819,11729,171,0.00028465118323156623,1.2240251149622305,7.457813108882948,38032.63937260465,124,6,malicious
22,7862.320583960217,15.421188537416874,5588,12,0.4567362710690621,11.394562641175332,2.595306253802133,6944.684421876711,10,6,benign
23,138945.4488990823,37.056637560638634,39225,179,0.008927073780233297,10.549600385960568,6.393105065274007,58986.100837897495,127,6,malicious
53,666.5369916903416,15.94142476846898,19287,13,3.3791520140692555,8.762050235215469,3.7193988615974773,4752.1985005834,4,17,benign
1337,520442.53339225566,46.867221565530166,55866,158,0.01178064069766582,71.42848266517643,6.6446515667417625,127044.55912855282,120,6,malicious
3389,175835.1004846557,31.08691768959527,22159,165,0.0033280303474145546,9.613073241068363,6.806351703519604,24475.716957049477,118,6,malicious
8080,7478.070277232109,13.408468765330685,26493,16,0.16964517420995126,4.090190844084738,3.4568338227744597,73.89012364496742,7,6,benign
22,1431.3609481206543,17.360109966275488,29406,16,0.2589514622331744,15.479434294566056,3.616912146022751,1187.4966943684901,10,6,benign
80,9813.037210844988,38.07386896883088,55913,188,0.07403181986326826,4.251586389608334,6.357292907718239,3500.3174795672608,116,17,malicious
8080,1741.4331340577419,13.983186523853727,54843,11,0.31674972306455407,2.118563025672536,4.843469682683905,2078.7826105164504,11,6,benign
443,2645.6809993791762,13.809021230221976,61634,14,0.9443216650780406,13.122131814755953,4.798698959718236,206.06050625323053,8,6,benign
80,324152.10022380925,31.96134908039631,63376,170,0.062318163474660467,19.33293094343343,6.2709374846910535,97277.43963836733,112,17,malicious
1337,733.6015953903778,25.514791318798565,58559,159,0.28676827264687677,9.006845632654288,7.20023866467217,23116.307240018075,124,6,malicious
80,488.14435398985006,16.972157505702885,7456,9,0.7986964002086673,5.830545534143561,4.673610243146392,8469.194848459867,11,17,benign
21,90874.42166873226,36.2045032392178,41842,176,0.08957490230122313,2.492345521300722,5.894382250790462,7733.022414369469,129,6,malicious
23,93159.33823537767,39.44938977154049,13766,162,0.18945484787238517,24.266571951904073,7.831225195103853,64280.11361399521,128,6,malicious
443,6203.33551066291,19.33956374741204,16999,13,0.9453490964807817,33.28255101235201,2.343601014527182,255.43890167182883,7,6,benign
80,51274.87316799583,30.745483324318823,25237,189,0.10455558127431941,4.377876088835993,7.040766177503189,19705.05291938932,128,6,malicious
80,131377.11689134804,29.31173961816161,32518,168,0.004778436029448631,8.385276170844579,7.234854274055101,83000.56828022914,128,6,malicious
21,61012.50245509911,39.44767174191547,38752,163,0.007048189661765657,5.491942079451163,7.367827084907627,61660.4194054911,133,6,malicious
80,18080.349427693076,22.505080789392828,50948,175,0.025686516791731073,26.64681317889112,6.784093143028158,60370.4895916222,120,6,malicious
8080,2956.829463998175,17.04554183413459,26252,14,0.07779096108073008,38.300733406432094,4.423142935712983,253.59419820818079,11,6,benign
8080,6788.613229347652,13.496409633361559,43741,13,1.316844671397644,2.4629999986857403,2.3647490736462924,7819.183823341287,8,6,benign
22,11245.91145617295,17.980484216966083,42637,14,1.8910118880938596,0.5578636625469421,4.343569025600986,2759.1843175607682,14,6,benign
1337,113187.71560972476,36.63731785014519,63558,176,0.012257860469421969,1.3424609402942322,7.890060942777936,14916.91389929893,145,6,malicious
443,3581.4769749932475,14.890556315899426,19614,7,0.603409960337166,5.147134059849604,2.715622844674252,3891.7119500123163,14,17,benign
80,1050.7733361583234,12.186560774035003,24323,13,0.14878110341775902,19.329065632101436,3.561925981827125,1532.3612692141874,11,6,benign
4444,18959.05772499817,41.46967762364381,61293,181,0.05060668761480121,5.930021061567328,5.754885285688684,51065.62679528283,112,6,malicious
443,4864.743408453665,16.000718683371634,2607,19,0.06427404679213967,62.20749896498761,3.350406678785176,277.302240482516,17,6,benign
443,605.7378992428523,18.670325633467524,58430,12,4.504865719284488,1.3421423510093613,2.8184607318947315,649.8431767441314,15,6,benign
443,3385.730670861915,7.9885144907035475,12905,10,0.05356354557434194,16.69534908193276,3.3520200169581162,3252.047006475387,11,6,benign
21,279.92291308858483,36.84735582456282,46719,170,0.04318692340092033,9.30092002489174,7.559526494651983,44810.371842986075,117,6,malicious
4444,9641.793209394165,40.85457192006925,46851,174,0.08985349660122108,5.554914290289139,6.72691582750883,74447.5732217259,115,17,malicious
21,95357.56356543636,25.887778029634024,54733,194,0.10680337970821648,12.346210236843168,6.128359376046592,8546.645864032045,128,17,malicious
443,4052.7853044240323,17.572961160796343,62670,9,0.07525087106646502,4.269243935192002,2.1984222274286855,286.33715556035787,9,6,benign
443,17.426910202514556,9.347551706820948,13880,17,2.3516716417465533,14.290336632133544,3.5481635033302874,1590.4978764319756,9,6,benign
53,3473.434439203214,12.934661253948173,53282,11,0.10192868454032253,79.57839510154506,4.682903602543023,5096.671124151532,13,17,benign
3389,6068.842630286014,47.797823780429326,56673,180,0.010340352083824854,5.611595245627943,7.677822132357016,6224.226137618822,122,6,malicious
23,37273.3776913926,31.667271325015115,59533,200,0.14706852596293998,6.979433242696108,7.5905076847689905,264633.66868592147,134,6,malicious
443,9481.605653339371,15.958767536337803,20044,14,0.6441764582342786,30.49145150841985,3.5345662328765095,1690.845826935111,10,6,benign
22,11283.300393098405,11.44446022320998,28567,13,0.22893636236826395,6.669089257373445,3.0246625571773276,1564.5481035833195,8,6,benign
21,30898.649084746357,33.00122548403973,61462,170,0.07430987013712996,36.28511599147888,6.52843981979115,25209.314610246962,133,6,malicious
21,33049.22295581356,22.15254844062072,13689,166,0.1337832931834434,17.98139919641327,5.911588727545007,84918.3123431419,119,17,malicious
1337,627308.4142522891,39.46225507416914,51636,170,0.040441478160386526,0.29240099580625734,7.464323581374718,21915.620495039046,113,6,malicious
443,677.7313555394962,12.006417236576713,18546,8,0.3518600059035203,7.110131947367115,4.937613725075543,2014.5861860684136,13,6,benign
4444,353743.5604494751,37.43830602046611,17103,179,0.14113652180407693,7.306072675316314,6.379289184839628,3719.8997864581083,112,17,malicious
8080,14648.142979591807,13.931069092229844,61538,11,1.6266146344144992,4.206269182697967,3.632468663378674,2753.2233973636276,13,6,benign
80,1630.1392220229613,16.451409661871764,40474,16,0.13708412773009926,13.292617046647914,2.1507299610084387,719.1458330787073,10,6,benign
22,523.7665317990073,17.192182720649583,41057,10,0.6633625491628383,0.623159726795753,2.3229165860749976,3103.1400428396432,13,6,benign
22,2757.0362395552124,14.65608945460948,27133,15,0.04253704090729653,13.611987415267382,4.388510167936988,3275.291717886897,12,6,benign
8080,2.413495890787092,15.343107225755839,21972,13,1.3953028564929697,12.224755775508234,3.8198717669608677,4646.198005184512,13,6,benign
80,4032.4139063055054,14.241764069486914,43783,17,2.8911022780826574,17.60520758648653,2.3721457424140917,3483.3941726987837,8,6,benign
80,132698.98367819685,32.97782603194791,11936,195,0.0016448163311185236,11.598778604276465,5.693634055224983,9.592329508762194,126,6,malicious
53,13365.751963745006,11.6412103458467,28635,17,1.5523978308097677,6.08376380457373,2.986204546671847,1949.692204006119,13,6,benign
22,10198.527577154608,10.882147992678657,48218,18,2.4814044230235504,52.68410321354555,3.4553543563393054,1520.899404708028,11,6,benign
53,610.2826068264842,15.916024420565787,6928,11,2.148657726174093,2.138739757324984,2.3232299493605475,13576.225341119522,12,6,benign
80,271388.97092521616,24.338936748026036,20409,187,0.16321152175913028,20.38000733123099,7.0461969151409605,11019.353237068139,105,17,malicious
443,15335.871557893943,11.943819098235492,49259,19,0.2811485572444451,3.451696012604479,3.690219049010691,5862.256461925233,7,6,benign
8080,8398.032991948674,16.160402056939294,33853,11,0.10219293887991016,0.9619252449670295,3.6148791093749333,2217.123735655592,9,6,benign
80,166080.74672319548,32.875689912665166,28749,191,0.01797375021423427,21.800154312971507,6.795779923911022,19238.438872252842,101,6,malicious
4444,14696.392328475598,35.726532867329155,12573,174,0.01495554823348161,29.258333313072225,5.673018488584871,26139.56303025503,137,17,malicious
80,588.049669062485,14.322402298994074,8952,14,1.0673757000198163,1.9437106184429107,4.95111767901411,12544.060329041313,15,6,benign
53,4777.586508962757,14.722565801648235,41005,13,0.31926248292055975,11.200163465149517,2.3617170234639846,1486.0199971649436,7,17,benign
22,17011.768387727127,12.341131314920098,35965,21,0.2804164916180042,19.554177398315346,4.113462331900056,1865.4725523187362,16,17,benign
4444,151228.86644924805,36.67414393946115,11664,166,0.0745657830277734,7.2078475292927795,6.230243373614057,2085.5248381975575,126,6,malicious
80,179614.36730294695,32.51196781453249,34789,197,0.002786432699151476,8.757679405749194,6.286425600528952,19949.45056043528,114,6,malicious
443,2228.4121082168053,19.85408158753885,52930,9,0.33343710180005137,56.82921153335348,3.55519247148509,6927.37405988127,12,6,benign
3389,72259.26509524422,37.46816404383189,18232,183,0.1307253230086524,19.592157409290625,6.570271038149402,4221.124239587017,125,6,malicious
443,3072.023975256605,16.353632588949644,48773,15,1.9830160642553016,38.18891341622119,2.2518660073627457,2571.2473317618037,7,17,benign
53,3354.32036594796,11.506482237906424,32951,11,1.601209536587402,8.492527871432298,3.268837595234573,617.4698837246972,6,6,benign
8080,45.62467106782631,15.474315736419232,12248,8,0.54102921694967,9.691758303036995,2.9737677279173456,2413.7783391978455,5,6,benign
80,3216.5497676646805,15.025148052629744,28229,13,3.0139881098851897,52.49805013415305,4.6565178411461625,17405.559613552203,6,17,benign
53,5213.212356592731,15.729487417422016,34147,16,0.1946736386532414,8.36358256270613,2.117209299571065,3117.527953171138,8,6,benign
4444,156938.31806514124,38.418037017297664,31334,197,0.044895593515712734,7.965066790665519,6.075946560681492,12032.113411606808,115,6,malicious
8080,518.7949077925978,17.73224744560479,41315,16,3.5604476005510084,17.927627255647145,3.397023685755833,4971.580061568847,11,17,benign
3389,30336.59328002445,36.601672665044504,10161,185,0.1383061298260689,0.6802628210521205,6.5502300804375935,54494.8989065569,110,6,malicious
53,918.0873130898243,19.432937293747152,51266,7,1.2216534864794943,8.810776584781056,3.4573526931263707,141.79881492359044,6,17,benign
22,5368.920533536205,12.129880182299797,47266,15,0.08812485945859586,42.042967378136225,3.793795488140574,3958.6667031577163,16,6,benign
4444,78962.52748545943,37.16416284615766,48750,167,0.07932907810233329,34.03750106217637,5.880441320369995,59404.22001629988,123,6,malicious
80,83497.45243712318,29.445371431450106,46840,177,0.028672648516794227,16.198086756377368,7.30527627816114,108231.67901256861,129,6,malicious
22,197.05887063532663,15.428866881263836,44434,13,0.9495440988690846,8.790077845857411,3.404537094046807,2460.506741461088,14,17,benign
1337,44249.50165500291,44.93992682387678,62794,186,0.0005146643903615715,10.716815500517015,7.166545342531169,48452.09684846025,117,17,malicious
4444,101800.40240468117,27.740737946873615,17038,189,0.025005233005532954,4.638825278788409,7.7528294417620245,36013.44449388336,105,6,malicious
80,1984.1463969064464,13.196593744986991,29988,10,1.9277755736844409,3.4360283440975405,2.168533601093011,8670.206947700339,7,6,benign
1337,65237.70896722234,32.98531908867626,46175,198,0.017745377809409407,4.699030771961455,7.823407489124594,124068.9881688528,140,6,malicious
53,463.93537765007454,9.11384713825813,62878,13,1.1039739024777702,34.880036249205794,4.2741495341694264,3065.271935728668,8,6,benign
53,3611.0775630813987,15.792645933873953,58806,11,0.22946010372142328,4.46209078686766,4.841051988385905,534.8478702687984,9,6,benign
4444,23777.8089382712,40.21075967931264,53077,184,0.09018169354507118,9.504517976669188,7.649409540647061,31835.605245491864,127,17,malicious
23,22656.477665572264,41.936969230207055,43078,165,0.003418227855120071,18.91325010857101,7.037456645092788,45616.045632135036,109,6,malicious
80,168.67402770965862,15.053657353927033,45440,13,3.216972015641497,20.31744419857023,4.744890177986261,1460.6393060883834,9,6,benign
23,70292.59292523992,23.842203520871237,57695,183,0.06720628828175915,5.573355365512807,7.263968344730279,44787.77652767864,127,17,malicious
21,16046.783648328852,53.27221765643941,38197,177,0.0039098807883309016,4.492390420634843,6.953005287380442,3538.310851071761,101,17,malicious
3389,341014.2965519214,42.4296421908379,45908,184,0.061947407227411516,6.936866411695756,6.23613850014879,49704.67570440163,121,6,malicious
3389,103348.21385027733,49.39987526170915,23713,173,0.014312738436650034,1.5962463089776573,7.744393092510746,51801.12871402366,120,6,malicious
23,105411.60865121965,32.95246574479878,22758,189,0.012157979083997858,11.832470972102369,6.1614773884847525,101260.66027272973,131,17,malicious
443,2605.706778653494,15.513622117121004,60147,13,2.475862300586443,19.710347371401706,4.501248526960737,10170.291018918257,8,17,benign
23,302786.06782027247,29.17085082591889,33095,195,0.09803261407999381,4.02059899234791,5.891444417950208,15813.760169415473,120,17,malicious
1337,264153.47019190923,25.795351845607296,42394,189,0.02694856665249777,1.4157239372812067,5.946820815164981,34915.14700432616,108,6,malicious
80,5226.928123115214,35.30403015166092,13610,185,0.19175441851997957,27.88501517071398,7.969173054406578,35146.60605383877,112,6,malicious
21,197741.7303243124,32.891742864196374,55382,162,0.04373724627033597,32.162733750287536,6.6067519950646485,51782.69474896705,117,6,malicious
443,3210.7960381192984,11.198462305191232,7567,13,0.3328704239252016,29.572081262079273,3.4106326332925603,1020.4152086637589,8,17,benign
1337,121660.21883806093,30.30676552471497,41340,176,0.06867501041366725,8.273088779388333,7.882465526665453,25349.8186087229,123,6,malicious
3389,306632.32251615915,37.741490838452656,50686,162,0.12276519170418147,2.2964859128743607,6.480969146433093,98118.95381234688,126,6,malicious
21,407835.11485008785,36.67539512533633,65229,171,0.0066593656205931814,17.52254027402728,6.448284932578724,177921.5710151556,131,6,malicious
4444,30584.31193445142,36.2423720259345,60274,173,0.15081375403570416,1.5958771583691056,5.652472038784833,38821.8682260978,134,6,malicious
21,420955.39621186024,30.18604936842729,51707,149,0.055362465487571115,17.65586924867696,6.912259235433192,49237.780193667364,126,17,malicious
53,2012.7668585298934,13.33747395448314,42520,16,1.9865659679455592,3.68042331098494,3.21640809442108,135.18943534511192,6,6,benign
21,360073.59340518626,35.680753038168966,28228,182,0.14237341692755134,1.7137562857896163,7.1140871541166675,36822.29064461615,121,6,malicious
1337,221976.07403438492,28.72344507460957,11778,165,0.06532033965200976,0.026736755406792094,5.8449794683583525,5481.312902006472,101,6,malicious
21,367705.9291090177,37.080035976478406,9923,183,0.04732549079029328,10.678989171498676,6.950591134322536,2647.3498804890023,127,17,malicious
3389,68390.54880823985,28.33333320221884,57546,189,0.1407069467898405,29.915578890593864,5.543052473448153,97710.69041669123,138,6,malicious
80,423972.59979061224,41.91314162042941,41543,146,0.26811728050439265,20.67724120134213,6.652489156609676,13236.714766536354,109,6,malicious
22,10351.535779235526,17.93110260562579,40378,6,0.4679993023625814,4.54356272730668,4.54079586076876,1943.144919534714,17,6,benign
8080,867.4225166680998,17.155224140918655,25440,7,3.9620841232382746,2.4090284873082464,4.247238472218016,315.46969007731525,12,6,benign
23,62085.27694335461,38.676302020165465,27836,171,0.12020712218830121,47.82401147568722,7.526010716000663,42151.737296760315,100,6,malicious
21,66291.85550821107,30.237081712353763,61781,187,0.12492464956866868,26.344630364415874,5.8837282332925644,7058.025858191175,138,6,malicious
80,1605.8373748113875,12.152980541222512,33550,10,0.2797611550429516,14.653337348036231,3.5295671002891833,4014.622374683928,4,6,benign
80,94.28735014951107,15.141344722316347,57148,13,0.7472644806605038,6.467978833975265,2.8879120606469018,2041.3406018199091,17,17,benign
4444,85241.69938814777,30.90494411386298,10635,202,0.009698113415465722,23.259011505432955,7.992015557961954,46546.48072955589,129,6,malicious
4444,10508.742902935386,32.0956343999325,40510,144,0.06063807141526842,7.06978514674863,7.1607550813053535,39630.92133339129,117,6,malicious
80,2971.803797989131,13.163627522262818,12183,10,0.1283000195308324,18.01826794773882,3.231822232898777,517.9857725213757,8,17,benign
53,8392.334418924425,12.617883604983593,53830,12,1.9969156870040743,11.793948735520152,2.6134437234947145,515.34792798429,11,17,benign
80,133545.6904128755,34.329683034478585,38423,204,0.09275985286391905,11.996242942250857,7.613758428694457,75657.72619459478,120,6,malicious
1337,57087.132884163206,37.27423920447191,33357,202,0.0028637804551105827,11.375321931423262,5.688273304577268,40231.22579483527,126,6,malicious
80,44600.08446233925,43.19423454147254,37821,158,0.005976439143748885,54.95910740437467,6.459648167785319,4009.131846646046,105,17,malicious
1337,59423.004873057056,31.206006740555793,40972,156,0.0610421115379301,34.541762628531984,5.702294232906548,5296.786275765205,101,17,malicious
8080,4031.697624851716,18.396785902150913,65289,15,1.079227407691739,8.823051201330323,3.2442656861957127,1343.6171656964198,5,6,benign
21,44675.5130269152,42.02037664632506,24256,172,0.029214582518115827,42.85912502493284,5.696520254240464,24039.48311305045,122,17,malicious
53,5546.730562151653,12.95075116604414,39282,9,0.6683205614478107,15.919240103535769,2.179039493930387,3388.4702386114295,6,6,benign
8080,10235.364493168721,19.070573445490098,12036,7,1.1365563317927527,27.628291021907486,4.931024190481153,3615.4719619581465,7,6,benign
23,22315.125012429406,44.568333581215235,25441,175,0.040337728124767595,25.269845954700155,6.310404276989334,42341.614529499064,116,6,malicious
53,2608.053495386199,18.58481814601127,3180,14,2.0460453846256383,48.744573007698044,3.8079208518373027,1153.9455162303584,8,6,benign
22,188.92538968251958,14.798205973586029,16894,10,0.7442326614091217,3.3309080829835547,3.4286924875133677,4729.842932467172,13,6,benign
3389,43373.314390174324,34.30002782265491,10030,160,0.1450241614378774,18.22623310297053,5.562202365742768,38607.18301459368,129,6,malicious
8080,5230.877730381918,8.992624329841014,56682,9,0.47682184039784037,43.28581112201834,3.112923364781711,3139.2429506543385,10,6,benign
8080,4823.973326601535,18.62739629233321,38388,9,1.208616336719886,0.9802685492820925,4.232434392159779,449.7214908842671,11,6,benign
4444,30906.532271979417,41.56871898416198,17543,186,0.0416038506851092,38.521639383542926,7.612244454828261,37176.90229638447,129,17,malicious
53,6345.633138958226,12.399591661244123,2098,10,0.6608308651707575,40.60109048427116,4.133065949166639,9120.393553853479,6,6,benign
1337,178481.54563311586,34.78949961885391,44749,195,0.14340186799394233,10.6222817226274,7.709685539474037,9943.363616473489,118,6,malicious
8080,1819.0317065643806,16.734887858584894,21867,12,4.022681852257257,17.64035205332448,2.0167523874411675,4390.819822538149,11,6,benign
1337,338691.6795245713,41.62833227573316,28196,191,0.027436867605683205,0.2219063342294131,6.268443900768924,8135.832537266851,103,6,malicious
23,716790.3663446036,31.128495553368158,58448,174,0.01088930214986211,0.3376459701338663,5.691476521316649,10266.108919698965,126,6,malicious
23,112810.58489896903,35.790399239436326,42154,190,0.13261887693785906,0.26304141425429667,7.710228366413697,30388.133058165895,129,6,malicious
22,8544.601177374701,13.063972356120754,23253,18,0.19246447234594,8.993468169914289,2.1582793498369246,316.71671976203544,6,6,benign
80,155975.9867191859,35.897750563330646,61624,186,0.07370250789499308,1.8278499066390295,7.284865266962992,154631.32954030688,111,6,malicious
443,687.3674579689169,13.573406769647796,22827,13,0.2879655744635433,23.326056015631952,4.086119516805345,659.557942095792,10,6,benign
4444,306061.3158417987,36.11835429053982,59840,159,0.0018258178436022863,4.005365965272289,5.502789294097601,202741.3038315981,117,6,malicious
3389,509409.4425405448,42.14441900270884,34480,164,0.11903370130111485,2.601986673961029,7.630722732335212,142638.2940109332,129,6,malicious
23,1037597.5222744946,35.633294289492035,35110,209,0.05598408888696072,6.328727973389168,7.844569016090595,84838.00053003443,102,6,malicious
3389,213553.52041235214,25.498662711271116,21707,167,0.040354672175884454,3.780889629758701,7.736772988821987,42791.28113710652,116,6,malicious
443,2155.8838051258,15.718968645753964,27511,10,0.9267266439949733,19.368901375955264,2.251312103303091,2366.691226849274,11,6,benign
4444,52654.309403846826,51.80868726932843,30749,161,0.02203086703108859,6.678897517917771,7.621785106019295,65132.18873564667,126,6,malicious
21,122460.2536562725,30.454576539589663,62172,190,0.05145056535869144,22.56079675828752,7.124093436640747,5926.2671938633275,127,6,malicious
4444,225444.08652692204,38.214894133814774,50511,191,0.05609779287494835,25.397904090748646,7.923047715452881,41065.193078099765,110,6,malicious
53,20905.82092228693,16.094967582522134,9963,15,5.047751833355844,13.347888511389318,2.8900080609996,1367.7923476428048,16,6,benign
21,46724.663451636,45.85430929823446,65345,167,0.06581812170933479,14.642009298579095,6.063531355534069,46046.708624486084,117,6,malicious
8080,7874.737424786958,17.08587756180504,6706,11,0.03967939228701971,5.028999720096678,3.9916649059700653,5064.34834505354,8,6,benign
23,227083.53810960794,40.45486419695195,22350,177,0.0028645628035056233,15.541529349801186,7.888720291291221,25535.59049134159,122,6,malicious
22,2232.137629797999,15.339583507945935,27437,10,4.102115673346673,10.623294556805888,4.811095181002453,1413.5030993966627,8,6,benign
23,83192.2175155107,30.667244651758224,6023,182,0.04677032480150066,18.10312701702157,7.954002138871634,2615.0520324983095,111,6,malicious
23,377490.6985049512,34.9638786995233,2437,173,0.1677161534796081,16.57886655212091,5.686529584251071,49504.16060853619,121,6,malicious
3389,115876.0475416345,31.21145759819072,27834,159,0.15074535265761177,17.7596690582198,7.2120241015789395,19381.195463307453,116,6,malicious
1337,193055.41221944423,43.6846507022612,22645,175,0.07173120530334803,28.826077485691197,7.506141090866795,25377.027590090423,120,17,malicious
4444,159837.1037260019,45.948951699234726,56421,195,0.0009824438934513448,13.397605769054103,7.710267088909612,16499.634976043613,114,6,malicious
3389,293327.05699607625,36.400243315276775,40196,183,0.0450440935804329,22.667883529331448,6.40045660781097,110762.84726251598,117,6,malicious
3389,250999.39363946908,29.90424546808273,19789,163,0.024420981044904446,5.935439571775697,7.1849426874410085,85749.88317330556,111,6,malicious
1337,676907.5455652248,29.031377084661102,36675,200,0.014978480383399204,23.61163927846649,7.77476880863012,95419.0673459596,137,6,malicious
8080,897.4558919390402,13.278928264693816,28270,13,0.0012703497376940992,5.672532089629091,4.436660536683366,3388.9864567581303,9,17,benign
22,24772.026832526324,15.784298657882113,5506,7,1.165647470146587,6.774747705087046,2.9527613901303527,432.9571528958961,3,6,benign
21,213953.4952900487,25.488332739043607,3871,172,0.10780764370588987,31.148142395776343,7.354487345395324,52766.24331678161,128,6,malicious
4444,311573.4717499679,40.98960812908714,16087,184,0.02261845271221804,4.337803138169291,7.087299666647699,55511.764571172986,105,17,malicious
1337,8385.898708445904,38.231199624457375,34930,184,0.06489658174948615,20.09899574548638,7.3598272833616045,27012.168469335506,130,6,malicious
53,646.1842214753755,14.834023918399861,54077,12,0.9700881185737786,3.9913457409683333,2.4924098034314524,1350.0732303334541,7,6,benign
21,246910.66480851578,34.66464359183365,27095,215,0.04197769978033958,4.152946196359909,7.312598949936687,12545.786532617341,112,6,malicious
3389,172534.67109719696,40.442568970984965,29981,197,0.15827398499012446,13.878722700228439,5.67390604158076,810.3871292138105,97,6,malicious
1337,211159.2171617542,39.05274042330181,9008,185,0.07433774045290627,0.5370001011987375,7.965401601576597,62889.51349480254,107,17,malicious
8080,656.1138712286795,16.187901758375595,52363,14,0.3766322410052325,15.725625343045959,2.409401716643126,4394.655700234401,7,6,benign
80,11651.025448707096,15.529355701216362,26200,15,0.915418508587617,20.014780778598034,3.5396080002381147,2458.7335736824443,10,17,benign
80,250212.00586434558,30.995067181849052,29105,195,0.012829672168029693,36.88319710448233,6.543152346740896,13832.183209690982,108,17,malicious
4444,121297.19923127526,36.84286738253205,26065,184,0.006113142536902868,20.97451004903123,5.691793093455516,11596.76315967854,120,17,malicious
23,108545.98082966279,40.2487150159172,17297,184,0.007109912374586145,27.82440937768982,6.346054545381274,31115.1832620723,126,6,malicious
8080,4480.427108784256,21.06288460367239,55900,21,1.1497443792448272,4.004199704739487,4.969932372519461,4833.9030910781885,7,6,benign
53,647.0560705096389,18.365757412395094,25902,12,1.2342119827616544,5.613330924020429,3.4616708476023534,991.3410433302068,7,6,benign
80,4286.015423741076,16.8451991162001,47166,13,1.9429139642866144,43.583850882378705,4.6563927215659815,3730.8573845462042,9,6,benign
4444,54450.26048779991,26.202579771500424,49579,179,0.044700775997655075,14.459038918346765,6.804063493052057,27425.860704516846,128,6,malicious
443,556.3584371146801,16.241390477926828,25492,5,1.7440122448720294,16.647131125576195,2.1843579300072955,5396.516927466878,9,6,benign
4444,207266.4184644715,45.39900361155763,64431,185,0.014375380298830032,16.72808504172059,7.622310261830636,54411.36046373065,120,6,malicious
53,3954.3362074713173,13.386404841744511,63297,10,2.0892077154015665,81.19925142180581,3.9502793322644267,3351.359903577295,5,6,benign
443,6831.581873455498,10.34485069545688,62751,10,2.347258147352556,18.60651285380113,3.6326658268240934,1056.9776489480803,11,6,benign
23,104021.9613685626,38.21331553965721,27997,172,0.09370801719911682,21.554812038733203,6.002343048335785,22087.869353300877,139,6,malicious
53,4011.654917988811,12.716170091290962,45228,12,2.868127552490181,36.70767933726099,3.543742864178178,6488.500997905593,14,6,benign
443,6229.936074801835,11.860533975067924,57010,8,0.5466258368977135,5.622531669743562,4.991110514953675,1793.1228447034987,6,6,benign
1337,28143.609982430367,24.85274097422069,18996,193,0.0558563567703981,25.94885798059618,7.483571716500512,53753.134278159974,111,6,malicious
8080,9388.171597612984,17.654064553849924,47726,9,0.5469265851510916,0.3937163940552164,3.9649876263684214,113.42183784304386,8,17,benign
3389,88534.1813055476,40.28715447752004,59131,198,0.09013230949178244,1.905555074747976,7.346936999457912,37433.754255293235,134,6,malicious
53,6163.393684975108,17.642871771010604,65400,13,2.2248053889908364,2.134400843570548,2.5510240140340903,525.9470126080079,11,17,benign
22,1973.2207138517276,19.020820505718866,63131,13,1.4474725719788308,0.08331998060145114,3.853875346089106,2260.3554806974576,8,17,benign
23,110792.06754081124,32.49851319047507,15192,186,0.08218405125005301,8.59054565141041,5.5999351104832344,27894.699917909584,109,6,malicious
443,222.48322016326546,16.82078141598369,35302,7,1.98751758679495,64.81891275584917,4.361085818297475,16301.24927300481,16,6,benign
22,13243.849917181053,14.134468605951865,22845,15,0.016732270092240074,4.880428645748491,2.9812649640041995,1577.3472210020234,11,17,benign
21,163348.30558069723,39.99435392775092,21020,182,0.08801595011754508,2.975290360497807,7.496520156302388,1027.513384581178,121,17,malicious
443,5465.222568176315,16.61542271946081,4028,14,0.14688403674207726,8.990657050769476,4.9767763317851115,2742.813180959705,9,17,benign
80,1956.9393765735097,16.507195160997576,30843,9,0.4261594993346187,20.07763278094685,3.040799429291769,1352.6493661368575,16,6,benign
80,9244.428652319435,14.136037741333451,1709,11,0.8828184424020386,0.7671844632773093,3.6508472908501726,557.8543013299275,14,6,benign
4444,115383.19423157473,27.075615432618186,32798,158,0.09242488820024272,11.473796392669799,7.230943266985523,42284.26168622262,117,6,malicious
4444,132881.80576691084,36.704558328137736,33776,174,0.04328049614919175,9.611242987708854,5.732654261045792,27527.336352123206,121,6,malicious
21,52820.637486165826,26.655304685990785,11585,191,0.010491614266161362,12.593266608330605,6.078587679707301,53608.31144964439,139,17,malicious
22,964.9756203568542,15.192653256040249,13629,11,0.2082782577754448,13.903287452807847,4.0561923470324475,2535.077527651796,14,6,benign
22,3349.0667709683685,16.096515030569197,44817,15,1.3867519287398653,5.132100134377727,3.682177576216781,2648.1379390715074,10,6,benign
22,7648.701597155112,9.738156072299041,32694,20,0.9583713370222415,5.6394893721846096,2.9349096859053745,7595.907927637027,13,17,benign
1337,243451.1624801053,31.829422068336704,15956,173,0.018463587419216623,8.477543844300564,7.922433848474224,46212.96817610808,132,6,malicious
4444,26413.485678296587,28.853839282844845,40356,162,0.013239650350929583,55.421114170466275,7.209307131395542,35456.05546437647,117,6,malicious
53,1143.4648956855863,19.69364717162685,5093,10,0.6963610578721736,13.7080493808149,2.4647971209006694,1501.3418297217079,13,6,benign
4444,70312.41389980183,40.22727570129103,28245,200,0.13018406530353402,2.6798271760590806,6.209157388998258,170368.4077998458,134,17,malicious
443,296.82614600384767,16.062107538757655,7325,15,2.9305583760435687,2.6836163017937773,4.626157973049047,427.13620161521646,10,6,benign
22,972.7569827549113,18.55051228111629,61778,10,0.5174348482484578,17.487867869043054,3.504451347302609,6129.103751545587,10,6,benign
4444,30016.2089482679,36.288355464593735,24340,166,0.015555540782418765,9.350292833327094,6.22175118328333,43035.18629232913,117,6,malicious
3389,61143.01263680089,41.95529214784747,34125,193,0.06290025777352776,28.92835384982586,6.588958231192283,35683.027349702024,132,6,malicious
8080,4436.567675550803,19.471100172176545,39564,8,0.09770070488486282,9.552104990854179,2.8065827300464514,2328.6488991594174,7,6,benign
80,447698.73329974705,41.28882735055816,24162,196,0.03338158833945983,0.3418150552157524,5.984484336182464,29422.095519837847,127,6,malicious
443,7193.6907875544275,14.753167168551931,50450,9,0.4994711475814718,15.39703067794888,2.572569274646182,9180.337926397284,7,6,benign
3389,353621.0217849751,40.17989450832721,56323,178,0.03989064155079113,4.653920744219976,5.760301922226652,77681.81471899663,105,6,malicious
23,124677.087057355,39.146393797676474,22765,200,0.2044393234684915,63.977422464419945,6.439301308794862,23877.59480109502,128,6,malicious
22,61.2321793153291,7.215078423478094,39060,10,1.1014015108676878,0.08873452231594231,4.807515631872702,1307.1787035618634,10,6,benign
22,21400.108642369323,13.180474161570414,14487,15,0.021407331890725655,3.5151714382947747,3.968827091871778,1612.1688442387467,6,17,benign
3389,15878.164125248284,38.783025035169054,22633,179,0.006414714123351516,15.689681652547364,7.005540966674044,27804.958989372248,120,6,malicious
8080,637.2931369618836,16.712142547251723,54828,10,1.6868723570339386,2.875537146945443,4.529778927917018,4705.292278086653,9,6,benign
4444,18437.928480617447,27.99277339240148,29452,193,0.502235786536046,18.243333789606815,7.607424007564741,9248.319388262087,128,17,malicious
80,14118.513123019633,16.75638870358348,32661,8,1.5346744247026693,10.859375469008212,2.608737616192276,3513.139032360552,7,6,benign
1337,24605.079824530367,33.87958910321203,47062,165,0.04451408351354477,2.2340885487226783,7.906001481044505,60318.50268062915,121,6,malicious
53,1775.6590541859089,17.893115965378428,32304,6,0.2654425621810613,7.676541985430067,4.062116413763604,1740.1257656383368,13,17,benign
1337,11227.32967761489,40.28862869367925,26159,154,0.08957232100091281,12.00814347690861,6.998861111443959,38248.070561457185,123,6,malicious
80,9605.63362176206,11.482327026705208,12048,12,3.751356089984033,12.183926328500332,3.3174456131005847,3035.085756754176,9,6,benign
4444,17863.453084222536,32.97176000959094,23955,192,0.1393016405640323,10.10403333040017,7.718542329596077,63545.365316781645,128,6,malicious
443,12301.872775072665,10.915306536195864,62111,19,2.5682371523231753,19.830867497040156,4.478548974036421,10018.696586632117,18,6,benign
8080,14771.94647617308,17.279864571232054,49895,8,0.4329946330349517,6.698215595141143,4.381039497990681,1148.2035165316443,12,17,benign
80,3471.159401193925,14.960880706689853,58545,7,0.8028838805515623,14.525080781683602,4.594411176356841,2855.395547505215,12,6,benign
23,100167.91168842667,45.89605995350182,4200,173,0.0027533275103715973,3.145128206289334,7.680794480690501,31138.659408064952,134,6,malicious
8080,2130.6864304544733,13.603057047491014,32893,15,2.098110562151129,53.41957748264403,4.829997105263474,2986.6732853749295,8,6,benign
3389,17114.983188945764,22.566473267838372,20669,172,0.013085967393782733,4.088677627119208,6.723041607365517,12944.685961241688,133,6,malicious
443,2134.450450270392,15.301030588137179,51598,12,1.2733402822747002,29.688510944855278,3.540476688810967,2335.742827167689,10,6,benign
22,4686.523985857383,17.26021070641271,13225,16,0.011249816024693894,2.879750409773752,2.939469599164076,1223.1896883615425,13,6,benign
22,3159.930577137304,15.114753217512446,48138,12,2.930754227181327,50.01277437022958,3.160462587725169,3755.069705063796,9,17,benign
4444,321898.3113036141,39.41881691391346,17444,173,0.00784393346150582,63.022707227078726,5.728027344147519,8029.647455788413,129,6,malicious
21,22315.066474407784,27.577750470343474,11239,192,0.025390376874172654,4.684125673322285,7.180240555748789,31504.846292378646,144,6,malicious
21,262207.04505863006,49.173254538383155,17603,170,0.004715088640790418,3.6390257624848408,7.849653419845787,84152.47078015338,109,6,malicious
53,3100.3618749345214,12.279622318788192,40825,17,2.7364586841801675,20.589052615170893,3.349884942347153,1629.1153526492553,7,6,benign
53,3283.04436752281,15.548466311369056,18725,12,2.5660786078632287,17.133775367739247,2.7347985373113337,495.91334874823247,9,17,benign
8080,8795.986715338377,10.589550835423168,38480,6,2.003230009360975,18.519054741355394,3.7471867508955796,1251.5922587697517,9,17,benign
1337,18995.466680549867,37.065930532881595,63932,193,0.03486591101381726,1.39843426162192,7.163609633847612,1390.8811591027013,126,6,malicious
80,15364.14424556348,14.385744084110378,9660,9,0.2069899857432838,12.28643955431303,3.4501799800291573,5857.399749671583,10,6,benign
1337,76319.19991221599,37.49858052496841,2396,169,0.03237125173859928,16.918114583899662,7.489335527463968,62181.666844883155,110,6,malicious
22,4089.6058563138727,18.1643467464785,56549,6,0.7616516985528843,5.712354205820493,2.108622856282995,461.3248770417355,14,6,benign
23,34460.303928927526,42.99424654888192,53006,199,0.07535303790185638,17.576167492580645,5.611956010120876,1304.2395593484632,120,6,malicious
443,13048.28232744347,16.459569189810747,61083,10,0.3326295838863853,7.735391710648298,4.046705037928259,15887.44433398069,14,6,benign
80,743808.325621503,36.523303108104805,45142,173,0.06617268197861302,5.944842561885824,6.473669671941227,60913.46689687369,104,6,malicious
4444,84493.22258804436,28.126157260907533,49730,159,0.16424049760809278,23.372069904078334,5.93887548830818,1931.977729836124,114,6,malicious
53,4908.666194897847,14.051332384172118,46612,13,0.8574033283788107,3.513565182236278,2.751501812849571,758.8733174570258,6,6,benign
23,347974.2683532937,35.732653298354066,41756,169,0.032080985367447266,0.04551776339767911,7.5319868644069,19526.837318464237,114,6,malicious
4444,5381.0174109501795,37.5217794338362,28348,183,0.07474653967537365,22.623212495498404,7.697573254033159,144530.26626646696,135,6,malicious
21,20326.031508655982,39.23615012829391,13583,188,0.07844621808002969,36.969336000656334,7.886555437575407,31663.208154119016,124,17,malicious
443,493.5726038709451,17.441747247547198,43306,11,1.648182701202892,7.638603672608891,2.977289640517089,5303.3979430115,20,17,benign
4444,14605.32712147895,32.0783732281229,45207,192,0.04443427251946248,7.35729491422294,5.652905312766583,39.595482273742434,125,6,malicious
80,798.5066436551235,15.686383871419483,62200,16,0.9846436771507177,55.20833350725837,2.3135885834014203,2438.2168588554614,12,6,benign
8080,1509.7983459803338,17.835135995136937,60149,10,0.02478439741683783,3.275282798750987,4.868228969387859,1763.5831130611123,9,6,benign
80,909.4356842790065,13.61225982252597,50143,9,1.881452644592272,21.28557173920987,3.0047573388936555,6148.906591241807,12,6,benign
443,907.082183152596,19.35849187830858,53790,13,5.138007567251839,1.1517111564332598,2.39459530136589,3864.8713513428543,9,6,benign
80,23962.038870115513,11.031749652002025,32993,10,0.506042959808093,51.76595678720725,4.230548809729689,1054.791464347725,8,6,benign
80,198543.0213371918,32.51803901564366,9556,197,0.008313792726976032,19.10232468870499,5.571210787757195,38938.63628903165,127,6,malicious
8080,4167.623045579571,14.347981682476087,57356,20,0.8564752244915652,2.424385250233504,3.5739128941512033,1942.4704139388325,7,6,benign
23,10630.641252342308,41.40977510802537,33560,182,0.019393229536481885,18.369923897487375,6.200946327633254,18783.06252921256,116,6,malicious
22,8209.448996239022,11.306695506512906,26738,7,0.10667737813325595,30.45451868622935,2.9437727079001745,1871.154623507468,8,6,benign
22,5700.731120782841,15.845548810567498,9477,16,2.1024140093544883,2.323438407333163,2.664204016668423,1965.7166438461566,6,6,benign
443,1298.898390892702,13.144577150908635,22229,12,2.9223645014922544,23.952137081616243,3.2433399475845848,2916.5086601752605,8,17,benign
1337,98682.62620181359,25.961026419735468,5710,172,0.005433136183590108,48.00092929129953,5.54580920197747,13181.433833709976,129,6,malicious
3389,453359.81727401126,41.68702381396115,55338,182,0.0012577821199825192,38.50924483367498,7.276458532398595,18051.75591858977,123,17,malicious
1337,19598.20999642385,29.82183164485363,9297,186,0.17969210156891216,7.329427360039383,7.919011041118328,17386.00783545722,114,17,malicious
80,85170.04914836874,40.73530656349654,54750,175,0.052374082111990204,17.231781601140888,7.755978298539098,13680.532817580039,103,6,malicious
443,391.74756128819416,14.550623467781568,54706,10,0.5919558020353608,8.055180130722478,3.443126787513343,11303.793165461651,9,6,benign
80,2632.6355647981877,15.838842079867572,56394,15,0.624196654662376,1.5470693337917911,4.877561964323083,579.5451635672146,10,17,benign
80,967.9185717091286,19.0997862818509,33624,12,3.137623767065051,4.8534413396465395,3.477450080557187,4168.717530448191,11,17,benign
23,163917.53213892158,30.169077399242667,56744,172,0.04157586863857679,9.647630130716708,7.733533328336565,57576.49534105391,116,17,malicious
443,959.7937151697855,16.140356532165615,27736,13,4.672576343827774,16.637388848744326,3.2461851352923756,1650.9788129161361,5,6,benign
3389,30051.224228253017,38.62194288081469,61649,171,0.20855171204235315,4.0345461290048785,5.718247110903726,25763.853124890607,120,6,malicious
4444,4835.056753584018,36.886748640566495,48802,178,0.24362929059296234,16.649122125091136,7.84899010485209,62102.58248878976,111,6,malicious
4444,385569.2112629893,17.534184614446996,51304,171,0.012320640814145939,76.87299275067608,6.128240862589676,32794.58329435014,126,17,malicious
4444,56561.398482323406,43.12296483675855,45099,162,0.016204738292309902,10.734120764529058,7.064660254400641,62491.92660926135,111,17,malicious
1337,20473.525415156822,33.438419962670096,52237,168,0.15228976040210793,19.391710902802515,6.265503117227681,137900.0991668606,122,17,malicious
23,23699.547134792636,35.728466897014435,19948,165,0.0086530158390616,23.13960462473953,6.605105533397103,2259.0903621782477,124,17,malicious
80,43839.064165070944,39.61089285233705,45495,185,0.0009974571749750626,3.9849808401191256,7.021206269761495,4587.1924531357145,103,6,malicious
80,39362.9982152325,27.946137028100885,61139,175,0.09606904000022308,0.9085527199986337,5.857936092416498,23549.777543646556,117,6,malicious
21,49181.92061880257,26.057002525235855,7993,177,0.04690077236276794,13.767540245725709,6.1444153202236125,7293.915976289681,120,6,malicious
53,2057.6973409130983,14.417658283519891,23978,11,1.3062895708730216,9.050355888957563,3.229281613709378,476.0526135197423,11,17,benign
23,84488.11979081845,42.16917076690049,63930,183,0.01348048144856885,26.79488763337953,7.771871974787072,173649.77562072076,123,6,malicious
8080,2480.81192329626,9.61083730552078,1206,11,0.6339392048204844,13.203484536654672,2.9794410809419807,7080.32946551231,13,17,benign
3389,4133.2685866780475,41.57431710024003,9508,156,0.13577250592690734,11.838093567734594,7.987420092885097,63213.70673236537,93,17,malicious
23,31693.86832876784,20.2039907440731,18593,184,0.02394491084723949,4.652194145065838,6.936192913027208,15768.205562786097,135,17,malicious
21,186711.92739486962,33.83882996684549,62694,173,0.05096905348527812,15.127609900051722,7.288643041654421,44236.73804426111,109,6,malicious
22,6760.2399250506505,13.26569643527793,55213,6,0.4295756784344259,1.3532034446066221,3.7737988504808295,4354.441040238563,7,6,benign
22,2192.7031450681166,14.112925552186615,6063,10,0.8749181906417565,7.377856629819348,3.3407659327163146,2542.274575774028,10,17,benign
8080,2975.1866878354867,11.537161252788653,30937,8,0.11237334060414335,46.05238436665894,4.06501954848402,1704.4340057913007,5,6,benign
21,320071.8646080026,28.56729839713347,29607,181,0.10267120558292676,0.9274829771298543,7.925662279897157,59091.824612076896,138,6,malicious
4444,1531.7917324728398,32.95533072171015,7187,169,0.1118469033542334,46.565193829017545,6.396829324781691,6110.423898163936,119,6,malicious
53,6049.330997898294,15.858539711689135,48553,12,0.8072153691876878,10.212142565599759,3.8451671236178475,5001.735917865772,8,6,benign
21,127368.743557802,35.16019952905881,24570,168,0.19094254195149796,31.54510970158889,6.06032971572518,104421.01919443332,113,17,malicious
80,5342.653357173377,13.076981239768482,56391,14,0.07076709678180323,16.00046430656223,3.535697732258824,4503.649739580216,9,6,benign
80,23624.382165787367,28.175443194597555,57066,182,0.18199756478201906,1.107075889181382,5.808662714595543,2845.1712567525874,115,6,malicious
80,4601.07793360079,14.649717725001343,19391,11,1.1161922909342945,27.296613033926565,2.0972771734829103,209.2524517636594,8,6,benign
80,1101.5624836231689,19.342633356936172,2710,14,0.13503017861100997,21.602829742417924,3.3866799218820285,225.88343075195107,7,17,benign
443,1051.7288108954144,12.97515717950228,17970,18,1.4716584443669167,31.449274888757152,4.629930385196461,2249.75047759855,11,17,benign
22,7316.326188455803,13.313499610489533,7522,14,1.76299613760332,14.85140234494055,4.645618638608144,1372.12571784022,14,6,benign
1337,34908.9649923289,42.91796724286644,16011,174,0.03292424887190164,7.193362025944717,6.587110484846591,87368.63192342552,109,6,malicious
4444,100787.66661868086,39.09735306721243,54194,181,0.17204949824692123,38.15343685124301,6.891972234845923,110094.65011816191,124,6,malicious
23,44103.39343708037,30.11599735082974,30335,181,0.010469970593638746,52.95422832326898,6.971443482631566,89006.87072587121,118,17,malicious
23,64874.17988990225,29.742445137788724,61186,182,0.08076866126759251,19.856488008436273,7.321100244528161,142774.41935486798,116,6,malicious
8080,7567.611522901845,9.926194576003148,58886,11,1.995014138898835,2.9731824733690937,4.165128976650932,740.5311859917382,10,17,benign
22,7903.794190188885,20.134929654191296,33444,11,2.3100442953444613,4.7912768110445825,4.733251751353346,3818.570396705982,6,17,benign
8080,9048.145893968729,16.77532303815999,27627,13,0.9003643975248847,22.626633424394026,3.7540241486018173,896.1592323714201,7,17,benign
443,9636.014698437708,11.21997910087645,10259,11,0.4677417851146736,3.5701937508973316,4.9952685630289935,2839.429855504033,5,6,benign
80,135966.62518868956,36.32750057429497,22777,187,0.06194149036170896,4.640184352557077,6.538132877377791,29647.735163934234,117,6,malicious
4444,37606.97230721971,39.06035257347912,58553,194,0.13787027709461216,1.1284591861621038,5.535166032770981,95165.6323062268,116,6,malicious
4444,66646.90731412978,44.5296932031881,22872,167,0.04276117651874788,14.337447969370572,7.625302597988089,36456.01846595677,130,6,malicious
443,269.7368085637855,19.480762072142234,33554,6,1.9325668953182957,7.703164898251931,3.692916900453004,72.22118684828148,12,6,benign
80,5845.241296559159,14.187650702648563,63002,12,2.2830428484674936,3.829486655866329,4.330006043923349,8844.681852018422,7,6,benign
3389,309641.7752118656,34.73043371179539,52428,167,0.012875701285866082,11.305467698308448,6.137529288911986,136735.54755294602,116,17,malicious
443,3002.585329088395,18.815943572810003,14677,16,0.8782442412081438,11.759355848584713,2.1543861375242197,3689.5436632915603,10,6,benign
443,894.8522846743741,13.58741599420227,2467,11,0.26617736579628426,3.117007677836289,2.630323331047297,2898.09365117298,11,6,benign
4444,13934.449787935126,31.16538300833162,40379,186,0.07682202969832137,0.3954992766861158,7.033568219719679,11826.387252365561,121,6,malicious
4444,388577.3611930638,27.867974890984186,17140,178,0.06413018669919009,31.40843065975642,7.541075297806758,139994.61233605226,131,6,malicious
23,4676.5933149817065,32.480529436951194,14870,174,0.12662095533564963,2.5672266406369113,5.855981353555722,12274.4363739403,133,6,malicious
23,319376.2508374048,38.45368927321051,41939,172,0.004840778855934898,28.1690213854761,6.800062437348029,144920.5592728639,122,6,malicious
21,3924.2746225018077,34.58557965077152,29439,178,0.08699382773823722,9.50697049261129,7.826241218418706,136878.1633693853,117,6,malicious
8080,9414.226883758527,15.978396179518542,5533,16,0.16205893399020915,15.45541656193964,2.07293836143176,6991.275535777938,13,6,benign
3389,1681.4856495734537,40.62351945583814,47351,173,0.197112657831772,8.294577142567588,7.442159268821865,109346.13114530448,113,17,malicious
80,2571.803252107878,49.19854714828091,47612,166,0.015639269413839352,18.002292811511698,7.735597347720424,39158.08838586762,112,17,malicious
80,106608.50252946721,34.30985422435587,23677,181,0.07365182400361943,4.727465286929136,5.618765167399628,62345.12966994482,101,6,malicious
80,4635.037644944587,22.68316382539784,47570,17,1.6510364423535842,3.777070225560028,4.724539189922897,2112.65054479135,12,6,benign
80,13986.448522228193,16.333709191579164,3802,16,2.090688634553151,8.29567881629565,3.315755231217244,1247.0720019353016,10,6,benign
443,186.2290569255964,19.911353886855604,43814,9,0.8803481229129098,9.144703862420206,4.359659429744155,1275.7168036332832,9,6,benign
80,280481.2460514583,43.6251966167738,33132,182,0.010583116740517203,3.6621523204106636,6.339423306010875,16211.194834228207,114,6,malicious
80,238139.95569325564,25.515546825971256,21106,174,0.08930967059204947,31.41845463226739,5.706307155889101,86025.84456385566,135,6,malicious
443,7793.39596783341,16.14495812651193,41025,16,1.436791728669119,6.274396218722358,3.8740541543742655,2149.867121398593,11,6,benign
443,11323.253615857944,19.55609895919342,60705,16,0.9962807327288614,29.943188863833566,2.429573223904683,3051.855082743671,12,6,benign
22,452.5223901727469,15.152214875062104,63368,11,0.4384330281575689,8.637376356319358,4.746063098063348,9330.288405190962,5,6,benign
1337,132905.44752354518,28.741952871478627,14548,162,0.09673162267003543,6.70618699545716,6.993099003164463,9331.596931328986,112,6,malicious
53,15580.32326165843,17.70550940327876,23891,14,0.7366939734021217,28.304110244779533,2.0749855368448835,1956.9701814807256,8,17,benign
443,13054.148056237427,11.050715700572667,12395,14,0.9195371563189341,3.74995634559411,4.807270626741026,3562.8968729370667,9,6,benign
21,28970.877069413626,32.16674669970619,36207,169,0.11776990867578366,1.1834837084712633,5.729462548375909,21948.920290152513,112,17,malicious
22,14040.885335693296,18.267107170433082,55800,8,0.9463805944521382,4.1123734109283525,2.2998910018365044,4094.9913664620335,14,6,benign
443,3466.70518885376,11.38936157905019,59975,4,1.6263478711792374,0.2535581754281697,2.329822362874128,2761.952168781469,12,6,benign
21,77072.79226953983,39.83180874793982,58289,195,0.04008952917900095,8.832280354884134,6.498516820290003,88992.69842891528,113,6,malicious
21,35520.93466750283,44.777095960627136,54996,211,0.05914554122498363,16.503512187961206,6.114277963550232,133700.55490363357,111,17,malicious
23,223297.14876106777,32.61064950720339,23119,182,0.00036051131206236466,6.698116928249688,6.473112460692502,28451.345682200852,125,6,malicious
53,8375.45935185924,15.93501603637637,11776,16,6.48129619241703,50.88226612940625,4.00351017535834,2.308267033788026,18,6,benign
1337,42551.575209983675,28.579726917883853,46337,171,0.06251981383030362,1.238159755068545,6.072477655921438,784.2800158405688,113,6,malicious
3389,133696.9224693635,33.02100312007392,37828,170,0.4386009467426491,3.0301592902938417,5.784141872478819,73909.46993706642,109,17,malicious
80,6695.584504914759,15.23570686117188,24610,15,3.2666777547272035,5.3481322955288295,4.9895342740405955,446.4556298459384,11,6,benign
8080,3317.1912416874798,12.675685930108582,19529,18,4.534356866822951,3.887051080694525,2.1915774959078758,163.64495253894108,10,6,benign
21,137707.58848874926,29.598209156675043,51116,181,0.038509206554379206,4.008401000100696,6.177487314059658,70716.6022761116,112,6,malicious
4444,79874.78906763712,37.579590191437994,48137,180,0.010631907963538488,2.758718776768736,5.665027357997621,84601.33647318369,103,6,malicious
1337,158774.47964389005,29.435097476183685,48318,185,0.14763978651316373,11.826226787795983,7.276079728156545,22551.556247094162,128,6,malicious
22,391.3166804216165,16.129863672344033,58905,12,2.6660841309289784,19.263985694789785,2.3686836047006046,43.68326929019264,12,6,benign
23,53421.52290973863,39.64608245502839,61134,203,0.011392067818689119,10.338428892085327,7.125012531226957,28092.725999700164,124,6,malicious
21,33583.7118689192,35.572385598136385,42480,211,0.045822418254929935,13.073496462248567,6.5750399624586535,1897.242436750756,118,17,malicious
3389,476007.5199845422,41.31702063657118,18790,199,0.020435218254464954,5.8510462462802115,6.268102684430767,56664.05630314151,157,6,malicious
80,9309.322493926416,40.18693029612084,1382,181,0.08790669105100272,5.638685836635916,6.08147174676204,100573.42076226788,124,6,malicious
22,3421.736243497937,13.208427309348998,21250,9,4.428958876485146,29.88572163226583,3.033604130013928,1470.0251526505824,6,6,benign
3389,360851.9953233849,28.536103067007666,47310,189,0.028356966277823133,11.302863070693604,5.755268049299754,96334.5742773693,107,6,malicious
3389,37159.3945659855,41.9887486841271,37549,160,0.06504820518152993,5.943158069857225,7.850977258620695,22497.97982660202,146,6,malicious
22,2726.916028107406,16.66248801143484,19837,7,0.42274624510587755,22.101837427027025,3.990184628790976,4335.019070530354,6,6,benign
53,2021.2843942619668,7.597622325250452,25510,7,3.361339721473009,10.429545449630787,3.0568761268539237,383.85565838443966,12,6,benign
21,68584.88693726207,38.77929005991767,29540,172,0.27047128329856235,0.9909718249676738,6.375018401650537,1074.350975314954,124,6,malicious
53,6025.97451115507,20.89175201048956,32999,15,0.4779725409554879,5.2125817342667675,3.4944963724198552,12144.591429908482,11,6,benign
53,3881.3916884339365,13.829009409170512,62159,14,1.379745986885458,47.519329717263155,4.276288856332325,4571.285457230511,7,17,benign
21,19594.815269318613,34.76545285235297,65201,166,0.004928156438558827,11.242098327654418,5.627644682292944,34448.20842773706,120,17,malicious
22,1288.0166509866037,12.950268095227624,23099,13,0.6692661456502984,26.286945269313623,3.618063280466475,2089.2989949976145,9,17,benign
80,147182.28893796485,37.47087106158729,3414,151,0.0893119321799597,3.700296982649111,7.599803511980251,84198.70419005773,110,17,malicious
80,9863.690246278904,11.977474220868807,35986,13,1.1212709121458175,25.296368748443335,3.356172173612684,2442.920256341133,10,6,benign
53,659.5813471799751,15.229331504394917,6921,8,1.4282123657998131,24.57993745374256,2.245652416495036,4322.097529698855,12,6,benign
80,1346.5205665593176,13.479771671381094,63747,8,0.0662797119529993,4.603571097940935,2.868822418935445,4420.278814264143,10,6,benign
80,431.234021323288,17.79865547806065,1632,9,2.1817211997068275,15.144671658452879,3.971220589655223,770.2773818275211,8,6,benign
443,24426.67562766604,13.375426235051695,23974,13,0.14684665543441744,6.386177355280533,3.879284212534821,596.7270532057281,10,6,benign
3389,36248.21479725098,38.77842408263587,10316,167,0.04341748513367599,7.586419069588876,5.50907892708433,77363.20986319821,115,6,malicious
53,3361.6839909202727,6.966155525187492,58698,9,1.1908846274156764,22.674433798548545,4.663646463242046,3657.239244985211,11,6,benign
3389,85329.72205474856,39.222581535378154,21034,177,0.13043527016365578,14.055155754905561,7.476399078994611,37826.19269794071,113,6,malicious
1337,192994.73151964095,48.976595327596264,28871,180,0.07403898950634231,2.6853080586754228,6.0517551709122195,141429.61311553838,130,6,malicious
80,4933.574781391207,32.2293469861211,7132,180,0.061272878515440436,21.02662760374153,5.889799066815116,78616.25397668833,102,6,malicious
80,46601.52352532094,42.18297566497088,55393,173,0.15898237845491317,5.749723235727957,6.4959875324100445,76386.0005824068,125,6,malicious
4444,14790.712500844555,45.918493201896766,9764,179,0.1929030937120366,37.01146806614267,6.232311201889669,66707.82624848944,135,6,malicious
443,1780.7284531274768,16.4343054353314,42964,10,0.07941963243074707,4.542521401303491,3.9376933378909755,2081.6002389129735,10,6,benign
53,1048.2257688992881,9.963333635302186,42471,11,0.6817484113525523,37.00814238621313,4.856417226681012,544.2350843053478,8,6,benign
4444,79867.14938354492,36.3285416476578,12402,172,0.024990059544943623,4.91804438761459,5.85377156405784,18152.926290764255,130,6,malicious
1337,151069.635659066,38.414811088654815,30737,200,0.12128265534867157,24.667283661953583,5.680648266661484,10760.893418409143,111,6,malicious
22,6387.737220725427,14.969275634624784,63772,10,3.5940934741797976,4.357274766340195,4.966495199869712,747.4202565904234,8,17,benign
8080,10423.604714390684,19.62235868663184,30941,16,2.2194268085977074,58.858415445901315,4.583486593586519,4592.603567051474,12,6,benign
23,203817.7911133429,22.55989755455168,33197,188,0.01915996589721161,33.1325401374846,7.834875865014796,6779.105873618166,115,17,malicious
80,3354.6646481596317,13.380692072862331,19633,16,0.24371778817323525,2.5736654545022217,3.347228441512196,1484.3303880071644,6,6,benign
3389,158853.24110810246,35.348397285870476,7056,176,0.08820258907632855,13.713942682868435,7.771903113946391,21822.632174001734,124,6,malicious
53,10964.628334492034,21.95506575377711,52374,15,1.906668527562078,4.389498307806753,3.446035397327637,4282.260437979849,8,17,benign
53,5228.381321957663,15.11574635994975,38149,18,0.47906970338816574,4.923948587164915,3.213719913099093,1566.0696252476594,9,17,benign
53,7741.065134445368,13.13732447491237,41434,9,0.13956681238240867,21.991314522665906,4.54915364635491,1811.2595041953498,9,6,benign
1337,341585.7454610908,45.768885390055786,40098,200,0.0010056098370422354,1.0893401811450492,6.5468326034166076,49713.45250581604,123,6,malicious
4444,107469.18892220329,38.91867536781408,35704,185,0.05695439428889201,15.825124007441998,6.0444970269133815,27429.565777476393,113,6,malicious
23,44260.37706776917,45.81231732067013,53540,195,0.04936755144235808,11.31581594110784,7.535761234932089,321977.09101753304,133,6,malicious
1337,61119.05773059462,27.55603319609184,62040,199,0.0036869712459360535,24.606491615108858,6.82984820775804,8597.392017168988,116,6,malicious
443,9633.382628570345,16.24663037509408,58160,14,0.7643326554864063,1.0015253852428003,3.304108331404879,6052.172051486933,12,6,benign
443,3150.3539390400256,19.112993957523067,51842,8,2.171789252518603,5.766622384400831,4.9607784045103305,40.79983231828357,15,6,benign
23,38228.96004366756,41.26660416627153,48551,179,0.02900130481926992,3.2557092474755143,5.549627022979671,57537.705098774364,105,6,malicious
443,11808.818889845963,15.194313663386948,44731,12,0.5969899826786662,14.490637048690532,3.1825429973223454,939.6205497949696,13,6,benign
443,5780.19129026922,14.413405370598145,60450,9,8.155479257673322,18.048615534268066,4.001805099597086,5930.83682637083,13,17,benign
443,6344.923002766733,18.740907580952147,48295,8,0.2902596728460259,0.09078744664654322,2.1557575955810897,1344.3418384794577,14,6,benign
443,760.5626230860842,16.78126715438123,36080,13,1.2408816574050576,13.263922441136433,2.5602659064338615,234.515899167368,10,6,benign
22,1956.6644481790233,20.323778696730763,28346,10,1.6425687017733428,7.342488448245606,4.405634873054412,2973.792829725174,10,6,benign
23,406732.7381962906,22.238109548546397,27523,169,0.0496255944067185,23.110667252417823,7.290957805133283,51992.504050019765,115,17,malicious
3389,289777.033236582,38.82760880202318,6312,177,0.032800172711848895,13.579754828981812,7.352244660262324,59783.60985103702,112,17,malicious
4444,100595.8317575101,37.69769727465609,3126,189,0.08790849602437888,11.895539380865673,6.207669590383419,2284.89503192478,118,17,malicious
80,118299.61793741748,32.1748207973711,48122,189,0.08330131984494908,20.02239939683377,7.106526597920698,10522.191792251611,128,6,malicious
3389,78801.15103682861,36.20465365923758,31364,207,0.09544294557449097,16.7896979017322,5.825111183452453,44066.49723387923,114,6,malicious
8080,7333.134049348861,11.393243230151848,43072,17,5.308620539075122,12.269557485295095,3.9788383606635698,9974.877386412496,6,6,benign
4444,675365.6156432332,45.25727836438722,32670,184,0.009383152616090917,8.931118252478603,7.297407820982582,16614.502210902076,118,6,malicious
3389,51194.7888438817,35.37899243497772,17979,174,0.05597543803801113,19.168650434304787,7.560496204084453,104239.47426840084,129,6,malicious
22,5734.936149883199,14.121268443999522,19114,11,0.1668353445373324,28.4923794662387,3.087089126662227,100.90843144902598,11,6,benign
8080,2230.2211045360386,18.05324206741858,20488,10,0.6518376606878622,6.255589657464714,3.3987890600409996,3040.1176229404837,9,6,benign
22,8468.339284512487,15.065614910509174,53082,6,0.2561978442935044,40.97705166350036,4.575321747442972,1211.6597052967531,8,6,benign
80,5053.768931455048,11.464045419495232,46437,11,1.7409599340981128,29.74898797594749,2.9438200944008304,3742.2919310902826,7,6,benign
23,305233.0170682293,42.64936975181235,3513,178,0.23731401881261022,9.252723347407205,6.844338977143055,94601.73438567648,103,17,malicious
4444,429858.92899926804,29.24555523177098,1935,165,0.05357462172292187,0.3851257296456851,6.334552333073725,14240.453429283618,120,6,malicious
21,77219.89640646813,31.27635045083621,5573,184,0.02615373554543214,43.16543638907496,6.672844673961224,131242.66673546686,132,6,malicious
4444,101650.70852623884,35.51703181081546,2040,192,0.006084211708820781,9.228499987048824,6.272885860372543,1055.9863283083225,132,6,malicious
1337,61022.22139047504,38.67953531528615,65367,176,0.0006574136795123331,11.196200703321392,6.163772558653854,73258.673320817,118,6,malicious
22,2342.0846002474045,16.574317853847706,63576,9,2.1442173368326567,23.930206773354513,2.619606808165756,4720.054889293703,8,6,benign
23,836456.579233217,36.79132974157664,61729,189,0.06648577702163247,3.6593478389560485,6.403665390414147,21598.092284822887,111,6,malicious
4444,31391.603791638867,35.65649421709272,54894,155,0.009087598096582947,3.2532456557593306,6.129608871915681,254776.3852353972,129,6,malicious
80,6443.4233816191945,14.851947859220395,29218,16,0.6687383230022881,21.236619604027076,2.041109879872066,2507.96799311439,9,6,benign
80,81860.11689179008,34.31048238167537,52852,173,0.07042227122383266,5.760023867598525,6.348108341531258,95691.07187752453,113,6,malicious
1337,13105.847919316615,34.28742176502062,31188,177,0.20413169955225272,14.6315686529912,5.739799930511938,22567.428140755663,112,6,malicious
23,58940.93902455865,33.68246337878102,19423,166,0.10814610928401615,9.751369244194622,5.860898059564962,126762.51287352429,122,6,malicious
8080,4672.077133497164,16.726295716050192,13004,11,0.323940112002611,2.3868743232971634,2.2327098383383612,2346.9398334772854,10,17,benign
1337,602189.0718462318,46.156681030644755,22181,180,0.003248917908263337,49.15365687313815,6.9216746121212465,18240.785269127013,118,17,malicious
22,999.7930218541385,13.732736230162093,32561,15,1.5924178648912015,6.895271782446562,3.1406002924745486,368.1352950030333,13,6,benign
80,205584.55010322388,31.57566244785539,61943,198,0.03625957680914481,5.832203890536456,5.543689339909115,61558.30385932973,110,6,malicious
80,10551.06733314771,8.501914968886716,53853,14,1.217697455781214,38.548297273262,2.831508365154207,965.520474897547,13,6,benign
3389,170645.9692077406,46.38733259447694,16779,174,0.141930971173406,3.3273376465067503,6.428616834317394,24106.750824014805,133,17,malicious
22,2855.3531471635292,14.796794070726452,5216,7,1.0924682943935657,0.22190448124590237,3.9272393422053002,5762.796042742271,12,6,benign
80,13741.372700685726,14.687310193471633,21917,6,1.3736685590297317,7.14719051204243,3.6071889168538345,6514.805970537632,7,17,benign
80,247967.67409571682,36.98934414030854,62635,164,0.009860224430919223,24.97585479298603,6.469442254528415,44291.0948886995,118,6,malicious
3389,189195.76676991477,33.09757848689681,50902,193,0.04119008251434782,0.41449919213008957,6.519842053206727,24039.23860578328,137,6,malicious
80,17379.891638011595,38.819604853437916,57845,199,0.006430218848213612,27.269240405495964,6.492489055928589,6936.877074655858,134,6,malicious
21,196927.3992166382,41.63428499538439,32472,186,0.12950312817862913,3.8404537614526997,5.675215759872371,5799.5363273176645,137,6,malicious
3389,136561.45250624747,41.18985740100104,59485,201,0.06231575275659964,18.744795698441507,7.672679543388345,19545.781655571114,102,17,malicious
23,28218.696489927766,41.665668117514436,62175,187,0.03998672753164836,9.131540901873066,5.563675901893829,18042.120378368752,128,6,malicious
53,3282.6405283465547,14.21616652103978,12509,13,3.1037921384410234,1.7530963504205581,3.133835434375179,1009.9181785129343,11,6,benign
80,5173.813533590679,14.38647874971949,6006,14,0.11849713511559207,8.973698982355565,2.3083668940200823,2553.460015526538,9,17,benign
80,7006.338744395495,17.3024963748975,11131,12,2.904468388408088,4.152576797453814,2.5861138811919737,1718.5818939030974,11,6,benign
8080,135.4443925075455,12.117982821478826,63195,15,2.111367948590987,5.124407756738636,4.567878850836533,1072.7140043120146,14,6,benign
53,979.2309970868433,12.722562068673799,60279,8,1.0413519448380968,23.96064683305332,2.5050182538821444,966.7484938331978,13,6,benign
80,26637.705431626386,24.371635944357315,38401,158,0.050536978877021126,29.25038115097738,6.855740901410192,25275.13840194968,116,6,malicious
4444,30492.359344357497,36.53055155421496,2505,175,0.08613480989276653,12.698697270792916,6.944366819081588,81264.0280896279,119,6,malicious
8080,263.59734684539404,14.295128475228305,30051,17,1.5786053051031061,31.053664412966096,4.121383026974703,13160.809167371017,9,6,benign
443,13698.473875355472,12.476229883080345,35592,10,0.15315023633459465,17.261473943022818,2.197344960326407,6094.402333015757,11,17,benign
53,7104.6442663417565,13.394503639352067,31302,14,0.4174592716777913,4.6478535356027555,4.671696869663653,8722.98198993565,11,6,benign
1337,11331.673874004562,31.933533519566833,8442,170,0.015078819033019435,28.872280564962754,6.079944985559885,118831.84322774425,124,17,malicious
4444,157857.9795408917,29.511729881102674,9995,164,0.08379258525235235,1.8832270838369727,5.696886643980327,4338.390194915877,139,17,malicious
443,2344.0696879110283,17.11920755768703,18337,17,2.33959685520745,8.686708558262012,2.016763904358071,275.6337075017036,8,6,benign
21,353060.92543030303,29.98687994529744,65358,197,0.11361968419382884,8.088833918910057,7.0502234688526775,931.1176181182074,134,6,malicious
22,4533.981578875211,11.740173683268909,12464,13,1.0507190532584856,11.308780048564135,3.001723916827516,2928.156784200341,8,6,benign
8080,2541.372870095596,17.408064685200095,57010,17,2.336245155615476,20.56489951288806,2.8108532405685622,75.38130914355025,12,6,benign
80,41009.50381393095,34.272777414844555,14731,172,0.04220428722268686,1.9850131588371382,7.053936935794263,3913.9271728002454,109,6,malicious
3389,658001.384417871,39.65572608216221,13679,179,0.025670566203170236,18.85077881518161,6.422015410780626,39155.38641719224,93,17,malicious
8080,5353.93006450867,18.450801493864503,1661,10,0.3394267184205612,9.292294691901489,3.9419707426787807,4443.778998823595,9,6,benign
8080,1520.558297686582,15.337560253397717,60421,15,1.746563868249793,4.695994593545391,3.9923035410611445,4462.019353033308,14,17,benign
22,938.8343933490399,14.309047577858143,8217,5,1.782403817472538,24.808334479489133,4.778965451391628,3621.142923996494,12,6,benign
3389,107428.81702234724,41.33643250835398,36292,181,0.1111084071263491,10.37330495010555,7.464987805156913,103321.40188226254,101,6,malicious
80,25081.410514753108,35.035045615320165,21552,178,0.07710134470611445,23.884673930921966,7.176082558511585,41128.044434544056,120,6,malicious
3389,134729.87631363724,34.55746004934639,30025,145,0.010236061653209947,4.5430217700002915,6.697431705730533,71942.11366845648,115,6,malicious
3389,646716.7233214322,33.88074333852593,36436,188,0.025133964845439682,27.700618360767173,6.998809974554064,101893.3961598256,126,17,malicious
443,1195.2732086881317,20.684749242843054,37595,10,0.6532828402408959,1.9604554127636347,4.63962616898428,7186.491231377463,9,17,benign
1337,58348.44900499043,25.36589492981274,33192,182,0.11373135919099608,84.24925459999221,6.0790533180140285,1749.9472635861216,122,6,malicious
3389,75170.73708504868,33.14908458575483,8970,201,0.016372521813614573,21.06820332505884,6.001626587701562,22734.553098620912,112,6,malicious
80,433909.03847958357,40.57659848459502,26217,191,0.15515114423900436,16.162706751234076,7.119980855086023,15114.380143337114,119,6,malicious
8080,20606.118940383523,18.189853058533558,15662,12,2.2675659876031333,6.263324439470106,2.037498078333879,3814.3431525753144,5,17,benign
23,331313.71936940035,38.38506888053543,27021,162,0.037193027248415986,15.738750975126672,5.617876940529722,10224.562897981503,114,6,malicious
22,8475.17023579875,15.094279846968023,64271,10,3.622471543495065,34.74362877778279,4.329502637677338,2250.0317858884255,12,6,benign
443,951.6913765152541,14.466265408982029,53547,9,0.549224596328306,3.8862234271283818,3.294786483446099,5309.349450849261,7,6,benign
4444,205239.1909837562,44.914529416676906,31545,183,0.07207075237066293,7.254352959825718,7.660382321773774,120423.1135088258,123,17,malicious
1337,75395.60895343314,38.25341539526987,55406,162,0.020752958039580185,1.8824338524359183,5.653137020660114,5377.801513875706,140,6,malicious
3389,126986.76864711521,35.676662162983526,30740,185,0.041841244430649356,14.785422381228862,6.857519425880275,100533.11633577586,111,17,malicious
443,1354.1993767111533,12.131876847894322,44685,11,1.0766007421826969,7.701609142369157,2.6240089245744906,24626.467368615806,7,6,benign
1337,139195.23571781628,22.915416045570524,6347,182,0.12402919041629565,25.682221521547753,6.566512739072753,43843.92850879151,117,6,malicious
22,3454.844028469477,10.978447681648124,6681,13,0.956297890049596,1.947617524508861,3.8802100655198744,2062.884454730119,11,6,benign
53,135.39779163490783,11.763611626267252,53488,10,0.0975757422524203,2.209053068580016,4.560172106889503,1840.0099542330513,13,6,benign
8080,4918.637085576196,16.044261223067753,52680,10,0.06919036590791379,5.839172907798576,3.7035369712722135,3457.51147377156,19,6,benign
80,32330.4537997068,36.26273133412268,4226,191,0.07525734519478247,5.78857440183795,6.652628186757078,89045.3977396042,139,6,malicious
22,2385.287529762471,19.624093782456058,19415,11,0.8763028601179623,18.166401102965708,3.091536928045241,485.21285420067125,14,6,benign
1337,74585.38093312891,37.36742817015736,14128,235,0.10573810377376383,7.276248637670322,6.0420926030442645,12953.981655992131,126,6,malicious
1337,70347.54978978679,41.09722993502455,9512,202,0.008120849478447833,12.01643104196582,6.637823985705589,85504.2197355604,119,6,malicious
22,917.5270073427604,13.873714916478644,5138,14,1.3160281941889589,12.071257667457546,3.4820018579599563,308.33992872205357,10,17,benign
1337,127111.13476905951,29.82169547148036,59766,184,0.10639596552599118,4.000689301934476,6.815153671027874,811.9194864568151,117,6,malicious
3389,86329.22463499907,31.892101695769078,44171,175,0.02615854185422997,38.54810102290491,6.550970149109265,26227.42515483767,131,6,malicious
4444,271996.2130284307,39.15946710967033,5686,182,0.023892014483623297,3.5615028469189145,7.127204456875855,4379.616300248945,128,6,malicious
8080,2121.0555759391164,12.339625414520858,52581,9,1.9580277798744992,17.346920034572378,3.410642095804507,2570.6457689547246,13,17,benign
8080,1219.7319676010277,17.195649514180815,18945,10,0.38792454310631475,9.296782874652482,2.1859436579017637,4410.871504328051,7,6,benign
53,5260.881432635376,16.995911387211905,59163,16,0.4223078297356456,11.97487669226036,3.0679255300716632,637.7113413012171,7,6,benign
8080,12193.436303296112,19.713053078545045,34473,19,0.43107534973475536,17.904605724786894,3.457677622072156,5944.735194494478,14,6,benign
4444,120509.55356004107,51.32324356526978,57792,192,0.08931387066474138,47.88873835743645,7.74078247515064,64517.314364748665,122,17,malicious
4444,302329.9172875952,35.138841267272845,58140,179,0.07454643216364541,0.01929488168368887,5.900628802467532,33056.39077571559,127,6,malicious
23,223185.3147950278,41.77521573540746,47874,191,0.13471252001353537,19.112016786793948,7.259852714760068,75630.95661002636,130,17,malicious
80,2145.7853230259307,20.322781298595,21078,16,0.9500655972813797,2.5873020557019095,2.014763702564374,2820.337504463213,10,17,benign
8080,8303.007836099892,17.208225178000664,64135,11,0.3630119020852758,22.380786227323107,2.605820657985419,27.666352836913823,8,6,benign
21,79233.1540899642,26.95382377822704,30541,194,0.10116032282556514,32.887007703741475,5.821271212669176,8667.924670734381,117,17,malicious
3389,232099.65152272684,33.85092352945408,36507,176,0.12579560507054147,11.544572673237566,6.687594326443696,39268.2529974691,135,6,malicious
1337,148113.75481940122,45.56286928808922,8617,184,0.03698543596642542,9.473911129387316,7.221935044451646,2192.6180245890955,120,6,malicious
22,10425.319713866147,15.72887656632964,62932,10,2.1931161632626797,0.7250575301594313,2.9361824582620035,1215.1022459926962,7,17,benign
21,309398.59251304483,35.27667968642508,34681,189,0.08739599473178351,28.167760301683355,7.98107250981905,72164.50046363856,131,6,malicious
23,83554.89730315124,34.794528907629946,55170,186,0.057894248493685144,37.09823788155926,6.238341058415247,117408.08284399338,126,6,malicious
8080,4442.751623883655,19.150241698310985,14907,12,0.27313479933181284,19.006078909308787,3.5412043175319883,1170.3956029525336,11,6,benign
23,19870.13112528959,35.12419491772664,24429,185,0.10934281336452328,4.1454235356977005,6.325600300203668,35752.89574786291,136,17,malicious
23,78543.06354105573,37.862382338890185,22834,172,0.052480633329502244,4.1782793506053295,6.225989106367006,29041.834104091635,118,6,malicious
22,8142.805502830181,21.022286236297973,14541,13,0.12450579668380024,33.973304888455175,2.859992942401813,7697.3106817003045,13,6,benign
4444,2527.053432902873,33.760577337708604,7291,230,0.03551976223298838,0.7964324639393153,6.636043810778455,43320.88394817982,118,6,malicious
21,22312.28103787336,28.92271154787746,10386,159,0.004025318893728054,1.3023853928152618,7.803794667360272,64485.038343443724,129,17,malicious
4444,90499.12830543425,45.72327290585174,12547,183,0.14346102954740744,14.259352848650227,6.599956657195348,195903.5347134235,110,6,malicious
1337,334423.2962465457,28.8409311275278,35670,171,0.033574421767291834,10.500602681662548,7.341495809515882,87700.13179874426,129,6,malicious
8080,8417.547840420406,14.971682993744768,62598,9,2.191094826245105,0.524106144896063,3.328882655263877,3667.424361835637,14,17,benign
8080,5091.103454316523,21.642055145972655,1064,13,0.2586648458282157,33.1781996731474,2.337975258824893,2383.7466355344077,12,6,benign
4444,72693.98036050213,31.770979806241332,34703,189,0.0760983553495175,5.605979960327261,6.140260922822218,18184.747188356887,106,6,malicious
8080,280.53179378572224,17.679592408075468,9083,12,1.2667155004655974,4.6286991505281705,2.9298153965157754,1392.3156620638788,10,6,benign
3389,192365.2273700977,31.322530284179685,41280,178,0.029025813798576418,32.85701325011002,7.930143120244386,14560.5528850031,99,6,malicious
3389,105792.46338521557,37.00108618910862,44724,176,0.035473156816099895,14.942318690326646,7.134543668258071,47260.58898916967,118,6,malicious
22,3204.5591519615805,18.077178853965282,23734,13,1.2092302644847626,7.695762253531991,4.211017801550655,2709.8847765093606,8,6,benign
53,6971.901060716874,17.611457058087247,8211,10,1.647704657391817,8.137204411920345,3.88215995587342,7362.07665972246,9,6,benign
22,3694.1066225639756,14.414018046601804,45913,13,0.42074402352354534,10.401058263082016,3.9360305410417946,4197.418569964854,14,6,benign
3389,268329.39396466647,41.17155607640812,39539,184,0.06635937403426287,9.511385722246219,5.590311034593905,55081.9404716744,128,6,malicious
22,14883.37252517393,9.145923432505096,16259,13,1.7430395238795535,1.2360080786528223,4.9280107726645115,8350.353913968569,10,6,benign
22,103.48919440979465,12.411401433843686,17956,9,0.2030807569528184,42.172652579334475,2.8453834493494776,2674.5690958870628,8,6,benign
23,9755.323514433347,39.23332192303208,31615,170,0.0075957997707572925,2.972841887075328,7.615589359215096,44804.00990753259,112,6,malicious
22,1268.8682751897502,12.150425096145106,56657,13,0.048395461271940124,1.1721515906830617,2.6785799010972644,3930.943451602528,14,6,benign
4444,47342.79962500646,33.1535893068889,64208,174,0.04737829262056662,1.2403825098022627,7.058421888805055,136337.67942594519,136,17,malicious
80,17726.0322210697,16.173378876594143,5397,8,0.7890472846889782,14.74431199760869,4.9112097092495315,2734.9119291952406,12,6,benign
23,311291.43676155334,44.65768815482123,54059,191,0.20234395499853286,31.837943866642767,6.699508447222643,180654.9422781546,127,17,malicious
8080,5268.237771614073,16.09787719789486,39275,11,2.3115962550007296,16.98491770364564,2.784745548926553,1548.6437006605256,12,6,benign
80,6767.938342724423,11.207288970636888,44641,9,0.7921072342326906,6.511971882918633,4.840843769819039,114.60574525589733,11,6,benign
3389,62368.70389810891,42.452255962918834,56702,171,0.0828185807681347,11.420806827077879,7.888574750895117,164358.36163787736,134,6,malicious
443,5806.919434856872,19.16595700098017,64060,11,4.325468591931139,4.603391485489356,3.6424432336801558,129.02067128174147,7,6,benign
22,8367.074142081423,17.380595289875693,34662,13,1.5124875960213877,1.706127021014307,2.844955551102015,8917.105103039241,9,17,benign
23,88260.2698545599,22.045537510651037,17022,159,0.1380824716562124,1.422823896203313,5.76755113760711,17233.31554747143,113,6,malicious
22,1249.500270473775,16.357147629369145,15081,20,3.0280341402673,17.479972958604865,2.0268512659724185,8500.779982693277,12,17,benign
443,2135.8432738301117,14.176650081954397,58183,9,0.5470307573717994,8.21722989454702,3.673947903045662,743.6663178228947,9,6,benign
80,249.12336700607992,17.026435790432178,18989,10,1.2050673027501673,14.831448640550754,3.435729836252299,4768.730517299637,8,17,benign
8080,17061.75960493026,15.683913910428188,1305,12,0.7968948407393746,16.84168652754173,3.7995610241876516,1267.927976271794,9,6,benign
80,88287.73235220065,37.78607457758263,60290,159,0.027578932283798513,47.32122916291332,6.832501505777222,98135.71816499157,107,6,malicious
443,1200.390096748679,16.68196396530233,62296,12,0.015514115436703509,6.624979128485678,2.5307638407473867,124.51839941477463,9,6,benign
443,1477.1645698270584,17.5376983662067,35510,6,0.2244881475850149,3.320658946213857,2.534660499154197,402.6885366652128,9,6,benign
53,24537.110726750336,15.525432412870304,6820,10,2.4998127964172747,2.075757007997635,3.3359130088268554,1510.1809480167672,12,6,benign
80,7307.40253661376,15.94384263694961,21038,17,0.22278430274311029,0.28400351333499935,4.2060968836175565,1737.2072651656229,7,6,benign
8080,2772.6631376910464,13.591666335136985,23599,17,3.5416110604734525,2.4824173491820236,2.4942770617232473,1680.1416074099693,10,6,benign
80,1157.4579470209533,14.590369986492874,54691,8,0.4758948100861018,17.64653063226193,3.262694840124378,761.7315647340221,9,6,benign
53,206.3404978843651,13.224618884310793,36366,13,0.9328863011709405,8.41034153143435,3.677789674149812,4835.168022848436,10,6,benign
8080,5532.9090650722255,12.068485632752694,18310,14,3.009646391330776,31.17318066437196,3.6233901595858486,3422.563883019377,11,6,benign
21,29199.12619072338,34.95422579419047,34462,187,0.053427081523127876,0.19681423550412736,7.576565076209296,15352.080771638646,140,6,malicious
21,94921.41791463779,37.08905054540328,14780,189,0.012387517571562081,40.090643490651686,5.518322874331791,30937.38405277755,119,6,malicious
1337,183739.22512131208,37.2283949510356,28845,192,0.011944061947375776,0.7946957283720386,5.928786432609008,21776.562225178764,117,6,malicious
22,2211.361075668871,15.518596641234444,43022,15,4.528335174735647,59.60893792458216,2.6580647099884627,6401.648705798356,7,6,benign
53,5504.799591091503,17.881336596303974,45301,18,0.7778375391521641,1.6483669943899084,4.505880258571377,4104.156023111532,17,6,benign
8080,12871.708241365037,14.953331795363685,49036,14,3.3069603578143614,3.4792009784905638,3.4917644872640725,8877.243582154775,13,6,benign
80,10582.044589831681,16.839970981142535,60565,9,0.8580698874698478,19.28529695831226,3.234492249784535,2640.752693978897,6,6,benign
1337,413253.1523471121,38.88829686349264,1969,185,0.014742508746504963,7.356858373307193,5.842519212872226,45171.941168168356,124,6,malicious
3389,103805.60712053165,29.48542324861898,43187,179,0.007108829798011492,40.85650266715462,7.213166003587171,96158.6994161344,112,6,malicious
23,328205.08569340815,37.343070141568646,37815,174,0.009337871479407562,1.7912909878038188,7.748237800937229,42529.77453332755,144,17,malicious
1337,625579.9164431188,34.510196965473746,55467,162,0.07134551373803774,19.87159249524325,7.430428903526181,3299.233342423647,111,6,malicious
80,663.158247640641,12.401206572914797,8022,8,5.448595343742984,11.738857990081158,3.1167610541022106,443.2652972558237,7,17,benign
443,1002.2166981473032,13.779993634747427,21442,7,1.0191669745116192,29.29148802153076,4.6751921341271245,2939.9370114476264,16,6,benign
53,16474.832912228256,20.161450590675727,44819,20,0.1659099647573611,1.788138583393736,2.364118976712556,381.8306424153277,15,6,benign
23,297463.02720180043,28.145709338799747,27218,156,0.502780667013259,35.06059078779544,7.175062118415606,61441.18355951075,135,6,malicious
4444,304381.379221474,27.614920521734152,54061,189,0.19119222847742193,0.5468039953162702,5.818217562209281,109597.7238043749,128,17,malicious
3389,451016.1634208908,35.668451786248525,32047,195,0.06764041268138707,32.08396233953603,6.9044036145960686,161655.05756261433,105,17,malicious
21,48534.829394734974,37.560589361466825,12957,196,0.14239907618693398,46.58664118809357,6.53411392784328,6521.716245109496,123,6,malicious
21,60841.642838167725,37.28305910168643,11518,177,0.013977533361439134,1.5311577759661625,5.983214886866559,26388.791473345707,134,17,malicious
8080,1990.4494484271554,13.107673129739224,21801,12,0.7800869182055177,6.768588785674409,3.46210924851275,489.21049341828586,7,6,benign
53,1646.7552543221893,17.1906591474878,27359,6,1.0731267912627078,29.88270770198781,4.144767372806188,6487.654306056287,9,17,benign
53,8281.880858225675,15.634773060643262,29736,14,3.075211253900487,6.35744780644184,3.0255428842493046,1363.31937807034,8,6,benign
53,14698.218815148575,11.219303864624816,5222,13,0.15965966682993615,4.068052325789867,4.703583731566521,1468.8629609941806,11,17,benign
53,1133.2216487219907,16.35093460789718,55325,17,0.7830825902915312,3.1940313659879553,2.285235935721933,858.3264294918088,12,6,benign
21,423039.75846109126,27.99303912725641,32892,188,0.007274788528001782,15.087728902330173,7.729474337873304,156332.82340503286,111,17,malicious
3389,36477.42170669798,34.04169806584054,22039,179,0.3087867460009521,2.8155490679432376,5.959245266139038,2162.510739279775,110,6,malicious
80,54982.74187909214,37.71085144375173,50788,174,0.02530556141563348,2.280394693512074,6.4743545053791065,10097.307070007007,115,17,malicious
21,78489.84609153563,26.033236237731405,50059,187,0.06339494318119285,2.534857495607505,6.713801168103135,113914.71339750518,134,6,malicious
53,3154.9327898563147,15.417122334223972,17707,10,0.06896023599501216,16.51026670967013,3.1443205754415797,317.28473565778876,12,6,benign
3389,29196.116904428993,24.77359240796789,64820,182,0.02725303986279017,26.122548301990197,6.191623303454088,29463.018647618916,134,6,malicious
3389,72212.75061875347,31.852203820074322,34960,177,0.021003049180214943,28.792935650591215,5.849092996051118,56830.41895227375,116,6,malicious
22,244.17288769856845,13.300543442839384,35016,9,0.4017919087023849,21.678116584681582,2.0639186771772073,13569.067484020861,12,6,benign
443,11866.514392760937,8.770442254556775,65102,7,0.9794013945946844,6.1632475888806235,2.7866722263616617,2065.675894329791,9,6,benign
3389,41985.22041989099,35.868514982573274,22936,167,0.0941806621278529,0.8912028579805101,6.774107531159213,33637.74882279192,139,6,malicious
3389,299829.292542805,37.153013263078826,15883,217,0.03106496364443242,16.67364399898869,5.659690276730292,53075.47144498928,110,6,malicious
8080,456.90582967552075,18.66027281750741,65357,8,1.926394343610413,26.2716818900091,2.569072918273126,1639.8759580471426,8,17,benign
80,343139.7376389769,40.56022509011768,19539,174,0.02659221349235365,20.892486249512018,6.049268137000535,37876.97614544667,122,6,malicious
443,1821.1275261519183,14.694414905221002,18989,13,1.158685827077094,28.643994288378973,2.0657735172449256,442.2633994118,10,6,benign
23,12777.736474431407,25.99978470119497,53808,196,0.025336916755279333,14.007357792334293,6.3753483447850785,10212.086968353593,121,17,malicious
4444,65554.32630652675,38.42353100906743,13612,182,0.04950734882668073,26.232084727598874,6.918763758785708,96.00372327543782,127,6,malicious
8080,12806.751748890501,14.718639977757,23410,12,0.7131888907133117,12.64159568576106,2.4977370718314997,11884.484327894845,11,17,benign
443,26064.73759008971,14.933854008452723,28580,17,1.336851902813833,0.26554044505331736,3.2970624482686355,9718.286645005224,10,6,benign
8080,4760.999187965994,20.709662972284995,12533,10,1.0179288707829799,4.02618520524099,4.504325634183212,4709.386519522726,9,6,benign
443,15562.257971030082,15.605656885995797,37402,6,1.4754081192842177,10.960578401078974,3.237890858298646,7456.550788790866,10,17,benign
1337,232521.13767720995,41.062107060438365,3357,167,0.021501302953627434,2.030306825641482,7.723102513204213,10573.690308068906,118,6,malicious
443,150.56961926120485,16.414784729478527,28056,13,0.65670782247533,14.442061579201452,2.1197750895163248,733.9391776817508,8,17,benign
1337,8796.355142578488,33.985052586016295,60903,178,0.031116900855018566,0.566651601916426,6.522103383071251,18973.829336771712,113,6,malicious
23,106869.45368978896,27.46255978134713,27739,157,0.005107206943865624,8.269911301044072,6.992193869253337,10806.241463416347,113,17,malicious
22,7632.556324011667,12.671585581302823,4599,9,0.4535312442972503,18.840042440440513,2.1689057432496455,1060.590866252269,9,6,benign
80,663.3405734545468,11.504247660684488,40272,10,3.78051894733673,2.7132312696430096,3.0147858878060574,6800.914675833917,12,6,benign
4444,20321.44808502768,33.87558996497639,47129,171,0.458474260421752,12.95140631941649,7.093753112131547,59998.42186060153,107,6,malicious
3389,232217.57394562525,31.778128118914573,23494,194,0.06339505022617395,10.504946223073635,7.086339147631778,39242.9607885662,115,17,malicious
8080,699.8428619090047,21.18715796136007,17454,10,0.4513750756567456,20.34661225603532,4.446031867665244,5070.6289247222585,9,6,benign
1337,91938.52820289324,43.74704712247169,12070,165,0.009176711586828793,26.644358075842153,7.22036446491668,93044.14387599942,126,6,malicious
53,178.4809183693203,11.04782576920756,44627,12,0.13683472918443942,8.540702362273926,4.718219651437862,1166.0088826769675,6,6,benign
4444,57462.17831495671,43.33511428035379,7658,202,0.0015120049973724773,70.70540315916752,6.145591093452757,74663.5669576378,123,6,malicious
3389,5457.934686294096,34.80927794806778,7559,183,0.0382133775048204,1.9893260886182267,6.785979915924247,1505.1359778246062,99,6,malicious
4444,329912.8449280864,22.05828319323389,5750,181,0.003360194730187425,37.48542201063615,6.690595729973689,43635.75715849702,128,6,malicious
80,382.3423828995863,13.017916797678463,47515,12,2.922787996210969,9.75204011128905,4.619503102463947,2440.371431343702,11,6,benign
8080,4470.249467023688,16.044950023803466,63630,6,3.122939690838902,30.54301860502606,2.607898707074864,385.1599440335904,7,6,benign
443,548.1834046722133,14.63748725361402,30160,11,0.3375138137313697,22.470044620373823,4.636916215501676,2641.97827434774,16,17,benign
443,275.04970355127443,15.837029640558432,32090,9,1.0997344897668737,10.616642073045103,3.6855547735935046,2753.604079670047,16,6,benign
80,188229.9908751388,33.628935479633085,11929,185,0.10332920446436689,13.656214005062385,6.685632676443135,14763.281869489045,110,6,malicious
443,4248.5208113501585,15.242544452126063,42804,12,0.797405654650285,4.91207484363274,3.5060459238207207,8009.428002767156,15,6,benign
3389,53747.480640420836,37.046417939825155,31977,185,0.027725621091685974,12.86188738172661,6.990977974605366,31927.347046586434,129,6,malicious
23,149620.63654895785,30.525820312866276,56974,198,0.2221684106004478,9.894476350941313,7.2613132720295575,28137.94341056736,106,6,malicious
80,1903.7575583992339,17.810330146042627,35254,12,0.8564002635099361,4.330076511638949,3.7592654199577136,0.56197348503878,14,6,benign
1337,196743.1007727775,41.246098377614416,5004,178,0.3742396137655949,4.321794996111408,5.688931733645596,34143.57343758044,114,6,malicious
21,13021.603653256638,42.60846029336528,10230,187,0.14687035416314934,4.171827895309171,6.519826512624344,48949.719473408244,117,6,malicious
53,8705.034506140026,12.3570526893287,45075,14,0.4514809912879327,16.853840223220644,4.209236348435942,6210.536677064142,5,6,benign
443,2181.7494492562228,21.46105615058493,31952,16,3.8169138905569735,8.432052886161216,2.6666531780984415,5111.55525150449,10,6,benign
8080,2005.6310560361187,11.576872128511429,54360,11,0.5747274266350171,25.23412780917753,3.8464455301730283,1343.0824469313604,9,6,benign
21,511116.66411420226,33.17689820901006,57454,188,0.1258845446237606,15.532694770692256,7.920525795776717,91490.41976616588,117,6,malicious
22,7812.950334287976,12.574192262444715,58452,11,1.8976558096770453,8.94370290080253,2.2022416884870912,1421.2221687486908,7,6,benign
1337,172368.82806441016,30.945259047204843,23047,182,0.03649974745112428,16.022891764465204,6.706024780482262,61492.87407855378,133,17,malicious
3389,127727.88261625738,35.44048236368395,57616,166,0.12635796056993778,26.634350717580073,7.961047257178262,58277.43349043224,138,6,malicious
53,3005.9401586972613,8.404224788796228,26211,14,4.215750413853762,33.51229124177771,2.214804522735365,778.5886759055523,8,6,benign
1337,232844.98428023004,36.049039644798604,40225,171,0.1320038456621659,7.384826054480371,6.86448614862431,29536.19751938889,113,6,malicious
4444,77412.84806741551,34.82911558070208,42999,186,0.0009124834971781399,14.14586334298573,7.983541743873276,48912.93827449368,123,6,malicious
22,3206.281235679091,15.896264152418036,6507,18,2.2613188348990576,7.901195060702098,4.509048419161825,953.6842289501453,11,17,benign
22,99.92466011162708,17.58107237907895,58159,19,1.3808428597453168,24.45229882929089,3.698770963140702,2225.0378313879282,4,17,benign
22,12524.560494292899,11.472716900640279,25211,11,3.333016946898409,0.13711732691450115,3.020041732341257,550.0452593343831,11,6,benign
8080,2320.038244265745,11.585570610053134,25993,11,0.614758359303768,5.7228408719494235,3.0242249267763213,3356.3200175586176,6,6,benign
3389,27548.607601983007,27.492695841215845,20702,172,0.06941428039726313,25.90424983449884,7.595496891723648,72173.5105013749,107,6,malicious
21,41332.54669350688,27.812421958841654,23245,183,0.041142996110441636,9.844115234759109,6.726240208048062,85757.99421265033,148,17,malicious
23,19773.288224064738,33.61211408632811,33738,173,0.011394421100989772,30.724105784069344,7.101502994535549,25296.226511859328,119,6,malicious
8080,2561.8405521766176,18.97835860043493,27722,11,3.8683708469708056,21.490373503931856,3.057347047435002,4971.440720099624,9,6,benign
53,12777.88186540656,18.169370028207588,47388,8,1.2862055635904324,16.172590321501506,2.0526829548501686,2793.0421123647075,7,6,benign
3389,152636.0078263616,33.257986833212634,62351,198,0.09576169459889582,1.8061900698528084,6.784661927120525,11909.052791016735,120,17,malicious
21,374504.03099667164,35.91643241026567,53732,175,0.148540327063285,0.20206757791288654,6.494092845090531,41655.279250416424,138,17,malicious
21,46175.39699520755,42.00700934544666,20882,215,0.10952702483041181,9.010773727199824,7.0928482610630725,54859.91634502823,120,6,malicious
8080,11682.178515076,13.561422815097547,16469,11,6.148850833309345,1.3335399798233747,4.848760901550494,1612.8625239517653,15,6,benign
443,1661.7019787804707,14.902981422084562,41367,16,1.1832062376847985,16.9336116807855,2.728246453625229,6659.421693712901,10,6,benign
443,364.1351497796863,10.913111502710755,25514,12,2.382957210293533,17.681647272766423,2.4867371010079546,1211.811284688842,2,6,benign
22,2716.71852601802,16.405605387874665,47927,16,1.120157684460803,24.94979141986316,4.494959757936289,1605.06446141511,7,6,benign
23,130351.45739215334,35.58005964461911,27499,174,0.054139901697836355,2.030202439742184,5.747342165903824,58509.8238141482,130,6,malicious
8080,312.9379722735428,16.707023342562522,46183,16,1.336842089484648,0.10450352786321235,3.2943861430668573,810.4352462148196,13,6,benign
80,259729.2887982235,36.33748645904322,13862,181,0.02550199846785471,1.4816074667426469,7.747200303291779,78254.57597574033,135,17,malicious
80,95417.09735719825,38.94652460010036,41352,174,0.16820707950284064,8.161248293130537,6.258674305154251,29531.191507161235,134,6,malicious
80,2372.4317861633963,16.687749206376886,4444,17,0.6615878106023017,1.0159375647913242,4.849686511334405,9762.991260187007,16,6,benign
22,13685.461709551208,21.348387944663713,50991,6,5.212333762497578,6.513666429880136,2.8137502733283015,120.42262452721228,8,6,benign
3389,373973.9322759502,38.80004839681229,39584,190,0.2396090832657748,10.079227860566778,5.6081525924312565,34112.184101953106,126,6,malicious
22,2540.9185796060215,18.79916647184509,15657,16,0.9916601064932777,25.23987357927454,2.9218681599638447,776.9791021171683,4,17,benign
80,8032.1942207421935,16.750901947583213,50650,18,0.6864274796729264,1.071499010061441,2.587560107040568,35.86002061190614,12,6,benign
80,4202.357466198547,15.330083520470904,18267,8,3.1699931433446054,50.690427837428714,2.6620464301903377,1660.5728300815383,8,17,benign
4444,30381.3958600158,38.62609119957152,6689,192,0.12277150488673375,12.991359975871767,6.789051647115235,107019.71863102273,115,17,malicious
21,26665.79027819467,40.752060444420906,44460,167,0.08533688734097418,36.71806049269433,7.248636020295756,8117.019923668704,116,6,malicious
80,13089.236477569066,17.393343998658978,7331,13,0.21982105179932643,23.169524350487762,4.4592345141923415,2513.7102952899863,12,6,benign
4444,78037.97604087454,45.676422567374175,34847,226,0.06254818446808443,0.08424380845397836,6.980640954746447,2072.6088981799467,116,6,malicious
1337,19982.742870633556,46.6684526238861,19537,154,0.01194574769284027,33.83556612057519,6.580366480446523,6234.059360124105,136,6,malicious
23,542672.6431441859,41.10885262631112,62617,181,0.008977672291358372,27.641817240636893,7.650623085679465,4008.5642652598544,128,6,malicious
22,7241.605415166216,12.189194594944492,30287,12,0.061986561776365565,65.86341570598007,3.3386602250791073,3346.6843045579058,15,6,benign
80,988.9214939171351,13.65424626021589,4575,9,0.8514796609147715,2.0567758375876597,3.770646136935114,345.0717028358063,9,17,benign
80,112143.05764231173,31.148841028300765,50080,186,0.213317821820302,23.228571108835396,6.802814584936686,43613.9728664399,131,6,malicious
1337,13419.220561958233,32.40989246124556,38871,183,0.040061465021135535,0.5472350191724863,6.104184483820368,109230.07081569213,118,6,malicious
23,19180.43883048087,36.06984722246111,21930,182,0.15647386819813405,24.576142903242804,6.4938889219809175,101077.24775363946,132,6,malicious
23,133739.43365442523,38.96130351936064,22661,176,0.0017713102866967665,7.375481670997514,6.818971149254038,16683.738249092374,126,6,malicious
21,56805.96346154822,31.104306109248633,26419,192,0.10784802238146467,42.58019695613105,7.28228551145042,23756.34173969385,115,6,malicious
8080,6356.115981060262,14.593871230307018,44347,10,1.8418976628396968,4.176870402340884,4.524653516708067,7575.280652712165,15,6,benign
80,119506.1012427988,26.156912326259228,32333,182,0.18465428829675465,13.12989540246526,7.414171337773103,51358.19389490246,104,6,malicious
3389,127768.03487011207,33.26856599573875,2131,162,0.052901449386495394,4.769002495014824,5.719749880253055,19328.432803204338,122,6,malicious
53,2916.0717688519057,13.510932779400495,55166,12,2.3310887967669887,35.1289512988008,2.2538986347344916,3995.8655635649966,4,17,benign
53,2372.9320634407622,17.32429809672493,38233,7,1.091690941819316,18.046558115249436,2.465656728921998,10009.459453649853,7,6,benign
21,202337.37887288837,43.37027379837333,39501,185,0.04623362454572662,6.376848351218682,5.686229403490097,10915.891274888905,121,6,malicious
80,52115.69544141343,39.14238892763207,58215,168,0.18630551593714106,9.873207147271437,7.6580647663254915,18652.961312692965,144,6,malicious
80,21974.635042479273,16.59632855281703,28655,18,5.6884663457050975,70.60209286796378,2.4203485220491063,468.5144376547722,3,6,benign
23,16171.342259562149,37.01963386951459,48058,189,0.026587659049987784,7.626447537327846,7.24082986530594,43754.13086088724,141,6,malicious
1337,40577.65973235776,35.141542306920115,3627,180,0.005012566292999804,0.6426733513256546,6.718577342174927,8196.478514965202,125,6,malicious
22,5426.513158655502,9.906834163856237,29166,11,3.6935984734726413,51.80707770514405,4.2827716273364,1834.1142747486483,10,17,benign
4444,95776.96314379305,27.2371293270601,14457,159,0.03141278984786052,53.08670637991,6.6870424428763,30854.129680530536,127,17,malicious
23,16987.753660130515,40.90120771694957,49047,175,0.001987410540340824,15.099848412083594,6.417441748199169,65119.8766436441,124,17,malicious
1337,4933.138967176517,43.85358573180122,55366,213,0.1897811586686865,10.89822624972787,6.720987513453199,2113.4304984659343,112,6,malicious
443,9560.463243764003,11.951257189849159,43330,9,1.0915920866570648,30.752446630727086,2.7452350426588112,12553.536836924255,8,6,benign
4444,81991.70877487269,34.34104281881461,14119,162,0.09562047377681433,94.15615644395142,5.975666786714331,7044.034532326261,137,6,malicious
53,8134.837169410604,14.282734464862045,15449,11,0.4128078072408801,72.48273282958081,2.0418336093587737,1105.402300254684,6,6,benign
443,10105.105022768734,8.317217672414763,26259,11,0.06727494234891669,20.27866804372399,2.8500674082282638,9559.444212375232,13,6,benign
8080,932.6499108675056,9.175130078157999,36248,9,0.012137625105534776,4.441713598804585,2.5901968931714907,4168.645460695538,9,6,benign
80,3255.906863336354,16.863063729255956,2269,11,0.3470338360253821,14.173370835957403,4.174853072887963,277.0604180931707,10,17,benign
443,11112.05959718375,15.206258433790424,62701,16,1.2571815801552897,1.130256105984678,4.2279287364558895,6754.068805662899,10,17,benign
53,16006.594875354493,19.14302928093307,24735,3,2.281606676194291,19.808634609714055,4.281822045124771,3094.653921591507,9,6,benign
8080,8339.687880918009,16.515853635270876,3910,13,0.42345321698025973,2.1471106195090957,4.924332904782759,723.6478193029442,13,6,benign
23,133413.45588920606,31.905346899628356,5683,166,0.05091592506649967,6.031854552373613,6.8640313107220345,107013.29119208813,122,17,malicious
4444,328067.3287222821,34.85433707984607,48340,169,0.0012911186030766103,37.24598741072279,6.28334754728242,147888.50358586636,111,17,malicious
23,149413.81329470716,39.563139586566926,31508,194,0.08398417531538183,13.931449835431295,5.682964752290216,27468.606609776853,133,17,malicious
443,2667.0377592574337,19.284112287259138,36656,13,0.36884885818685775,15.342398662160672,3.2001536862560447,377.6438104286093,8,6,benign
443,1690.9665253270894,8.985636626176161,34070,9,1.5217899669579644,2.482213669774102,4.368346942671444,2695.6930125593726,15,6,benign
443,5011.198378174059,15.415827015969109,12735,8,0.9795170075750068,20.29071659946747,3.314282410978183,4900.804703446913,7,6,benign
8080,1046.5187703064296,14.350332153780085,55819,9,0.18906090601833087,23.073412489533084,4.845957657514405,3183.0195413486804,5,17,benign
80,47762.71252219968,29.47238092781018,22979,182,0.07989466824645246,47.966301316082316,7.424376035487838,3036.367153342478,109,6,malicious
22,4329.03098878063,11.188345722919275,10578,11,0.5028652642603845,14.590349361859818,3.8975105202463958,3154.0726216262356,16,6,benign
80,475732.9770844679,37.50807988615587,58304,174,0.09263623860214129,33.78722472227152,6.640673323842286,75514.42268601357,111,6,malicious
21,27380.523788135877,37.52524765512607,9438,192,0.0007464283818257757,21.997362717257904,7.1426280338609915,9109.857732469074,109,6,malicious
23,113443.34385004228,33.626339558415125,17343,177,0.22219057966153496,7.417395211455424,7.386152177550459,9309.663600460712,120,6,malicious
1337,233823.04018506513,33.23054249419296,55466,182,0.1560371921926903,2.830979159109215,7.449576649098866,30288.210212683418,125,6,malicious
4444,8449.966300125698,36.018327326551265,28207,168,0.05917162022076161,45.42269106295327,7.24860450066671,40604.31635311108,128,17,malicious
1337,19783.52011125998,25.088205662625043,44161,179,0.13303563332543336,47.08187235321019,6.41661315980232,22733.40380875773,108,6,malicious
8080,7741.152015520933,13.572037341287736,61633,9,2.110413486201493,4.357227649726781,4.088341699956208,3583.0332049183735,16,6,benign
22,1436.0291927166309,15.700345821525717,35018,15,0.9124583347304216,56.75184492363793,4.407445476186057,303.11097335237235,11,6,benign
21,268456.822790152,28.019808774790647,26306,165,0.013638997546639584,12.627148746100026,5.858565167141148,9405.717277110765,123,17,malicious
53,5725.387151967791,11.745212680135106,31264,11,0.792264956717988,5.110435003778513,4.155914879995038,708.9167554951651,15,6,benign
80,2313.971229781619,15.413440466531688,31766,16,0.23475934904076795,30.060149647179916,2.1513270323719516,880.2829689525571,5,6,benign
21,259199.9847312639,38.23042196355876,14827,175,0.043800330191866785,17.26104090805195,6.775850251668418,14831.558602660147,105,6,malicious
8080,13302.948054606288,13.860396733477158,18385,12,1.080876402135603,9.551930056861341,3.155603320546165,4619.502159246235,10,6,benign
21,22949.370958408803,39.66080802122663,60919,198,0.011308450228944751,9.936669788772498,7.073336011236653,41677.05384816671,112,6,malicious
80,4546.386784090303,35.09632616455169,62397,167,0.017749530523931682,44.12940093482222,5.598479204749476,161012.03807329747,116,6,malicious
21,282664.56180860894,33.02392724775256,16585,168,0.009673547839688922,7.215466260933259,7.33510187033913,8350.694526818424,112,6,malicious
3389,184219.7528611168,40.53750706047676,39994,186,0.052889143322596456,6.9770548144654105,7.223175674760887,61058.19474632681,119,17,malicious
53,5903.605588543913,16.616769582043542,28254,13,0.3615951582918228,7.051482597080305,4.272884635657477,1286.9014356755033,10,6,benign
1337,239062.0569005027,39.49149209823869,58575,160,0.04677056814272764,42.568764434700675,6.440393984693858,7599.042150660405,128,6,malicious
443,2447.2908217258914,13.22878314604819,41215,11,0.29320836514972937,14.524951077242585,3.7900999509448123,264.7911248667499,8,17,benign
80,57647.838110184,35.24278516079128,25455,187,0.0671214616664255,49.89708060376298,7.199821907347761,14254.47882343716,124,17,malicious
80,62748.306426382944,37.10328893923783,44652,195,0.030425593455936525,19.852507950043208,5.91033097474468,45466.120742872656,118,17,malicious
80,1657.1551743334185,10.564656024897486,35098,11,1.867317692295646,26.065717414293303,2.716926296583211,1431.5984320656607,5,6,benign
80,203043.04617413093,34.3234867824988,27587,198,0.14236638863614387,11.173026094805582,6.562154669011259,32538.05561459548,105,6,malicious
3389,225442.35664267724,34.29663577591076,63914,180,0.015191558365156612,18.063598074470512,6.4993170483269225,40576.35823799044,100,6,malicious
4444,131261.69523881748,45.03928155751788,30517,168,0.066285567116572,5.136504566716069,5.686629341688982,176860.29956430403,124,6,malicious
22,823.6394414434624,12.572265517950626,29632,9,2.5637500090964966,1.215788456160505,4.816623192797547,5096.101940693806,7,6,benign
80,140111.8713549426,23.8865794143259,3629,158,0.1874808085389523,2.7078119800924085,6.361752551895635,21666.973189999335,123,6,malicious
80,342980.87817778566,36.07384587110322,37003,182,0.07408007685300959,53.94505991053742,6.917306401898287,90177.85947509995,119,6,malicious
443,2535.973812191813,12.707582534018394,42422,10,0.2023623987299395,1.0593915747937794,3.7354280693223774,1750.5739953972281,8,17,benign
1337,61025.5229321265,32.33161836368442,60525,165,0.06727964578682095,8.50757860060592,6.424331492556361,168198.4776382797,137,6,malicious
80,1848.371332433909,12.838220086923842,22201,8,1.6277285194452267,55.90879329143145,4.6924346487364135,605.3659608874683,11,6,benign
4444,172630.3112403046,29.59736179856777,56167,176,0.049919308964385865,7.6589902370508485,6.868623001177479,22559.015057234636,134,6,malicious
80,7351.115053561963,15.268909253463281,64648,19,3.527143778154266,29.388400049857246,2.1402901093365125,2254.2798713142156,15,6,benign
22,1540.517110183387,15.586666459869363,45546,13,1.025290556784232,2.645588820704196,2.1093868539010754,1674.475760658652,13,6,benign
80,5449.701977256825,17.397103665840326,64092,9,2.2204817297883324,10.693199080664428,4.9236829220216665,850.7909425397303,13,6,benign
22,3810.1010939738276,19.87727448356796,50477,9,1.2016213290659687,7.196917033559995,2.05638297691746,1593.9605944151367,12,6,benign
1337,165300.8460854838,44.16828284384722,6564,164,0.23034498785618968,20.32164194225855,6.4132758252561946,21221.999860771233,113,6,malicious
1337,52395.24283830685,28.5531952123262,8128,191,0.09592547260350837,0.404848147232922,7.949750813296795,88597.61091583256,125,6,malicious
4444,2854.703645353464,26.881552435484924,2386,166,0.07398424811547304,21.957741727520084,6.632973970949875,65679.28262640949,112,6,malicious
443,1753.2719937969907,16.80673912490993,29516,10,0.35051566192373823,4.949457415200103,2.3397585389461097,51.13782764732806,11,6,benign
22,4332.108703745728,13.890331754702684,28141,21,1.2038615679396887,23.437980207632798,4.240109412532043,481.4759740856673,11,17,benign
4444,15048.498053022477,34.06392163204135,7743,181,0.1699963885680282,6.689651281557489,7.677895821062029,26173.30484538231,123,6,malicious
53,3862.7742204809124,13.685894049996744,9288,13,1.3226251718174384,0.7015924629071961,4.066495716409875,3243.162326967391,6,6,benign
53,9789.32232596324,15.681574337248133,58901,12,0.7527712670811678,0.183860133298912,4.4566575245191515,2312.8815056021103,7,6,benign
80,96501.41901134817,36.539598956913196,52212,212,0.005908897613578267,33.984411093058455,6.294745146327418,47961.141295785725,100,6,malicious
4444,99266.73653695417,41.36758841295145,3992,169,0.026074044042725536,41.083967057210465,7.066997500014562,33721.57581207376,102,6,malicious
4444,69495.90942852557,40.18357334388763,54664,184,0.041239047624191554,6.133368862215047,7.28480869100822,71145.33112561703,106,6,malicious
4444,24657.395157094506,36.87702353288434,7074,167,0.05013219969413961,8.188055744482808,7.368658335879109,42050.660882018856,114,6,malicious
80,2124.930979805019,16.67646824100817,41396,17,1.959996943419493,40.33207207696321,2.4018980838395425,1808.7208557076233,6,6,benign
53,829.5807784464679,22.38346947834699,8237,13,0.48902049198704856,9.728971879065087,4.846623776652731,3889.8627100293506,14,6,benign
1337,172009.27653148383,31.664731752044368,7341,172,0.022882895177406767,17.02554286096177,6.948756816582991,72517.81460845399,96,6,malicious
1337,243005.06056879225,37.26735896105496,60478,173,0.11839930030801737,10.557972494267508,6.64210855984146,5998.7362969508895,159,6,malicious
22,8839.031360010127,15.946425998977912,12728,9,0.38378206234138673,30.20309486274387,2.3455177512758847,1970.903480262494,9,6,benign
3389,197394.75687506725,28.49553427872396,64617,180,0.1079093575009329,45.101956894757144,6.4205305376115085,13776.427746401665,106,6,malicious
53,4649.650348460976,13.038699257023167,48072,10,2.4041952565479043,19.567936648278952,2.8304296956593324,4285.796383566603,6,17,benign
3389,32681.101207162854,41.393889441622335,28934,172,0.023533956080378792,4.164349808798155,7.599660928495769,201002.4605762641,121,6,malicious
4444,145213.86143236913,44.94967646716372,28368,221,0.26892271443676363,2.3859349777986862,6.47872214762938,41362.40605017381,118,6,malicious
22,1345.2849485741442,17.97414742619105,18760,12,0.32964001317870184,0.4648139937289248,2.517100782961158,446.50548093486265,18,6,benign
1337,13257.805878892948,33.54079269855181,64517,169,0.19330941671524954,17.133039305118533,7.18308721179123,35773.82336363873,134,6,malicious
443,3326.030501121163,11.220446856035839,18007,13,0.2500017583140833,22.61873629237239,4.276477581668403,4233.425558248545,6,6,benign
80,1861.5478065572897,16.321138914901223,4370,6,0.35585634479331685,15.566836553128917,3.965667241667783,6696.3074860265715,8,6,benign
