dest_port,bytes_out,total_entropy,src_port,num_pkts_in,duration,avg_ipt,entropy,bytes_in,num_pkts_out,proto,label
22,1775.2612260399076,20.695580560068205,45351,10,1.0433625349919053,16.222739587610217,3.1431936157651754,5243.817940211942,11,6,benign
21,25666.927588990264,40.587490036923164,14514,213,0.05298520866039323,89.03578212117206,6.366985547760423,128179.89589544694,108,6,malicious
1337,154398.72294989985,32.773215655274534,7068,200,0.09581852695593167,33.548919399816576,7.152127871975969,39952.27571081001,117,17,malicious
80,115277.09449852329,21.199495822941447,42793,164,0.15195904039393676,2.3538502142491,7.871254715242014,80374.47515711682,125,6,malicious
443,2933.640047642722,17.980465407746774,28533,12,1.7224721336167552,7.640809956431488,2.9181774369617046,1351.4011396831072,16,6,benign
22,1041.3714758042854,12.220575360498115,28868,10,1.4032150541370996,2.12237317122786,3.661413237090601,4398.964069390011,6,6,benign
22,5294.12310379895,17.878515511948926,63236,9,2.965706855548083,9.412909127009053,3.3980226463249923,3537.6889330184144,6,6,benign
1337,34463.2427587504,37.472665666846055,22628,183,0.023638119208945724,22.467295923597142,5.531356301742084,86214.37474277908,128,6,malicious
21,51988.69613196468,31.216127127912724,28584,179,0.02897398121988276,2.5402870804594166,6.1413429035776055,85127.62070921755,109,17,malicious
80,63722.64704450112,30.04899892265925,1596,163,0.07076712931701462,31.856800079901966,6.46872622136946,6107.545227939758,113,6,malicious
80,6625.578662764558,13.944626135570953,2230,14,4.7868296718019145,12.626710920761141,3.4306371668229394,573.8799779485774,13,17,benign
23,281521.7400327503,22.722915376171052,50075,171,0.04204351080966043,20.731216030561704,7.010045231347528,33382.318922606704,119,17,malicious
80,70834.15424308862,28.79786316973869,14120,169,0.016545220440427073,0.6931065877777053,6.895001542350629,93919.14223345774,124,6,malicious
8080,6069.9764123797495,20.53235865504337,30574,19,0.569844711608701,1.478060253113636,4.535635359135327,391.68269602523276,8,6,benign
22,1217.534918634295,15.044500163894158,53256,13,2.1776188308818076,14.54779317231826,4.894960470868761,1226.5351636194634,12,6,benign
8080,1013.0622498542123,14.967287540551315,36252,10,0.5857396999178274,27.32016440562123,3.697486690453391,5473.700019545378,9,17,benign
22,2825.1791229219066,13.280194241882347,60109,18,0.40984819275341755,31.056047807196997,4.012049006712319,583.7002013136852,8,6,benign
21,690485.0342062137,32.33021229904466,21413,174,0.13286510706043758,17.489047907557563,6.053146270695881,155092.7369639382,126,6,malicious
80,9255.955046557203,13.57943084578907,38717,11,0.07127479349430846,3.36476460707098,3.827385531012931,1011.6841589598407,10,6,benign
80,3674.5990937789747,11.22299213119869,20021,19,0.28057341788697177,3.254099649917747,3.0462470907203922,1320.4532033363444,10,6,benign
80,73814.32039652817,34.2777048172599,35507,194,0.11458545640913766,31.97527107765837,7.120977141797658,17680.196950606132,115,6,malicious
80,27.29290084990225,14.769011061144125,48231,10,0.6591533538561093,1.802635567707949,2.068101097263132,1559.9300063707572,12,6,benign
53,179.04079668533322,13.372214374876362,22653,15,0.6396481745750858,17.37882000626998,2.0853705490759507,4276.062244833276,6,6,benign
8080,12141.965858787667,19.129717299970686,35361,11,0.1723673281108749,11.437678786751533,4.148362670559794,3068.3151104281637,12,6,benign
22,7465.656049794288,12.433193334576778,18084,16,0.671400742711795,8.207679290883075,4.792048409375498,1344.018153658727,11,6,benign
23,146500.93885554213,34.17794267229615,47024,177,0.031152941435609403,8.706241700540918,5.703700142245,3477.2515642493695,134,17,malicious
443,7004.200830897263,16.952467957256367,43817,3,0.8012544862524242,43.56299175804581,4.1795848970110905,3648.3660446231156,14,6,benign
4444,25088.282504238974,33.025524959887676,15629,168,0.01083376797571122,29.647123925692725,6.649871871647213,9515.147071733456,118,6,malicious
3389,46214.603967754214,34.046805851552094,36305,192,0.12410822903568476,30.035414713268775,6.922769611608489,35782.75875863079,118,6,malicious
8080,9237.566130414909,18.957127300083776,42784,9,0.1083905686880536,7.828761368348832,2.3243409726782254,8117.412008540734,10,6,benign
23,142604.33383057706,30.23527897452199,10357,185,0.23123712046995532,1.6972148321951308,6.583909921449077,19013.661970583657,115,17,malicious
443,920.8829360986773,18.417853890668574,50017,12,0.6037924783756244,92.06076969273215,4.81571169500732,13586.605815155026,8,6,benign
53,8966.025858133853,22.182470227502932,30811,13,0.6469528062464902,2.355827433303373,3.325521666716237,2723.0098986967446,7,6,benign
23,153.42337486283634,31.34596354512331,14947,179,0.005928343256286647,10.872116857945672,6.09388990307899,97723.98100115384,98,6,malicious
80,137511.85442107753,33.09098814163257,53228,186,0.012939976146770728,4.61050204787769,6.381498187782572,16181.92210100727,128,6,malicious
21,50123.933974877975,36.97593999610238,35823,170,0.15151723818733187,10.723006236281153,5.509533888480254,27300.85745510662,124,6,malicious
22,5650.154920401212,19.62692891299787,51684,12,1.7185722791461004,5.456209716654141,2.024685051640885,1218.1051231966953,9,6,benign
8080,3438.2202318949694,22.81395831870552,43094,17,0.16772571364539227,34.07889479170913,2.3231591043772477,2020.4457595543872,15,6,benign
4444,51318.12007553338,35.76351088921362,5353,170,0.1328947505381086,51.79127440824573,6.23412831473975,72835.9223975366,121,6,malicious
8080,1717.540807299649,10.169756265663393,51088,9,3.597591833739906,7.916125524626697,2.114384536424434,1111.5464461915467,11,17,benign
443,20592.731580595922,12.350670163539775,55419,13,0.4042134831844309,1.0916194234165735,2.847665031090866,1542.5755314490077,11,6,benign
443,16184.530955637387,18.478769694430426,6346,12,2.4444164747543544,16.330052605895418,3.645489034118409,1012.5391948619414,6,6,benign
80,1931.8938162252416,11.566930900599136,34847,15,0.789915401288274,7.08911879919551,2.553066848616637,557.1856446635826,13,6,benign
80,82911.59738982428,36.94507957029286,32100,182,0.042047506896347446,63.99692387437209,6.9678455237691885,30206.67406739955,122,6,malicious
443,9339.462999982405,13.09317705241198,57806,17,0.2715689557141425,1.404357871765748,3.0589024596860064,1508.630708026162,12,6,benign
21,3105.7383085841143,36.64738039195851,40899,174,0.02505181581962162,1.9026177429547113,7.828302153873199,10568.593941261443,131,6,malicious
443,204.75907859273568,15.770130508058793,39462,9,0.2030704504476532,18.030775471818103,4.410068683760022,6429.49611587892,7,6,benign
21,110161.8562283161,31.41446351656623,46173,168,0.07842456911595426,21.32258203928041,6.707059961539274,5963.125054016169,98,17,malicious
23,178626.27522851317,42.16569478017115,14857,192,0.00677632768661827,9.55423653698787,7.67280202384959,3167.957663471565,121,6,malicious
443,10142.835420666197,10.48928055125319,19158,10,0.9034975267369457,4.870681534328847,2.939288100484095,3833.0960732973726,13,17,benign
3389,29606.62070776381,31.057214650741482,8599,194,0.09807647054577906,5.561826422417874,7.14006579879476,13913.352451396624,116,6,malicious
80,16348.197953237672,32.1788869439022,12387,189,0.16992673367743152,6.186733314858891,5.782568125399348,49325.38925267403,110,6,malicious
21,8024.026477921082,32.32984977646437,23795,175,0.04439008033168016,3.828842621003892,7.549554069715262,98782.96153823259,134,17,malicious
23,85916.21381568351,27.142624445946048,29753,167,0.005092212407079151,28.521192605016125,7.481665462624097,245465.36557151267,110,17,malicious
4444,146385.159411562,29.74225666559923,36804,191,0.04951164809496647,1.0093699204179598,6.759000085633116,65742.26634811702,122,6,malicious
3389,275406.8906714298,40.143367859913035,20836,195,0.011843737151344161,7.845442437028676,7.152610375214982,7889.863275355309,108,6,malicious
53,101.2482335884563,15.689784835262357,45546,14,1.0778449313485634,20.65128912214603,3.1053605171816034,3085.6801172221626,12,17,benign
80,4368.179001626665,18.162684526689603,23871,5,2.973021190069233,0.05749215433187774,3.037256681032118,720.5942119863461,13,6,benign
80,6000.462884872687,14.317851946454766,6162,12,1.6307256450251848,31.56001201148691,4.619144827360916,2694.612513161867,6,17,benign
22,9616.156128378985,14.068744109517088,25956,14,1.066099789831107,18.37759995475826,4.5945511899490175,1851.1945138503331,7,6,benign
80,755.0763631875565,12.165128145055782,56436,9,0.5621244667130186,1.1430780035495418,4.640410404380852,1676.1261110576206,10,17,benign
53,3928.3209632034354,12.585522554744891,22663,7,5.206259563327778,33.80643665377513,3.7157418803952766,1584.5041867234297,12,6,benign
4444,477545.61316004867,35.526926689122746,49990,168,0.444305259367992,10.021112072376027,6.565608159848852,80634.70973365141,139,17,malicious
22,499.61909384922546,14.988526527743787,38183,16,0.7199286770076243,15.843611653112234,4.456891843452132,1092.975234009134,7,6,benign
443,278.6828303436694,20.875173053018518,46604,8,0.27358480619723746,32.060302941408715,3.246903280857106,3608.984127955915,7,6,benign
21,43619.839604409,38.815582632109496,47204,182,0.1936185841578149,31.949954375739683,7.669803730854146,138617.09058636366,131,6,malicious
80,422.66986260976387,17.284119496974313,57723,11,6.899421643378799,7.882595875041724,2.365367248274929,91.22950455499364,10,6,benign
4444,12889.602678957695,27.50974775255666,41114,195,0.15421122415521504,4.07101959500663,6.553671317935093,30748.33588409,137,6,malicious
443,1435.909017439732,14.731876735877837,43601,14,3.712964574068179,4.464401245606728,2.789447250662806,2532.7405656591764,10,17,benign
4444,16427.06335513914,20.7823160255137,27223,205,0.006211168406102657,21.78276845907389,6.215760078806444,4887.670223906512,131,6,malicious
3389,271100.6512606378,34.97937764261739,39016,196,0.007407734796331888,39.767329042939835,6.728878174393675,86013.70043599339,103,6,malicious
443,15830.256841728647,16.628021356072647,27265,11,2.0517325293339588,1.1245822121364362,3.0745976707217797,2122.99781310645,12,6,benign
22,10760.577993176634,15.60596537708127,8975,11,0.6383400133283152,0.2270049976823713,3.444170990897473,5714.153839406525,12,17,benign
23,22826.94934335416,42.60841275874285,14861,171,0.04558906406964911,25.96858094038665,6.909916927991386,50706.09975885107,124,6,malicious
23,3886.771993295302,38.16180818862895,45183,151,0.03181816427519955,7.331134069284821,7.5853774228560615,68144.14898713912,102,6,malicious
21,238967.27902567128,41.94922746486251,13712,186,0.08265381592160134,4.853768749119187,7.217185238940852,4351.126568037048,114,17,malicious
21,137496.30023935612,33.86442347992207,10811,192,0.13160021182039378,3.1307317245969486,6.0315074601402445,537.1822906349836,109,17,malicious
80,1585.2627582675493,14.194348772025826,35781,13,2.1802106083165533,6.380746126393866,3.914156326867192,2801.8101121422355,8,6,benign
53,1195.9008039109308,20.83873055219853,61154,8,1.1659834582458366,53.350982154294044,2.8344308269355984,2124.0617290983123,13,6,benign
53,4626.47811816357,16.900156901290792,26128,9,3.937615939585837,56.63603325782307,4.442407637036794,493.4898154841024,6,6,benign
21,206258.1672645859,24.228574553580252,3628,188,0.02435966344985046,6.041086752538267,6.097888563830112,200945.37869374172,142,6,malicious
21,93141.6463239998,42.29946737670694,32293,160,0.1030079152781769,49.73498026975586,6.843888556580511,78355.84935421144,104,17,malicious
22,15253.357505013822,11.930645611164916,61563,6,2.7577356947414584,5.347198367433224,2.4798547368148833,3985.55055875124,12,17,benign
443,2594.7921076205675,13.170694113330974,52583,13,3.7735720329255225,28.9117390706214,3.141989800792996,585.28233749167,12,6,benign
8080,3529.648178605185,13.995633227155329,1087,12,0.10499332555788937,3.5739379605821693,2.339048552171779,3526.3487485178166,6,6,benign
443,17792.126397083015,16.165267510922263,13176,10,1.3149549332072825,26.272592180894936,2.646581932713177,2371.508209726127,10,6,benign
23,113836.49107527689,29.258716762125616,20220,185,0.03941090946289418,6.548077815291286,6.388275916939514,280885.9142053759,118,6,malicious
3389,9620.913433396236,34.05747325796311,44805,187,0.06627939883015982,3.2671828237290734,7.000174904144885,52269.52788328932,131,17,malicious
4444,218222.79060032716,29.54942562350457,37819,156,0.07632251341704356,40.94981533761633,7.7213152294953025,55178.11621162015,101,6,malicious
80,5720.037927578987,15.075363265653806,15983,15,2.725308465074009,3.61549550529465,2.991134992142775,1831.5584588815334,11,6,benign
80,1462.572835094473,15.49669857874317,33893,13,0.5750408544321951,72.11889303860305,4.2406974886387765,2390.893206892086,14,6,benign
3389,153065.33885851415,28.91604825325417,32304,174,0.026291019990515453,1.7239909586271136,5.8269099715274795,28860.811030624227,111,17,malicious
23,10434.278870376229,33.973116263390786,28948,206,0.062348139696984835,0.1510699409595907,6.737132525858369,38899.99760215513,124,6,malicious
3389,43784.064475347914,18.000260445507735,45282,183,0.010547670927914247,30.69515603876235,7.330340652824607,16614.881943929064,123,6,malicious
1337,247485.74905615146,26.768885295042853,61462,164,0.14762050039830032,13.2502544300078,7.143144355216016,29606.114984288768,126,6,malicious
53,3404.603109500072,14.342808616516278,28491,11,0.18653629634596283,8.213026245328203,3.8226736473274827,3060.4744662587514,11,6,benign
4444,179838.07223195615,26.52618113451912,17080,168,0.028477526192486204,1.2827788849162236,7.323245100453407,16993.73046856294,116,17,malicious
8080,7340.6068493736875,14.223863317857905,4159,12,1.1262742732620077,12.83119910617721,3.0112374589804363,15108.162716106033,6,6,benign
53,3350.178040173456,10.314466649954369,18588,11,0.0671399634919574,7.506338486482417,4.794696356343881,2512.4700770202203,6,6,benign
80,2060.327800438958,10.672102217305504,64282,18,0.2036041594086287,9.913740825714804,4.921926593860093,1284.3649705189707,6,6,benign
22,3984.417228451678,15.66268460402221,39301,12,2.985530811145392,14.929678791620624,2.9361150539956844,4527.086116855443,14,6,benign
3389,296301.51275074435,29.49395505434312,28486,165,0.09130359220054522,15.322002535993366,6.361060813223025,32214.698555144332,103,6,malicious
80,7660.731584611375,16.017950366376166,57706,10,0.6410510682533874,48.509553117969325,2.7238903374107175,2157.9139985810766,7,17,benign
21,425190.5464191925,29.636806668005118,3752,196,0.07615082288304979,15.965485432502861,7.437776227413403,29396.641298779607,139,6,malicious
80,137113.48014058959,38.988450075417454,8655,179,0.1673603309263591,6.219195500263751,6.131681893537261,40793.02317965966,127,17,malicious
22,5361.6356516196465,17.215325732739746,11908,15,0.0392713306056781,5.998945476648256,3.503536190019247,14133.86462768523,8,17,benign
22,15984.628994553073,16.00818023846681,25998,11,1.3023066268997523,9.727224174407661,4.548769879524619,4816.5489102264555,11,17,benign
1337,20297.743055206232,34.3995084926526,50580,178,0.003009949726777949,4.502954873115746,6.5246654469857965,21792.28958648216,112,6,malicious
22,7788.482575383373,16.543361134180852,36665,15,2.3259546662582347,7.08462973147991,3.8867635554384456,2377.0851311200404,16,6,benign
53,6425.818291995263,15.888150612403487,49283,12,4.547055212817205,27.688113707771194,2.101640084443475,1155.8477979801535,11,6,benign
443,1601.3127594614787,20.017482262822767,37060,18,0.6596833000897997,29.466172018387898,4.249011077725728,5313.148884450446,5,6,benign
80,9352.885461323884,19.137959860462473,20102,12,0.8639357436048667,14.824555889275443,4.933599583851491,4117.721090279145,10,6,benign
3389,303240.762769365,36.489254116540856,11298,156,0.06704171623432707,13.114315437658043,6.349409535967064,16670.620290529292,132,6,malicious
3389,6612.813968150032,35.73743176557574,19875,185,0.029384017303707315,8.355657057864411,7.241175376768207,15213.4015272962,130,6,malicious
1337,127979.93423010866,28.878463836822483,62840,171,0.17453339912933644,15.154856181254367,7.9416635804685205,8687.179441556398,133,6,malicious
80,288089.6835194566,45.695567805887514,49550,168,0.060962848886151735,24.602582035943417,6.016956549040385,2406.5377083863077,126,6,malicious
4444,76163.2874749801,43.795602115608546,54491,181,0.07091795667636337,20.082407956453146,6.107590350934844,27832.83668269102,129,6,malicious
53,3045.4893911910685,9.03281472951356,52097,12,0.13358199061236792,0.5415520965486427,2.232099242304595,1379.5565168902667,7,6,benign
4444,238229.7749469226,28.403660290171295,4983,163,0.11557187407080535,19.702909235744784,6.664844087208263,58687.97634750654,109,6,malicious
1337,61372.76561394926,36.58418300362129,24248,156,0.046139182882890165,19.09168185495967,7.244246738351339,163158.38106689395,144,17,malicious
1337,476.90204340307304,30.240115754498152,59908,188,0.0518354927741209,1.5635927746313947,6.380078804596517,3816.0662914713357,135,6,malicious
4444,481237.0800113041,37.66196971744062,14918,180,0.08351262754144165,2.442149835227472,5.760501357426948,111725.66465797322,133,6,malicious
80,8882.405557900498,17.31375967296671,27989,15,3.251578199123961,23.261063195479473,3.8187314685286458,687.6977816192232,3,17,benign
443,1729.4881694422684,19.50010705586793,38640,11,1.5026924994700654,12.28030157580977,3.7514508710227887,1219.9709215928021,9,6,benign
53,10393.098781107155,17.79418751301065,31582,4,1.6365828544194678,25.858343629862663,3.4857109492502434,468.1546126361158,8,6,benign
80,7387.2904064141,11.098596255537046,60831,14,0.1644236768230123,3.0637990516654385,4.406295963806327,2304.3857301678895,8,6,benign
80,28104.975061880952,34.188126629430165,57799,216,0.023799610272355737,0.4663977968202491,6.819502628664376,158351.9219080445,85,6,malicious
3389,55903.376521043225,21.784540057641287,53544,167,0.011210807389861447,2.6500151362465227,6.020785752178366,118604.32019596003,125,6,malicious
80,16264.054712450657,20.051424231061805,44969,16,1.580918342353557,9.03781143099081,2.390581046919305,327.130768556703,10,17,benign
80,161286.8666163501,28.428385567540914,16714,205,0.09089838185099074,11.11279079892553,7.443403050322126,4732.254200784163,122,6,malicious
443,1361.8474139643645,14.426710194064661,58048,14,1.306567196121169,29.24738488557083,2.0792671252819277,3755.990589257637,3,6,benign
22,14220.76735228298,17.882921248709916,65518,10,0.827651898782938,18.892310718735004,4.649956621135029,6732.378008000025,9,17,benign
443,4628.477700870174,11.524970899313612,34471,10,1.2268316077025925,69.67526565856355,2.7191187807389725,4195.250670170872,10,6,benign
22,556.1393776601648,9.825255048242552,57682,14,0.23865102342688044,1.229862420274657,3.647889889244885,2232.9901810516753,10,6,benign
23,117655.86684359693,31.695891624705684,18155,181,0.04808488190744121,2.092743089875899,6.816011502615209,2589.770734978554,122,6,malicious
22,3471.5481742239845,12.973225718679892,28453,11,0.7032752195608992,1.3219078880869186,3.6597720177298525,4218.442911219477,8,17,benign
23,20423.230313031087,44.108625382370825,18729,165,0.23777372322907098,11.597734837721006,6.000690094534109,41425.54651993507,88,6,malicious
4444,157263.67674303154,40.52479311653571,58103,177,0.31012192114764914,4.656294762043806,5.862373339531292,163208.9180233317,113,6,malicious
53,1473.4155084538427,15.492937974353948,53924,15,3.5930160929260433,17.262782363075996,4.866264387931745,1104.4711704577207,9,17,benign
3389,71269.23458151228,28.807656119675684,64823,172,0.231762508016113,2.1353975355730044,7.234602915339153,35255.30934965464,117,6,malicious
4444,185696.33400040047,24.744444015816086,49734,215,0.06238488777673208,1.6336922569471992,6.66267210017887,46995.53794810809,128,17,malicious
22,1326.6333239628102,15.523698445030082,23270,14,2.293340664297615,9.247389184420447,3.3439849147605205,4398.347597099138,9,17,benign
80,4262.213705757664,16.54625159677658,46134,14,1.0307406361043507,7.0716304270107955,3.859920980751127,565.2255768348047,10,17,benign
22,8616.830067685523,15.977798018410347,5813,14,0.3225644447061954,26.50584913284938,2.566887385975424,5609.410503848667,6,17,benign
443,144.93505500524182,10.443260036193355,1557,12,2.06399020684964,27.261151531316635,4.409923991788633,5861.28789479825,16,6,benign
22,4982.77513546788,16.43055619271111,51994,13,0.2132639382702682,1.8737349575414166,2.5956044400512326,2025.4846255688124,8,6,benign
1337,424395.9408318949,36.00904657403917,29800,194,0.17217576447968536,25.095475586876496,6.496514002270174,3546.0975858757183,122,17,malicious
80,110454.83960149487,27.092684334142437,49326,177,0.04450714952091519,12.457372607930937,7.961001248265255,54738.49525758416,101,6,malicious
22,2492.7377961974457,18.118831145846755,19749,14,2.2054579090291266,10.504337575860015,2.3454491334977354,5159.958446548658,10,6,benign
80,2092.9239619795094,12.444247821172844,65391,15,2.3465625203022684,1.4933836011674442,4.094716176161192,1025.2471845579582,17,6,benign
3389,117768.45486865121,41.1849342345904,7718,193,0.2820572951683367,20.184818041960476,6.552189900667747,104678.35061029365,132,6,malicious
443,1606.523906541437,15.396947053291933,6030,7,3.0214636908273205,0.9222882959332651,4.452141186560106,3389.5552719807974,9,17,benign
443,6605.399525637292,13.511491583950331,28022,9,1.9238106371748578,4.879549790213776,3.411104398627994,13085.834666730661,13,6,benign
53,493.91000930695344,14.044654529007673,38337,15,2.6933567728371623,1.504459244956313,3.6988337138499876,5223.963936755086,7,17,benign
1337,63106.7509077122,34.42520271192601,43452,183,0.13298037048976488,11.34985697776293,7.8442340859704505,94548.53754945248,105,6,malicious
80,4868.495495391813,15.711727049746127,57403,15,1.2998103247213502,15.54428628430075,2.4400642325913884,1788.0835126952745,11,6,benign
23,31977.488688751808,30.047515630145806,31111,179,0.039029647231768355,33.22619021442742,5.630834989880614,113470.25214171005,132,6,malicious
1337,38209.66361279419,32.494323647864604,38699,192,0.06474792093382002,19.856663791054885,5.981470116848482,7678.38951144698,121,17,malicious
80,2655.962885339685,13.422068802200046,25386,5,1.759005689544092,48.70311176052254,3.1577767049532737,3673.080064270279,8,17,benign
80,89473.8381446596,40.01303754052392,5509,195,0.2689168188867364,21.466227672423866,7.804598566265211,543.0853926086127,119,17,malicious
8080,13480.812142664841,14.326632119049037,2259,8,1.9966855736380842,5.308890241845933,2.688900816742819,10900.392899800849,7,17,benign
21,290843.61410138814,32.28246527633067,44698,202,0.1245037203627254,11.897324401014853,5.59576311340102,4389.060727971887,103,17,malicious
1337,50768.81708334931,26.641115890710765,43692,168,0.048428632691812565,9.185668757625752,7.108243149950093,145508.13735045504,121,17,malicious
23,30451.209476116408,42.383668005450346,49686,185,0.054904331953938866,12.519580231898608,5.986717493102859,27576.795580962433,124,6,malicious
8080,2318.963514012151,21.887173803442597,33007,7,0.18628000007145198,12.732612632006557,4.7526451534662915,672.6576629689549,5,6,benign
80,337190.4988380518,32.58319428053581,25063,199,0.027773126589683637,18.165015945086694,6.461708146561383,9141.332028222685,125,17,malicious
22,5634.94291847036,11.89431566941374,31440,10,2.196913590674667,1.3004338243148337,2.4981416861603774,5446.18371348725,13,6,benign
443,6115.087270655332,17.705928322074055,2169,11,0.4750311358368196,20.600383524192893,2.5201458374687395,4989.510796884695,13,17,benign
80,3359.178462840051,17.06630786506992,24828,13,0.003383394422015129,2.3277814565379664,3.432215184411151,6763.479088850626,5,17,benign
3389,26339.948612680342,39.20844414522405,48268,188,0.044138772983199,0.3983525507984031,5.586322059430308,45110.809136875185,109,6,malicious
23,58074.878225083885,31.641441441664785,2499,161,0.20978641504595444,10.975374745464043,6.952294965698609,74504.88719777232,125,17,malicious
443,8704.182271752958,12.156890816348358,62291,14,1.5979830833005195,13.06535007580188,2.9387629395158514,4416.727018012561,9,17,benign
3389,315353.92598824896,29.451890468268278,53097,198,0.027392793071631474,0.5320928709912821,7.445337210989512,87601.58885915668,129,6,malicious
22,2938.1031583094564,14.562085426371752,11071,9,1.3733592393224148,10.86557799092488,4.071437844197603,5196.403351686419,8,6,benign
3389,124205.67690002611,32.00058438921229,61592,187,0.43547547484017074,11.471910257945424,7.353426844579106,4015.5943989299044,131,6,malicious
22,245.10471964711576,11.697292844041169,13180,13,5.617965970471815,0.8088444118403245,4.131746010537022,4793.4158360789,15,6,benign
80,153088.24048825225,27.8725977269955,31445,168,0.022978464518936446,18.650337785785382,6.405684978181127,88050.95866648052,130,17,malicious
22,30125.29889260336,8.63816263302371,28979,16,1.224342639755791,3.5413366784326903,4.290520126523089,1077.6629033939755,9,17,benign
3389,2705.2787376481283,28.095275136151137,23087,158,0.09549976666782835,23.73166187804064,5.874532164849463,85911.58798085747,135,6,malicious
80,8315.158349442632,15.046194363333413,49468,12,0.9880155884016768,5.5838382636889365,2.262443566331426,722.3710863343379,15,6,benign
22,2344.4691737282315,17.03621865966179,57872,15,2.7660909741111537,9.748227508027675,3.4711412269686166,2575.7119441159753,13,6,benign
22,1315.3647623425138,10.190462292386375,22823,14,2.8796068807056097,33.36366387134555,4.8692182675369615,3617.7919080480674,16,17,benign
3389,8756.376644054044,37.79552612778338,22346,188,0.0909702861334897,24.612339524168153,7.084446478641437,12164.165642353179,104,17,malicious
21,124449.32991865135,26.765969559176245,35396,210,0.05253174772127894,22.839519384155956,5.615479348902742,31935.939511132965,113,6,malicious
80,968.164540936792,12.680355695502586,15956,7,0.9721342967982719,2.6230563406162823,2.4289442702527784,602.6995919251809,6,6,benign
3389,445936.7145751881,37.4498575382211,47385,187,0.09106438521657566,0.7400973185669116,6.227526487288035,10262.853092852667,112,17,malicious
23,61317.302437617545,37.424430305894276,45263,163,0.17910842236672686,13.961891346820144,6.939092839955627,107241.80138946818,100,6,malicious
1337,59005.54991060921,46.51029446302407,38839,170,0.016912312743996422,7.932085577092133,5.539956388477873,6156.890001632432,120,6,malicious
3389,385343.7098227835,30.53294936218546,58919,172,0.02815158639058109,35.96617987164526,6.70588564394453,12697.81375048005,114,6,malicious
53,9407.556500379655,13.406326244764088,43988,15,0.59999539344853,6.452360451403035,3.5433974439362257,1707.7951594625179,9,17,benign
53,7382.621310336414,23.479106630908117,41967,12,2.781868960753746,7.928438740819112,3.857546130703038,4759.383060753951,10,6,benign
4444,3670.0873385267273,26.760462701823126,63583,192,0.2854132102639568,11.198236544408143,5.669099518697269,44072.63634715503,113,6,malicious
3389,54866.99217453663,21.21472094460356,25027,214,0.2634367722915639,23.87401895436061,7.027186587991053,93207.11428316506,114,17,malicious
80,164578.82674524377,38.213429971374715,23525,206,0.11429819707253515,4.685750885267365,7.014588492286169,37150.45777701189,107,6,malicious
443,1753.625671646306,17.542344632043935,58105,10,4.199486458714209,42.66337381965239,3.9084542238270386,743.6718612459841,8,6,benign
22,10955.629753745077,17.410932745447916,32116,8,0.9097896702715942,11.645359651782197,4.639233718404665,1734.0182585588343,6,6,benign
21,399915.92408818344,33.08119497351146,16007,190,0.06450293235898266,27.58062113258054,6.01950433288321,70325.1092654765,127,6,malicious
23,135255.20140690048,28.892380225616733,30792,207,0.0002811739126438897,11.186150907172262,7.196351855876395,102961.7295883747,113,6,malicious
80,242173.7817331066,36.858051671611165,35628,154,0.05569969001759376,22.175697108411626,5.903636849125632,15955.460263372057,106,6,malicious
21,75927.28944009785,34.79691443772941,23312,191,0.07308823697544108,0.79184914107001,6.481734077586967,15188.896875839677,128,6,malicious
3389,35772.91908232171,42.85367679857723,47784,165,0.02471227775467956,24.08262079308789,5.668916615696495,19845.70409381986,116,17,malicious
22,13037.403143301995,18.0529334167313,7500,14,5.82098420875661,11.133782953364948,4.175933422692292,5769.264712248502,9,6,benign
53,16302.560627315212,14.195169236026663,64904,9,0.4130391113934394,8.951624969202001,3.222648290258254,8302.636121078074,5,17,benign
4444,103246.37862546933,38.72967353152922,49861,181,0.0781741277974884,1.7751610191588192,7.92762300590922,111810.34706040469,105,6,malicious
80,977.4300591222909,35.30205580608229,33626,169,0.01263193312390885,20.296523164755445,7.8558165026927025,190852.89133902563,142,17,malicious
443,484.0360240317084,15.970958787459846,57449,15,0.8335713134782936,2.1090074136192163,3.346216454373651,1031.0298546541007,12,17,benign
53,6537.72882589687,12.664434818697263,43108,21,0.4964395119679017,3.2037994577225857,4.906384539973768,2877.415173701517,16,6,benign
21,3609.589516808136,30.616067021634557,51558,177,0.03487574228270485,2.027389423388821,7.016450946341655,16973.368673387762,106,6,malicious
8080,5713.606393006604,18.38734268275721,10986,12,0.007653038481783718,0.09895983397978424,4.047933264355933,4634.527223659114,6,17,benign
53,2333.0590136093006,14.874691897602078,29463,11,0.5423995344898943,16.266814912050666,2.225164133328253,197.74229458252145,6,6,benign
80,187947.29345687712,39.60321004920879,4424,168,0.03803675061967323,4.738014592482973,6.271918415008296,15271.38532564903,129,6,malicious
80,8577.433706776712,31.30760194865109,25464,189,0.16840025595019983,2.428442014315296,5.620172095146074,19166.149231710428,130,6,malicious
1337,100628.99018985486,40.00304987737557,47721,193,0.03674112930666226,5.784330221100899,7.269375674017487,33532.670304442894,121,17,malicious
443,4300.535961604433,15.104247419483418,64906,17,1.314832216871817,10.369773557855055,3.597833575909234,6398.645285157879,12,6,benign
23,144072.08526503696,34.89527396320543,25634,170,0.056126402740684096,10.499934291665808,6.830954565211012,102873.15013273818,123,6,malicious
8080,3746.6798718712034,4.904112240502091,52380,12,4.41768182192294,6.863918319043281,3.3530717952918514,6479.148053793934,7,6,benign
53,10873.979084485543,13.344263530519527,30599,10,0.7462961493642397,10.245941129249685,4.608873467433968,339.6561238855297,19,17,benign
21,172088.32798570985,38.15027884321785,20752,185,0.026874025838695272,8.361984784139096,6.41166632368714,15316.037427920104,124,6,malicious
4444,282156.53398658393,21.278091046809248,53190,157,0.012734209167263214,25.94574108921096,7.786322981850957,67560.17547087668,121,6,malicious
21,177438.2111007203,19.877909153977857,30091,195,0.007240324502275301,0.4509197249377436,7.639227137062677,46440.920451827245,118,17,malicious
21,403463.1123587033,41.39637499601465,25327,145,0.022133814391427364,30.377724978098918,6.8217775143718535,12610.656937271733,108,6,malicious
23,189486.00002570066,30.8694943384912,46286,179,0.10671274420257186,4.194027201324892,7.192181666671143,149973.9357378484,123,17,malicious
22,4071.004365965094,12.569905444111326,43764,12,2.6142641347424584,19.19026609257404,4.411316904056887,1272.9707261614192,16,6,benign
443,11220.29186526919,17.674488371148207,2652,12,1.060933337440183,7.788906866071149,3.9352049207954733,297.6221840183601,3,6,benign
80,18315.952597214367,17.202165615009807,40556,15,0.7876107349234036,5.2291766077305875,2.692314633392147,11568.766812477836,7,17,benign
80,236.83095853310832,14.971142764513942,10545,13,4.008328599320574,14.33121929272316,4.2674515899943035,3883.4425012620472,8,17,benign
23,44416.25357153766,35.074810626718346,39537,176,0.020945975036359355,21.97256013528472,5.508045210279209,7615.582697492892,137,6,malicious
8080,1196.963372414515,11.634605929206966,43543,13,1.4339911252515851,8.965822014273014,2.426089434648234,7483.967719729302,14,17,benign
21,51540.951882202615,43.06448854053084,26404,165,0.1745789120568591,9.425957063137217,6.887090336563002,1273.8398547015722,101,17,malicious
1337,174473.62602033553,32.75238066062063,60877,175,0.0033402677977575576,0.9098945624270398,6.149401055357096,10994.541889990987,139,6,malicious
1337,95313.40744274968,39.31610386598145,29947,178,0.3371891127705674,38.65453580427761,7.509410861859621,16496.539254448417,117,17,malicious
80,92096.8848733678,35.421563521084195,35082,163,0.14039774205827196,28.149635981998255,6.513197347191302,31990.75504964979,130,6,malicious
23,616960.6002574832,40.80159405742512,57186,199,0.11472527461316043,7.612287793778503,6.714442961540331,85787.9048168938,114,17,malicious
443,7548.084923291677,13.935351397998392,29904,11,1.345647198371386,21.719394452313544,2.9205047721226807,1820.9703991065198,11,6,benign
22,101.28247128948622,7.0516905560756635,63418,11,4.714623934798758,5.637411579738512,2.6538347027046028,8913.859857841077,7,6,benign
3389,57541.828338754895,35.178493920837624,19994,185,0.4176397362001666,19.663451067425942,5.9184069812079,128886.87333737314,129,17,malicious
53,4211.501313793954,17.15017681464171,39915,15,0.6360480458743619,10.90650841428944,2.4236460044622574,1035.9941638374423,7,17,benign
22,8354.150009515008,12.264569658579013,5954,11,0.22311138958119184,9.264105065054293,3.149452266177539,2939.6138316894194,13,6,benign
1337,137449.03893461276,34.50160647690039,36342,180,0.07613723811744891,0.8727493332451379,5.615051984335234,9707.315161071523,121,6,malicious
53,1052.6957347878863,15.773666213883761,51131,7,0.7487172562706905,50.46803064007254,4.2381467426209305,5015.96721794577,14,6,benign
80,116786.92492116765,33.15581021256935,62977,165,0.28069933776154427,27.24775873041039,6.806481032824722,3577.821700639443,141,6,malicious
3389,48164.7735911823,31.091956403867222,42563,178,0.1843186718739658,23.65369454676712,6.927656571703292,20689.089954481125,123,6,malicious
1337,196754.26115574615,35.34504043647085,43921,189,0.06707607790620272,5.455842926563401,6.655549426230888,65071.65707862506,129,6,malicious
53,9483.516738613454,13.01832798818329,30867,15,0.24163401634510906,5.128699056428018,4.234048754240266,416.51764511473345,10,6,benign
53,6476.594793824706,14.337904549631034,50132,8,3.6221121326701855,12.771353773255262,3.8478760872433053,3947.76862912887,14,6,benign
23,196535.70729702202,32.70304616353835,33598,185,0.022334823261242448,28.083795810020433,7.034521514483151,25033.42424990478,126,6,malicious
443,1776.3273999946616,14.27256283753832,52173,16,1.0739305448900842,40.91501189940843,2.5337672622963168,3929.3752047938588,12,17,benign
3389,186780.72010684936,24.892019911553746,40775,164,0.05257860323164179,4.698670984512876,5.602600602280901,111708.48942369029,128,6,malicious
4444,82405.5880255911,42.130833998119705,10881,189,0.11812951607730135,14.025025440988541,6.740767498560599,204400.08632191454,119,17,malicious
80,158112.8888947367,30.161877333848896,24537,187,0.03812456723793086,19.305034514471412,6.972567982204746,46394.25491707403,115,6,malicious
443,6482.208804005915,15.758678238480059,35922,12,0.3061946610064301,3.8503527195776828,3.5223329736148954,1023.8890631503054,17,6,benign
53,9032.834932573161,19.369848713544112,24617,17,2.4659160996736604,7.850271939031441,4.707745670073722,4047.2761360121062,11,6,benign
1337,80030.55396867052,22.496355110409425,23707,180,0.009419380737025694,3.114115532367563,7.463983343858381,55135.72166180634,124,6,malicious
8080,7238.2714053887485,15.527658167282603,37532,15,3.7993563625741165,18.004945615443166,3.5559332569038524,3179.0758902638686,15,6,benign
8080,959.5019402207386,10.909079975302216,19908,12,1.0406128750092347,29.902826423952455,4.227018175740158,184.46749252046115,14,6,benign
1337,195132.875325552,33.17868707183799,60010,210,0.0026448318310685133,31.498871004736962,7.411888055693176,33792.030642974554,108,6,malicious
3389,11459.35773834085,33.72946545289408,57627,213,0.06090948596499357,16.63397947970911,7.366788935510614,282159.2044527912,114,17,malicious
3389,37798.661131964494,30.395539030845594,6331,196,0.08915560106688077,6.396172504813575,6.3635044632709725,2511.9190474277175,134,6,malicious
3389,207085.4478589261,42.17306698082929,13928,193,0.010840693000566585,16.22811426690156,6.721619076123185,29278.861334533816,110,6,malicious
443,13610.98332047284,12.558059535944608,40559,8,1.4965128741020868,29.955953222573058,2.0193304050016785,219.66557234411113,4,17,benign
80,183261.2733811688,45.74918009598982,18905,189,0.07285254622421426,14.746711276236512,6.35812304470504,73549.91980108796,116,6,malicious
23,125721.04509297124,41.93201028191256,30202,191,0.012728479769625935,7.988195820212573,7.072523527502943,10587.02546672448,121,6,malicious
8080,1552.3609483484227,12.724776625919798,61572,14,1.0549527368514215,37.848990944096215,4.871344929006773,1113.0849654288152,11,6,benign
3389,136619.3160736469,35.48104033235278,14606,183,0.11256409114711474,27.046850308358316,6.2300520687206475,59857.231250463505,132,6,malicious
80,2247.093853130585,32.08204280401541,58989,171,0.0013518396710677,32.111489255946296,6.2766816084361094,46215.12027939921,129,6,malicious
21,65282.91539891964,37.87055043349686,36936,179,0.01271477087472579,35.025387912402905,7.8401369260387845,39386.28286863836,125,17,malicious
4444,23158.225589717706,44.31194978532345,43935,199,0.4383559575169687,7.5084842630156405,7.584180355269124,28542.50696587669,125,6,malicious
3389,387809.2134354891,45.63944367001063,43443,191,0.10580396153370483,29.453064858622554,6.91291493897292,69718.10091507155,140,17,malicious
80,3458.1707041581026,17.12228560266881,9049,5,0.21332643718300998,12.67175385086738,2.819447115925804,337.6440074266882,10,17,benign
8080,1589.2334943678934,13.718772784270287,50468,15,0.3292608432930465,0.583591427203781,4.725552784717803,797.5458535235991,12,6,benign
3389,38446.73561185007,36.51285557438664,42638,165,0.14977908648016755,15.15227913558051,7.123770158176279,66025.1224995374,133,6,malicious
21,281325.292531321,39.67478733132513,44968,154,0.1477671890510486,9.540701047680555,6.320299643320621,7564.845710865378,111,17,malicious
3389,55348.24451488882,29.628301441861787,62211,187,0.03140802944544448,4.826954548515231,7.030748405325199,48318.45425174968,100,6,malicious
1337,722263.0485735151,29.214940970556626,20212,174,0.05407039726211619,52.79117230204836,7.600584369428091,2278.036963423476,119,6,malicious
80,5907.299399310092,26.367085121295624,8628,183,0.08130106232099994,0.849680049304748,5.613745764649962,24499.776085671503,122,6,malicious
21,20592.49576021649,45.221913097552516,40931,187,0.005968997681839234,43.74754895613711,7.017658758527327,26546.11978727479,117,6,malicious
80,38163.93949306648,30.871559991911965,50003,183,0.2332009304509348,2.60221831093465,6.910501536416907,96510.71499696138,115,6,malicious
1337,249985.42209528605,34.448640867660444,28314,180,0.04535525959669005,7.097846798088946,6.016916388073584,9945.217122176067,97,6,malicious
1337,316197.39969302376,33.19181876225277,41620,201,0.037072413651830435,8.099573435760014,7.1160823724116975,51576.87346263673,121,6,malicious
80,11119.88042829591,28.87503388195543,7227,180,0.19009884191286183,19.696802697586083,6.887088084863228,10683.616178058384,103,6,malicious
21,4949.798667276796,33.80627115886468,51797,182,0.01007106195080945,3.6427188686516008,7.418300310055795,148474.1424008557,137,6,malicious
80,11392.497149784893,13.072686719154927,8895,13,3.23741492247127,64.13998580904406,4.56823579439118,2637.845005479734,11,6,benign
8080,1537.04014742758,12.901346510441588,15686,11,2.1284015499806737,20.735243446991653,2.6234640117858143,650.4356302924859,13,6,benign
443,6211.244114199919,12.558189291904721,37806,6,2.791566801326532,23.406333630186346,3.263376419355615,2374.1153010713274,12,6,benign
21,3393.068826212891,31.498994971011506,12469,177,0.11567533185691874,1.6879384559540649,7.223202120511176,18094.3195678656,121,17,malicious
53,170.60721414031573,12.724276499271728,12062,7,0.6308773214777453,9.7028881499975,2.040087954271729,1196.7873940083903,14,17,benign
443,4109.438383050292,18.807133455004845,46864,13,4.33168477812319,43.6734453552904,4.695572289330041,1137.9922637954796,10,17,benign
80,10082.19311074274,35.382870373302644,46846,162,0.021464371946228123,4.722018868664431,5.734720260552957,35699.955888012024,116,6,malicious
80,7942.951979078241,11.264757636274567,4529,15,1.1927610256761891,2.3565394498613017,4.30030134726052,9427.519871254784,13,17,benign
21,268262.28820743045,39.67077195891718,42502,183,0.020615705587883927,9.965319196364797,5.763678507421485,110678.60958473948,122,17,malicious
443,32.733969973218365,17.66182856987275,20093,11,3.0148903484073393,39.97336713933044,2.8330457267199955,4274.471093674469,6,17,benign
22,3265.011752588054,12.425900090116805,15442,14,0.586037214382537,10.00607066349292,4.823086659516106,66.05874379292977,9,6,benign
23,14792.49019657344,33.83831187017454,17435,160,0.19757673157479538,7.783731445763845,5.9272683713148195,92140.28007203345,129,6,malicious
443,482.46920896871546,15.955388514448883,34057,18,1.5303645052160628,15.75901227319107,4.060767985764427,597.653217888765,13,6,benign
53,1977.7398979300594,15.286901556669314,10522,22,0.06533517367699439,41.44171436395545,4.2789587553615345,3251.622078929293,6,6,benign
1337,207795.9546206757,35.60186179746878,48524,182,0.06788792648059086,0.7545244127872871,7.476004130276914,25814.039067583188,135,6,malicious
4444,21971.135349217486,28.89128835818554,57281,188,0.09361466486914843,2.497825338702744,7.927520754837097,11444.468252958171,108,6,malicious
443,4359.7578472904315,14.246649421793776,62421,24,0.5247962756355669,2.1364944439136093,2.810670032140657,884.8617261013065,15,17,benign
4444,41675.049721452735,29.026656509476407,57082,181,0.17555155590187252,1.3379279253125027,5.551032733062899,88910.87968463276,125,6,malicious
443,780.8118192679766,9.704751281030747,22483,15,4.679383070889365,5.395322486638346,3.7979221378959798,7364.094328960488,13,6,benign
53,5941.4553852813615,9.732726314665019,23227,9,2.5377324810022177,3.907017104052008,2.730220478123353,7178.712188741913,5,6,benign
1337,129584.0476865435,35.99052475530284,29054,175,0.012700709855320732,11.93405429730014,6.4936105388391665,18275.061910758937,115,6,malicious
3389,68301.90139226172,49.25924678629271,50986,221,0.11015174323846197,5.94660133462378,5.958690122441058,199104.17067205656,105,6,malicious
80,448171.00570287876,33.88496049738102,22084,173,0.13481587933235434,7.793149221906138,6.265038986845093,5888.070422729638,133,6,malicious
23,59865.22860925331,28.039798470843255,20798,171,0.16821447341412418,42.67473094585883,7.139499273299783,8760.248207014383,112,6,malicious
23,14951.622984468264,26.279933211139934,47941,194,0.20702629885902604,2.537922894362444,6.7354571744199205,231155.7513422747,129,17,malicious
3389,863999.974193122,36.980413024210726,34402,186,0.056930935196044974,7.376558127252018,7.3585600716306345,106896.52734484714,115,6,malicious
80,4185.4663315997395,13.3144616612467,46272,9,1.4308081897475997,4.4575408361681195,3.6877958835134117,220.3086080626131,9,6,benign
3389,285831.1500473392,29.590400077349756,60642,158,0.0007678957653370994,11.949840585827491,7.60496404575929,8183.818392443777,107,17,malicious
22,281.7251538118451,14.46454521899662,21954,17,2.0848261248815727,19.99620859408379,3.0786951980140707,437.643043742087,12,6,benign
22,2737.052553373209,19.737187638700927,14517,7,1.6548375040123693,25.473042942900417,2.804143947608107,281.1919729827308,11,6,benign
443,6147.058871676626,11.164541679161303,38819,19,2.05398947568275,10.863274747614154,3.723588013412619,1525.5205996620966,19,6,benign
443,3105.8801717831834,15.177412968434007,14662,16,1.6838642322623687,28.956697066421047,2.384285159043696,241.56018697849603,10,17,benign
23,120722.585969243,37.583325977829446,6748,167,0.12780230047630833,23.0620276795323,6.165453678010056,2447.913565174643,122,17,malicious
80,3800.0022758878777,35.400353114932834,65166,187,0.004694626349523097,2.5618970823825538,7.870299338704603,17215.60560540402,125,6,malicious
80,138904.95122594925,39.08612460897576,1226,198,0.04113702059501611,4.224083756804786,7.265278207992313,98539.48380634903,116,6,malicious
443,2431.98740773665,15.216191800633302,34193,9,0.0468941686728131,16.708349784310034,2.9206633171059546,2580.18862742798,9,6,benign
22,2089.4825409013356,19.040752508428344,3051,6,7.339296740039993,55.210110011072004,2.678213233036035,11465.146821985907,11,6,benign
8080,10381.464300050822,20.70600110102214,47747,14,2.6443950007429993,7.077191786143328,3.6736075380643394,7423.057869990071,16,6,benign
80,4149.040547012627,16.969714493259474,15831,12,1.6671387852888895,3.916728564967407,4.295374943478516,5673.971620228538,9,6,benign
4444,229331.8478937159,34.409520467183754,29450,192,0.01112080859745627,30.503197384201275,7.78970181181609,38234.07201216809,116,6,malicious
21,23517.50004245345,30.187704522449994,64133,178,0.004219210767753377,3.3398792751272293,7.279292963447999,34117.880893071975,106,6,malicious
3389,101614.16306284985,36.652159875398,42873,187,0.06951169591726122,17.93056231790384,6.379775732210268,135953.21444124213,114,6,malicious
80,886.7634788219902,13.779230212994491,1202,13,1.2293660804993118,0.5227397223383492,4.606496549001129,1741.1492233115541,10,6,benign
3389,141748.8260124191,35.40641134380499,6841,169,0.14396304670490997,0.2874443599275796,7.239654394505732,40584.96136038697,118,6,malicious
21,6824.496302406094,37.738929622916515,35771,169,0.29438566374087194,9.01034454693429,6.935647964646445,78329.55235275146,123,17,malicious
4444,209223.29565676,38.58892169877841,8209,170,0.11203897757706408,16.030274906910794,6.384582233325565,3290.4583849826095,130,17,malicious
21,12365.344804843066,32.230651252391525,60878,165,0.04601061271679687,2.304864964969039,7.802622941020699,22093.909575614667,130,6,malicious
80,2369.155724032799,13.169502988536731,61250,15,1.048534255821204,21.651382761832334,3.0752533862973133,2945.607890907847,13,6,benign
8080,2941.737194350382,16.778502511899223,5008,11,0.9656223478206309,2.067162027932445,3.2041715604779295,4460.618186104786,13,17,benign
8080,237.73138187837705,20.17308407800266,65120,12,0.5392443896117185,11.444142294268222,2.8626832670021782,1885.1958209043228,9,17,benign
3389,28801.1811499392,36.82916499505383,23073,192,0.047564977535761555,5.529026634605751,7.452038272036965,68534.64024687602,129,6,malicious
80,12718.148003003233,13.688011216377937,22429,17,0.4283082650839262,20.930224980417634,3.261180688987394,2321.122777365557,13,6,benign
22,688.4088846266798,13.45993437841078,55698,15,0.45367348380484096,24.453547180330343,2.050818505767106,11067.36562281384,13,17,benign
443,2950.9564966327134,15.239749945625206,11260,10,2.1236389820402364,1.0256479863403625,3.3677307182817793,138.41624169778143,10,6,benign
80,8446.590895930844,9.528374489035778,22920,10,0.6290736040485134,3.2091259479787007,4.175019314309459,2256.563667891375,5,17,benign
21,193434.6113877637,41.72710873802181,36775,185,0.1828797342200964,33.47408827342294,6.692205373077684,106267.66733167341,120,17,malicious
1337,50293.893331441664,32.079444320835854,15659,201,0.0038548955480824,8.057873471744301,7.24688390730477,85274.76968453712,142,6,malicious
80,4162.420103742639,15.894400191627671,9566,14,1.5265395037063645,9.71503357317159,2.843872112526485,1711.0399459930884,17,6,benign
80,5538.527117912152,15.54694914070109,38074,16,2.5228966759336036,2.7592724162391877,3.482393154835101,3074.670544851927,10,6,benign
22,16270.244821238995,13.450402494120336,45402,9,4.902756340215385,79.16242448212417,2.511163846105749,2253.381398977586,13,6,benign
80,4614.94005513518,17.095963516699722,32366,8,2.0569337847052878,38.468539599018776,2.350485566228914,88.83170386106228,8,6,benign
22,4098.943352491406,15.015690058030728,55704,8,0.8401593369889786,0.030400850989764496,3.3569543163516515,2596.2044918031525,13,17,benign
8080,73.20395249569276,8.74600519387523,45814,13,0.5331263433153267,12.002124878040945,3.74219158667662,791.9067304918993,14,6,benign
22,422.0721345943845,14.675509094431908,64582,16,0.2082552886397937,30.867242014932806,4.460623179639087,1253.2654645505436,16,6,benign
1337,564762.1559240673,29.730626482049573,9012,172,0.05409625559908683,8.44583261856711,7.4473656929727685,17880.132531464336,104,6,malicious
1337,201916.85540057518,36.8353986906953,60335,176,0.1430534910943044,8.612186873008,6.411117802695397,102932.34751393825,117,6,malicious
22,10075.440753366263,23.10423926696911,33094,15,1.698415792863094,7.154750728621851,2.664021355898961,146.2255015665979,10,6,benign
443,20250.37241766742,16.13305583519999,32979,14,0.40600766985999204,0.4387805176434015,4.243934206283742,1283.117206527414,17,6,benign
80,155679.94972752593,41.70672400901055,13620,192,0.07080542530524708,23.429968164453662,5.741725984729909,87371.77429828746,109,6,malicious
3389,18766.4064816961,43.23498402330472,24683,188,0.0879247530928541,9.153756951022935,7.51507351590456,17925.890880190484,129,17,malicious
21,444371.84303832724,30.370669339948318,11440,167,0.0019023908352222413,11.359387114242494,5.977695312818804,51127.69511746211,115,6,malicious
80,38197.62881685705,32.69982200400704,62890,166,0.040328599445331216,4.429366553805554,6.645095740397613,46749.97981447222,119,6,malicious
80,2068.115754772254,16.275576421110273,20195,12,1.406547817807277,22.995383943050605,4.045079220631874,4190.514496025066,7,6,benign
8080,3174.1879196942073,13.078192055829346,54802,12,0.07908096741881214,23.679888112660613,2.035267894182801,641.0169473473775,10,17,benign
80,221386.90825093587,37.25645776404788,33601,209,0.03254657168132083,12.075293348223877,5.656815226117657,18206.797575132623,117,6,malicious
80,1773.013505319084,15.069165565439489,56737,8,0.09907185072139531,35.2495419997781,4.379901432230933,1604.0677224420917,12,6,benign
1337,329391.4562428187,30.758553107605714,46327,169,0.018805307908288476,1.8475089630394677,7.036619312215889,39720.42859728315,110,6,malicious
1337,47207.031886936726,42.154829258839584,23760,175,0.04108520433521653,23.170678490866603,7.448273263629863,1640.1397414726537,125,6,malicious
1337,165364.4699616314,37.45004032219585,46295,177,0.017180871791716065,12.266517899011507,7.802327940251253,135651.4150463379,132,6,malicious
80,4978.8243045277095,12.721425740220667,5832,11,0.6317777244048806,3.940221478607255,2.1525692711860316,403.87929619002705,16,6,benign
1337,26895.510700727027,34.817676734845236,58805,175,0.036212497952705695,2.12870408389183,7.0694084567469435,29299.33287907655,130,17,malicious
22,2875.4659963529575,13.355524313665942,39680,17,0.3836695159735177,5.371719131874979,2.558712838723338,2473.6272376333186,14,17,benign
80,102134.16514268586,28.673748769554017,6761,165,0.012663329664133567,29.102073977723155,7.468138218851992,49714.30425294543,125,17,malicious
3389,56121.01464114342,35.31116642818315,36150,182,0.0036285202792972326,23.240626409015363,5.874166492535928,895.0975362936396,129,6,malicious
80,1700.4645486523834,13.993108426545561,62222,7,1.744489591453057,15.540158843598721,3.0466554800965513,706.6026677980901,12,6,benign
23,57308.94777364046,27.52453910749805,58750,189,0.02489071467376385,1.4200513989821102,5.887810589365097,3764.4421682180773,114,6,malicious
4444,67118.42059980833,33.75559154607282,30676,202,0.016870749302331626,46.46004438643598,7.41082245478145,53370.53644980194,136,6,malicious
22,1738.0974272172716,16.610928362099642,6414,16,2.2445426921453464,5.467153770296161,2.277184739575278,2515.238589883807,13,6,benign
8080,2550.783501233344,15.913587356368069,21624,14,0.6405379136406296,14.009184371008358,2.0942904729506537,2992.504003413147,15,6,benign
80,9567.277345724913,10.7862765850106,1430,9,1.1177785180767574,24.3760319201921,3.3563994750196917,5505.638363922146,10,6,benign
443,3468.7155343837517,12.616736649443482,54516,15,0.23784884779056242,2.138250526854682,4.829120343474483,3029.499742849847,15,6,benign
22,5680.02650421553,11.718362314072163,33788,4,0.03589631082587221,15.841774655834296,4.751747962457406,365.1158631990427,21,6,benign
23,106722.12494636005,28.553752743111907,50241,195,0.007679472355331292,0.49243530278325653,5.768769456092979,26509.879239586513,138,6,malicious
53,1529.946083388841,15.145279371645254,61357,14,0.5344357779087944,1.6102592773980426,3.885784782329014,2496.3270229982477,12,17,benign
80,15465.640813478556,12.214840637679023,34019,17,0.4904704484151041,19.263846646785847,4.568667220074347,10174.701394814378,8,17,benign
4444,184274.62296916242,28.245404483719778,46961,179,0.3017020395908409,2.52773822822408,6.790005889597593,19654.21080485094,134,6,malicious
53,13586.817572111591,18.173347706924616,19592,17,1.9542181870383366,8.791502846262002,2.540480399061895,1264.7968054193686,12,17,benign
80,32757.10057987514,30.321358225862053,11457,182,0.014640411595279878,4.281919119294013,7.483899062729829,43743.77816787726,99,17,malicious
80,794.3583202788014,6.845864430359111,30401,10,1.802579991181004,8.202739020339486,4.761938105535486,1974.965603371431,13,6,benign
80,9683.5646168274,20.844504702077117,63121,11,1.8564317546463645,1.2054702972836717,2.0588152922172402,3412.255331685498,8,17,benign
23,2809.9054684843145,29.231550119109144,24208,157,0.04222929100556409,21.091368121800194,7.425559946854161,20233.44789134457,112,6,malicious
3389,180200.7803277955,32.45696836531309,59880,172,0.06029247340127521,1.23509929749286,6.702172187294773,59156.17149694537,140,17,malicious
1337,155258.43854041316,31.575574378745756,57927,180,0.02113759818493191,27.294469333693225,5.955467468316379,26547.91237960678,123,6,malicious
3389,79350.79721585824,36.301304387925505,49505,186,0.009767023767810037,16.29768571808677,6.480535019741228,48157.23011477837,125,17,malicious
4444,111882.87708698343,35.19381386489865,10145,187,0.06760350446317959,8.082862458707641,6.1750854772498895,146205.27222764364,105,6,malicious
53,5551.509329235709,19.835833039308906,29636,16,0.7980713286494223,30.20329512371645,4.819506274544972,212.0968002350965,12,6,benign
8080,1916.2095794281274,15.462071451658277,23231,14,1.4363469201150596,3.0893430300167597,4.580797307380389,23.945559877874896,6,6,benign
23,160890.78436974125,33.40818401089368,11819,188,0.09761216530661418,4.609381013803341,6.229234152300396,74619.76274556461,135,6,malicious
23,9906.759662495313,36.763049877102986,18588,176,0.04608556925593198,2.2122583640188265,7.862828319832649,70545.0631816889,110,17,malicious
21,27227.285215364827,35.70735736640258,63421,182,0.027848550641142913,7.208537364762219,7.7203126011150465,36307.43408297583,113,17,malicious
22,3530.7201447621296,12.767919532470488,49627,12,1.2988408513323828,64.83734181711615,2.329649493233315,4426.9804598151695,8,6,benign
22,9302.408632081759,17.107724381869165,43023,8,3.0463824144379927,2.6336580677131156,4.742886904557881,880.7353058102741,6,6,benign
80,224812.59616325962,41.638790326190595,2125,190,0.07003340579408189,26.665761552734057,6.199808881702626,23686.160598572427,131,17,malicious
22,2682.544472826357,16.408954458725717,35891,12,5.0550300804168184,15.828123554204307,3.7179101197175743,2876.4529195589407,15,6,benign
1337,66097.58481232014,36.12251345079254,1537,186,0.006779261850363003,0.23910762169577549,6.386506250819102,199625.96427540397,120,17,malicious
21,44387.56010537584,40.12172851508325,63207,179,0.0722906318861399,43.4764138807409,7.75289581006365,102839.09777056992,134,6,malicious
53,3076.324176906321,15.213250749889587,12348,13,2.9546033171704433,53.15417232269182,2.253864026427733,835.6537596777722,12,17,benign
1337,445989.5272812856,42.960575693328856,16515,150,0.007260227753093465,38.834160989230604,7.311168939037606,18430.801774262593,115,17,malicious
21,151366.68860898435,24.47085944368535,14717,185,0.07246996045229294,10.44948844302603,7.027241985814644,63818.95736741687,137,6,malicious
443,4895.789225277496,11.757548428299634,16947,17,1.0404895959588727,3.7341371728775883,2.687417616300438,4326.09285346512,7,17,benign
21,192154.3096600345,37.460442789893825,35624,199,0.018708092720042903,7.445575735657122,6.856218316875516,14479.659083872153,118,6,malicious
3389,192031.53351536253,38.41976499552611,65203,195,0.12152008957607571,14.286214003818063,7.073851694038693,194784.9655599714,117,17,malicious
21,164703.45756962366,34.89416804113327,63006,180,0.0030932311381794194,7.142411324536134,7.906851579916189,41702.16563941434,115,6,malicious
443,15313.334050892325,10.580192052650858,60825,12,2.7293771070161323,18.473842425102745,4.833830647981309,1865.274506656831,12,17,benign
1337,78635.13872557593,33.93465433840221,60570,159,0.23919106455884453,23.81335197801309,5.762164147042658,62423.22893723658,141,6,malicious
80,6281.01834853613,19.087582108970572,11896,11,0.5670949612463703,3.524312188931221,2.597392760592415,917.1169045575668,11,6,benign
53,4067.9071000578765,11.155267622848584,44082,10,0.8297779861220691,7.786443675962423,3.6084285182270244,289.1733942588938,12,6,benign
1337,159706.49283130534,35.55500970568215,8161,167,0.06854702791306296,47.460267333424675,5.999680105156656,34734.2514114712,119,6,malicious
443,13266.609555441644,16.00465841736379,12382,14,3.3508018072477705,4.311367609620718,4.36141501560509,611.933596173663,9,6,benign
8080,1018.052223836486,16.151603580337976,6831,9,0.5029840463278454,6.379985925663148,4.805363691618448,1601.3959859305303,14,17,benign
1337,30547.004896444458,34.055707694725974,49674,175,0.04141426065093067,0.544678079145519,7.411480626114597,146295.9334110139,130,6,malicious
21,16882.54317450314,36.16503726890649,27527,184,0.01286085024053887,6.060228320362958,6.712643484159563,62430.50322177257,124,17,malicious
21,522233.9828121364,36.425233181562646,15883,185,0.007460886116655478,6.952724448172922,7.608508574582922,111567.11077977273,97,6,malicious
23,33405.66752673816,35.80770806203214,62818,193,0.10914483306942918,1.5776673123268687,6.402093087596427,4993.121791844648,104,17,malicious
443,8399.723735695408,13.117785260452475,53292,17,2.176299339574398,0.021649365428258828,3.1578189543115043,8904.549367786754,8,17,benign
8080,182.10763633830436,12.524874123329798,48929,12,3.338050527856266,12.849309695251831,4.31061987034613,8467.888244908063,7,6,benign
8080,3756.2825489944066,18.634127165388797,63692,10,0.6171113751431435,5.382872767739963,4.968582023638672,2232.0654561044316,12,6,benign
3389,238928.96510548188,27.629731224101853,23258,170,0.004057429163997371,0.2697689238643151,6.425492102802789,4579.390503412488,122,6,malicious
1337,6712.869931837227,35.33580251658912,12103,166,0.017972687579423944,29.485726600198046,5.702924426118352,6538.120677184497,121,6,malicious
4444,125533.87775007944,38.62745512593627,57774,180,0.02762406506009275,13.170829568948818,7.868433955528689,274963.99805331306,135,6,malicious
23,76177.0008172521,34.16781901938192,31999,187,0.0722072504296091,2.816073315871934,7.590224632296536,15885.421228017898,135,6,malicious
8080,3184.625692244194,15.200220968789615,5367,20,3.1284837706516644,30.064635117668356,3.4647192163959506,1897.2245904576903,12,17,benign
22,2647.909917845884,16.124592837403092,5652,14,0.5273239300315051,4.387122500513783,2.9369922713309773,497.0811424300123,5,6,benign
53,1349.655619245159,10.548949673216619,23592,13,1.0637509228108093,3.870795333587692,2.4926836120270397,4702.32310297335,8,6,benign
23,240722.35630895884,43.69818192328016,29130,165,0.037755289982893604,33.754737247590946,6.607475050542176,19089.7489263646,118,6,malicious
22,706.3422307955451,18.952722277001897,10005,9,1.0838760947622887,2.9668505183807876,3.7271182563744403,6414.289090553092,12,17,benign
3389,119789.06865477488,31.716871387185112,35092,187,0.06304800309801756,31.677709926776906,6.272510620830951,3229.919001248957,94,6,malicious
80,9240.283769962442,14.128922259349995,35739,10,0.13410131438058517,24.36624049149222,4.618910372724084,1157.4746562147714,16,6,benign
53,1296.9088261773018,17.14750137529333,3266,10,3.0616842159460314,5.561119931350673,2.661127958062668,888.4114079210964,5,6,benign
8080,10065.550752177362,17.542574858879135,59462,11,1.3511645631183946,0.5250387955663297,4.339107956161401,3970.8438669267566,8,17,benign
80,168611.0340213821,31.668967237365436,49421,174,0.035182361381339095,1.2927356868442876,5.809040604533569,101505.96000752434,117,17,malicious
80,580225.2806423083,37.467914919367,51534,172,0.033629335072395745,1.7400588069235736,5.5437291450484825,8395.308037622937,117,6,malicious
22,629.8699825252429,19.923450810718432,37448,20,2.6712146152056486,33.21845323049453,4.550720082787434,601.3507567013094,8,6,benign
8080,5188.891544144612,13.608472021032672,50483,9,2.355059343655215,7.763624693603523,2.7685553458574566,492.3374667133901,6,17,benign
4444,292080.8629083401,33.48625094449571,35242,165,0.046975564020063344,0.4960591715470248,5.754221503878844,129791.03483941492,119,17,malicious
53,9056.313876416718,13.946157592856418,41158,15,0.6126419184070004,12.197501325465263,3.440956631600543,268.99390621823426,18,17,benign
21,89483.62410456149,32.53762219814069,52299,161,0.0010440845316611203,3.4977615394267234,6.237651677494727,26725.5618897778,113,6,malicious
4444,50764.035154829464,28.61933602732213,55058,169,0.013089048406502409,4.020663304640865,5.954160185503618,17472.804045234956,114,6,malicious
8080,4231.393564941667,14.324631220421594,3866,11,0.769445580467464,2.630339323899144,4.308895507709725,428.3454871255119,9,6,benign
443,2620.251850847644,15.548271536057479,17041,12,3.538676536853634,21.533621812842398,2.8638293888096245,856.1414326479756,7,17,benign
80,107245.13766246884,22.25333012623598,14860,197,0.020401378418294373,0.009196225521876426,5.764364644842476,8952.945239653922,129,6,malicious
443,10681.25684786703,18.311785437021072,15210,15,0.9611816133302603,8.670092182649752,3.817417622778856,3583.231195349337,7,6,benign
8080,2632.98953416776,18.463659056337978,35456,11,1.5849425574155727,1.3631744723819206,3.37004136813727,1099.6625844671669,13,6,benign
23,92521.62562125719,32.85646376559633,23781,188,0.06177779569419126,12.05697838954477,7.0859363822961905,6980.524048828227,132,17,malicious
3389,18497.68278436573,32.96530633325048,48212,182,0.10294976201949377,6.369543367143091,6.824345002225454,14851.625078173669,119,6,malicious
3389,167631.57566718312,30.56949649674971,63649,180,0.052208638979294786,0.4314187285764493,6.043596294503271,171120.11818353808,118,6,malicious
23,84963.26632851966,34.08569438473328,32140,169,0.005117702430728324,9.269878508973099,5.803460688514672,79342.08983952948,117,6,malicious
8080,2347.2126855554916,14.403171168513596,37740,10,1.3188010049157644,12.679989316301976,2.1769346366702194,4184.787514379334,11,17,benign
22,1010.1851057040535,14.816607723006388,59762,17,1.7302153150184334,4.268384948266769,4.545072627889008,1393.6747552867616,6,6,benign
23,34422.369994059096,35.74763865431559,21480,173,0.044266299004510005,21.7552563924196,7.221609636356386,703.346454450904,126,6,malicious
23,155666.91298760075,22.114930567574707,4658,174,0.0036755597585827293,6.9555233155791365,5.95200105916839,304.6479415907652,130,6,malicious
443,1767.3586391044662,16.48816507335536,50390,11,0.8959090227065551,20.755257421564146,4.453759293061347,4103.483074121052,8,17,benign
1337,95855.06397659241,45.3148389364226,36864,188,0.17444759917196528,12.977397105954811,6.866043967973798,34185.30633641185,119,6,malicious
22,7491.425850384461,9.727978088781372,62422,15,0.03534106068112264,30.517374612588686,3.475358523532022,3779.3899404953327,9,6,benign
80,6914.656576048166,15.0642917141273,21880,17,0.7178168904880726,11.875457144368786,4.723531315905191,1644.628342997193,7,6,benign
443,1993.249081489855,11.115879739157467,3483,16,0.2985456580213679,3.0800553654462792,4.279345382141193,4760.771966487979,10,17,benign
443,4719.081587789814,16.281933260261656,37498,19,1.2165774889902974,25.93947859014216,2.0054608578630826,2638.608687905447,6,6,benign
443,10249.984031472019,15.35793490161237,32543,6,0.4179944890999727,22.920305727582043,3.37827972921138,655.4009534996356,12,17,benign
53,77.83991181141498,15.65211638008293,61639,12,2.0061302811046495,53.82509806402708,2.0320105977789638,6642.396102445279,10,6,benign
22,2861.1506993214193,11.816889980303444,18614,15,3.203901810430776,1.4738193215914193,2.8419831409420246,5438.776944800084,10,6,benign
23,77904.82953970478,24.70980300458385,9625,175,0.011544041334802177,13.419082075960617,7.849525631439636,52092.85535324331,114,6,malicious
3389,490501.3298151778,28.464261465256026,4493,173,0.00943440668501559,10.149336557947011,6.517540301969974,81581.15098957304,125,6,malicious
80,12740.19747510226,28.574260861057645,25815,184,0.031765383834300394,16.669633454946652,6.826428640961415,103036.1539223884,138,6,malicious
1337,85862.70504255207,19.84642265331149,38639,179,0.14185867507972488,58.81584130958865,7.31078587429256,18287.155031621387,121,6,malicious
22,492.59691714545045,15.293206158281142,1372,10,0.8552893349380432,11.398027702184732,3.471964707358763,162.07421814629376,9,6,benign
22,3593.18556173226,20.510751018837436,37443,17,0.3745576263817892,17.3629539978288,4.452168465790923,7298.239655449758,5,6,benign
23,35468.36324200899,26.381743386938332,3902,156,0.09013347846588309,6.397576042218759,7.135804676796802,54942.03116720195,121,6,malicious
80,3407.650638406653,11.257399685573919,12881,11,0.39458189654107123,5.3280793876205745,3.845104326405999,176.20595840983884,21,6,benign
4444,211537.6042189776,38.17462377003768,38541,177,0.03573797491357998,6.126214518474537,6.151369537503035,45688.61811022099,135,17,malicious
53,2420.8475128554555,18.036677607409928,45053,10,1.0363537899625823,0.5905940111867645,3.439890311670988,2648.277480341984,6,17,benign
4444,40073.88682307928,42.095483254487704,21402,175,0.15034285806194855,5.026651025571161,7.163382885613441,24794.65102828145,129,6,malicious
443,3287.0032706964985,25.255836538107452,45096,18,0.5625379645345859,2.8482864899299893,4.556825958475075,2.295176716330074,20,6,benign
1337,44538.2552080113,44.12914739456049,64238,190,0.08318376105551564,9.171516694730085,5.565162231431912,99674.67643271778,138,17,malicious
23,28892.58166925249,33.803052731261644,1026,182,0.01105221814356255,9.265719713259188,7.232958171140544,74863.23786083735,153,6,malicious
80,176001.02926920628,37.060183407779846,51293,192,0.21151398434850058,21.737223729244416,7.847321422665181,28068.404247046274,124,6,malicious
443,390.89987398917157,14.257848637858546,26682,10,1.107014954003267,10.466115177720072,3.8754833503015447,893.3882890145766,11,17,benign
21,98533.70019367665,29.457213011476902,24291,203,0.0981626223753221,9.328636943687664,6.803309386504864,2442.6764802932726,118,6,malicious
4444,113698.23592291886,26.9204869821797,46486,201,0.24742559923068527,3.9521863629932867,7.24194113677092,50702.26933257149,125,6,malicious
21,54091.165205450845,38.45145131566994,15377,157,0.05684770058615152,28.70687381913007,6.07519850529092,5112.988361677771,110,6,malicious
1337,102366.10948720503,43.08372053721189,2541,167,0.05666659298164427,1.4311677173697128,7.378872229156368,62591.456893374256,116,6,malicious
1337,21231.596545546592,36.46492676856725,55022,163,0.0099770072933829,60.50944047166464,7.670221074095213,42646.83879037015,116,17,malicious
53,2684.4708431371128,20.37837000702976,43879,8,0.6167485642399947,9.696100901370134,4.494651062763969,1835.4353527443013,7,6,benign
23,241686.42128438814,25.674069850961942,20987,189,0.15309515431607687,3.086684131417614,6.147247288985879,23168.483838228072,118,6,malicious
1337,165380.87568834564,37.31154690112148,61001,188,0.011611912738039076,6.5619559568094905,7.510541102087719,4720.566228611242,127,6,malicious
21,115891.67915379391,22.522486001712267,14199,172,0.1996005643437459,0.23234292685513502,6.53335811100596,19488.580174551706,126,6,malicious
80,7114.703813100176,14.900850333808187,52555,11,0.5696334165767641,2.7322318024414303,3.7705529611849093,656.0916167844578,6,6,benign
8080,3256.6191950600787,14.052873474807178,59380,14,0.3795101766610755,6.127190631297331,4.416177028610428,716.2612672156467,9,6,benign
21,53495.65058526593,35.08190024762038,54440,172,0.06326052177350115,12.125518184999562,7.772453606266717,32145.609894261994,116,6,malicious
3389,26219.850670949236,35.635015986058406,52999,161,0.013048267570492449,2.0799827251944105,6.567243853791569,49608.504425686675,120,6,malicious
22,1728.6965438865814,16.309355231458973,31391,8,1.4938976518394886,16.9034772933066,4.221469305439584,2046.0286010164564,15,6,benign
23,397663.47921299026,39.78878126717591,18256,166,0.02699556056130159,27.895098239508002,5.898862472324482,21964.728790363344,135,6,malicious
53,458.25008568690214,15.860969287204503,60072,10,7.130761957951969,12.74138821184713,4.044972358778514,6679.988791632409,9,6,benign
443,8191.1260721421795,12.50746842992762,38828,15,1.3491777411362076,5.283873121922999,2.878607587627442,2650.4848460751164,7,17,benign
80,5530.959490334038,18.61509322695273,62461,10,0.16121154039250027,1.9412521881500517,2.097027353953054,991.3685619168488,9,17,benign
22,6592.084461084299,18.464940687593675,50381,10,0.10059836991630768,0.23485494830840353,2.0874373392631282,5118.457583998287,9,17,benign
21,52204.58976437172,32.872961071850106,27492,192,0.014141471829046395,19.740465103474417,5.683843333142478,150.92036917768428,120,17,malicious
8080,5692.888813061791,11.406351324266533,1544,13,1.6076684634345253,14.852263202941094,4.833620131985125,4797.771230882687,9,6,benign
4444,145124.2985278736,32.69010477226467,53752,178,0.06572952393593265,9.702068882796233,7.695963457325327,114832.96524856583,100,6,malicious
1337,115056.12895696123,32.74455498696502,22521,188,0.04637226042437542,1.613703865619208,7.548448870164393,49869.01200589103,126,6,malicious
1337,9316.479219306908,39.69319292742372,49497,177,0.23527902295942218,3.47945718424054,6.67793928238902,158397.58319328475,140,6,malicious
1337,12750.369354916133,35.96671333262567,27951,180,0.17705674012174924,25.324968887680257,7.027121266683622,28180.088054786305,117,6,malicious
8080,5158.174352574665,21.243951900097663,7282,11,1.572829485376455,9.804613046567777,3.003054323463721,4173.850735031739,13,6,benign
4444,93857.93778319473,25.251659477290424,56983,195,0.203891543241557,49.38495346746295,5.774562457526639,21099.89468232172,130,6,malicious
3389,530950.9891794494,37.68992006405315,35926,160,0.06655262022556957,157.3287463370831,6.212260235849116,7705.304600132283,118,6,malicious
53,17868.983907534428,14.417083315753644,16478,12,1.2403328028166798,24.194697140700658,4.248291497826306,5039.914564203558,10,6,benign
1337,1518.7117013307484,34.85287329555972,38630,176,0.04213745475683227,4.4798027871181185,6.445320376336671,737.8444733076042,97,6,malicious
4444,98383.13715863369,28.620780083314223,52651,200,0.00725914023269031,3.9422072450242416,6.184793837864932,35597.470478183015,109,17,malicious
4444,80280.02639428149,40.5975526846957,55993,178,0.4112858032531734,4.388094176720881,6.1287461536533065,93934.61024965237,114,6,malicious
4444,16927.248583806675,45.977647502673676,21953,149,0.014486412211753612,64.89613042675738,6.386963781796164,19371.198160476986,131,6,malicious
23,384999.8543799689,34.11454901361684,25201,181,0.023175799017284972,6.1272054980509,6.4480662697579545,4971.139860373516,138,6,malicious
22,4951.624718648919,11.087002145458682,1809,10,2.0012434773367005,18.385443052738317,2.258136695522608,57.87540710152455,15,6,benign
1337,39221.45096030388,41.18449799418094,9167,193,0.032936304427292756,47.91922878318302,5.933838505370724,6904.379754520133,111,6,malicious
4444,44353.25740699349,38.431322200328815,25116,206,0.027318154114579354,25.688359683090024,7.470841658797424,37612.75668781748,123,17,malicious
22,6513.137736546152,17.010704521775278,48842,8,0.7990449539965189,13.654771894077896,4.817100212499453,1422.194970936434,13,6,benign
8080,1958.8109211260814,13.760211243219906,54273,13,1.3113650724341754,2.7762599764642975,4.094468009613946,1904.1142741808994,13,6,benign
8080,18954.106370605525,13.255584125106669,55373,15,1.8126226374782513,2.8844556077041386,3.23385778749428,926.9173262448161,9,6,benign
3389,81927.35274077638,30.968777572849397,14659,179,0.12056607180879658,10.171605360289421,7.305779953158613,40712.11307893009,139,6,malicious
1337,522306.44736866356,31.48468404297248,12006,163,0.010956527529144371,45.530979002436844,7.810612806807336,20168.5411238864,118,17,malicious
53,600.3178198435635,10.37260033134974,14433,11,2.803433755279518,35.228445308881064,4.793279837135296,892.5574428006637,6,6,benign
4444,134263.8614472389,47.67460630717309,49780,176,0.08141646109946404,2.7262827819281976,5.536089947585801,48643.074447622435,128,6,malicious
22,31662.598049610948,21.141001970320445,19565,14,3.8092453114992413,5.089257421915476,3.6787419230243965,3344.400107683066,15,6,benign
1337,98302.84725023137,24.742632650185474,59046,179,0.015515766404528264,13.330546253928677,7.2119812132698415,35059.9471725085,121,17,malicious
3389,445.06771573517796,37.34229238458401,4552,159,0.03343708531319355,9.73495912214759,7.911952519577229,16061.080147647164,135,6,malicious
3389,41719.47606031017,31.850308740937802,37351,190,0.014785994615520055,1.906643299133313,7.375952387898316,18182.132831361167,112,6,malicious
53,5218.097074605093,12.1807501961049,47912,11,4.592874742269638,6.914045409748271,4.487457980223266,1546.489906486533,21,6,benign
8080,1175.6671167763561,12.18463650441854,25542,10,0.22206533178910448,46.421481953771405,2.5934915151223366,1408.3940509852891,5,6,benign
22,783.8864766301862,15.540475904860788,25970,13,5.77342335841761,45.37501421435309,2.7189914016331054,3076.399310341,11,17,benign
443,11736.925711291515,15.675966652202723,33104,16,0.03796563012520188,12.295148801303935,2.1952922413269302,7589.648948625295,6,6,benign
4444,262096.91516641615,44.91349934768975,36729,201,0.06439232945105501,15.128611275090162,6.303612383696606,5844.3757759138625,115,17,malicious
23,64998.166521479914,26.770297465740747,65110,194,0.21606587112466658,3.763624506566801,6.056055332081696,15752.868227303026,105,6,malicious
21,354472.0052351981,33.077926917027455,25580,179,0.2087836375657423,20.319187198762048,6.091389996280754,56544.25334263803,125,17,malicious
80,600001.1860876635,26.217176520526362,41930,184,0.04953243159665952,0.8088647685240165,7.169469379640366,10181.447234846892,126,6,malicious
21,64633.89499551039,36.73923317964279,38933,180,0.06985516856844724,3.7400451329186852,7.41806430550073,36891.49756974279,137,6,malicious
21,45278.502081352104,36.32902613126254,50897,166,0.020941839610278477,0.08851597124543466,6.954505276396367,35453.99834847543,107,17,malicious
1337,118751.75796365752,26.456525171419393,62768,187,0.37281928050990987,7.3091087984501115,5.659638153481397,89799.84561319783,125,6,malicious
80,31081.707859031183,42.72638159875978,51099,178,0.026093505930004354,28.482942411519566,5.595023334263655,46973.33731984627,124,6,malicious
8080,7679.15818292259,13.685145202971706,22799,9,1.3583414105417502,60.68886880700829,2.4389213247530033,421.60235011542414,12,6,benign
443,8756.552912222603,13.684059817216216,25065,12,2.8097932418883773,16.52828349213152,4.61773118220137,6023.000466448373,15,6,benign
22,12253.395947751742,12.104331990173723,1859,9,0.5628673574248397,20.489536022818648,3.4078341533970615,12205.596209079282,14,17,benign
1337,26627.66072153234,36.83478151070597,52669,181,0.008772951529224719,4.572414887715527,5.690070193423509,24022.263447683305,120,6,malicious
1337,78571.4952378412,40.37666790552252,36771,169,0.06565950291655068,11.019937902420162,7.312896914855813,60040.22079138801,115,6,malicious
8080,1398.9928848948157,13.255494141016358,44309,12,1.744420964698425,20.009963788860723,4.67038434041912,1283.4656455020527,8,6,benign
23,162263.40796192765,25.75777387440579,45908,162,0.01285057521800704,10.315704315760149,6.366693984144099,27184.47792361831,129,6,malicious
1337,75326.34871574538,36.418913212988166,36216,179,0.020563611120232736,1.3907187391281892,6.907506310921026,55667.86787713183,123,17,malicious
22,1513.9456069410792,13.565283152924328,48359,6,0.3539732020651436,20.256045059841703,4.980771791954057,1261.95913351977,9,6,benign
443,20060.687164768042,14.822462667568667,17128,13,0.03572258279921023,3.7185456484571917,2.447132690781258,1260.9748448540047,11,6,benign
80,390874.8119545218,27.57894446525909,15951,170,0.03901080088487799,1.5420845810174018,7.643911893700139,26648.756225026853,119,6,malicious
3389,71427.30833243196,40.852482391573275,5545,197,0.006279337241951692,9.752980655060256,7.151556157803994,49877.454135542,115,17,malicious
23,28594.317379834993,37.28101299569596,45110,183,0.061434586377757734,1.1630851822917692,5.759859439184702,201803.59375298602,119,6,malicious
80,365999.50033147604,39.06983152432795,15304,176,0.12399827577710641,14.89124699805523,7.618945078043387,76967.66884073954,129,6,malicious
4444,14568.421811576347,37.04175445926862,64290,179,0.06830944848082479,15.344500448388898,7.201740573547624,37924.10453884906,126,17,malicious
23,191852.08472435814,46.2848822616549,48568,194,0.29365252749358883,4.449873027187155,6.632640735214809,98087.4013235358,122,6,malicious
23,22710.19951393661,41.13439867538483,31777,179,0.008353339837909788,50.08789021916069,7.230227597532868,41098.79309644627,107,17,malicious
3389,73993.75055454347,45.22173102209124,52552,188,0.13769767030606034,26.09760622685931,5.932050638575799,29138.77122490303,109,6,malicious
53,1500.2264740033008,14.35762490671726,48972,11,0.2832436881032954,1.7410474749893106,4.375133596311128,4510.5939120200865,7,6,benign
8080,95.54530595229193,19.90647187085149,50629,17,0.9585340077323599,20.70540765961694,4.912198717731152,6529.741720978363,9,6,benign
22,182.76368303231968,14.883529539907629,4483,9,6.744484636892556,6.532866419174085,4.900458661867359,862.8036236838311,7,17,benign
3389,400.7600870874914,32.6456717511512,30459,172,0.031481202986969256,20.811736712797313,5.667229277004103,21002.989707710152,125,6,malicious
80,336376.74270167714,34.7867064952597,29101,174,0.031390685371923396,24.20129687047752,6.436956785652122,62603.26421004766,122,6,malicious
3389,322904.2229850561,37.60587240141569,53723,200,0.07993999150071275,2.462122313362721,7.842036774827333,633.3046251583843,108,6,malicious
53,92.71254603719913,12.614048806456912,2172,6,0.9472404345071781,16.263629883957645,2.1334115269156833,3472.0877986450914,6,17,benign
443,1577.1288388318553,14.103140166131464,50698,15,2.4312286462962476,29.787078028299945,2.6943349050978322,4155.298181014238,7,6,benign
53,8166.7574761091755,12.366933662742476,38369,8,3.718320060373891,5.859540604787911,3.02077399879263,1271.3302667378273,5,6,benign
80,4778.939891963665,13.613455030255214,32060,9,0.12873156305166966,1.2560778749493509,2.389548847754158,1878.0655729118666,12,17,benign
80,123529.29951740659,29.249407368491724,50297,173,0.019606283864525006,0.4146920533504614,6.319057213132793,11927.37538614969,112,6,malicious
53,2963.9193177787265,16.307005555924476,21026,9,0.5316692732512244,1.748023430309724,2.2506363936826523,229.34054115992274,8,17,benign
80,1853.3566306388832,19.974787081826364,63044,11,8.300347662989136,0.0632218657354243,3.5710309161889366,3727.0759504346393,13,6,benign
1337,175623.61764586056,31.353567488855393,49464,159,0.007520182927735538,5.938944438361788,6.457134109070295,54234.167016175874,141,6,malicious
22,1950.9449353436423,10.374772265104752,40422,14,3.1782904832481407,5.335743653777459,4.228305889768864,2936.591814308338,7,6,benign
3389,21014.623907736688,26.492844852780514,37514,186,0.0015487271062447317,1.753760049454275,6.05898392360352,98535.03775001103,91,6,malicious
21,127072.07014624747,39.071303323576664,53259,172,0.02476536164053287,15.79531760160306,6.7574854803214945,18625.571076687218,112,17,malicious
22,5390.573638781251,17.35941131719169,60540,11,0.5065393207946474,72.25014665975841,4.647558305241153,300.52723514021255,9,6,benign
4444,242448.4212612665,35.293923221119655,6954,158,0.42748615802055884,34.67838630822741,6.029781614950206,54421.855321556475,120,6,malicious
3389,10923.883949582927,39.593012065268184,61074,202,0.38320187708955566,4.3723517012162585,6.483742452717319,49647.92244295372,130,17,malicious
80,175173.03346730172,35.786939085671925,14412,170,0.016566740275981692,22.043941749027987,7.252637410684077,62943.83987868957,99,17,malicious
53,4689.910931066562,17.711087726707948,56899,17,0.4432022248397359,41.43678720766497,2.1600978063099676,909.4095385369271,9,6,benign
1337,136094.2293484318,27.221550175457768,54989,196,0.05416716307729868,35.52514328440424,6.698986113401895,5127.853342610565,119,6,malicious
80,16236.153768067823,16.468123261671067,20715,20,0.7791902021449825,32.38370395356435,4.65873544682437,5247.691358930697,6,6,benign
22,4936.202879325115,17.908211149371184,4666,20,0.04791637624021104,23.15830020141203,3.7887008131186937,1484.8036003979798,8,6,benign
80,1502.4887732356406,18.73780465733078,20225,8,0.799116780256849,5.20068835107337,2.8616671017347453,2569.4467813247106,8,6,benign
80,109423.54310181682,39.75545055648078,8445,189,0.03139872513496167,1.3089303912598544,7.824324949261071,27846.42681048839,113,6,malicious
443,6109.09964742742,11.9292036655207,40839,11,0.24689035054112168,10.03616834547763,4.361757711223466,2639.636464146871,7,6,benign
22,6648.371678888634,19.718238549908598,62869,11,0.3048516614295187,0.8452403109746658,4.2066154884498435,216.12033139275627,9,17,benign
21,374276.22149465285,33.98073764589093,14578,183,0.35309437662637827,97.2734796115083,7.191693199667931,44710.26019998268,109,6,malicious
53,2118.226692148139,15.916779850834022,59852,11,0.6294899227459609,6.654741960692081,4.309339834125847,206.38040817009843,12,6,benign
80,23584.14622337706,16.262630273796447,58644,8,0.8717126395094588,47.67317826256881,2.8602150595965887,1962.7082494710273,12,6,benign
53,537.6618598243866,14.524830316469838,6612,12,0.9265781625280598,22.250076113499535,3.751658226576824,6971.385751642911,12,6,benign
443,2592.987302345543,13.600134409545692,24795,12,0.22636697483145085,7.947347947199232,4.52685850328589,1478.8401413658491,12,17,benign
80,322.41277990495524,13.894484363531696,26848,14,0.2998631999958832,1.8887454144449112,2.5425443201685045,4575.976316168197,7,17,benign
8080,8604.036727599936,18.864381865619144,49052,14,2.8274451983391717,4.061255205267251,2.4890698385036094,1015.8583281846797,9,6,benign
80,169001.7213031926,40.161664547752025,10340,172,0.10380738871560462,16.76897153815195,6.85508030161721,23048.108356476023,126,6,malicious
53,5604.402318532895,15.845153655386023,61269,19,1.6445367463404619,26.573636369370604,2.5827658239875624,1631.6125001102937,13,17,benign
443,290.706728520491,15.180425927781586,43641,22,0.8132888099182387,58.26647640657004,2.309692446839653,1316.5262926158725,8,6,benign
23,41298.36523274718,31.847461861083197,43737,187,0.07637214888930005,2.126256445831413,7.155109784775778,4152.073165227913,110,6,malicious
22,9258.724160390786,8.559537203499538,46586,13,0.1025858752399863,2.5431059902124096,4.454954661192452,2156.9786589934693,13,6,benign
1337,75442.03631908269,28.308470445496212,29258,179,0.08582333162848363,0.6504952530285244,5.588591914443098,64046.25121721107,114,17,malicious
53,3692.0460606139427,16.98833295044171,20810,15,1.0142853419566524,4.523967242732182,4.116611530131038,179.54375204783187,11,6,benign
53,2566.9924705112403,14.965632339305147,38124,16,0.008050119177792942,25.811194458997345,3.8809266776298488,546.8662377364719,5,6,benign
22,1786.8670721525953,11.729286872608817,16353,25,0.4590954116032412,3.3145048897669156,2.8285827968370842,4439.491412623425,12,17,benign
53,8129.447519630409,20.462456641020296,16722,7,0.7856050526497012,11.906608770197709,2.6821053010799583,7604.751220357791,9,6,benign
443,1587.2888306823324,13.976544286494645,26351,10,0.5657423830778185,8.869888154125658,2.7517575658262645,554.7926997029314,14,17,benign
8080,6417.667747841813,15.744754504807792,48633,8,0.6751825994346283,5.914011009186375,4.191891824320603,2528.0142870887908,14,6,benign
8080,1154.60029596616,12.890555010215897,17572,9,3.7274543421195805,14.448628849633561,2.9579511990213527,104.31380498231255,13,17,benign
443,1437.4357644380314,10.950844091019409,40781,9,0.6716213913604225,10.467144172182806,2.83387783285242,1031.0369492924701,14,17,benign
8080,2050.839463757182,16.768898881408216,60060,13,0.8140663471815492,6.114182574407726,2.0674432996059466,1786.9071434792372,11,6,benign
80,4447.7130858187265,10.497574308524907,19364,11,2.1477634679638764,17.51224518965939,4.724709481329565,3994.030976835314,8,6,benign
443,3029.5504042005,15.68711528409867,4884,16,2.3686072547019448,4.926898332521479,4.258112433436892,135.33056919645037,8,6,benign
80,5184.263572376006,29.43482635488399,20183,198,0.04250182339812757,15.457997789479009,6.531593138864569,33483.68356578118,123,6,malicious
80,277209.2191861517,38.38281019700731,28889,181,0.0939597189339196,47.284341619321815,7.221421452876372,12193.550589422553,119,17,malicious
22,53.648225835110985,11.110748942779086,35560,9,0.9883272066465056,19.58188912812093,2.880596635326267,4275.501906899179,6,17,benign
21,14717.011367792415,32.81635613991566,60791,161,0.06302604048166877,8.129573934061774,5.7007706551335815,1563.2456096325166,118,6,malicious
3389,184044.99466824718,36.97959442310043,32779,161,0.07220244797869049,20.648684899858864,6.470224928895143,24060.038341591073,131,17,malicious
53,306.61269303186833,10.410796565513508,14767,8,0.06912166372004476,24.85123064411221,2.9437172765568445,3859.3631594837484,7,6,benign
1337,31783.972303100054,42.38232687861218,7250,198,0.042479709540948984,5.914327503437577,7.347637777028684,17239.480039449743,122,6,malicious
4444,2369.472597215817,37.38489305537411,13742,180,0.0023100922906566074,18.318423176715672,7.837322223620879,4127.192680596314,128,6,malicious
80,7896.863551263472,20.96886995935782,45680,13,0.7221512177980133,8.547921584265872,2.8823222919720464,191.19976251463635,10,6,benign
53,10373.844545114182,18.02294408275684,40413,15,1.3024675860859272,25.59935249274147,2.2441685469997816,1498.0609072462369,8,6,benign
80,14835.494308734476,28.796205560170094,50958,175,0.06818756550520642,5.2513982346908525,7.479496924887179,84093.22077282092,115,6,malicious
21,46658.89000200294,42.02793477934711,62146,163,0.012647888292544209,41.651281461930814,7.537597540205931,90311.35246553428,132,6,malicious
8080,1567.0663506630272,18.466390332098005,64880,14,1.701564249926826,12.82747367390832,2.3016330835550196,29.55584259239158,10,6,benign
22,8353.632430372281,14.085060171795853,57996,7,3.0108389539449405,6.538168423821525,4.016302594169757,505.5518765383815,13,6,benign
22,3812.255601113921,15.773687516783156,26554,13,3.105121553879367,8.154656146561933,4.669289779741714,8081.196910610157,4,6,benign
8080,270.9960615173574,17.933693687149443,60360,8,2.956896457341372,6.4110283419361265,2.5376814668151413,4762.468886270617,8,6,benign
23,327279.2088595794,30.12060776227952,60027,170,0.012983725884253304,2.3716886442685055,6.817604381629613,96574.61009051622,119,17,malicious
22,14250.193445794637,18.372217831837684,33932,13,0.4336629013770792,1.0642639012329838,2.1540916473706733,3800.6526917961482,16,17,benign
22,10940.006948096065,11.918967788687667,50895,19,1.0467129572198197,5.824224539260656,4.00064077427169,3312.217625946635,8,17,benign
1337,428142.3671822323,31.00818366542325,2674,173,0.03911054196652342,9.206459492114186,6.231407224648225,77328.66407613625,132,6,malicious
8080,6815.3641153047965,20.57423072860488,41677,12,0.211773396114922,6.736951620148034,3.3342983529779966,1391.1512229682394,9,17,benign
443,8194.149941300875,19.48028324957684,53749,12,0.5089899524862564,0.21025932643742526,2.611186084440541,7349.976674869655,8,6,benign
1337,101107.02443065404,27.798798233014644,61842,167,0.033342466503707965,12.977059221021683,5.5134149780433,4465.05630130739,114,6,malicious
1337,222251.81695260864,33.99392260135636,48056,175,0.002382663411625178,2.3465878451335143,6.50382006823137,15092.506589655462,118,6,malicious
3389,27657.906651943755,41.707536090060294,34807,173,0.05583700673438889,3.554934725262067,7.392965902726839,11949.148410271038,141,6,malicious
23,218827.07005878264,39.857283797453384,54559,170,0.18162782103199895,1.9302651092871352,7.556585577472096,41859.6647716489,102,6,malicious
53,598.4068503922474,15.678503953550623,48482,11,1.9063172117928615,11.023066538809548,3.383171586443137,2132.335974287388,12,6,benign
8080,6118.878717700088,14.295066503533983,42326,16,0.8005019666714785,1.4999454673738868,3.6096951688366876,4051.5518267740485,5,6,benign
23,301310.8832195238,34.88747560264548,7316,172,0.1704657438317384,4.442917996554201,5.814787126406944,73136.42702537273,131,6,malicious
80,5284.733339551462,18.061476599824747,23761,11,5.189355859968055,9.014228940902715,2.6108709912692962,94.72955899309571,11,6,benign
80,7431.695123146751,14.035177260862246,61551,21,2.253792081390565,2.753595025962995,4.03910696870013,2997.178395542841,9,6,benign
443,2218.6591604003765,16.442863970199877,61069,14,1.9427626414920833,8.865395371634232,2.057444873576438,2981.246365672014,11,6,benign
8080,1011.7943183011586,14.608910696056167,26575,15,4.75057593668609,6.295022768102927,2.06355228263857,209.0792391539688,10,17,benign
22,5146.928485135302,12.334986042988636,44567,12,0.785056190862659,29.55581298654111,3.43546202383493,1584.8374893784799,10,17,benign
22,1985.7826445335395,12.099926652957924,20528,7,1.9016129804468083,23.764099166147265,3.625708640810828,6871.647161151732,13,17,benign
443,9833.190649731107,16.57592794256989,17395,6,0.34640053127692405,74.11926257944727,2.824668445100781,9200.964699753393,9,6,benign
443,654.1213009559928,6.88378910251472,51999,12,1.7916305985169023,11.29064698579753,3.6550266008805004,4572.685004187722,11,17,benign
80,47610.94545866142,40.247925831107395,21834,179,0.12319784705589656,12.849013269087237,6.704494151060329,5444.894452884512,112,6,malicious
1337,191303.06489410787,37.270515550929616,30060,165,0.05089214954234179,43.962052211284565,6.0140673171504755,31598.30319917552,101,6,malicious
4444,7465.288686365079,36.02217540552551,50186,177,0.0473883705977634,7.652193186460216,5.954612825822547,25487.174421275515,105,6,malicious
4444,157985.1802306022,30.83788766481956,16571,171,0.00014845417487266134,12.16824445915569,6.119808939855106,49032.63821803816,122,6,malicious
53,49.47812805829077,15.133862777401946,54780,12,0.9297498826930122,7.148428212041347,3.4724080832754063,4450.32544035597,14,17,benign
443,1359.6027868977592,11.797906175222169,28227,14,1.1097034478997194,11.840269691947643,4.35815227782494,6456.442372895925,10,17,benign
4444,53674.08994510172,45.0974440685865,59836,173,0.04637041243939162,1.2632255244820734,6.2668159408751745,39536.652557828675,121,17,malicious
21,38131.84685389692,33.89147959413539,10329,171,0.11463227390526791,22.97286080723933,7.245270134845951,23211.207742667277,104,6,malicious
3389,120455.1475017358,35.02258505200003,9837,190,0.005197098445368034,63.27816891436965,7.1336955460858675,2054.1368988943136,113,6,malicious
53,695.7287873670314,20.30611536946513,1924,15,1.4250946173521641,1.020014064875957,3.9190933397849115,7212.917154695366,8,6,benign
22,6283.989044976995,15.989673491654026,4771,20,1.6102403391778544,24.219751853919508,4.679106021326683,5569.55513677251,10,6,benign
8080,358.41559823002115,13.232343183877344,46048,11,0.039362318224999554,4.150831306624499,2.700050764856755,1850.6600711984127,11,6,benign
80,2011.4131552870956,13.544927578952711,51647,11,1.1659915827810547,3.301230885958861,3.1053503512728264,1686.6309342375084,12,17,benign
21,237775.80423696962,29.372984572691237,24269,209,0.02845135337903169,17.731721532704682,6.503299276121256,18480.006123256055,124,6,malicious
80,2003.6031662673029,32.76192571710995,4127,159,0.02855691967328151,0.6770356621526884,6.761978863038536,83441.23049334456,124,6,malicious
8080,6554.381159779109,13.624242096636433,42310,10,0.7995374878068824,9.333044934924953,4.531601855898835,879.9600492318358,8,6,benign
1337,203976.59501264774,19.879395912085798,1097,190,0.03158541375859119,0.021682652428777045,7.508238684538407,25220.963760029063,115,6,malicious
1337,36682.51148425039,35.525079563654934,50426,186,0.018371376003332038,12.124802846328707,7.808351259216903,8559.71769544858,123,6,malicious
53,15125.047382636847,13.297566925644984,3521,14,0.30832827337868035,9.300727936509213,3.9759555675695823,693.0258981727294,7,6,benign
80,2242.8965174681416,16.671181716090114,30601,20,0.5748813387701421,37.0619689155332,2.226771382368011,20260.56772152849,14,6,benign
53,7518.195930208208,17.701364858340863,60770,13,3.430728366452321,19.109058434861716,2.8815256884089413,997.7849881533917,12,6,benign
8080,6712.370887069529,15.190325926098959,22036,11,0.6021796889581029,2.020229474968815,3.098638395605551,2411.668308992012,11,6,benign
8080,11172.977903076282,20.862353402373518,9511,18,1.1368403948331345,6.5668796359046,3.555770852092256,2423.382673441786,11,17,benign
53,2970.525684220001,19.99635965949677,50473,8,0.05038999102733138,40.23130099730708,3.429707658407028,1801.623206121469,15,6,benign
8080,3780.149363473068,15.789291249000623,31047,14,6.289832826408652,19.38300001682559,2.6260412683238803,829.4093242539728,13,6,benign
443,2687.339607298033,12.588549424631287,25901,12,2.613997237450568,13.53119958284485,3.6223636215899973,2499.6637140289245,10,17,benign
1337,16680.281163071435,32.755536449617495,46591,176,0.01733841478625322,12.28309131148043,5.983830978851047,16338.945435965965,101,6,malicious
443,1304.8911771022856,15.637923572542933,58952,11,0.09401881304007695,7.614921187598244,2.0812636708913894,1467.8094522441197,10,6,benign
3389,175014.7049084079,36.20058271054444,7541,179,0.015237607209975319,13.199434932538756,5.9460464415474,48031.634430796345,110,17,malicious
22,2330.8955887277116,15.806825888247813,45608,6,1.181099861106444,22.154083013143275,3.874127081786926,397.776440883684,8,6,benign
23,198903.2057209437,42.141766646756444,47197,172,0.07009985787001721,2.046537118623937,7.160126004822162,47087.8062970039,129,6,malicious
8080,4116.357193636788,15.187460306344537,64643,11,1.462427629121546,52.513926412476835,3.9360348212212455,3611.347616715381,7,6,benign
443,722.1823673062462,14.943156683819135,51810,10,1.3676731733941456,4.104022442043636,3.8745281374431304,554.7587626934152,5,6,benign
4444,115384.05650095183,27.723010334246247,55181,181,0.008799354322001601,8.906117767590404,6.988706086286848,166459.08706016198,115,17,malicious
1337,475448.76854127774,40.143532595861174,56205,173,0.02870558235077428,0.34466398996003117,6.846211869835797,41409.579638183524,124,6,malicious
3389,133201.30050463945,44.87493759931051,42036,174,0.05662272789594591,11.98915064277361,5.606870485232223,367.7551918637067,110,6,malicious
80,6896.270341090224,13.634297475757165,6639,10,2.253321102938015,7.215770808399271,3.5582633280855376,429.0846080317196,11,17,benign
80,602.1575271407999,20.681862970555585,11492,12,1.0122920437395355,4.310349326708911,3.3154175199649205,3904.240245409344,7,6,benign
23,741378.5272732036,31.740395941043896,11903,181,0.16310203853985866,63.52921057024478,7.839184488283632,14932.655957671035,118,6,malicious
4444,11199.861798409896,34.85398840243292,32979,165,0.1101974502421961,8.382946064616112,5.9669751188715345,2866.3901010412005,107,17,malicious
21,7070.841934136661,41.88186969484599,53020,186,0.033876485608741964,8.024120358840287,6.255289454290701,14057.547535042648,110,17,malicious
4444,65316.97436782208,26.625586963587143,14102,180,0.11585778985226033,9.329242527184826,6.762136872205118,57445.214835948296,110,17,malicious
443,15438.898134535313,9.427433896532262,55799,14,0.6049386772906,1.8520828454492877,4.761968405631304,3162.619668456537,8,6,benign
1337,57557.41094389828,31.612307267024022,5614,190,0.00030343341271225877,7.4907725434992045,6.500761854198636,21338.933162944824,124,6,malicious
8080,16390.575275383897,14.986584991711782,55124,11,0.13087112448848187,6.151232083026351,2.2238718166739777,1951.8320131185476,13,6,benign
80,2792.335778473538,16.55663065159157,11934,13,1.5387097177334537,9.385817885257007,4.9998708631063105,3385.9511553547836,9,6,benign
443,1099.9525349705368,18.47365473475252,45919,12,1.205952955523675,29.13397453041062,4.073615990402164,3968.8958990189976,9,6,benign
1337,342070.09205249767,30.691298185439443,33000,171,0.023184281056901696,3.21248574226372,6.621924468180461,40139.63673851922,122,17,malicious
53,5772.313834402341,17.1993061853323,22598,14,2.0927727689372144,14.037430121810617,2.4316382475913887,1302.5950833508282,10,6,benign
80,670.1820832128353,15.771927312410195,41676,14,2.651635238703094,0.575454808133061,4.402304123352106,424.3294809364946,5,6,benign
1337,295697.52267835865,26.480273167933653,23740,168,0.150556821158083,5.714349928350646,6.93872236662051,27111.228288300746,123,6,malicious
8080,91.12648046260117,20.320342018205608,34454,15,1.1836088086850096,9.598578933748577,2.4544667779718274,4392.071552599812,12,6,benign
4444,82597.53811425884,37.47569173849513,9223,177,0.015331958923981275,1.157738227926606,7.073452487600593,67122.01710378302,127,6,malicious
80,2009.977616634901,15.472907895818956,56651,9,3.1328706157148942,11.777882296978357,2.886353648365403,2048.798885751884,6,6,benign
53,6741.199714102997,15.960480035189942,62051,13,0.762984016289054,5.573035610621816,2.6503623429072194,1518.7353150680372,6,6,benign
4444,77441.17158190302,40.91555490252672,53263,171,0.18041958334939442,74.02598996546718,6.111282263852365,147745.09712599157,122,6,malicious
22,8766.746752810772,13.799158562970932,54937,15,1.4331799700392844,14.95313982680393,3.0888315009093033,844.3571514062585,21,6,benign
8080,4518.7668797648885,18.145008282842216,34460,14,0.6982075106945944,4.199185056302616,4.283919235301621,814.1435635057045,10,6,benign
443,7896.807913919028,13.803210915000971,28764,19,0.13634828301264557,1.6250281258789006,4.415152410448018,1628.6570703271263,7,17,benign
8080,22706.583484480663,13.630185667317694,10501,14,0.03247226808468084,0.6235806887576599,3.1578226614640235,1485.161555505152,7,6,benign
1337,68894.05597088879,45.16124691341331,53796,191,0.09200491652620828,1.427411726662479,6.186666044342488,13497.35926675199,134,6,malicious
53,20981.991543577198,17.925328771552124,1184,15,0.984359793083906,17.094304836870204,2.323400422687181,293.5354469229281,12,6,benign
21,5305.234277152691,36.741090307452076,44382,200,0.003882692882371653,28.964524034636312,6.201393104154592,13367.246471605536,118,6,malicious
22,2063.506041865262,18.65899155282726,45229,13,0.8027073157611446,2.5570767177070244,4.901931980284699,66.2647421775045,14,6,benign
23,153914.72194565926,31.3480897749564,7484,175,0.09552889715417814,7.715840835427496,6.657377919517807,22140.385597392742,123,17,malicious
1337,154736.0749930003,21.041009788543995,63400,165,0.031018108926996427,6.559802248930769,5.566018298972633,14482.609387856695,130,6,malicious
4444,348688.0452952992,33.23512579042338,17425,177,0.013123376133662296,15.514213806775167,5.690672454591281,59372.606370847694,114,6,malicious
443,164.28599631512776,16.686645110695178,36325,18,0.14371046311992416,3.025829883148562,3.9962697647313803,4425.581631340732,9,6,benign
53,3671.7518191627796,16.82892579750131,23918,13,0.17993822076427946,45.966370496530104,3.8945558047231956,108.62706530718157,8,6,benign
22,4186.574205995998,13.37378392038119,38238,9,0.5766297178752822,19.560012439195535,4.559772378027267,2313.241116269657,7,6,benign
80,203464.03721284276,34.037771081723825,60943,183,0.12182145395016587,46.54037062225306,6.31147207287496,30294.722218862134,118,6,malicious
80,446317.89037654735,42.288272553563736,46951,174,0.08633545854712553,4.872853492899162,5.778214660251277,59336.113725028685,143,6,malicious
80,422316.65075144265,30.898037486461245,39346,208,0.04580684936723534,13.290629525073276,6.595328712003466,41347.16942819184,134,6,malicious
80,716.714496431683,16.834714650899272,49060,7,0.40106875239461276,19.766528458606,2.0485234324885906,4084.496535160015,10,6,benign
80,88855.87289691638,32.30581458284645,44301,199,0.2520168956666991,18.617656860435694,7.090809989550746,184684.83552674256,136,6,malicious
1337,44354.10314310661,34.69828898805505,3942,176,0.02521747542454089,0.3236583356392498,5.989661398754534,20948.175890480663,129,17,malicious
22,5871.283118752109,20.191950905045942,47171,9,1.4611583271656055,95.56159261318349,2.152288126440628,12480.291409767613,6,6,benign
8080,2588.8184476992114,13.256155493620783,26653,11,0.09285451482263604,39.4788369328196,3.25324435795443,7177.069168735713,10,6,benign
80,231337.45287631653,36.826140577908745,17723,149,0.11775153415419015,1.9132752804086244,7.059332598707043,101914.3016952186,142,6,malicious
80,19439.573124557985,23.45270935540352,47924,165,0.3315808209481386,11.764692961731376,5.598800846001058,75351.3416357316,119,6,malicious
21,18563.105130310676,34.16367352230046,55008,157,0.2783264713986854,5.665337096726552,6.897721747168379,36799.33743013808,133,6,malicious
53,184.3950451533351,17.090855159465896,52387,12,0.10623699220270796,31.666338229665666,4.570229244667962,131.96587439863683,9,6,benign
4444,13208.692230627808,23.08111479813942,8093,158,0.04571877507335374,17.936083471849127,7.810430122038321,54924.13164192398,116,6,malicious
80,6166.679189778066,13.087886946086504,42303,14,3.968520021084568,3.7947109738842086,2.631563502569403,10991.94901291229,15,6,benign
8080,607.6649595914946,17.391856977481257,55309,13,1.2729860127788255,0.5167156986552465,4.910878592643703,3710.8979003627987,9,6,benign
22,1822.3315619234857,10.683505744896584,40214,14,0.8705995983893611,5.1741984929652745,4.6622020707693315,1092.1450549628628,10,17,benign
1337,2149.5623099765326,35.51570996376837,5551,171,0.01747724471572922,0.5832530058720887,7.111482892789857,247861.87294721373,113,6,malicious
3389,228550.98188726904,31.55430873739835,20123,183,0.00020260808986586804,2.2852220582277005,5.542420279018592,8387.386267064425,127,6,malicious
21,250933.39804281076,41.02815235117771,59001,183,0.015928376343879915,15.164710777136326,7.257816361682919,32713.245655367406,122,17,malicious
53,5576.768184865758,17.04545207489152,16646,12,3.8336355122506447,20.502380849153496,3.4057955261865063,812.4972198807675,8,6,benign
23,201786.93296383528,35.23104040567818,27305,178,0.03998087326927604,9.46715335609787,7.206427387425549,15866.781220823683,118,6,malicious
8080,11300.163123031136,13.377751305185392,40457,7,7.062269524995919,13.755160015516408,4.207137830399098,862.687761596026,11,6,benign
4444,41085.5908488029,33.9432403793775,40899,180,0.1422062153050986,2.541998710610356,6.277267020981021,1766.342628801397,115,6,malicious
8080,6130.236691050895,17.33809954313343,16555,7,0.788318552706192,5.714408514605307,2.9479792240906475,2403.458790410201,12,6,benign
80,3461.224951144047,17.18097634514639,64869,15,0.06914649865900095,18.718026476683956,2.8691313794569933,71.14158740165657,9,6,benign
22,10198.395737733781,16.675345451618885,6156,8,1.3184281269436577,6.8093823608510595,4.341988335022233,1581.5650639722717,14,6,benign
443,674.4907226011064,14.646701400461179,30420,13,0.991180493933461,6.434335495223541,3.470265263410494,4185.050125707318,10,6,benign
1337,479607.27125748823,37.822068449952994,59040,190,0.010471091640905738,3.234936019707257,7.899168452404213,72373.64647512857,125,6,malicious
21,11188.36955208055,19.796772798771165,44263,199,0.08918601580132741,13.551538508376312,6.394531058777259,55694.712918688616,113,17,malicious
53,3270.4991644760985,12.957531967884126,61915,10,0.7616898009357616,24.874586418325407,2.633583292563744,4.56272166970872,13,17,benign
21,348715.84806582524,27.59040220624236,42454,160,0.016241725478037986,9.50747556661398,7.589604161054981,73400.5459178826,125,6,malicious
22,6400.256487484119,14.300009018232862,28831,13,0.03800921661624345,1.8416572355496366,3.518238041641781,698.5851764196279,13,6,benign
21,103527.0761201394,42.66499513183319,40574,179,0.059770466489888686,27.33644426980249,7.385328689487301,254880.3572008198,109,17,malicious
80,64619.04457109639,39.13398180208368,52783,184,0.01244632829628021,1.1111112806353558,6.483284999957488,55622.8155769037,108,6,malicious
4444,130243.77147596008,40.152274434891886,53508,190,0.08237093816447097,9.572141848480648,5.821817879083116,90361.85393292757,118,6,malicious
80,8191.882941359865,16.89703914822631,28220,17,2.349031213563113,4.538430198739064,3.4518843277523747,7419.362117276816,14,6,benign
21,10065.144966794127,25.852395732678154,17017,181,0.0022870661629674177,41.30783678407711,7.359393881592812,45099.46714289913,110,6,malicious
1337,147498.06776029943,30.371317048471052,54873,187,0.04076520744904404,20.065031611590292,5.965610197196094,62995.255116250046,122,6,malicious
443,4829.351805530435,11.65224687826128,26982,18,3.290659159793059,12.534803193723635,3.1146718215383578,2631.1630104319293,13,6,benign
53,5261.503042079189,17.168995974115273,48382,9,0.8039717593383352,16.528259352159182,4.389260054778076,2341.3616562214497,11,6,benign
23,35460.7546286361,42.61476778087526,40537,195,0.02650743923932689,11.412632581693373,6.36674508657354,21195.95252476305,122,6,malicious
3389,62041.512445819,39.3834672166529,39426,161,0.21120340016752298,2.395507314752044,7.229516761191791,19020.39776524816,131,6,malicious
21,123721.38172597831,48.318351329752936,46359,135,0.02172150312080834,18.521567637563624,5.768410738477188,62583.48972406015,121,6,malicious
21,134882.88428382837,28.99227603434,40052,168,0.023306940152634303,10.179020848732263,5.831632924075493,42921.51998642394,122,6,malicious
4444,69857.47866969845,41.98380694089143,15969,201,0.03503567723202629,15.08950959617399,6.510269270751502,47143.13331013315,117,6,malicious
80,1103.4262934096284,15.905179992661877,18593,7,3.6818096314112587,0.6938269090279537,4.35074901488226,1843.917425420434,8,6,benign
53,720.0425621010534,18.95041641685259,24403,16,0.9559752168681896,2.2978759663410284,2.344200082246606,3030.4765247098835,9,17,benign
53,290.2718518264222,15.592185705792833,60278,10,2.399489890670934,13.350958084300974,4.39339485885972,37.74139314670129,9,6,benign
4444,59046.40685101759,31.307124977566954,39901,196,0.2992615731116006,9.226936670871154,7.756493612864955,625.8848666539242,140,6,malicious
80,1745.765427014108,17.141675106279386,23849,12,1.24532873363383,3.859692212886628,2.8681031556124488,287.1111107757125,6,6,benign
23,150692.65772426885,45.264006449124665,1939,151,0.01515737346857382,4.131578377153218,6.990548789995961,1552.8193567230192,121,6,malicious
3389,126270.3973978881,39.96950274997448,24872,151,0.12422719008342607,14.981164096680075,7.138096024481495,13529.11672992152,109,6,malicious
1337,72333.0097242053,40.193937694193174,51793,177,0.11037319848029328,0.9116564932907272,7.314512629288302,50392.5114996359,124,6,malicious
8080,23544.9757930264,11.010043827185957,14693,12,0.002090723143077562,8.544266153044362,4.151806606947489,879.4062863868178,10,6,benign
3389,40695.38286966013,33.62722388889247,10899,193,0.031484879235082516,11.106837040213017,6.670084556030234,4273.713207694309,110,6,malicious
443,1145.2670734983928,13.625182478118628,15877,11,3.000236205508574,5.5256312689134806,4.062452416061147,1607.21335435261,13,6,benign
1337,376815.96061278065,35.614792157558334,3449,176,0.021785978230647336,25.767865584724568,7.63051668788457,288898.7551948575,125,6,malicious
22,2004.6845361870307,12.38658015275176,33464,10,0.6072217574899205,0.8766702164116992,2.435893248931777,74.55234378529744,9,17,benign
8080,99.61447960299895,20.06895395161114,34217,7,1.3282271665640217,30.124436787344592,3.4972119433990763,2490.0574159158555,7,6,benign
21,269706.9558588115,28.604699953025484,35579,200,0.17001906641263204,19.270314848991706,6.608972633828333,86164.11352100316,108,6,malicious
443,5940.439200450781,15.968905155215593,36376,11,2.820756757815883,8.865747981511467,2.893026514172973,5916.610639377756,10,6,benign
22,640.5931210138227,11.747614297068607,38440,19,0.6849872176016976,38.74786197392454,3.944244994060784,318.71127527718664,12,6,benign
21,146151.07392224795,30.71230244658504,17576,187,0.07475132958315711,18.17192647554462,7.965208278615802,42864.80668135606,135,6,malicious
1337,31362.483992732483,38.843763604905355,34306,186,0.09022931244416338,40.11459347847195,6.371220575548131,2008.9289982700855,129,6,malicious
80,126262.27051487881,45.77109613484578,37227,177,0.44573432796449086,9.596649390921456,7.269914270983451,179625.96426782606,126,6,malicious
3389,201778.75519694263,42.66841826995035,64170,197,0.0918305794332853,9.048859533870818,6.126005024376163,87425.08593188533,131,6,malicious
21,229620.56169928974,33.30431038152159,38317,167,0.07743917352339533,11.349058512105133,6.2585573594154384,15107.776637727171,89,6,malicious
8080,4185.230082791979,13.775221947800059,20024,16,0.9483713760896257,1.0149783264034145,3.380236253803476,60.96991525920133,11,6,benign
443,5753.620514313919,12.887865709468569,31826,5,1.325145124702957,35.87030222628271,2.2437046859924594,1004.5901433443485,14,6,benign
443,14.231001259328703,21.88548201616055,11593,11,0.06855584948508125,16.52652628405719,3.901998495066186,6952.848609485489,10,6,benign
4444,256787.65528946152,34.85603117987536,26290,174,0.06580263622711882,14.41875968010549,7.295910256654413,21896.912302291512,129,6,malicious
21,214937.8896899794,37.06255656707036,4228,162,0.03553621890808917,39.14960840010248,7.20068549633941,2458.4705511763304,121,6,malicious
443,2606.4770053461616,8.566859548783079,8789,12,2.408018935379984,75.85924841702472,4.406656425832958,1543.9793908527524,8,6,benign
8080,7371.00422560651,14.899008767572623,11720,11,1.4833291492770493,2.6760197964654346,2.4631543706827532,3389.971250173662,9,6,benign
21,86301.80599213128,27.39547464653086,25952,176,0.08975566991464864,20.734354913878757,5.556627830565921,149033.36412279916,133,6,malicious
8080,14672.485230271386,13.319720648555473,49934,10,3.2777668431538594,13.010550589372695,3.0021844709513332,4001.484510860325,14,6,benign
1337,19156.834181450464,33.9728504936484,15703,188,0.00792593432738791,9.270517381698538,7.597997071391726,17876.14280803273,127,6,malicious
80,363738.8912397368,27.51869676176622,34909,177,0.062147535396767574,56.98885577937439,6.997184178439975,138.54678041013807,136,6,malicious
21,929372.8164524192,34.20489365611338,35197,184,0.028091287267143827,28.48312397407799,6.5891261539626855,36386.68601993653,144,17,malicious
80,19812.978271053307,9.17774807215314,45923,12,1.0168770529275353,17.897965180566842,2.222907301414459,1864.6530338864013,14,6,benign
3389,5878.716314265156,31.931404575124333,48889,203,0.06378316298153668,7.235423132691001,5.992488622566945,15640.079240574672,129,6,malicious
21,48248.80907948897,28.476299898833894,39206,185,0.20906758653872184,16.451046923945515,6.398561073290759,28905.642717277547,138,6,malicious
1337,270145.99422752333,33.75452973122192,40133,166,0.0030729825959475167,11.379504216273773,6.913273629676533,9484.786237049677,129,6,malicious
80,52197.654613180355,34.37630740362285,5198,179,0.0507958883987987,4.302605396723489,6.2291736728709655,19829.87232849735,103,17,malicious
4444,8787.679088089882,29.067035586759516,18085,183,0.017130696506411303,8.97795834029695,7.994281204649953,71117.42924114484,110,6,malicious
4444,8088.013940023451,27.569808613237278,42534,181,0.061564549154895766,3.5778933054427653,6.630802292338112,27955.407371376234,106,17,malicious
8080,19234.473604761362,18.7138764636245,26419,12,2.2960145147869393,10.40982180691767,3.5899415558290513,25.324993826965702,12,6,benign
21,402853.1934406621,38.004584211789,1237,174,0.19381453924646505,19.1072446309662,5.940208546881054,77925.7503970976,96,6,malicious
80,50514.13448624604,32.10355923874785,35458,150,0.04063061842851828,0.5600184872989347,6.831202170686709,71979.00665602235,138,6,malicious
80,8155.982437112788,21.792579851492697,63132,10,1.8187444038212837,21.746802839400342,3.4340915687702953,4106.460481287521,7,6,benign
1337,16126.725002135921,31.89535004347086,14300,203,0.02633679803262076,0.3029486509887027,7.960360667986736,26830.440198880988,104,17,malicious
4444,102056.2025734791,27.64378447587576,10109,169,0.0005059925148610894,10.924706175695125,6.999916046065671,94476.72015239912,120,6,malicious
80,178879.31284335267,31.523106155016965,54430,178,0.15461372557520006,12.781324493869677,7.166568300898044,30508.149313876158,147,6,malicious
53,921.1796061320906,7.7152965561387115,46060,11,0.7817218059977475,21.484663586510464,4.796652691883125,990.840045132635,8,6,benign
22,4357.200308956076,17.618611034816972,29505,11,1.4522123239356348,21.471185011135997,3.950899018253426,1764.8276189387968,10,17,benign
4444,276750.32870963006,31.291903081588256,52962,179,0.03493140877122316,8.10524412965983,7.005025020370219,3070.2949296618235,117,6,malicious
3389,1562.6699505511012,39.077213571162524,32300,168,0.03816290271141552,1.030166313706052,7.662199941507758,9010.132056875726,117,6,malicious
80,2752.9175644469324,13.325755187058398,60616,4,0.16896313683054215,17.73807033088359,4.647732827326969,232.4803178208819,9,6,benign
1337,75102.7409471527,32.566251189931485,25621,156,0.13463928464514355,10.730462627658415,6.6069580454615515,21806.554094943353,97,6,malicious
21,53154.6096036919,23.87497132472508,61681,168,0.04161524441463015,6.0757931712193605,6.945516603304073,112995.80544023153,128,17,malicious
80,160763.6432355531,42.64441429019631,23268,170,0.053855583004547604,4.015717033493402,6.671928946214303,39441.365191982666,134,6,malicious
23,269970.4292235778,33.789623612231736,31625,182,0.024590005613868256,1.9133797712984966,5.854703940038293,49329.67801697204,123,6,malicious
80,588.4866386562729,15.609184064689044,35053,9,0.4576010203366446,5.246394304496486,2.700425421467087,3051.484751186633,13,6,benign
22,2923.840737821466,13.91601643990871,51348,8,0.7809324233104893,9.20089579821833,3.6913213206529094,4657.401240048458,13,6,benign
53,1460.1429709697934,15.410836825913309,22288,13,0.18740530154387652,9.740088769310159,2.9638648530019314,211.36566047604316,8,17,benign
4444,93196.53703850241,29.07839231833552,14914,168,0.2819495147315824,13.110647839889678,6.8990962551050155,76416.05470640429,100,17,malicious
22,536.5594723593604,23.74883539244154,52230,11,2.4190993177547266,6.752275502863038,2.2932177059188223,4368.321342094364,10,17,benign
443,252.00861096361,13.503176305526472,47336,12,2.135114501482831,37.866792359972486,4.742092319606337,1027.698594066832,14,6,benign
22,26.641697883699415,15.678613686972211,43876,11,0.16514568307230368,10.273805102516627,4.521657647204869,6546.555693276787,9,6,benign
21,104577.08287186621,33.81105452814722,48931,180,0.0005600304700147074,8.267555569218862,6.06548393416808,51447.87988473439,117,17,malicious
23,133121.8832768373,34.352751707543085,52991,178,0.116749487625911,0.7405004565249873,7.372487711661412,61707.18225093188,132,17,malicious
80,6554.334567089859,17.926957916364316,22082,12,1.8743065569538104,13.707471955302605,4.144873568126357,347.61221298802286,9,17,benign
80,3018.924942179383,14.375628792869122,17145,16,0.9649617920263457,13.852333753885528,3.3163093388558966,1545.9578574988386,11,17,benign
80,38850.14384901864,38.48400392206543,38988,170,0.20617114785514642,13.130457823919116,7.618091444241049,31829.030321282524,94,6,malicious
8080,2230.7639661741764,18.085721170052594,38376,11,1.634534582243402,32.78495877726229,2.9376632516100636,2812.141000239448,3,6,benign
8080,5510.184027991955,15.391257322527935,6045,9,0.6962886441880751,21.589151962053805,4.507573561424087,3509.845126342609,12,6,benign
8080,207.21502665432237,13.973903917603979,23638,10,0.3706797374376444,30.30690873242728,2.121728297956634,768.4352199477519,11,6,benign
443,2477.6574262233726,13.30413742315804,60155,14,0.7879675982257657,0.918919367462402,4.074379240087751,7682.160832273574,12,17,benign
8080,7823.510198881735,15.9336144373346,43974,14,2.161251499984964,5.743665342936057,4.485893721149943,2930.371780942057,14,6,benign
8080,8122.910810898504,12.912380788251886,46301,16,0.9688035141318594,5.756551081476663,3.9392843454916977,335.7642548942333,6,6,benign
22,6296.525236844998,13.262978880414236,44444,14,0.5347215800338512,16.05234306303121,2.5759753463879376,47.023358218400716,12,6,benign
21,130002.97903898907,39.872688753096675,3655,186,0.11491923878589111,8.929831088635988,6.4338762223628105,4547.204657654006,102,6,malicious
80,1419.8124529440315,12.952910639426243,7369,13,3.2010842680906944,22.540575802565993,3.5447158835082515,157.70903812180697,10,6,benign
4444,346375.8372641929,19.03270561136772,41888,179,0.08326528020089223,7.2781129753048,7.949788946944503,20414.710427529968,121,6,malicious
1337,126678.54442099188,30.310923899218402,48698,174,0.06344787758253903,3.757867239434345,6.581076606900618,55282.09681929147,122,6,malicious
22,996.2971743097991,18.45620202999607,27868,11,1.4228294605372134,5.157461095975405,2.122034337333643,1062.4594969397424,9,6,benign
80,265085.0324471818,45.27435571009062,7324,178,0.4442571732142486,3.022010169974775,7.069318838934603,5893.561729823151,119,6,malicious
8080,1984.9181166418145,15.449807441427025,57524,12,1.763190564634089,3.307693189076422,2.251121545044093,1580.7206109969084,12,6,benign
3389,5195.62777531179,35.575237441163175,39636,194,0.007392802942120267,3.666253150964562,7.3698188426607905,30006.384747412496,114,6,malicious
443,3442.668789369576,17.473925860799135,19584,12,0.759856847950555,0.24338457141137712,3.3282093376889925,288.9645046838116,8,6,benign
22,3231.515561943518,17.474675785448504,6386,18,0.28785954700162736,18.886366056501057,4.274559915093102,344.97555402494277,10,17,benign
53,11588.778913492797,14.747919429072939,9121,20,0.04386266834076909,7.652446206223142,2.376513788205821,2742.793594719053,11,6,benign
21,43330.892400909805,25.871914116253464,63659,168,0.008056510512596546,0.34398417101414885,6.292728724883724,63557.469579315795,125,6,malicious
4444,135135.50630084713,34.488551264949926,63990,201,0.0772560978440546,6.930711525163009,6.390732400827678,55219.631658766724,106,17,malicious
1337,34988.46750225049,35.53429869142374,6623,153,0.2306028647636303,35.36641405499908,7.328768424165902,240513.73758709157,119,6,malicious
53,4641.838856127788,13.962535730786866,26476,12,0.732509316053794,10.73838810093105,2.16375734063907,2100.4644848642433,12,6,benign
21,151808.90514627178,27.209557046637002,48397,180,0.019318327803137796,64.85864306695836,7.1708776016782885,58294.779666409035,118,17,malicious
8080,8455.017292250912,14.498616445302009,61860,14,1.0650392542719425,11.646609027273016,3.4604949316577334,2089.302166199957,6,6,benign
1337,114178.68090599428,39.132416038607516,5282,158,0.02934805834036426,49.371294162533516,7.467441680571047,81625.28632771599,139,6,malicious
53,8450.197532406357,13.86497843864401,26554,11,1.4678382400512235,3.3809549914173154,2.854843494368993,1353.7245365404565,11,6,benign
53,3413.551577405919,16.459256495547844,54295,14,0.4352978432961735,5.1359775013503715,4.237330465080786,3717.8867210155295,10,6,benign
443,717.9703748173965,12.215737154816177,7664,8,0.3624178439618943,18.058097648322278,4.32218292430557,1493.864764014772,10,17,benign
80,10844.727248540084,18.319007080442994,38080,9,2.525798232285694,64.93766164920031,4.7248319895552715,2662.5426075549017,6,6,benign
23,302372.6887599923,35.206177947630025,18285,187,0.09545009257998179,26.1700536355792,7.1221682326666045,142894.7860820779,128,6,malicious
53,892.9168834625756,8.220323478282072,54661,8,2.21897332515986,12.101635958633386,2.406603527103029,2257.0669055015965,13,17,benign
3389,6782.675051902422,33.868093874456896,52720,187,0.006525036669084598,1.3349702890046622,7.700780491874543,43056.507531435986,119,6,malicious
8080,760.5700581637805,6.895618839557347,38851,12,0.380480770298268,6.797294674148847,3.077931827162371,1601.9399945360274,12,6,benign
23,217575.88698121227,36.80827804947902,16165,160,0.07130020927290032,1.3558585740291629,7.675695983241989,34124.6064412412,105,6,malicious
443,987.9652856331919,22.26736926876372,27776,14,2.919479491506365,5.593836810332433,3.3848280650468503,2534.146570608716,12,6,benign
80,1279.3867371015222,18.17997935821195,24572,13,3.3400291897180763,4.492111907003363,2.7711461941993836,8318.189486582825,12,17,benign
23,177736.75211552647,35.94304515466449,36392,165,0.11468460533821837,7.378961337064387,6.940349908387757,52384.78616601404,116,6,malicious
53,6417.43761691366,11.643542147972507,16926,9,0.06655170095781895,27.235550858934896,3.014820892101632,1106.0831402680203,7,6,benign
53,8313.254709024908,14.44010851181058,28707,11,2.579542132136457,2.4444325564893084,3.0982489642385596,9890.012018536383,4,17,benign
1337,37710.439496688254,39.995698500688846,53704,184,0.0678824311507484,5.4806320206476205,7.202775534806872,38769.880696634544,125,6,malicious
4444,8233.980192525161,47.59368543385507,19816,190,0.2856807020279322,4.5392403493281135,7.25166166767718,102569.02090216258,123,6,malicious
53,11680.767676064872,18.407570834937324,38652,14,0.8075030915369055,5.267672195815041,3.9658411256848733,639.5415254490206,9,6,benign
22,5577.960609946412,20.344605393652934,43957,14,1.1537804167846748,6.708926352534574,4.2738506613847775,23868.74349639462,15,6,benign
4444,142291.89475595872,27.472633772516975,54124,158,0.08738827937031021,4.201895332299109,6.733797287390197,26730.956791398512,124,17,malicious
53,2963.4378143139465,11.30794835369882,59606,12,1.0906320320401153,42.86077141470854,4.298013366971048,3747.327712640705,9,6,benign
80,2871.9773918065766,16.795145632740354,3358,10,3.256753621304007,8.173538394532535,2.707230998450205,4046.320499294742,11,6,benign
443,7674.819220265402,14.293407501417377,1791,5,3.0254609415798877,1.8174926305835506,2.7069654783931094,3414.318187287603,9,6,benign
4444,38028.513514142796,35.2285874362742,32668,183,0.33350103901522515,9.45705427460486,7.275937834948329,41900.34073744541,109,6,malicious
21,287746.759373531,41.02024823153755,28016,220,0.23527021398764905,3.05805533458476,7.441784507360646,17835.509153445477,126,17,malicious
53,9051.172501167026,18.606218534920995,63956,12,0.7928911924395272,3.6526936254081646,4.346739290932715,166.89950433288175,7,6,benign
443,8865.451039435775,14.718301339274387,30594,10,1.643968823020919,5.032959971129094,4.159140980331608,1328.3483096362788,11,6,benign
53,15632.948375819726,15.9614284567814,12761,12,0.808736255799296,1.9988547003456585,2.801605973761344,3084.3034874212844,9,6,benign
23,55397.17958984793,31.5874088871985,14396,166,0.0752340014219104,19.15454804540052,7.580056662943788,11489.24211295109,113,6,malicious
22,1164.521599015576,18.37131932504581,27909,11,1.9090277807862577,23.549398490436605,2.4286540342403784,651.4614481183122,11,17,benign
80,102.44391920110598,17.37978401918389,55059,14,0.49480738007415676,7.520183574811426,3.0500528278937105,875.0911904958432,9,6,benign
21,18562.675070343572,31.67111929041677,21614,193,0.1553267562353015,17.519075671964575,6.6928871307946185,33570.78125274223,114,6,malicious
8080,3604.6875532652302,11.242651271448928,56124,9,0.03125498967148621,7.388752666562894,3.680396425124104,3912.6009129042145,9,6,benign
23,193397.29478003402,42.43959142899377,40877,182,0.19857344979618963,2.6882874384467295,6.57307778328411,36567.641819497156,119,6,malicious
443,665.9283883747046,21.0797262408338,62604,12,0.4356808830080234,7.59175244665279,3.379424399299612,271.36594977656813,15,6,benign
22,4411.961242484555,12.001288463139865,1768,10,0.8910369407064394,12.21235585056581,3.660717293838775,7795.70117022924,7,6,benign
443,7225.037128645577,15.402552426870319,28182,16,4.5109924595834965,0.6278741265546973,3.2462553647363865,7882.107535802232,11,6,benign
80,435079.0867335362,27.66295744741792,21582,188,0.2347226998714345,15.940761868090817,7.397917854699515,59479.96352916288,131,6,malicious
3389,659371.708200594,30.15439491216483,59885,175,0.0030736401813591593,20.357324158708813,5.715879153301401,52072.7420737063,132,6,malicious
4444,96207.04717037924,31.045893226176197,57374,174,0.02787005239592166,29.488506509958217,7.718902324714585,71037.85068823911,131,6,malicious
53,4791.5682546826765,16.811581796501297,33283,9,0.1384997016063318,1.6266549593351458,3.436987636533768,2420.381993106067,10,6,benign
21,200161.13567838832,38.16883274976013,52732,163,0.03432619242012288,0.0014039735767620825,7.949684129628853,13807.940052588192,124,17,malicious
22,5107.650512054106,18.324855661333405,22474,6,2.8605239212303877,1.1413364989696027,3.606089845469108,2099.616922028423,9,17,benign
22,9839.618417501973,13.420194815134618,57973,5,0.5125138695025314,38.67840019272201,2.1769893156113076,1043.5997568990642,7,6,benign
23,23069.956212371595,34.31553413953791,37953,196,0.2509446164606743,21.758060035675378,7.969552681580657,120854.33912043442,114,17,malicious
22,13286.20327917697,11.555456008955534,47613,14,1.0667355897900201,27.066803702672782,2.029557498565212,701.0191671725473,11,6,benign
443,2401.606115428015,17.61367859429133,62351,7,0.37717313184764356,10.916507869478805,3.9856378344942742,4044.1660096261094,9,17,benign
22,409.6419047275975,9.228785789572356,10610,15,1.0941576150635024,11.221017516359653,3.5244844096538044,827.5115770519104,9,6,benign
80,942.9480153185847,11.273483917822595,1310,9,0.10723358782429676,5.318135218211336,2.3804946055390905,5310.763151592522,7,6,benign
22,305.2473701862774,16.294798923444457,4271,14,0.6397550900813671,27.74906687958797,3.6265745962365146,1549.9696066390761,7,6,benign
23,221861.69908553342,44.06352064884534,62586,196,0.03749910561332424,26.559035490357974,6.961488852116686,1032.625035378748,97,17,malicious
80,1020.696690618625,11.93405502795707,32998,7,0.3889224901342916,7.467933830344148,3.0214722943328547,6086.216563947478,10,17,benign
23,1997.9388646918744,32.200149769132615,44586,202,0.004488433950287889,5.990763597409143,5.904319392473422,8812.635576914194,119,6,malicious
23,173027.65255846365,40.49192214064014,6123,171,0.00899516689604721,20.1125473576392,7.883729467780597,43715.967238355035,127,17,malicious
443,6218.457235949703,14.374357888027232,17411,15,0.9948289741229246,0.397749253074237,4.355929527369465,12681.517743969303,8,6,benign
443,1184.4843309369564,13.977213343694531,49853,6,1.8828769444944757,29.486218685850684,4.441399933456866,2333.5309623472476,12,6,benign
443,5581.67818067171,13.988805522961272,23343,12,0.8430364338327441,8.865574898910452,3.231636080599527,634.0922476332222,7,6,benign
4444,24086.56880052017,40.75967029833585,1435,180,0.07815328944844556,8.733327317754192,7.750752339229188,115041.46104950013,133,6,malicious
53,4089.271955151634,14.324404485388744,21753,7,1.5002945102158578,16.588081796216656,4.863192074800978,5934.230332687008,9,6,benign
80,10619.327214216783,30.852895575886727,21135,159,0.005810209506430726,15.566258919837491,7.857229673112522,74726.86824078561,113,6,malicious
80,588.26104938243,14.454218527333861,47590,13,0.5013678841037426,4.638163779652801,2.29061866721913,366.63258025673724,14,6,benign
4444,45557.3377181864,32.00050187298309,16728,175,0.0716005565925407,43.044056909923796,7.653723478082986,3894.7540461083026,106,17,malicious
443,2798.896219876159,14.302759163648714,11133,10,1.4002415156210322,64.38825174557195,4.131196895578766,1760.4484386986205,8,6,benign
22,677.4536127733049,17.07583808353268,2380,13,2.0507903183680782,11.1978717144796,3.148942805268933,13628.635347616328,6,6,benign
3389,62288.00917072877,43.16781314714593,32196,169,0.04578322482039222,12.361854962029312,7.661694869489546,57933.81605429944,125,17,malicious
23,104842.82291049878,33.58549818171049,9373,180,0.06329417127698327,12.122242555299604,7.7197445338772654,155142.76278887337,117,17,malicious
80,1674.5378684760567,17.333733706237865,19008,8,2.972718808995598,9.97677744406484,3.466020472019877,570.2155492625138,6,17,benign
1337,25727.068582496326,34.66869254196278,28484,185,0.02659204828541295,43.55743299262543,7.5828963274406895,26490.608391843623,111,6,malicious
80,2042.3849840849614,16.882199780907225,57333,8,1.3714350804140507,4.210645519883915,2.461848063950319,582.7119817742728,11,6,benign
4444,203802.99887652532,36.2153547017594,39498,169,0.12590353495756168,1.7136338984287656,5.904057827259718,8306.738328867526,118,6,malicious
3389,373111.15829233784,39.61614824928586,45473,180,0.2046564181049563,39.79220240739803,7.121492228383108,83838.30628357349,118,6,malicious
8080,893.3850324765239,17.327340088566974,55735,6,1.2094846803519268,3.5936357344016012,3.5436283977032934,998.4313628907998,17,6,benign
80,667.1987597790471,13.72381205832557,8220,11,5.687912603516175,20.743822048297364,4.326971035181763,10502.354917420145,12,17,benign
53,135.19522492538349,16.132484295194743,22481,11,2.321005071226891,3.4199541981916184,4.196855731644423,117.61517548657955,11,6,benign
1337,242004.40066541388,41.48072602283483,52558,187,0.06024968629730329,48.3530559320104,7.967616675483188,205516.0614982365,103,6,malicious
4444,102031.30090430361,34.51569798692434,14573,194,0.16243112686989214,23.490057450103034,6.501566665344279,48805.057412215945,111,6,malicious
443,230.6849288387525,22.770276533262805,50328,9,0.6413559832889641,37.64749209990718,2.3169825444212404,3243.1545271067816,7,17,benign
53,6569.331035858579,14.977005560827596,10845,16,0.2787990967802505,45.23437852812058,2.3421499102493337,4213.933354324326,9,6,benign
1337,277228.55856708554,33.839287656493845,36588,179,0.014220131366820021,1.3230348490360027,5.61356496557462,23267.1070714142,121,6,malicious
3389,136189.3949648269,39.30071824438667,12097,168,0.038110658728545306,8.521230349108986,6.675264086272459,2876.1312565231424,135,6,malicious
23,193352.48702475836,29.82277814272433,8306,184,0.027219863480647588,15.66613788590894,7.425567819811256,5737.765241392888,112,17,malicious
443,16390.871584751087,14.08768240553006,40743,14,2.5059933658071927,24.326916926217216,2.027238775765028,5206.521633413483,7,6,benign
8080,8983.015720228106,16.94267524318086,62170,10,0.46983083399122905,4.145628434426196,2.2808032658574593,2279.883523486407,14,6,benign
80,3363.8219594972006,20.16734420062684,20213,14,0.14451923377642037,36.90699121980721,3.8278661261668496,3215.9695882536616,15,6,benign
3389,159039.54837204472,35.23916241046014,37872,183,0.1837911392349708,3.7457077095930873,7.879941052503302,3499.474755449737,113,6,malicious
53,8960.1262556746,14.476001133964356,45454,18,0.5180753187599453,30.168491635405967,2.0846410589382867,970.6202521924181,8,17,benign
80,20427.824562060126,46.460830423385026,10271,186,0.02411717491077019,10.78351716744054,5.893066759287299,19078.83940548145,137,6,malicious
22,11135.20476065632,13.775343463929252,11795,6,0.4599957459446944,10.867158368655781,2.991561497835556,1341.3595822562686,10,6,benign
4444,516159.7506372263,40.434955896902245,62516,193,0.07233067026300623,7.026208175111838,6.546187402875117,6807.154399857912,114,6,malicious
4444,57861.58329282909,23.131901173739426,44749,195,0.03176082364316934,1.6389423200183397,6.526990401709166,214518.6180952928,112,17,malicious
3389,5683.434579699811,34.95476274928006,23258,185,0.05485147186616672,6.394741219497284,6.242403757340383,198137.4990856596,113,17,malicious
22,9267.20529329017,16.70725886846975,24770,17,2.3092945171386563,8.346152739030192,2.8791012390393576,2180.993801809224,11,6,benign
22,2245.2828404016172,11.85422611717113,35120,14,1.4745823928844992,9.780684805413008,3.3848799537873515,7439.446098974644,10,6,benign
443,51.99742072417251,9.662353838011214,13260,5,0.6176879987802482,20.154000535208148,4.106768081313828,1562.4452019054454,14,17,benign
4444,209434.74493131484,36.46854681536058,52568,172,0.1513757364741495,6.5095917546826305,6.038215823739394,50340.046557706555,143,6,malicious
1337,414903.702370093,41.650502692765485,36945,176,0.04299193189619198,7.828118090565203,7.177058744498964,6892.776179710522,111,17,malicious
80,13726.709569534989,28.236630205009256,25600,202,0.046932404607914605,35.482650121953505,5.64049413571826,15174.163301394388,105,6,malicious
3389,122433.14096514934,23.24887197690743,1190,170,0.07175336736216194,20.94924947180548,7.184410498907516,58434.16533380674,116,6,malicious
23,43930.49517577803,41.47710765229015,15676,174,0.010515372215590969,0.3468151791489897,6.286140377158343,81339.5745221517,112,17,malicious
8080,2978.5752972465225,17.43469565912257,20662,7,0.887315602669772,25.076783147728424,2.289003107405811,1016.2845327228384,12,6,benign
21,37073.222343540896,37.74170555756915,22468,183,0.12494244154088571,68.99367427329446,6.513873434557251,39244.5130183295,122,6,malicious
443,3231.8787824457977,17.66389935489586,16257,15,0.23643261785883324,42.143208187656626,2.301396469811726,11058.707797946268,12,6,benign
8080,5843.736524445915,14.13160223602949,2909,9,0.2567494817895617,27.114299726923463,4.584575763508271,1174.0312543732857,11,6,benign
1337,85432.12315347431,29.171973306727303,54544,191,0.008200453788485757,14.880324716030033,7.865171143500772,75191.44496016696,125,6,malicious
8080,3862.4355763825283,15.118379028766096,31388,6,2.6492878891570415,4.889944090218745,4.6726782895090295,994.2507669532273,6,17,benign
22,3163.26185245749,21.744500883017523,15732,5,1.2314794893981462,15.938427308555752,3.0913096226814454,9970.836725942836,10,6,benign
4444,31747.910475922028,36.03697700541828,41321,179,0.03743290655676272,17.84081878484896,5.676207770033588,20903.707639080334,140,6,malicious
8080,1624.128934928126,9.984291196473952,34691,12,4.047910765713794,4.960057868851974,4.539651654915373,8148.940037981942,5,6,benign
4444,184656.04227307427,43.171148602696036,36040,168,0.046773846468098144,4.422204110735232,6.96024718241021,4044.939297639432,133,17,malicious
80,875.3583825835099,17.214133588174715,45247,20,2.389181840642771,7.585677300964276,2.797079484218914,4358.0150397666675,5,6,benign
22,2082.772520828399,14.147796119508016,4436,19,0.0049324813411548065,15.372635382136417,4.725014963877577,293.97452509276445,8,6,benign
443,1957.657723481356,15.04486842249606,12793,12,0.8976273932339356,5.202190384926953,3.164528181754436,660.0542895326784,9,6,benign
80,4423.146456015744,13.704144510252195,16971,6,3.071322409193612,12.167698834379951,4.119127777392873,2872.13704604722,9,6,benign
21,2808.355593371153,33.10949643378614,44171,188,0.038551200514977645,34.42482063512561,7.146614886556943,231688.02672527792,128,6,malicious
22,8850.048995168047,12.665979273780462,7473,13,1.9449611894878918,5.245496866341269,4.035114804233789,3295.9051423757646,11,17,benign
80,64564.936655415986,29.75257119985045,43203,156,0.021921552670955233,50.70933878590554,7.4074383133958985,56909.34118348739,129,6,malicious
53,5555.854303891196,9.69157566372905,36924,16,0.24769827576638853,9.618228744348666,4.151975419294001,162.46180971420972,6,6,benign
3389,136748.1241241951,29.647966577764116,41947,153,0.0054711382722847125,1.5955543403808738,6.510128244961205,17732.297637545114,108,6,malicious
1337,85971.63473294432,42.43574128237028,9160,171,0.06637678261738945,0.8491805826543205,6.466145263273056,5064.144717239399,123,6,malicious
23,593265.9474689739,31.989345497548246,34151,187,0.02931962368865087,6.2026371938377105,7.003117394239562,50252.89748000684,119,17,malicious
8080,15645.856165929124,16.183265636834683,7474,10,7.060528110228288,4.4914411803192,3.8835470532026317,4793.238237875402,7,6,benign
22,7277.262759859853,14.169428723410503,44023,14,4.7544654880141834,27.840949680083416,3.012702886342921,1879.7336497536749,12,17,benign
8080,17459.47548808374,16.072901320677108,25055,13,2.415971038206929,20.070474835740338,3.1501250181480693,4105.06481829935,13,6,benign
1337,699976.7568151936,33.40559321575245,32076,181,0.07700602600662065,32.383283721968965,6.476763533568933,70143.4148777022,111,17,malicious
53,965.4979971637679,15.63470369981002,62305,13,1.6850857133529502,13.346685581188055,2.5365849836676517,41.47718401067205,15,17,benign
443,333.5624596745915,19.41334544408534,12370,10,1.9535276790270657,8.576087448849437,4.556026680716731,2532.0263781937324,22,6,benign
21,20325.14323281543,29.896908583708615,58701,189,0.09571100623517691,4.732335469577199,6.185341527886046,10635.88434519024,117,6,malicious
443,2214.380879968352,14.294952511882633,15876,12,0.16198966844044022,13.12395127603339,3.733190009414488,1704.535613337811,16,6,benign
3389,47044.38261033785,39.364453767587925,50906,185,0.20827536349643028,14.435993054578521,6.385598769169972,33393.13730934021,121,6,malicious
443,8230.794669169076,15.260926229765328,8091,13,0.009833975575991798,7.487101585889341,4.061329083200738,1645.4848349812485,21,6,benign
53,2286.3711018655904,14.346016227207823,32509,6,3.593789257333804,41.37328813832387,2.054298116268578,2164.8739241948633,11,6,benign
4444,528772.015141613,38.57868912808574,10713,169,0.0595494282286329,15.322876680207496,5.74104827168654,143548.6988772441,126,6,malicious
53,9485.18638049875,9.534255962286675,18825,13,0.44713825619508485,27.25442392946706,2.911393090418276,1951.068407260342,13,6,benign
1337,270092.18518069654,39.01705261403803,41559,185,0.021037953348123643,14.529192567851913,6.282085189071316,996.2172514287766,109,6,malicious
8080,2203.1301414118752,16.257842633730515,25296,12,2.8534642471197706,5.708736649988522,2.4934668621685905,4826.044231019204,9,6,benign
80,8933.820862197119,15.38814729902427,4787,10,3.9299121610719707,20.012313380142135,4.889403195525202,2884.78500007991,10,17,benign
21,148939.45420428403,35.35557897374062,60111,187,0.02731760587727684,3.9254306755567008,6.081119851269543,63857.72628236832,109,6,malicious
4444,100621.62616541043,35.469754589040626,40720,167,0.039438589679434935,13.617748033486473,6.91684063757751,60448.007830502196,119,6,malicious
3389,331041.7521471887,32.77906251038509,55872,181,0.20198648650528955,7.721659897511952,5.876863636523719,209729.7878753524,123,6,malicious
443,7.929506716800427,16.136615657067825,31099,13,1.3210334361288543,2.435752353069647,2.420353011987631,2097.917848309975,13,6,benign
21,52848.043587268505,39.58583547411739,29716,166,0.00816953430465184,7.997105733306963,7.925647966413333,7793.366295180783,116,6,malicious
80,2108.547890088325,10.760684430611917,27573,10,0.3781725904247014,5.572061451694727,3.9702188805570406,1271.1522583313786,10,6,benign
22,29270.51726295144,17.29391253486305,1902,7,1.1358725935144678,1.7855048892326677,4.46443031715673,5613.716477740192,4,17,benign
4444,259540.9105603411,42.31267944571458,29872,159,0.06436310645272074,26.044436795594418,6.564697228229129,83124.32203266103,109,6,malicious
80,7162.224643816037,13.872019855198735,55658,8,0.14892245261611028,10.354744562152094,3.2055063749323294,3966.102954158041,6,6,benign
21,13795.30990306562,33.01174345309879,31765,223,0.021752975704161955,6.377892521771081,6.559349050928002,186308.75186790762,121,6,malicious
443,10933.993486188872,19.805759607863486,20292,14,0.2200925140672249,10.546879442986016,3.194617270895665,895.5584824599414,15,6,benign
8080,1915.002777466405,10.660207645290832,61375,18,1.4313777687124416,21.071954298938827,2.1240526781066356,4107.035185681722,7,17,benign
1337,135413.6950582907,33.5898229785175,11811,167,0.00819255051588797,0.2769723545746493,6.020313250785964,4881.418486060166,118,17,malicious
4444,51556.17898545594,37.34343883287954,52473,178,0.025796018604918702,11.869729705305511,6.930533759821805,117107.837443569,93,6,malicious
23,46488.57961644781,31.710751178388314,42644,191,0.47308655852949344,9.784420356148575,6.112729294848248,2661.0896799763586,118,6,malicious
3389,215660.32599965064,35.967682719877644,32695,165,0.04114550613093554,33.5337398287107,7.135623571118861,77530.97720042658,119,17,malicious
3389,44521.23461974728,39.12833493306361,12360,173,0.15954240622786614,12.178003305421226,6.455461299712617,18361.92171424199,119,6,malicious
80,88659.61245482389,42.75121130358548,28762,202,0.06373456103742357,2.2157212682040046,7.71718226354311,9995.344206759099,126,17,malicious
21,178012.79005359692,38.96543553090018,14511,180,0.08786892464838747,7.382099773712967,6.896195168663944,60956.780325694,115,6,malicious
8080,7646.596581724536,21.752814925592585,62589,12,1.826834477178927,14.556031955551628,4.45675526102375,2707.4203080037114,12,6,benign
80,1562.195342617114,16.775794213194654,41163,16,0.04025548519455341,0.7053333795496662,4.286541284708327,388.4154680446521,9,6,benign
8080,5986.174292158882,14.904351318721867,54161,15,1.9605460588571408,32.39664704237249,4.273832606318195,2762.572420045847,12,6,benign
4444,172910.5644112774,21.905243697446757,35061,194,0.17038702740015424,1.0528342733281288,5.658548919822978,21814.56875282638,128,17,malicious
3389,69288.19975109029,41.69633993168271,13922,163,0.0035067919581586015,0.4660320510217598,5.668371767726863,10493.143740444018,123,6,malicious
8080,154.2530180543162,18.916487599125908,18702,10,0.5555916669572586,0.030264121549186986,4.285256798108051,5975.115666630682,12,6,benign
3389,60064.76513450554,30.690113464653123,51185,188,0.004188747941853519,17.268072319955557,7.419909755120446,5663.677863759213,115,17,malicious
1337,247670.48678402673,32.690636177959405,44075,181,0.048825555971975486,9.129887166404677,6.58397354570492,116762.60858970719,130,6,malicious
80,1547.9052336223679,17.827581382372927,19165,15,3.5248355295231644,1.6274429721185384,4.62526780235002,2769.1842074364513,10,17,benign
1337,494339.0463179344,30.660169705036278,11180,165,0.10923254390144721,29.090866543132535,6.194862665513533,44440.461044790056,123,6,malicious
4444,151111.3707587145,30.096808165924273,25184,192,0.011929389946079321,3.3982453235021497,6.085987214583869,90952.87508861806,142,17,malicious
8080,1064.9520628192888,19.551129257864385,13859,12,0.2265520005702301,5.925093476860825,3.580529107842287,14991.624537425201,14,6,benign
1337,83329.38020695363,30.556973436079574,10407,169,0.05080006189576305,2.9351415257774116,6.237848865902931,18137.47197919864,120,6,malicious
53,6504.371365580741,15.716996245446257,40370,14,4.807650152737684,39.20944515774501,4.2689899356818435,399.334277272496,18,6,benign
80,346480.44936013094,44.978249872737784,25588,202,0.03521034253580468,21.286403316467986,7.467736950959056,9500.805673146839,120,17,malicious
1337,15616.366328489905,28.95733339192146,43037,191,0.044623236220708414,19.307783621712943,5.554916446118952,31186.955674486748,125,6,malicious
21,18682.728860390387,34.5606420507568,20249,168,0.045313655101525456,0.6748981994375428,5.584685374707966,5835.38627366064,127,17,malicious
53,272.52317981721677,15.305358984607949,39508,14,0.737705908322533,11.094204383398043,2.1217388417156084,808.3729199740701,9,6,benign
1337,481989.9199217286,38.21332477009971,52580,183,0.11903858198218836,12.850968512212349,7.240039360784258,9270.045122638247,114,6,malicious
4444,150387.05943987353,31.964738647253718,20970,181,0.023346081010039463,7.231649402569084,6.151996588155875,99729.942525728,107,6,malicious
8080,4429.90047379019,18.7082760336536,29304,12,5.195581195949235,5.823728142235018,2.5653544766164247,682.1775753101631,10,6,benign
23,183298.2858921591,37.52017382661366,43806,178,0.051562258306288314,28.652355001871733,6.220369749859793,111055.44198902264,137,17,malicious
22,20984.534856446902,14.676405004521161,51447,15,1.1754643216622593,0.3492841353402173,2.0428434937919864,434.1390256461123,9,17,benign
3389,212868.19857577933,26.883655329140467,27319,181,0.0044386182253038356,14.726639446087368,6.048533264480808,80100.61118707013,144,6,malicious
53,1385.0998143016718,15.926917198544492,58620,19,3.7672969009278576,7.519242370767322,2.168323865090562,1297.4634279080803,7,17,benign
22,1631.8739754293554,18.39201963199167,33724,13,0.01601402835418177,16.44699953487978,3.098034264392087,6528.718937792686,10,17,benign
80,11339.607259777167,14.27989105199803,48912,7,6.788208335888704,3.3081579850635414,2.6173149118144696,3566.663162063883,9,6,benign
21,48765.36621363542,35.00453054646707,36560,179,0.12796657601968453,4.090115890011441,6.1398005800154705,17879.79097345495,109,6,malicious
22,6559.351146849542,13.83966833139116,33633,6,1.4734040231123864,13.259306544991349,4.1215539724446035,513.2580618861725,9,6,benign
1337,84518.27641433316,34.68571715337282,49533,167,0.03291873758306625,58.63432546153538,6.997582132052924,26799.071667331493,98,6,malicious
53,12144.852387455558,14.567548223937303,10775,9,2.8711618965683083,55.14453299801659,3.8504249037349543,2742.4831499344837,9,6,benign
22,6715.137044043289,14.589752868488167,57977,10,1.2382632696354894,4.294864595715528,3.774959481000005,13190.302910627981,6,17,benign
3389,39312.02229355454,43.951141597021106,9952,184,0.2375464501630969,1.6196428420401778,6.036520278409162,15632.27972851931,143,6,malicious
1337,95177.57033190195,31.379206358565895,7166,186,0.01358947047133146,13.386534533783859,7.66294607260994,36864.51547948259,117,6,malicious
8080,1139.3738431581287,9.640839564533934,46979,14,0.6787929511717508,8.170457847169414,2.3456167549002593,3908.2325550606133,10,6,benign
23,23077.61814010996,42.11380824945395,52104,160,0.011926007780412036,21.512537082907244,5.980263892955127,78293.01689262476,130,6,malicious
21,122032.58313073295,41.70075085344797,17281,183,0.00017943893509220508,11.261127204732782,5.76934002986531,14397.846392442514,116,6,malicious
23,57685.49959075575,36.83555814565313,23674,176,0.02411636261960873,10.71822253178647,7.640603661550484,63141.285722151995,112,17,malicious
443,3803.765935734671,9.090731471420867,39205,10,2.8350202287358757,15.596374096988132,3.517048417481166,816.8067643536406,9,6,benign
80,5090.595551194154,18.969255758432567,24236,10,1.4072026718273767,2.0273068173536544,3.5910707136069218,2073.4378122214894,9,6,benign
80,401941.99597551976,36.851354948837844,3214,189,0.11472232143446612,16.959056882986793,7.902786748444352,125848.06732980214,103,6,malicious
53,532.8539841758737,16.274977020139318,2026,12,1.353016569079451,10.056693146814409,4.328157496936571,1265.070836060737,11,17,benign
80,45665.306574932874,39.031638123730495,44969,191,0.020251794443856063,25.734236900195565,7.6009689998023875,6204.677804498897,101,6,malicious
3389,155358.86396189185,34.11262037537134,43906,153,0.08872313473198606,2.2398050609003723,6.559577724955657,40734.95923537149,120,17,malicious
23,283147.1578986488,37.60712166096775,24062,176,0.04067323087989173,5.366140902592125,7.47194606188374,2375.5712782190726,128,6,malicious
21,77031.95031534605,32.68734967331376,9118,177,0.14262836909355092,45.010079008850816,6.518488852447108,10375.230802952216,107,17,malicious
21,265756.03905346553,29.20674766287868,23475,187,0.056233304012147496,12.080396078676857,5.675988996834293,10547.913243322664,136,17,malicious
53,286.81946076524025,15.169886141569721,4776,16,0.7935877923730321,39.739857704572934,2.001583531057497,8493.036696963713,10,6,benign
4444,259555.6622892602,33.760497813031975,56376,174,0.07271292154741181,17.521128673736598,5.876721599758947,14283.340510240572,108,17,malicious
8080,11919.835782297298,12.432113523822807,21545,13,0.3736146213932492,39.14304747129891,4.294875184696646,986.5794219955492,8,6,benign
443,6387.341629397752,18.73536756596297,65332,17,0.044187972941911846,5.737064078386164,2.656047286456869,3205.842279742446,8,6,benign
21,78419.89964012941,37.496479168671286,53878,164,0.037381637636743896,1.4234609882404228,5.705000369773948,65586.13965046065,124,17,malicious
23,663339.7255278173,36.14895393347127,28792,167,0.004156470823098714,24.310650437953566,6.071200036934986,145931.3350513395,119,6,malicious
21,229563.5253594442,34.40217437369217,56119,204,0.0708680058144297,24.48052617564839,7.656294043669236,35033.491882950715,134,6,malicious
3389,128380.40009480919,32.85578518568283,29434,170,0.0491851090438157,14.467520998799694,6.302713674060383,21925.662490279814,137,6,malicious
22,2487.418371860534,14.078230394793318,38230,13,0.07268734285477046,12.997166477107196,3.2086865200925536,1222.37468096885,7,6,benign
80,3366.764440652733,16.731352516914427,5451,7,0.0690938952694392,36.96036390989408,4.592338422571276,4497.875598673202,11,6,benign
1337,45785.59291967093,33.0508954452214,61895,159,0.04593135898193503,2.9128480173875375,6.670545308943236,143162.54418423015,143,6,malicious
443,2719.445472764471,15.180716127836202,6580,6,1.2983647597235648,14.37772013666601,3.097574258757644,2488.018515248248,10,17,benign
53,1902.656129927798,17.977329889974857,42324,11,1.056504439723122,0.7657779186370224,4.801822696006192,314.9808227523876,8,6,benign
22,181.15309783604994,9.278268648822376,19796,13,0.646349318571432,2.277437043700294,2.0351888669806364,583.8534277637177,9,6,benign
443,735.1701659357998,16.1081543821,29087,4,0.13947795387829798,8.624392693493329,3.172368272020774,193.4410222166608,4,6,benign
8080,7220.397582505874,20.329615543300285,40784,5,0.3993449247649328,25.822929493664986,2.7791097801995925,6958.675858670616,9,6,benign
80,91.0128787819394,13.869400051620753,23733,12,0.3052817500689413,19.815055698199586,3.5955821673292343,148.21510460973553,5,6,benign
22,13609.728927768254,11.267162930205888,51876,15,2.0536653100565156,54.78207587169746,2.836300400835884,2179.5935168281126,8,17,benign
443,451.9470120225394,13.832719941119239,16343,11,2.2708260730390917,0.6882820167144343,4.609724136384417,764.5892739711077,7,6,benign
1337,175423.098188976,40.642288730843156,6407,195,0.019801188406953198,7.203287713350362,7.613414752554,17850.272362548123,131,6,malicious
443,11444.226634033743,15.677055218219913,2257,9,5.212615222277318,2.5937235049332075,4.547402891221822,2041.6180905517963,11,17,benign
8080,14162.592639772203,14.778917904134438,28170,14,3.2343276841415487,0.5649249676937989,3.195703535683848,1793.839063569624,14,17,benign
1337,22035.669618819218,44.55798247855061,64693,168,0.04257320533982802,4.605981962999261,5.882136137920349,88212.20330840872,116,6,malicious
8080,1695.2280003908977,14.60629317196037,63931,12,0.8040511076445942,4.2050734526573965,4.205108949872574,7287.280513957377,12,6,benign
21,503465.3010862464,37.35455578879608,52474,174,0.231083618169434,8.171624505535902,7.490210876087289,13698.03991990307,136,6,malicious
23,100915.05924133143,27.783937046389532,25737,200,0.03901014182238229,2.263759829768335,6.135489990367874,28102.237993293067,106,6,malicious
22,750.02710469133,11.407057445449702,49369,12,0.5230573277329181,10.0580973302728,4.0011392491451865,6731.404680422109,12,17,benign
8080,112.62115836171654,16.038255056143655,44782,11,1.2467668292033944,37.904377375329545,4.185702332695505,11559.00828502314,7,6,benign
3389,179100.02158841048,40.983527768349454,15813,197,0.148200237899223,20.686143018337006,7.151004997024779,82698.58762110518,138,6,malicious
21,901641.2509997649,36.97103846498514,3954,167,0.13775496877992285,27.69424822220584,7.984367108006175,128017.92022272058,109,6,malicious
8080,4691.696910735319,15.924979448218686,13136,11,0.49542454771216127,24.50047288491585,4.961263952161461,467.00187460682156,9,6,benign
1337,108258.81389337432,32.518881483449135,13398,176,0.08812615693641472,7.405259192144493,7.881309094909062,3114.598007826033,121,6,malicious
53,5469.917760787727,11.53486414348419,52009,11,5.981907919638878,18.514471873352555,2.9056850672985917,1084.4131491566184,13,6,benign
1337,65837.90093858716,35.10013703384754,32036,188,0.08803796670842826,21.0519886438116,6.651911589601945,5904.643350885303,126,6,malicious
443,7731.579668331658,14.333927577144477,19547,14,3.389175169651352,3.4534308615138216,2.352248133995167,613.1419084598598,15,6,benign
80,446200.9624728485,45.73351610707571,25807,198,0.03454174496026986,29.51982992820818,6.171811136499521,83507.72319513699,114,6,malicious
1337,100543.79630786588,42.185369401125676,16587,204,0.028135900832443408,9.180349975877062,6.916748215149216,2863.862827728392,114,6,malicious
21,104809.52369391249,40.57060214330632,44217,178,0.03369186193749325,0.24742556559165996,7.584910365846567,16691.441115708665,111,6,malicious
4444,145612.0949119668,42.70956199808558,11066,179,0.06410910096560946,15.466440163921613,6.234905453028183,36381.83448955979,123,6,malicious
443,10774.072023793215,16.3118667335123,60055,14,1.6841083319051493,16.940546445849975,2.0575236237613534,10889.97936924865,4,6,benign
53,3008.2076014810596,16.346210184678256,44187,11,3.672434461368715,12.036473992562229,3.1274935893133424,2128.264938863863,8,6,benign
22,9731.304428319236,16.62240726119609,23844,16,1.0360629782513535,3.5817653937917413,4.116060753430533,7234.5371686371755,5,6,benign
22,248.03086528598723,16.474798950775558,32276,13,0.8027103406122336,9.874753697439578,3.4625876404067064,132.11545046648408,10,17,benign
21,28693.916271679158,24.546593691455037,3232,162,0.017617739850919266,7.665570951083074,5.898811617108457,56407.62953920189,119,6,malicious
22,2671.901844417125,10.567111023052743,41345,17,5.481132676011562,55.146008906012476,4.0117125461783285,8674.743583577989,15,6,benign
22,3302.3552082400115,17.97623336598792,14820,19,0.09638596549164069,26.117002133174264,3.7187215681050994,413.4139127635426,10,17,benign
23,241409.44141178695,27.475167993901138,39414,192,0.03672070565294012,21.52594300335254,6.089395592560104,37722.78401625104,122,6,malicious
21,411855.42933913803,34.67778692741134,26450,175,0.21464805671944043,2.9964178594759803,7.906871175490673,68760.64084927323,121,6,malicious
4444,77433.39237462018,30.753608681335507,60571,172,0.1502911735373261,6.030465561241831,6.096073176340807,107968.87043932675,115,17,malicious
3389,185021.3156522682,37.03373908686139,23694,156,0.1529464976363368,7.16356691370635,7.33361046433983,7118.182019460702,103,6,malicious
80,7895.593425776454,13.297054071855154,25344,15,2.2511240393539595,10.177648422292142,4.140918880331603,3901.4602028877175,4,6,benign
22,5414.094226237117,13.181668001970879,21098,9,1.940966024635539,0.4603603501848154,3.7934085902454777,8063.387745944289,11,17,benign
21,187001.78222168703,33.4113839591602,28955,154,0.12061039308245543,13.484471507980192,7.224962111817363,90070.51963949451,114,17,malicious
80,68806.84460997857,38.98706336671164,20017,184,0.24501270179291934,6.644153227454363,6.931192687573128,97373.7904399318,125,6,malicious
80,5980.79014324549,20.57522119361604,56354,11,4.1283910722874495,12.371992938581515,2.8389241370874547,1256.9544461608766,8,6,benign
23,43641.600621253994,30.70762751417945,34015,163,0.002331826749117042,0.1352839925740427,7.399719705283847,1050.7280300288455,127,6,malicious
22,2485.2349048895735,15.68134615283353,16027,15,0.12270349743748549,5.816583932784948,2.6564894162787835,459.85960064899837,15,6,benign
8080,4863.173551334866,17.91964231840226,48520,11,2.708598393237032,21.958394511504324,2.65991899816456,1834.9368879795893,8,6,benign
1337,33484.046522396646,24.390710077890176,15767,193,0.07442409491363096,10.429689427574784,7.985775635166895,202619.41590322382,106,6,malicious
3389,15014.899483946278,29.915094943914205,53950,184,0.04442575405897063,23.330449487162532,6.569913283837152,91275.35147095566,103,6,malicious
3389,19072.87721936797,44.18532760986916,59779,170,0.05751184231283432,18.007701548535106,6.699341439178568,79955.1293287189,133,17,malicious
80,2609.4821737511243,13.22102401785802,15031,11,3.2334529576840696,28.957108934197755,2.8636100363723465,797.1741262793778,12,6,benign
23,64641.62496801933,34.235780843664344,25324,180,0.21173006719390774,0.11207145457780167,5.96442536056086,210697.81444014458,118,6,malicious
53,825.4028141794345,17.068769057928932,46376,8,0.07689530294473894,4.5434685615794255,3.017768832681546,2055.181066039277,9,17,benign
80,971.8271489048041,15.967894198876781,42306,16,1.2115358688219384,11.937726082386057,4.887240205969142,289.65348680072304,8,6,benign
4444,155485.4686635345,39.79613070698145,17199,160,0.030897486616619785,42.457863989352894,7.681043215979448,69013.83097874031,136,17,malicious
21,118709.00111430312,42.03102834827872,6997,189,0.05034399115252363,17.081682164571113,7.023896448760219,28327.745855931997,130,6,malicious
21,204146.2857853869,29.308322443182707,10727,200,0.1731722073873495,9.148334189847,7.709369902948732,54007.53833256232,121,6,malicious
3389,62117.04324648189,29.801265218736958,33337,181,0.1233177131594945,2.0913679408373786,7.199931218195138,175417.73681711828,122,17,malicious
3389,90229.82021286666,45.28498468341448,19494,173,0.09222966160173575,10.195036926951786,6.778902249464399,14148.098501947099,109,6,malicious
1337,16132.498114239093,33.41695675965424,30200,169,0.0053978224118952835,8.726421055811842,7.829477009961789,79237.79938227563,122,6,malicious
22,9806.793011839753,17.37246936376322,24304,17,2.927886323425829,22.606149391056732,2.472027411682822,4655.607945738757,15,6,benign
8080,4517.276225142629,14.123737637578,64024,6,0.9534624472538633,7.99986857570887,4.90807417354374,3199.4845194236173,5,6,benign
8080,2042.315544065178,21.660337455206967,24891,14,2.80230843629558,5.7593283828243225,4.7874538570397736,1006.4685556722006,10,6,benign
53,8460.165885334292,15.099661397469692,41455,15,0.6774838615709016,1.4100402849472506,3.307014325992558,1489.282146706561,10,17,benign
4444,6593.1225411363275,20.712331248210262,57460,177,0.22874356583283614,0.7142545462926531,6.052632021155764,1893.0457586860996,143,17,malicious
53,9344.560691240127,10.901800500490378,22869,21,0.9117686857030696,8.674110351378133,4.977375283076141,1598.7533395874748,15,6,benign
443,613.7650156515176,13.957380818542847,17265,13,1.0347962075990784,6.389502125058592,3.2292356584987454,4228.97407704296,6,6,benign
8080,17427.447839783505,16.31632022476515,36079,15,0.9762330836561912,12.15614599642657,2.339137067162249,1049.547881269887,11,6,benign
80,186747.6254805436,32.25882539504188,9902,198,0.1515210462808813,18.66819521210164,6.184036374695207,168050.7466400878,123,6,malicious
443,2211.7060948673775,12.137666221191301,11233,13,1.2475071817814376,0.6124363802723062,3.42945535532749,1884.311977832351,11,6,benign
21,93496.81560010523,30.326715958960847,59836,165,0.08478275469284391,10.28414815410117,6.268804050510133,9255.24319128711,147,6,malicious
80,913.9423457155265,12.673830419405146,29523,20,1.082892607080809,29.704469238208947,3.6526785812144227,2739.385553469736,10,6,benign
443,24689.823778906906,12.426384000632444,38627,11,0.38178702329851955,9.109127905290666,2.088432810767607,1796.6473384008773,12,6,benign
23,37798.747184138556,40.31267593634954,59364,186,0.004700072877713877,11.048407035976663,6.074914608500208,3131.0111334772228,132,6,malicious
3389,61795.57131024006,23.726753699034553,36326,183,0.03785903660780086,10.00610621294548,7.515435401103764,168223.33427996153,124,17,malicious
22,1699.8104523676525,15.526109630541967,12028,16,0.08671826891523143,7.409353522924721,2.078090084609239,12756.023615568001,9,17,benign
1337,57163.93006250798,41.53857018454911,55706,205,0.08961910431376245,1.7500218272648222,5.779434939011732,83909.10402534716,109,6,malicious
3389,61314.311123625266,29.977165772839697,31611,163,0.0800173663283985,2.0262383375460744,7.90350951272102,74029.90709976031,136,6,malicious
443,2718.361345769616,14.319152791370922,34414,9,0.8267793922524738,2.9601131139860892,3.929290463064076,105.72966877298398,14,17,benign
80,19659.875851424185,45.01664401260308,29424,179,0.15621033525967756,23.59403265364354,5.8754927966548935,117384.04925116584,129,6,malicious
23,13266.104513644808,35.950346046023085,11999,186,0.05490683875826506,4.830631122034177,6.395955158379049,116335.54579282615,119,6,malicious
80,7141.755075968232,47.843017226000754,13609,186,0.055455830957670774,44.383422252892665,5.7390844230783085,6835.211303629445,113,6,malicious
23,17641.32667382611,43.39935543867065,51251,188,0.0897003507621701,24.92440832210388,5.889040939877922,116102.82131206704,121,6,malicious
80,63172.21257019711,31.090015946089824,7900,180,0.009691245719743462,17.30588259146254,7.616111493837374,37105.426684273894,109,6,malicious
4444,135162.96298738648,27.415876490811595,49128,178,0.7296141139196561,19.115587262615943,5.928767139274171,15603.50032766425,115,6,malicious
80,31265.38500481877,31.376492624682776,58671,166,0.058519130442036785,0.7320597506577831,5.778567034156346,46888.54780166578,120,6,malicious
80,328400.30894590623,37.280323399931014,14623,154,0.19255113682161437,12.603471144497915,7.6998938422031555,16487.99275090971,96,17,malicious
21,247838.05839850058,37.07756115564033,26263,175,0.27376835671970934,42.4677431328415,6.6094912702810875,32601.016440302206,125,6,malicious
80,110260.18952644775,38.98718177351453,44930,194,0.06971356178137665,0.5984329728029542,5.8929073535310685,84760.0984703409,132,6,malicious
21,193217.24384650725,29.447581171160184,55413,178,0.008727053937929854,5.15884576571989,6.953793576261299,1636.3866613702633,107,6,malicious
443,1107.2914400993916,12.710587525010578,21402,15,0.6607648449127075,0.7932840869139705,2.373940246750775,101.64767295504336,9,17,benign
3389,5620.672346407864,38.35119979387128,27592,199,0.07283313007295707,12.650539036576824,6.568456386573886,156844.83634068543,125,17,malicious
80,352032.0410769666,46.94540279221769,61863,183,0.12454503238749233,1.8528779387283474,6.975784565938358,29448.221518415852,129,6,malicious
80,1559.9523811829602,14.866694416208912,32534,10,3.4261007650625404,9.787282482599203,4.831804606193641,2223.4058449988597,13,17,benign
21,443296.111255269,34.565393557966004,36486,189,0.050236015180153595,19.09177663821587,6.31616190946185,128379.34347320753,118,17,malicious
443,5384.177585564632,11.906888800931291,21712,11,3.047793524536025,2.694770502732661,4.177112184549573,13357.40489887217,19,6,benign
22,1740.4266767558229,19.384901457613772,53374,13,1.8279065767049123,21.11978511209942,3.2316364509271347,567.086237720993,11,17,benign
4444,102635.4371605595,27.816607634749474,22820,211,0.016994360058609822,0.9313941013509992,6.583955875085,22508.3259237463,122,17,malicious
22,863.6615248153932,14.441780458128875,42502,9,4.5850413620813475,2.43115858686579,4.6538339147672545,1047.78262392801,6,6,benign
23,3534.3761742033894,42.32469864046024,57565,192,0.01264940207496431,4.929860413777281,6.731169589690936,9908.644561548168,114,17,malicious
23,65882.72476690484,25.256065455498366,31820,192,0.14719590013926287,23.851815414911638,6.543079647164696,43162.80198588018,120,6,malicious
4444,201983.64382873944,40.97619498885009,21841,189,0.02597842101318239,28.470494935641785,7.949462624899784,19340.36367937402,121,17,malicious
22,8164.599784490265,16.60697344531455,65374,6,0.10894581714138955,3.734226290822788,4.448108752088779,680.431398211019,10,6,benign
443,741.8906959778602,11.718654439517142,56085,14,4.596301385863829,1.5103022418205063,3.430881098692373,2041.3174660996879,15,6,benign
23,61220.01825553286,37.932867175648965,11085,183,0.040747551225363166,28.25356111273314,5.941274444787799,45323.602207147414,101,17,malicious
3389,298225.7193052098,37.25105668999888,25425,190,0.02638854629090615,15.720246515600607,6.892392478554715,0.4216123427801818,128,17,malicious
1337,111839.75180055658,32.99912367281656,4834,191,0.021455198943945132,2.5770538310860527,7.480205695809431,14555.313450343607,135,6,malicious
53,1853.0142880259737,15.39515630664192,34704,7,5.918088372938177,12.237072667866638,4.058836598959143,2391.736118824137,5,6,benign
80,488437.82628463965,27.45659418262176,24850,183,0.1809085444607934,30.879465793822128,6.585073371637058,11775.403392362625,127,6,malicious
1337,58043.92449410275,40.4874421000992,62302,201,0.11250081902136343,1.0807389167656312,5.606617287073637,98458.12233468944,121,17,malicious
21,97956.6607229221,32.20980138707352,5926,182,0.14404377572375515,1.3115194579307272,6.109894843869809,123135.68846352494,117,6,malicious
22,5327.630465681305,16.654555969795855,53364,9,0.15562617192576822,4.794977032254509,4.86959317704741,4077.5752802793836,14,17,benign
3389,213389.14488936012,32.891451653803244,59683,180,0.30962315347516134,15.84460338984319,7.901445705562706,44592.89909746494,122,17,malicious
1337,46345.953085669964,44.19262957480913,63758,182,0.11344094320359702,2.9403785420033084,5.922071631950888,13123.88707638698,110,6,malicious
23,24570.500912588923,37.63181687536582,20636,177,0.018880931140188805,25.422257865358745,5.87525970584063,16059.96961668377,110,6,malicious
8080,2284.89122650744,18.517871947567322,50747,12,0.6674472579248041,20.820248256251514,2.4515235484954223,2839.061717792526,13,6,benign
1337,44691.415434589435,39.72537176546503,61623,186,0.031096823888995755,12.349003831024023,6.789918225757684,75030.39971753776,103,6,malicious
80,383962.3012947833,33.55406705318811,11687,183,0.43781104439263474,1.850622118976831,7.394962578511368,14576.761506035504,125,6,malicious
8080,3436.7133901408592,19.70752085476651,14991,8,4.323368921497224,66.6200628952288,4.847510998604015,889.9785339478078,7,6,benign
23,57478.184738681346,35.991706367045474,48800,181,0.02771463506369127,10.101157436357829,6.832151764837139,79595.50167206005,136,17,malicious
1337,8451.786194760401,38.86940375724903,41560,177,0.021872462353499572,9.02420223679808,5.517134280194308,408631.0843081287,130,6,malicious
8080,10576.255319355869,15.143594691127667,6159,8,0.2785987417837792,81.28721949690802,4.087138753787151,1016.2742959971366,12,6,benign
8080,3344.4085965663558,12.557647479177124,63389,11,0.15051620227931684,29.91198316709426,4.162020097570258,3692.2078929983654,11,17,benign
3389,151538.5148411949,42.09089824724045,15096,187,0.24556732603941794,9.142233635705104,6.786025408747809,16453.09620303621,120,6,malicious
53,414.2984719773438,15.698610127045098,42081,11,0.8087194803438886,8.1399822725371,3.5904638844666468,202.99143746588754,12,6,benign
21,20631.596872722443,29.963859176678096,21441,205,0.02801007042309192,1.5123852463569096,7.469769159361117,182291.54487444452,128,6,malicious
8080,841.003169103305,17.50434988096005,51815,19,0.4768992668312679,39.15944550528757,4.193859912483767,25118.822373902567,11,6,benign
3389,273406.4876962364,31.57152014079766,7467,173,0.02259089155985235,27.8468554262156,7.090301309114849,17074.45547407904,97,6,malicious
8080,1997.2062864020727,17.043995574618563,38634,11,3.962494126823471,5.566009414001917,2.674661029038665,924.7015769697941,12,6,benign
4444,266713.5719434552,42.01212052544355,22949,185,0.03691287018134761,20.995028226956226,7.65375024102781,201907.2813883897,126,6,malicious
1337,240641.3657859577,41.95492285056346,31026,178,0.02550849632597704,21.5783119163282,6.407090454724079,7115.599325666179,124,17,malicious
80,67466.24953801368,30.767227317575685,37819,184,0.0033277700751605335,3.879826265753864,6.7052590833161565,83661.55062136237,125,17,malicious
1337,36781.93534012387,38.10345242601461,32017,184,0.02860046581962346,14.265386140362292,6.380486949561616,16048.421451707303,116,6,malicious
8080,19851.226436756642,17.705136651576886,1284,12,0.9136306335578916,4.416145854723806,2.872762251299786,2807.149123598914,10,17,benign
3389,55008.83154640176,37.51737327361433,63726,197,0.046213134725808534,23.401579283927372,7.7518503674055825,33447.21257179024,130,17,malicious
8080,3581.8850472821136,12.89077602846964,10151,14,3.500000644392526,2.5051651006080866,2.62388339571261,1481.0876820955464,12,6,benign
22,5164.494062190183,21.944464775328324,51973,9,0.07812824023132076,16.58029428062697,3.9204793927469996,73.57247551868937,8,6,benign
53,539.1743781042815,15.621817697504094,50507,11,1.3642429329706542,5.918138168380875,2.669547671158198,7.636618013471768,8,6,benign
53,9306.240109947988,9.84960788927151,38002,8,1.3903807781742836,0.5527928785737996,3.9430015900845063,4786.509564431347,6,6,benign
80,10891.188485920666,30.53731952214738,25867,163,0.0797127613663299,1.9807812109497918,7.59146028375053,62586.2985681524,126,6,malicious
3389,234944.31237441712,43.81021923913245,52235,188,0.3641645881482699,15.958778273798744,5.827945363799863,10019.135531028975,103,6,malicious
443,5058.899865146709,13.430889398017854,33864,16,0.9492004922465265,4.114861397101875,4.584703047977577,1010.7305856527676,12,6,benign
8080,8982.199524984153,12.58088446782969,38903,21,1.9260040412193116,14.955817502994053,4.280078586625079,1323.3478191739239,12,6,benign
23,91977.7745673654,44.235501609564174,3945,176,0.015789053692314016,8.037592323066157,7.541921291359934,12548.27003663558,121,17,malicious
22,2119.121696741285,13.892660940231709,44437,14,0.5849030241819823,17.699619363982485,2.092697698810595,1709.5339664438236,7,17,benign
53,1502.895245259543,17.4629183766068,4912,13,0.9938858860678486,10.187144154193858,2.718061805461218,4671.962363736685,8,6,benign
8080,2814.926145686595,15.750374393127068,1201,14,0.4532005535835396,5.534403583346563,4.436942981456782,3013.18671744927,7,6,benign
4444,131471.89513209416,31.000556582724265,52175,189,0.21152129741402953,2.3641856162708277,5.562116028963633,30600.118135321423,121,17,malicious
80,49603.945350567075,36.333554320388956,59139,190,0.0009305178208240954,6.25771273198335,5.79119787464518,36551.721942731245,123,17,malicious
53,11249.862330713378,17.30769466203795,59313,13,4.971078893651123,15.113516550567507,3.7527006491275405,600.6002198093174,7,17,benign
443,3910.4150839494937,7.966912478233817,8450,11,0.8722167782553765,20.233447232342066,4.221105103390938,967.3156720559313,9,6,benign
21,180185.19920028184,32.51059856107649,5519,192,0.013425648482628755,2.621367656037469,6.993897435187802,82451.37999762796,115,6,malicious
23,3412.3710349859925,37.075256821617685,34061,168,0.006458549159304681,16.37182782878086,7.802415972290074,83195.9336937093,112,17,malicious
53,4056.3310426865296,16.855730287270706,11071,11,0.5102590061429538,2.9635901661224677,2.875932046690773,1537.9207261073045,14,17,benign
1337,177820.42148559878,36.160168493715595,19063,181,0.0008000600211366389,3.7619486317257427,5.581864386308369,30918.162550731704,107,17,malicious
22,3514.723247947988,11.296967611224025,62120,10,0.7038409783594117,11.367437368763502,4.420738645414683,3042.3083950292644,6,17,benign
443,10906.552467233207,16.20464017482349,36325,4,0.09750954814178606,5.120511319164223,2.1341979084855853,1078.9549647919437,14,6,benign
23,19637.72618200521,44.10927151108308,49731,185,0.05944655554531112,16.25269769726136,6.306397587700316,156961.33855497077,113,6,malicious
22,2379.242453321355,13.562553557085778,46138,9,1.6601847238687468,46.777526495756796,3.052189352539589,5023.921570691887,10,6,benign
21,105371.31435266846,35.45663324575989,61057,175,0.02216691123774907,2.418247282531042,6.122158971752017,76148.77594517959,123,6,malicious
53,3955.1855306197126,15.889654900007177,22390,10,0.7898903893002203,12.677381379293543,2.341775169163399,2543.616867352429,8,6,benign
53,4031.470438174891,16.351656450632397,21769,9,2.7188964987446878,38.51764371771555,4.800258230417838,13250.521356489659,9,17,benign
1337,3671.269663381822,40.08176395558284,44106,177,0.15430733213765696,2.9134037576146783,7.309471928497574,45780.513995583824,107,6,malicious
53,1826.4236066695328,18.84648808784693,56294,13,2.255524089801963,6.855740173450589,4.771258412851337,2134.1614374022515,9,6,benign
21,112108.44793520552,46.40674283024484,12377,158,0.017661514757492478,1.979278210482723,6.501934038423977,71030.84003233774,129,17,malicious
22,4440.777544112448,17.495129275054612,26104,13,2.734312677129397,15.409914848263126,2.574916586945544,3618.747066972027,7,6,benign
22,2619.0411395285423,13.835550261482911,19812,23,3.2102701520992367,16.591032038762773,2.3970170368788715,938.469583851423,9,17,benign
53,5265.952681073858,17.94687245514435,35993,17,2.312485559357469,16.367803254854714,4.583750720002785,3321.2182865428217,15,6,benign
1337,72011.90550154474,29.916673698505395,56195,152,0.039748035122893856,11.717452972847777,7.007270453959256,32938.43780687582,125,6,malicious
53,16186.228644114994,12.32473126442676,61657,15,1.2365404069256065,20.57172867454516,2.0592282436936955,3805.623988215152,6,6,benign
3389,452838.5635820028,35.43917291965626,62949,173,0.04731119870530219,0.5480505983830768,5.6616592505562116,17615.57225187107,125,6,malicious
53,594.4723861170069,7.8820034359752915,6683,11,1.546000159376176,47.37852907609082,3.419085198179193,8500.5993318855,6,6,benign
4444,84139.30373359681,32.26569095657407,34945,184,0.007685681454183431,3.7672863454188037,6.735305059563731,88023.7281584157,115,6,malicious
443,3259.743674484895,17.105220597550968,5185,10,0.008026276835493333,1.9441486957224554,3.549793613511942,212.57079977753432,7,6,benign
80,27682.311856717104,36.111406856785955,16527,181,0.15174526279498485,42.48789465196376,6.304633499477911,200424.84444369958,107,6,malicious
23,91300.06738381152,39.99520459194193,28027,172,0.13687350999967512,26.617953698153993,5.519034708350671,57570.18211904546,122,17,malicious
4444,252160.95331330373,28.2175024473396,51512,161,0.029157423138574747,21.71427764306487,6.5565935001153965,75731.62396123042,121,6,malicious
21,71873.73936073233,29.61333321322427,26006,158,0.07266547127501456,1.6597121545854587,6.502290560564346,338599.45225463866,126,6,malicious
21,115989.89516126252,31.526469664250506,4502,203,0.03859197595195131,24.717163441914302,6.557013518296591,35062.142772032625,127,17,malicious
1337,333572.86072385724,28.493889183354817,29644,160,0.0008296753675385613,14.086618229352979,7.029985016450109,3698.0052768362125,126,6,malicious
8080,11454.042293172191,23.180480383985923,50452,14,0.8460078472300825,19.746410293690168,3.200312103730796,58.97364812310523,15,6,benign
53,13376.979900994012,11.335676141110172,56934,14,5.000277296370725,57.29868714375545,3.9934649289936797,3330.6679505461807,6,6,benign
21,6686.060055190128,41.55238275650183,53656,198,0.07212638841505745,3.2432857872962026,6.744453198683201,8860.560848990082,128,6,malicious
23,54665.144998495154,34.12560383247796,36153,171,0.026194564154568806,10.529245968274779,6.9807941899631,1221.6751775310636,110,6,malicious
3389,178511.62631071504,32.22564200794799,28196,176,0.012433960439960286,20.996892643758144,6.918321066641752,7298.922668396701,136,6,malicious
80,5303.180542738458,14.02119759819636,55544,10,0.19872194078866384,8.528313463632498,3.606723401706724,2225.7116697625083,11,6,benign
443,129.0136878982499,14.075464498029842,11184,10,0.05373470905658909,0.8430496624949672,4.96572419849152,12998.75174757321,15,6,benign
53,328.61075302786264,16.10971110064302,58828,15,0.5295853399955428,1.7722779735073335,4.241597318794231,4780.857997572327,9,6,benign
1337,323315.24569494784,30.64499179991565,36238,184,0.1796662789221049,13.82301580800622,6.908688537870248,81430.50033825185,113,17,malicious
443,3591.707224407356,17.399923687530528,12955,12,4.7771990435808975,5.032178031792837,4.38789850580104,2665.1998908905043,11,6,benign
22,3947.2173840214095,15.956715125259647,32194,12,2.511119382948168,2.22472742228351,2.4838569244094453,1595.1097675276346,7,17,benign
80,174.30897380858892,19.94259944668055,32214,10,0.6480789986402752,6.230277258524698,3.596985825159838,162.96415057857803,10,6,benign
8080,933.8607346585719,17.486410680380356,64131,16,0.2325728817827605,3.3655570308845215,3.839735703396857,56.00728669570825,7,6,benign
3389,28367.82159415367,35.543135392780634,59950,203,0.05888895367742017,0.3634600881037638,7.298587237422094,153851.04664597003,132,6,malicious
22,4506.279381202383,14.563536015968122,8625,15,1.5598289376039551,2.4698297120977766,2.6312726307713445,9570.601552299204,7,6,benign
1337,129667.9291420716,34.48647527382671,38843,174,0.23950339803203377,32.193718483684705,5.877500339756027,1609.7262435460173,113,17,malicious
443,2544.482528115624,16.31971423131274,4541,14,1.7647640780663811,0.18165475909350431,4.803481327874904,3618.0194358567874,12,17,benign
22,11737.987426828158,18.22583728750642,5826,13,2.059663816673253,22.29837188257333,2.268462053778705,2706.5319216819353,6,6,benign
53,34058.98584643061,15.847812536151357,46182,9,2.292213194644468,21.00353268653099,4.655855354036067,2543.5680144266335,5,6,benign
443,21797.200149303757,16.734485718858128,19783,10,1.046630997576053,12.459875116076468,2.777540145823241,2597.0891878275233,12,17,benign
443,10671.580322430671,11.597319029644094,8874,12,2.352737486881737,3.5063911168087456,2.2430028481464124,1079.8802453165345,9,17,benign
443,2509.8257031198264,13.622395006846741,7768,18,0.03870985460475834,31.563296957990367,4.875723067754973,6528.717682972932,6,6,benign
21,251420.67976966163,30.30166718649462,23797,192,0.13046079039571426,9.667514509662626,7.228231647397241,28620.96801208669,121,6,malicious
80,2694.34449680643,16.325847994709697,49209,15,0.40306273611857657,2.85299977689217,3.868950515410909,3102.9076942118004,10,6,benign
3389,211632.08719190396,51.3257085406124,7272,193,0.02579332161267685,8.4060845495992,5.851230194107564,18123.863452874968,113,17,malicious
21,15490.883527675063,32.48032179058755,61107,169,0.03735257297082416,3.252152762572739,6.988088939885855,29475.742260641724,113,17,malicious
80,88836.7510045863,24.396908171914703,51147,164,0.008776190062439902,7.074262149075027,5.886031861020407,15128.64812606759,101,6,malicious
22,3709.1509661564446,14.693166398218546,49220,12,7.244015088698477,10.298168518192618,2.138344967021795,2456.581751875674,13,17,benign
8080,123.92444653133325,20.065319620522168,8160,13,0.8052158161084899,6.691983821661298,2.60928477893598,5622.301744200322,11,17,benign
53,7820.002616171141,12.316889638371944,43309,23,3.9417541580166042,16.05230878615135,4.833991252801834,1136.890500955157,7,6,benign
443,59.84588960913323,17.75447224646422,58520,9,0.2667167665428152,41.21383062789571,4.8605225737723,2382.590445353238,11,6,benign
4444,324579.18935706856,38.0497110654981,12824,165,0.0566184516760154,6.419097061532161,5.7586551748042565,65858.75422341494,132,6,malicious
53,29.708411699670627,14.415146130246399,54136,11,1.2240348144023268,6.5947822955708775,2.5072152167413355,12944.228384847549,13,6,benign
80,2359.6387021665632,15.877490793886015,61474,12,0.6450960100371299,20.108488651201107,3.26486018310486,4369.90415561816,7,6,benign
23,18744.704243302935,31.96412551944423,63420,181,0.04704007696336714,11.344210146793566,6.349706063107902,125343.64722192222,116,6,malicious
3389,29711.510089755215,47.21330571070682,53262,158,0.28262231079397965,8.401273759435382,5.867177819473714,19945.308599488195,118,17,malicious
80,526925.2551393013,26.71050370505997,14441,187,0.2758115558181255,25.214668376686785,7.715199789479031,69341.5505112997,128,6,malicious
80,3076.264124231522,15.558716132334132,26329,9,0.8472868173951099,33.25107514761064,4.686958537568183,1871.8472764697826,7,6,benign
53,2152.76268308887,21.192075470520614,37759,14,1.2741723948042767,13.39544835353028,3.246150202078235,181.9623376968844,7,6,benign
80,624721.8758427331,30.48742807727903,46153,168,0.036705784198757176,3.0704083321160063,5.85011179532096,146949.68718846765,126,6,malicious
443,7671.840436540495,14.194036437220321,38743,12,1.826301457983923,9.418424340719055,2.4176272315219447,742.939611879178,14,6,benign
443,5222.705369830303,19.641265262161806,5026,13,1.5951611246524038,10.528904015176343,4.6473445338823804,1141.809080186606,20,17,benign
443,6895.742139038722,16.988937114285065,3356,14,0.7587596924743234,8.489984883743668,3.470310114873535,8835.648858178423,12,17,benign
53,11820.901802602704,21.54763460292914,27173,11,0.48451234267574383,4.565952410904496,2.4889829235837335,1671.5878870452332,12,6,benign
53,9958.858069197851,18.27973606107019,45252,10,1.4282825207566947,9.589029981186481,4.682179264784346,1178.5092114805454,8,6,benign
22,5605.1860830878395,14.56198062929751,5399,7,4.301052103611894,8.873653689003863,4.535836667536271,3071.3971576739123,8,6,benign
23,44333.5267960128,32.28458109240823,30482,181,0.047372337795241956,3.526221450330057,6.610170048446335,70659.41875560135,116,6,malicious
4444,32874.92376957036,31.289959696498098,34477,174,0.16044897956670576,35.06240850127959,7.617724548993952,83337.5810964283,124,6,malicious
80,2403.1571240094327,31.952937458839994,21296,184,0.040097719815180385,32.48688516439279,7.439962374152367,11299.786829691775,118,6,malicious
22,6315.41674715229,16.02244687491816,59947,10,1.118429212986832,21.3827912495558,3.599407435941693,4189.805630320437,8,6,benign
22,8946.761296208651,16.88083249080954,18376,16,4.892837350527948,7.686067483310911,2.8378049966159917,1444.601635908358,12,6,benign
8080,6787.9805614823545,17.242203584747713,62105,13,1.3966299712419097,6.938674767860142,2.947628842675913,562.7235146763231,9,6,benign
4444,46945.360488359904,40.34577778251393,57496,192,0.0033113118320075062,18.90631556525439,7.2412615501173985,7746.433373875602,123,17,malicious
1337,158358.73072005945,42.05808775378092,64802,164,0.049460271336918445,14.051964845808444,7.174509549807123,4472.627608537674,124,6,malicious
22,160.65373120198754,10.924664944110818,3057,8,0.43122987185232986,13.766814923722203,3.185577193342422,1637.356438639213,7,6,benign
4444,109663.19684327742,26.283344732275555,40867,174,0.054295267854761145,1.9877476596415347,6.963375722510593,43711.61897024987,121,17,malicious
22,11546.341082419007,12.541135216373025,22669,11,3.8493749409770386,14.446167402037254,4.908271695738847,1562.3365358014678,11,17,benign
1337,26922.475435778346,40.10548297488083,26367,167,0.029815516683553013,34.820863960625985,6.9290331694859955,1603.7995171798,119,6,malicious
3389,209912.73875085326,35.33302538527463,48439,167,0.17238600445165933,1.345858945974358,6.625370763210865,101409.76102343801,131,6,malicious
80,214564.84531872006,38.90227587906083,1669,174,0.041328982726517464,6.21390936163496,7.1552061865589405,109126.0594273963,99,17,malicious
23,9269.60594477662,34.46642880034486,32799,178,0.0948714406005863,10.670103876421141,5.5887725884293005,29556.583632016893,129,6,malicious
1337,2844.448874561856,32.421836081267976,5145,163,0.007257260094552911,17.375887977718623,5.772984687510944,3988.23657247494,110,6,malicious
53,8924.648793660777,18.165236778808943,64398,14,0.32316140376481317,1.408643754136956,2.6885250245179453,1318.2770027246654,10,6,benign
21,32235.884776226627,24.63545045055792,64766,187,0.11455892605501541,30.930649779587814,6.564419158870117,3737.788614217048,109,6,malicious
80,5478.813292475139,17.354103747860293,9136,12,2.1333864490332966,0.6208576603016196,2.8488055758330604,124.51940079702571,14,6,benign
80,123779.31779129367,35.39885857486883,64222,202,0.27669189831662716,29.246177414591475,7.108236494417055,33977.65034082094,118,17,malicious
80,46075.03267603361,36.252155501261235,10295,206,0.016919820316183477,0.4206189424256545,7.9315461969925245,90116.69600758379,132,6,malicious
1337,20884.213051939307,27.233017504660125,40228,187,0.18525685766775052,2.5000891200500033,5.599852423468882,34918.7262380165,115,6,malicious
443,830.0478417445889,14.556479216612525,26236,8,0.5528201010445059,24.165875406291228,4.20132772476385,648.67391431148,17,6,benign
80,78473.90884916547,32.641090526140154,46309,202,0.0665146844786459,29.509321472318327,6.285503893475622,106284.80763327575,119,6,malicious
21,180039.99466029435,34.62341984831895,11316,203,0.0070306238391664505,60.48392927573922,5.558213591027577,166225.822827793,122,6,malicious
21,351774.6532590593,44.33035167875694,24505,206,0.03635798673419205,1.844635139922254,7.564816724835784,39844.351443643005,131,17,malicious
443,1654.1961405497723,13.03822892842131,42084,11,0.4763341479649987,11.212501982578715,2.060571677312843,12929.124635997032,14,6,benign
8080,3276.0798798767187,14.377333232522412,39378,11,0.4713912724563761,1.2044232732830253,2.2861360955185557,4424.346263654077,9,17,benign
8080,2970.994992217073,14.518742669950932,29517,11,1.8275815456794635,2.5512880530724065,2.8441744329086895,2927.7882238911097,8,17,benign
80,643.5979251361018,21.46186969812333,30499,10,3.9552160375995236,2.8763786279552357,2.278752354749427,487.2097428104841,6,17,benign
80,397049.4044970379,28.316011904942805,1892,203,0.1684813456275555,0.9822965773849036,7.061476447928357,42927.472606219555,155,6,malicious
443,1695.2519810482418,13.716397198140541,48394,20,1.947642591957315,33.521065990285805,2.1982213715334646,4499.957205331795,8,6,benign
21,219525.02655292777,39.99441800877809,39706,189,0.02125907453418977,2.026226358958793,5.921223345813474,50467.196568445914,133,6,malicious
22,1657.5121213645084,10.389027188116415,62465,16,1.8975352409488013,14.887085294554318,4.468580258180799,1896.1671619408287,15,6,benign
80,1327.9834087504703,14.778980070160053,9237,11,2.4223962798040106,14.742351182917487,2.3022847836901614,210.18927947087843,9,6,benign
23,778581.0346450751,31.426973639207176,60993,182,0.012613139554482598,3.321772355472896,7.670362882694722,19507.675042009167,129,6,malicious
4444,5859.073725405495,31.232228680188655,23763,145,0.07894909057710885,96.67222211361707,7.806708432873381,29795.0604824795,98,6,malicious
80,4804.646196906019,20.95972237521459,2927,12,0.07241716435051157,6.401122708083291,3.771134193721271,3162.620468856897,9,6,benign
80,334598.7868716856,32.42338222095038,36368,182,0.022553956054816804,35.32308389506692,7.586829711195545,65721.01763643151,107,6,malicious
23,9371.152896014291,33.41120190600282,48515,187,0.07160315147528432,44.430033402352706,7.718475812558374,19053.533454942823,109,6,malicious
80,13409.352985932694,9.908462189956094,37901,8,4.888346879000325,44.63565514274442,3.624430555975694,8908.011864331022,17,6,benign
3389,188406.52646929995,25.64929490038463,22022,208,0.05442629362564226,20.965644275473796,7.895139422615076,59487.83502485659,117,17,malicious
4444,5606.067807780414,50.57057872047396,58190,179,0.08643712950554157,4.391524889291182,7.6141273538609,32685.50387181508,132,6,malicious
4444,84139.00827430609,37.41674973133256,53469,179,0.02138707575764964,1.9286755037439514,6.65500670404484,45015.237630873686,119,17,malicious
443,7509.5491945194935,12.138497378367784,19343,13,0.14739164736535385,12.655539166121297,4.958534588338656,5810.562379767329,8,6,benign
4444,131236.43652408125,28.306369430582183,34407,158,0.09227713129620126,6.695223702551511,6.960529722128916,40900.01504574684,121,17,malicious
443,2241.338973945238,12.226225398165722,22465,9,1.601016863268117,26.671311448103005,2.789014531923096,498.04090200524746,16,6,benign
53,1199.942343459819,14.34585007883977,11666,11,0.5680220992974251,20.49679087857725,4.682752441345213,2061.936266725431,16,17,benign
53,2431.077098901239,9.021018113526527,12800,13,0.6373163068092899,4.85416370688683,3.7022424895730994,5994.643783238239,12,6,benign
443,6727.834860175575,12.58739737612679,25886,12,3.347420427510482,0.257424841442706,4.165551320524219,2816.311151006327,10,17,benign
3389,433050.6222428585,44.06566208457717,32127,187,0.006549539711601394,4.063667581236859,5.717985709812194,44154.49095855267,101,6,malicious
3389,109249.87856086825,34.72172554841349,12534,194,0.11011369924307145,12.559267872267599,6.213806129368571,28928.641844417813,118,17,malicious
1337,11596.58047863473,28.97392455751766,35715,154,0.05906854609855009,1.2343874717829582,7.724650468538141,16810.018933459683,121,6,malicious
53,8199.78742541726,17.6200851948848,14426,10,0.1186595810489128,16.10612902421472,3.310306793350744,36.3585919491989,3,6,benign
22,1459.8394281625249,17.871070271516576,63289,9,1.2183351034157655,16.707242069631256,2.7221715061062817,6699.751403617573,12,6,benign
443,1431.275373584921,14.986430578474693,7479,11,0.2854124053333419,2.7839944596569484,3.943014153300464,117.89825963042738,12,6,benign
3389,88997.71098127264,32.46134338524152,41396,187,0.20217710892604446,13.606926293374633,6.122605714113856,4904.406163486742,114,6,malicious
443,363.48815900993395,15.958827885573987,41944,9,1.2916886324484578,14.00809451050272,3.8673393787188237,7732.0718449976885,17,6,benign
23,183975.5573105041,29.131009105823825,3797,182,0.02875422459499447,9.750687401305552,6.19063692918017,1306.0223379525787,129,17,malicious
4444,335280.9698751585,37.66579169965457,44074,184,0.010057119297264602,45.94277023112345,7.678374809464,68513.12871307507,111,6,malicious
8080,3861.6830615120125,10.013294184056722,55369,6,1.4369886825043812,1.7170815103742225,4.745237212399625,3210.059759236794,8,6,benign
1337,108331.08418884913,41.610536389815906,28401,199,0.14969938438796807,7.828947435893151,6.650564111624673,44260.96689433967,106,17,malicious
53,9368.162484566381,11.838181130432009,59360,20,1.0797809863544612,32.17356619686788,3.0765032568130466,2268.4755877381717,11,6,benign
4444,500773.7702400742,43.928978566081355,10800,167,0.0051316156835552445,7.324078661201532,7.818611951358291,2376.8663522239,119,17,malicious
4444,24597.412668480763,34.08787408169139,52079,158,0.09954599546632426,8.291380013608684,7.278812565406113,35036.925923166265,105,6,malicious
443,3831.307682423139,14.38982798139981,59243,11,0.613922513475162,16.551683873879156,2.8824177348461792,4759.566229263911,9,6,benign
8080,6100.436404823942,20.12384564866832,33083,14,2.5701726871731765,16.42962601887784,4.772717901301187,1164.7107229153648,14,6,benign
23,32587.890544235794,31.6930432885045,30429,160,0.08826069159641403,0.3475242355793449,7.070529668856044,76251.88326655944,119,17,malicious
1337,6511.107349763277,35.99529845940946,60253,189,0.026160830723197935,9.123749771264212,6.551957544816268,16308.68210310436,119,17,malicious
443,1632.5854422047914,12.849137882340129,1167,12,0.29940597966658833,6.0859936651766295,2.3430875749751965,1574.826476603325,10,6,benign
4444,72704.23156155809,37.87859517876549,57672,173,0.03138629370326908,14.820637979897025,5.650643396709413,25785.656314402604,119,6,malicious
4444,37128.059089599104,44.455731816502606,52432,200,0.05878362238300247,12.168907215931807,7.502174928767003,271834.59424529586,118,17,malicious
4444,54631.26509691275,37.37315561549211,26722,175,0.13055673928222114,15.784304271656724,5.805407702085776,11925.878042217259,127,6,malicious
53,1924.7949049203994,9.16785171111226,18107,12,1.2094801106163415,15.909666547156382,2.369707678733784,656.172866842915,12,6,benign
80,182815.02685625813,31.580047699486936,46193,175,0.028310615742659976,4.41298615721689,6.0865855356133185,195365.43974126212,107,6,malicious
80,186819.11154594203,37.41545112468315,23726,206,0.17231548396706445,4.244692494881878,6.636565747675602,13975.247691722148,123,17,malicious
80,3009.9052618904366,12.580312800644114,34062,6,0.3074136689671245,6.937257092360341,4.177968259203117,198.27393719747081,10,6,benign
80,81.19683089237535,13.902708560051304,42046,7,0.07660906690027923,4.155256401577936,3.3061256784988036,3763.9932117074136,8,6,benign
1337,201683.2539050328,35.042228840466834,2031,159,0.12273966662196177,17.223723833349574,7.945446403099555,51030.902522456214,136,6,malicious
53,1022.381976745753,14.515157217875517,28443,14,0.5904538855333652,13.852221920608393,2.4788260144521916,5704.051466794908,11,6,benign
4444,38900.405845691406,25.556104018068115,47507,188,0.01768118374967447,3.6576001714284607,7.055924796934763,61425.89277711689,103,6,malicious
443,2089.151783964754,14.053962278080443,44256,8,2.692783573037532,32.32603530652508,4.710002191442014,1430.5268632916986,11,6,benign
22,16708.446531278852,10.258614355909412,11198,9,2.1557341127426044,9.26120936746472,2.988125225892369,3978.0821486764007,13,6,benign
3389,166391.0713888283,36.25792307143871,31904,185,0.0037682810302990706,2.0382103645630587,6.806218609871879,32568.20536633423,138,6,malicious
22,4938.343260632135,14.98864030089491,8227,10,3.6328759706538323,3.5922495914550816,2.1386137929502795,70.9247235106208,12,6,benign
23,132782.19525148784,37.70347979889577,60796,164,0.03434038634995667,11.64305969243038,7.744956330374063,26468.593270673628,111,6,malicious
8080,1954.0237041871808,16.62812979373613,37516,7,0.20554597197408075,6.196956547488661,2.974961493339058,162.985137018218,7,6,benign
3389,213476.12672831566,28.989830594381537,30013,187,0.08246610954420552,28.57949386201436,7.026218683307398,80866.29053712072,118,6,malicious
8080,3469.073573316561,17.700488200333442,28355,14,0.5750587263139195,10.240095617702146,4.97010426909386,172.89511545869433,14,6,benign
22,3304.455307931793,12.692543986339807,45718,11,0.13625118817477966,37.028674367770904,2.7057298755587964,9728.471276111177,9,6,benign
21,881962.0658743328,43.23093022668568,24007,161,0.012371430678877478,1.6108800148860911,5.6969380446742495,28723.207701311694,123,6,malicious
80,7226.486497272806,20.756272571149932,59660,9,0.02190773364286715,16.56612679508516,4.249016656151141,1734.6618756191813,11,17,benign
23,51492.64535313578,32.12732383888495,56663,164,0.07850457117189319,32.54507023741952,7.41769830527873,1566.6132009062853,126,6,malicious
8080,2069.961584374463,12.618242153048985,30759,9,0.29486250613425236,5.19939420990619,3.9910909635647553,225.62841574323352,11,17,benign
3389,165040.42392796784,26.877894572972508,41709,169,0.053000125275068366,2.187314957894832,7.342382139887869,28090.08491152541,134,17,malicious
80,4016.6054989681443,15.512667381470514,21917,15,1.6860524213960129,9.14987872671802,2.1898773661871846,2751.5199716636453,8,6,benign
4444,129394.63117810673,32.15475685145461,16763,161,0.004475597444045437,48.792007072354906,7.966146236804855,10063.004191870012,116,6,malicious
53,1656.4240419067753,13.262019564338367,30941,14,0.6263214593920398,15.054793144404512,4.100512667512088,158.81336751922657,11,6,benign
443,1234.5842478060458,15.848293699642747,55576,10,7.024816434732671,15.491397931574811,2.5709571891941376,1623.1845557597921,10,6,benign
8080,3690.042486517419,10.836559467615892,21728,18,1.9031122157931044,16.698333900473227,4.333910627973816,11298.246527460777,11,6,benign
8080,844.1250466842964,17.903021325624614,31176,11,1.0818932280570894,0.6086018747720205,4.832795509104068,385.9574914299465,5,6,benign
21,511466.37625142565,35.14770233775415,59545,170,0.1330801863173104,8.849379965550488,7.728412594749383,69992.60513615944,131,17,malicious
53,4648.699184323245,15.866278960656206,48407,8,1.452097126577074,1.2111894932057565,2.734902253740017,964.9798064236221,8,6,benign
80,211862.16677548684,39.86898212886975,39264,171,0.0972857437121467,5.693864892719215,7.773939467580177,65250.10802030904,118,6,malicious
22,186.01971379583574,9.11867452389497,8230,14,0.12550387305061403,25.855823848312372,3.4988341068387387,5478.040892297898,9,6,benign
80,4841.719634941831,17.502097398818307,24280,13,1.5712629954496669,16.018480008825364,2.475083552841709,3583.2083338130374,9,6,benign
4444,254293.37624752053,30.487978958859394,25331,186,0.07529977775228643,81.29947613836018,5.505959517905148,87788.47046452801,107,6,malicious
1337,37653.357893072294,41.475819202551605,5740,173,0.08600010817790037,2.83392967284377,6.409328108522433,6621.685317764776,132,6,malicious
80,7123.693941400549,10.770358846250021,57294,14,0.5296931003122627,7.588920453343607,4.2842688739710075,5276.403501568748,6,6,benign
53,1884.7089882708856,13.56186843677577,36412,13,0.20938183651136327,24.88259098677714,3.0242844535127857,285.51725853186986,5,6,benign
22,3077.224197552369,16.089746600792864,19944,16,3.7210225413170614,3.6442945752761715,3.7211623930897906,476.4008993082074,5,6,benign
4444,14546.516460123532,35.68019316528291,38895,162,0.04524657294186277,2.503607798541872,5.760631037208574,35008.08266696518,129,17,malicious
23,84366.75800961381,27.50155209280064,43952,205,0.08683520363431635,8.36908753479013,6.115791664835715,119085.5999404688,93,6,malicious
53,1794.0175769476089,15.375204342781457,24488,8,1.4759264490919148,7.26096606760627,3.333173714963637,4473.3352405149135,8,17,benign
1337,360389.51827781147,30.13303927914447,39109,191,0.0014022958055706458,58.83560147892237,7.743753784004345,85508.77605967961,102,17,malicious
3389,31328.424936586784,29.87625301778012,14611,188,0.04045701778716665,9.139027628793492,5.739530869114113,35735.78161200427,135,6,malicious
3389,245948.20773848446,34.99975492215826,2219,201,0.031110390262167744,29.59343099242234,5.884388610938716,22792.602511842164,126,6,malicious
1337,20997.01825689293,40.143822743936674,61199,180,0.04363779068483733,32.834228866264596,7.137512690922839,51580.43374619582,108,17,malicious
80,2434.0898035396694,13.299133727136583,26107,13,2.26301543981897,2.577343766812318,4.189375216067761,988.0946919922623,8,6,benign
443,3820.5003301038587,16.791193757262178,50580,13,0.3725424018457275,18.845042236169746,4.439166277436049,1365.1067461665302,12,6,benign
8080,9223.60786533771,12.279654647190824,51470,8,0.7575866916585097,4.877792393362361,2.7097145818573583,50.95331287682046,16,17,benign
8080,4378.407982229966,13.167027134346917,23462,15,4.748905166271127,1.4929791601799736,2.6889591410182416,883.7537676229347,10,17,benign
23,231941.81248777313,28.221834987085316,21033,200,0.0770870027270626,31.156254188903326,6.959360640105398,18770.885156598757,125,6,malicious
1337,92930.57719015655,30.20869628567023,41660,168,0.08573650225684853,5.188845182926183,7.7608736668339,317021.14978215966,144,17,malicious
80,41.49822455228436,11.486308989084126,36611,10,0.31898606888253045,6.355177115113893,2.0240476756467385,98.0034696542138,10,17,benign
80,7569.740119809751,20.190347620113556,22167,12,0.031062665563983544,5.873189773560437,3.769493719333683,771.9453281241148,11,6,benign
53,5492.602550568081,14.89459999614552,64642,15,0.4717166888703192,3.352693473091329,4.711674032268295,327.83359562171916,11,6,benign
80,306873.52024359594,28.599733355174646,55921,183,0.024702727371857715,8.550764460639757,7.283650717275873,29758.5121611321,133,6,malicious
22,1729.6769892517514,8.213759109366375,14720,10,0.2520691343450817,8.38692514740303,4.254330990323131,443.14222469936675,13,6,benign
4444,278350.8941591989,37.45365660140572,64221,192,0.1240687266183914,7.882786331954959,6.040455156366378,23610.414581386063,135,6,malicious
8080,7647.053530356325,22.938692769793544,8588,14,0.03140837105376744,37.20734079235387,4.819765677839516,1613.3693593241496,13,6,benign
443,2171.6564389010127,18.72654736108071,4661,16,2.097286667068479,6.227087918917131,4.394367567410773,2629.016288081883,9,6,benign
3389,143540.35157851182,32.97314136710769,35665,185,0.1272194865045032,0.4627486643744396,6.983944437799865,3896.636077548261,112,6,malicious
3389,85557.25805010211,41.44704541881822,63783,155,0.40108504869106687,2.9481999458688164,7.172124261513503,17189.270015716716,131,17,malicious
22,42.00424252595758,15.755469043986105,18814,9,6.266522023122713,19.174900839400646,4.43400835860761,8456.467460945305,8,6,benign
21,112219.04264766765,36.70667202998729,29183,184,0.10433263707422782,13.405417152740055,7.7731664818439015,69801.77336524526,121,6,malicious
80,67267.4655119846,28.362298253578558,6538,169,0.19222470733430663,45.465668286206366,7.869593387493008,55608.78686478096,133,6,malicious
3389,147548.80038271702,27.770253417095766,35369,158,0.03301659707125562,17.78389661760378,7.525494881003404,140614.84755226225,118,6,malicious
80,3587.385093228285,11.997020743672373,57948,9,2.7250402369633355,3.239571365457417,4.203007634217261,1005.985053259751,15,6,benign
23,525441.3755197637,28.358451002196198,22787,180,0.34728472923492454,1.9284855933515752,5.548322207771382,77135.93806025646,134,6,malicious
443,5286.585016000326,17.522674711161358,13592,5,0.4043903241562411,11.033299415600746,4.600728583254361,2765.1471303748613,8,17,benign
4444,410629.9527182369,40.302452070670185,29027,185,0.12322190589572142,16.41614012794622,5.599305536227353,51937.528914570765,107,6,malicious
53,3728.3047714869463,17.859310822977456,64931,12,2.061199212241812,2.7162960820462456,2.8948333716253307,3332.964757224472,11,6,benign
8080,3432.300071789786,10.267918178420512,6335,15,0.546130313583943,13.807983604854808,3.8699407018591634,4691.623867642385,6,6,benign
22,778.404842882191,15.157368801610206,42620,19,0.9665612464414393,30.040394950086437,3.7057959083193905,1358.663475074125,10,17,benign
21,348948.785656313,32.015848076469986,39339,199,0.0621076133891515,19.505544660086965,6.779385215481958,4195.618135723503,116,6,malicious
22,2905.9297174513804,16.718448665726765,18215,10,0.2850978397718208,16.368194608302083,2.7646315502060808,1289.2854095751002,9,6,benign
3389,78468.0314724385,36.22739033255921,52571,197,0.010012314779461413,23.362010345432537,6.407038986709813,17032.398528166523,107,6,malicious
3389,124633.70599211643,34.494888373870374,21932,189,0.06274599850317988,1.6486076921957609,7.007289766875184,44717.75306993065,117,6,malicious
8080,4681.927718476398,15.553528338905588,2439,15,1.4722958374122554,3.41916564930926,2.0124865697674994,1366.87991507705,16,6,benign
80,47826.79524597141,54.45699243060953,41300,165,0.033982688009743994,0.5826639139070043,6.253103454942757,62344.653786857096,122,6,malicious
53,3027.768250169164,14.956772523996067,48674,13,1.171934539422179,2.3494202333332628,2.13664599218614,8194.983171977397,15,6,benign
4444,263981.85641871335,40.06114261488394,65451,190,0.09818371128742216,36.65917878806553,6.033283739713028,52521.50745089916,119,17,malicious
53,9026.19349333839,13.598569667193413,19857,14,0.09197325551012478,3.7682258223987803,4.65955471488985,2191.700903993552,11,17,benign
21,97939.22695358204,34.556535668813055,16430,172,0.06900381112748263,16.274955707930857,5.570743863367239,501.4668066623519,110,6,malicious
4444,131780.02377784366,38.96326573432164,30360,181,0.04223174855275861,17.643771703084205,6.8568806943744125,59319.87257408484,115,6,malicious
80,672118.5852985005,39.489314691081525,30445,160,0.45572804582064047,15.548320456657093,7.962932256915138,62870.825456068334,128,6,malicious
4444,138190.89111785413,42.665644296276284,37288,175,0.0017149824452489834,12.108889827851911,7.02444681689304,48661.93444186467,114,6,malicious
22,1120.9001299360275,16.55184514946471,12804,13,1.0045530361336765,9.986784599128947,3.091434196967082,139.6815228795645,7,6,benign
23,194525.51718656596,34.76878443163629,40895,184,0.026133033550328505,8.1688605759896,7.206175616887403,131186.68926302544,126,6,malicious
80,181343.0861821598,30.469910686331268,13245,193,0.03522981991321219,37.315423391198394,6.22325561955492,104243.04323811608,122,6,malicious
80,189012.20635923266,43.00848115000666,22140,164,0.02097110027224609,0.14339867343923166,5.634788347694659,36236.07838019899,103,17,malicious
22,6300.149997897119,16.680943035391437,40814,10,1.078933847266011,0.8246002206136763,2.500426479471037,10991.866436014841,11,6,benign
23,96413.79403669995,31.95594527780739,41287,169,0.023837677490697852,10.174246964019819,5.940617917875598,17735.241191842695,125,17,malicious
1337,94628.07156603837,36.3492673783954,15446,186,0.05637614240673106,6.018587590066186,7.808923091965598,33778.55589044217,131,6,malicious
3389,5073.017126589163,35.30185641346995,42498,178,0.03968222258233685,7.869563898213868,7.630655071655886,131500.16238710916,131,17,malicious
80,4106.856500729568,13.331676937070593,22507,12,0.005256132782787736,92.12398644849723,4.983032556980156,197.96938470782302,9,17,benign
21,25185.422434386426,40.5809973732896,41124,180,0.05778979422116709,22.383805787134964,7.5901732657327425,31839.12003191711,132,6,malicious
53,7885.73902112609,10.421977637550377,53470,13,0.44293186639840576,31.48339727180686,4.117069413281303,1614.8047218350482,8,6,benign
3389,48231.20577776341,31.824079273954418,53084,176,0.13287743728649312,6.896631284668177,5.998948134198944,11871.40453248439,121,17,malicious
8080,929.0191758947318,17.563758375397683,6440,17,2.542619393398155,4.107879667190753,3.250558148791238,1105.698637949683,8,6,benign
23,19135.28347128216,40.12757816584036,16275,199,0.01330623683407181,21.914652350141136,6.317326531418276,41651.03155287224,115,17,malicious
4444,180590.8380110814,36.60884819658331,28098,194,0.014606192082695669,24.720817473690648,5.66198159856144,19172.33298206624,131,6,malicious
53,13932.35115420133,13.869796141752241,59734,13,0.06154392790914333,11.974230690986486,2.244266245190145,2959.2574256088797,5,6,benign
80,95601.3662096531,32.01298802493171,58708,180,0.0971200153359189,33.94203268117327,7.974003450230829,35664.677364554445,106,6,malicious
443,3952.929255933817,7.540435582136433,47564,19,1.9694478799341213,51.31729317868903,2.5245950666380215,1721.2220949766133,15,6,benign
3389,284231.7525200237,35.38286232731881,63879,167,0.029232061966710784,9.552089063251056,6.159168938301932,66690.16930317828,142,17,malicious
3389,477129.950489601,36.152326521668236,13188,187,0.04937226734581551,3.7782903241957904,6.432264234200315,90859.37413389536,131,6,malicious
4444,478232.4121055595,24.384859267200703,59928,188,0.08095445545440333,10.91959243264114,7.12162389649704,32884.793019063734,105,6,malicious
23,87499.79966780992,35.72247491154632,55846,192,0.16914405291512244,68.39323796911398,7.253449030432288,24764.993512680237,127,6,malicious
1337,155140.75962702718,27.685095554347157,3492,177,0.06493065324035495,5.199317501786908,7.715830557240132,57619.926964669285,120,17,malicious
80,1021.0809806785754,11.800991190235607,52604,16,2.135295108588587,14.419294939879284,3.4965276177380895,2076.9098807649602,5,6,benign
53,2516.602853251624,18.069151120410428,53864,10,1.7851518478181396,17.761751895935642,2.1880595222047914,1549.7677565765093,8,6,benign
23,88065.44748339971,41.940382491535466,56324,172,0.015433890220373146,3.610618473302146,7.1212273155621855,26017.031082577043,102,17,malicious
4444,9972.853904265372,20.246638466997698,44679,175,0.08402637927369065,13.317703901894003,6.62463092454821,30153.925341002607,119,6,malicious
4444,238224.156348951,33.204909011277074,3051,174,0.013989897687615889,5.664255003961661,7.198263710943969,17567.992805003818,123,6,malicious
1337,41324.19867342047,34.53195522888379,24579,190,0.052551323040728126,28.883780512863073,7.1664136433986805,6806.768578188383,120,6,malicious
443,3494.247660524898,11.351189886505395,12968,9,4.909695393475168,18.816027121963508,4.617459545775178,360.5368593161089,8,6,benign
4444,98268.13484244615,40.405247367024586,1339,177,0.029479550257335112,26.25348518473087,6.768884073505279,18423.087537000763,110,6,malicious
22,14256.750278687594,9.205006258943456,15157,9,4.817624407700585,3.3411993501072894,2.901831748613494,259.12732925412274,5,6,benign
80,255460.6511573494,21.100969011284533,37781,162,0.06960450869526004,0.5277983285196406,7.7478094524633825,143710.63956562063,132,17,malicious
443,1965.6399468684776,11.279111067441992,59469,21,1.9012416949976965,28.509460584897738,4.262855759392487,2937.4444578423727,14,17,benign
22,860.6279813416278,10.90394780531906,34322,11,1.014623047787529,7.3348416795401175,4.200871772397811,1729.8478354430526,15,6,benign
22,2066.427801875333,15.565843968640882,25292,14,0.8788037192653164,2.9716871092672053,2.446495734594313,2471.794155946742,10,17,benign
53,103.62443765648783,9.701430757415618,44386,10,1.1215577104756085,1.4459350579545853,3.047563546010805,11309.34623078206,11,6,benign
21,77126.80376581343,37.8494149550258,52035,164,0.1304792953767004,10.900584468294483,6.052281137136989,46304.51294832007,111,6,malicious
443,3790.945699921255,18.017673095307437,5781,12,3.5230996784858304,2.4400420997035295,2.8824325882576196,2681.0262230229346,12,6,benign
53,10273.40303178859,12.332834054833507,41664,12,2.37222828364421,12.54459815781333,2.862691887484617,1434.775613015616,8,6,benign
80,5813.745135820448,14.74515755611616,49290,12,2.4246624796390197,19.49110471546434,4.928071099889891,2989.8809072400422,16,6,benign
22,591.5663924258256,13.993068047137854,30991,13,0.8515003550959704,11.487644718830904,4.250634119331705,39.25427700114754,13,6,benign
22,799.3552759947912,13.765457264670719,26819,13,0.11061343646781638,35.10427055356278,4.340156146807625,2444.7260425282443,5,17,benign
53,2794.159944341681,7.333523814971091,29822,13,1.7236461599771498,2.5363948587027867,2.8322694957968633,214.15728385203062,9,6,benign
1337,291288.2146640059,37.015700822236724,62812,191,0.011223767576445063,10.216899957359919,7.388867381303875,102693.04289023502,126,6,malicious
4444,191946.8908188028,35.7459829045277,43750,192,0.13714581685599378,2.6723817664480074,5.626788038353112,105064.48863914568,117,6,malicious
80,322985.479860339,29.439279600222342,34859,180,0.037005436552046654,31.300246653487307,6.7304439283506685,95803.5336718756,116,6,malicious
80,98.57826595245452,14.275874482713512,32485,9,0.23555651326977517,40.37658823661511,2.8564434166951593,1457.40671181184,12,6,benign
53,8880.107965078045,8.937797164679777,34519,9,1.380883925656614,7.6622813979144055,2.578863801944565,1628.9098641695975,10,6,benign
80,18290.567217151816,43.88033313792337,17651,198,0.05860536135585778,5.4738096509675405,5.648003297548514,25284.36918123973,140,6,malicious
21,7378.899438423639,35.036259565751024,64520,166,0.10715473874239755,4.913319755269287,6.314080058610367,7328.75709887766,124,17,malicious
22,4630.113569641437,11.28759473370107,27385,11,1.0824501615898636,29.462508325657037,3.8003820411739277,53.35497334691176,8,6,benign
22,6639.805985299886,11.588329078793045,1735,9,0.3878900710538265,17.206418442217082,2.322119643344772,1777.5607452332063,9,6,benign
8080,585.3868308187508,16.531942224212003,12109,17,0.40359834879413914,31.878268664805216,4.299212048289781,43.129336647190556,8,6,benign
8080,9906.280168943573,14.787114976571537,28750,16,2.1915794824304937,1.875233408896588,4.267476773230397,1153.203920306192,14,6,benign
8080,9137.731522064618,17.593791650168907,8948,13,0.02829997010625835,9.694753402979547,2.8682109230457673,2200.961557606391,8,6,benign
80,29183.71782564034,31.791271396643445,16573,187,0.014377662499626163,16.913470150695925,6.875994911987258,10515.137981453468,127,6,malicious
21,16204.670087281274,43.887311661493264,62549,157,0.029624487552213835,34.1086177735547,7.529296389741969,63108.82973697668,131,6,malicious
23,200520.10884557775,36.09932393181963,59876,183,0.026541014297885294,7.2194686872278515,6.437066749442954,376.4410505443072,115,6,malicious
3389,89795.8698363622,42.665214726952335,9486,182,0.22174128260673712,5.633281583395064,6.117466437500938,8097.6859578458525,144,17,malicious
4444,58630.05770781088,41.764678564913766,43781,174,0.018330654463852642,36.62179636041093,7.253051433632621,28542.76799469168,95,6,malicious
1337,291373.0687405394,29.924515757971328,3584,165,0.014573491760404057,0.7305015232029354,5.677010785028501,8072.044135242425,105,6,malicious
21,135067.48564991547,35.006957382618175,22547,210,0.01605564719269624,9.797232985400576,7.581684517718003,160710.0276986401,134,6,malicious
22,573.0679485203997,14.828803046967995,20968,8,0.3426401512798651,9.204689431853325,4.016134439684407,476.52752989485157,8,17,benign
80,2731.2040999052415,14.835350468411004,54179,12,0.1567651893312954,2.3683521869351316,4.991641284407141,1792.3441376141204,8,6,benign
443,6493.3307714505,14.840054460792205,3201,9,1.2968408880150846,7.536665452406685,3.2375330960808038,2726.7035636592373,14,17,benign
80,173789.29489064493,40.48148648965618,51013,173,0.011701999708824162,19.23440750651416,7.058007102418874,24321.798394145088,117,6,malicious
21,86974.46677945918,37.882286708127225,61185,175,0.07049744213360479,6.856155748845389,7.643411393676301,52577.132856602635,117,17,malicious
80,798.2144453414367,15.695409915357665,21122,15,0.8161931272616068,5.558576158130763,4.674519498695246,3.3858432344316207,15,17,benign
21,221541.17397121008,36.81266282704932,36870,177,0.0053041294669324895,22.84171445476221,5.5692566718950145,31998.083423177835,131,6,malicious
443,324.7870307014896,16.20694930923473,28499,7,3.5772849986278574,67.26475937746059,2.696634985676772,78.96202169833454,13,6,benign
3389,182805.14930075358,28.651454454678706,43760,174,0.16373705719551138,22.667824531938898,7.7109276475441675,10867.953022256235,115,6,malicious
22,2282.1363978242252,15.080208291058167,33471,20,0.40551620773277064,28.09551463047513,3.866563804079315,1644.7847048314254,9,6,benign
80,7048.6592876397735,16.20208733393464,22440,11,3.7612889551501283,42.07686461426098,2.504148200952571,2057.739108568669,11,6,benign
443,16674.719925327205,16.6528099493962,63797,12,0.0605075315437255,24.27509620253688,3.7169664273387175,5395.735230076385,8,17,benign
80,608.2699006947133,11.228052525525008,15144,6,1.6011747354617307,58.948444136746424,3.3538306029919815,1781.632458599929,7,17,benign
8080,1887.1954659508913,24.087278974423647,51826,11,1.5305026844141842,20.632349377262777,4.459093024320692,2378.432772050401,10,17,benign
22,8306.95785351306,18.545405715295598,3972,11,0.7249480684522372,16.24946714590787,3.0324800888357357,669.4301696381176,5,17,benign
80,69319.13768221837,51.33200056075076,3544,180,0.023623020594334798,17.730652739347082,7.119897127218889,138498.87948384395,133,6,malicious
23,28563.211382790014,47.16354326341349,8293,194,0.24229252615499802,34.55105543561521,7.103989444555747,25010.94558348862,116,6,malicious
22,8725.657572432721,15.740376291715421,27985,12,0.270453110010261,17.23318826899823,4.02381035348,311.85879123224083,8,6,benign
1337,59471.31299320607,38.93905280459185,62782,155,0.011481439920151736,21.48225827374305,6.799800692742865,9672.25332994973,110,6,malicious
1337,21951.065958096933,40.812652552858815,64000,179,0.007795433472931815,3.650383938659485,7.7501469943804056,24747.320718506922,139,6,malicious
22,1628.9883041800701,17.272826757079233,14360,8,0.7908020230578747,36.56741716820067,3.646000340906461,3398.483434505139,7,17,benign
53,2542.1920571308974,12.349046038196041,61136,18,1.281286083919444,8.891744423305147,4.722541935089088,7164.205191882271,7,6,benign
8080,932.4330573233988,17.094752810716578,57773,13,3.8044108147714804,2.6343724068178047,2.6471896977505884,592.444424794262,8,17,benign
8080,7175.055496631176,13.50572608613221,46222,7,3.735216834834172,24.125616528956524,4.950134906256676,811.9544241005183,8,6,benign
80,279036.7369486493,37.315842649771106,15044,181,0.05235775065708638,6.610005224992104,7.120903667495157,5147.591056581339,129,17,malicious
22,10402.04974747656,19.38489632289371,28304,12,0.5396150691250913,3.0523041481456787,4.847680650281344,1046.587911118206,12,6,benign
3389,59902.36011272274,39.21547675688405,59540,194,0.21522176602091556,4.440778210083169,6.329880235407431,115288.2727051007,130,6,malicious
21,13809.56464856077,44.290053971651275,64180,181,0.01485084241438102,0.5336146346855205,5.550388880900096,1330.144416527953,136,6,malicious
8080,1205.6175972539374,13.473287748022884,44502,18,0.7609082426909093,1.4249326575094055,2.292901765500823,12771.057894333817,13,6,benign
80,66973.93289205496,42.0518745805439,17770,155,0.013734427402473864,13.470307383992537,6.925610728153521,46301.19400205142,120,6,malicious
443,7684.554158162578,19.98518739091805,59017,18,2.434094644315176,30.173135767785123,2.8518759907610045,6771.2333282662175,9,6,benign
1337,25765.470068531784,47.164540310935976,3280,186,0.017864982706991595,8.927528827468937,6.96412443400582,24369.182636891008,119,17,malicious
443,5085.277877213097,14.596738272645304,41144,15,0.19133332349132426,14.754824315209756,4.0015750433599315,581.877489372583,11,17,benign
23,133416.77693485082,32.65660364904023,28736,161,0.023521370679508935,24.88991193240262,6.147766149683239,38815.18707123076,116,17,malicious
23,342590.386663107,37.49228321417014,13860,185,0.04317981799708627,6.61876839832351,6.9451542036307625,26291.59970859315,133,6,malicious
80,7461.851852943821,16.326718630533225,26735,13,1.905217456741965,15.933369508921398,4.219194219851295,35.948649016262074,12,6,benign
4444,118619.30856985545,35.82843599535675,5382,167,0.16096952795299083,6.471726118959829,7.66613462504857,131122.66918515565,117,6,malicious
21,82267.48466713824,36.80674106029056,12363,180,0.11343847842047337,15.438337339938535,7.919113040355471,83566.1029843791,119,6,malicious
1337,144616.1596542112,30.88259599157369,33063,176,0.004743956585073209,3.6809854134577686,7.729466553231246,133440.11238839687,121,6,malicious
21,87997.5366954674,35.93470269593925,55473,144,0.0055555056091913845,57.14176223564118,6.668319967219544,15457.868712469295,130,6,malicious
23,42374.15728783698,30.79430504398112,22269,183,0.06409374291935357,1.1885342409379975,7.367323777736892,6307.249590740917,111,6,malicious
443,5672.53302881513,9.014260250827043,64512,15,0.07250400469731506,10.55502045245335,2.9752725201849093,661.513888874635,10,6,benign
22,4678.758263650227,15.737129812341703,48275,15,0.06472002313000452,5.059313207541856,4.015117248703156,998.7903835456931,12,6,benign
23,69990.29259147603,32.75776543547828,18283,163,0.12585655551680447,13.77581273444718,5.637672535164939,56133.43215732356,133,6,malicious
80,1541.5543322202286,11.591522151985288,62110,16,1.1912628230164455,8.387296647473107,2.525452983273969,3398.1627691814824,15,6,benign
21,84602.85741361824,37.84326743683395,56131,177,0.2921480077417787,5.493642579363873,5.593852712865398,30288.88482232746,113,6,malicious
80,76958.20171426286,41.57782947254773,8153,167,0.0019518180395848154,4.315983871324593,7.6256810348374895,53292.03563693225,121,6,malicious
8080,5183.805734027732,19.00508599582098,54027,12,5.502870924975632,3.02254021561578,2.732867208917491,4991.5740777568235,10,6,benign
53,5813.713917423622,13.582510917196295,49813,18,1.495032399098052,22.909529001574736,2.035315438268936,960.117516317043,8,6,benign
23,247150.83642221065,40.3290087854928,43136,173,0.05692918829003097,3.769286645748094,7.849745692145172,106167.79897559267,146,6,malicious
53,1521.8210611677605,14.806705059834453,41597,16,2.636319594194622,22.276889970550165,2.4076446416805664,1287.3814223238685,12,17,benign
21,24618.199791561292,32.99560446173025,56832,172,0.10660971726998768,9.954950255407073,7.842910023696614,45948.778337177726,115,6,malicious
53,7428.306483427144,11.903657613588717,52098,10,0.8024890407110294,1.124539335848356,3.802071796425344,4919.69067618715,10,6,benign
80,127596.07919862597,31.732167535575588,42612,168,0.0031440466460490963,2.7128077138609945,6.60494912960241,26835.033847241873,139,6,malicious
443,4732.513828504309,18.411717122688017,12235,12,1.0534026556990794,33.51053497431192,4.4859553827726355,2502.191697825447,8,6,benign
4444,84080.60002919064,32.49675602733538,31221,171,0.23040062125052962,13.850327721814216,7.541240919773916,8724.311210772126,115,6,malicious
80,6052.4231368269,10.488269158165817,16652,14,0.5193829276704824,3.056239719826523,3.0718537044030265,3083.081799723489,13,6,benign
1337,193061.14135057016,33.51631700630481,27324,177,0.13141326710593645,18.249029017044045,7.891171171509702,23986.07436678163,129,6,malicious
80,5827.500272978373,15.905019783719512,46732,16,3.7221586841692273,25.99628134451286,3.7112461436243365,1962.6153651090315,9,6,benign
3389,2892.6040846487435,44.98071034261242,48116,168,0.025047679752009725,6.02179333757695,6.849883872804156,17829.603891534134,110,6,malicious
4444,5203.577366652476,26.132548131079837,18536,183,0.03147087104280005,12.199082779656363,7.920929274550643,79479.13200428238,112,6,malicious
8080,5140.577856282878,13.875007054507744,21969,1,1.135382189165402,5.210418988414116,3.8001707769604436,1751.9955044765177,11,6,benign
22,5694.2174699641555,15.13115235444925,42747,10,5.587100123918772,1.2517304350232015,3.318100657905089,2471.8862058710047,13,6,benign
53,4090.4854245327056,14.13113091837711,34811,13,1.149443000876943,7.650116318106765,4.416590461740412,2136.6820904869573,7,6,benign
21,78103.05131893657,18.972810295498558,22432,192,0.03826684481383317,20.880583588912213,7.52316786973035,53977.29749866365,116,6,malicious
21,4744.613599088118,44.94097772408379,62341,187,0.0006224634302241336,9.206177894615372,6.5826977667120214,59555.429658166715,100,6,malicious
1337,513523.94986132707,37.64541201384958,49432,194,0.02172430576179091,7.79469134985891,7.573444066707849,37326.232837603646,102,6,malicious
22,7821.678983144735,13.927257075155417,57750,7,2.555166353683835,6.835764952089553,4.662485909471709,1611.3407901643177,13,6,benign
22,2341.4484520462875,12.358745964073842,21335,9,0.27763071161023856,9.212733968662631,3.5615754140423066,619.3140037871557,14,17,benign
21,10993.863094768243,22.970931877751234,36633,195,0.002662557061246219,5.7459207666038425,6.706531247222446,14437.67544544923,126,6,malicious
443,242.40484309272878,18.710395624058425,12163,14,2.7592114328288346,14.208371718491106,3.10042398636676,3432.5063329678533,15,6,benign
1337,334314.44348924665,49.249503901122964,39269,189,0.06403838204312608,0.985143193347251,5.791032525438393,145405.69092986707,108,6,malicious
53,1443.7354309679358,14.649554857643471,42658,17,1.606058553791517,24.706175651468133,4.799304461874836,3742.7088505691695,4,17,benign
21,190939.0823932596,34.613637307093235,51184,165,0.04147489583290705,2.8522871270879966,7.751487031013773,64656.83978236288,124,6,malicious
22,9557.708998966627,16.164101065031375,18634,11,1.5395576706022134,15.054089391683195,2.364373165018475,2226.6370884270095,14,6,benign
22,4095.6599447143803,15.672729111221097,51811,17,2.0066847689149876,8.96435143669794,4.490632735411823,13751.921798801299,12,6,benign
23,20432.89765782357,37.55623719185034,29976,193,0.010413974984485234,22.274727657954056,7.442153866737717,79238.34769135257,123,6,malicious
3389,352101.0243838624,30.97104871752498,65427,186,0.14633384030389698,26.24257238293766,6.537272590278922,49395.69231719969,125,6,malicious
1337,111934.6176779306,35.239702891570246,14592,180,0.033145940598570005,3.426117730152917,7.582309385247297,6117.383396733504,133,6,malicious
80,629.8238950757587,10.1778852890006,57437,14,2.7602764089866123,16.959866184857145,3.5747156803318005,320.8140502454766,7,6,benign
443,7149.763563606168,11.124530264294883,25923,15,1.7091635726368983,3.1591027298823304,3.7764207705093042,25.192248578702255,10,17,benign
4444,393920.8513071766,37.20949404490162,44822,181,0.04414741208668873,1.985808040491168,6.813274894624295,96096.47157494661,103,6,malicious
23,258174.53934302586,30.712713946707808,13026,174,0.00027969683834685766,39.95248544698851,7.839570315845577,29545.14702612065,129,6,malicious
22,5385.902867570936,14.789499901646385,8553,14,1.8923040442143897,2.6938825423828203,4.029509339679295,5215.15586032389,13,17,benign
443,12293.71857165785,17.828957659879343,19093,12,3.6730312975060837,3.884124610347479,4.504300921292422,4646.355825508914,10,6,benign
53,472.177793122605,17.113301921240147,49502,13,0.11987544202901773,2.094518391673094,4.531320367874088,1778.754401167149,5,6,benign
4444,34476.11653833652,37.521206899307785,63549,181,0.03119383047919283,9.531437382136984,7.343812744916113,77989.61053613799,135,6,malicious
53,4796.2114768953425,17.684809801064418,4736,8,1.8400839638160444,37.81248274678369,3.0505191327503693,3805.816918012013,10,17,benign
443,4564.447349020935,16.57717653881718,64698,6,0.34883126426396827,4.599013426005805,3.784718102786643,1129.8426102092697,7,6,benign
443,1730.373969137932,14.838117913594857,40850,5,0.5942962995141284,11.70844932524367,4.6573171737408385,554.3678141557006,12,6,benign
8080,5758.378187248342,14.567510060591674,58909,9,0.814445471160528,7.951623590241011,4.371338260075687,2913.973438248967,9,6,benign
8080,7918.796121630809,14.990279704717032,20352,14,2.3721915479816476,6.14230953837999,3.751888704248665,3391.111378774291,8,6,benign
1337,168933.87339431368,32.65745383909628,18735,165,0.007230050565307321,12.734833535120604,6.838102969068042,6248.1013871027635,120,17,malicious
443,3812.71599843905,11.379807055784795,6930,11,1.018481944160952,12.27701367790766,3.316961688270325,719.2655909638293,9,6,benign
4444,52755.13599449027,38.55005899014406,59006,166,0.01101886467258545,6.679468588891373,6.036556618035889,10819.820281162167,119,17,malicious
443,10301.098132376133,14.270020519878823,30131,9,0.38930113391910925,28.513235463107826,4.455261139918839,3698.0045343186157,10,17,benign
21,165245.80750647487,26.606107268230083,52436,164,0.24957938746033098,0.8195691342088137,6.107822470861738,67651.26248821049,123,6,malicious
23,3991.152667591893,43.71926043196213,18837,176,0.05375748810266339,1.33637683229728,7.479255654033225,46832.40531850696,114,17,malicious
23,70918.42480628239,38.36347244496944,61233,181,0.013246905956181497,70.29775359870453,6.776205152786661,252859.1578165064,128,17,malicious
23,178554.06007729075,39.028397150204626,10177,162,0.06750962708507686,20.656030454059287,6.461919141827353,28472.436713727144,126,6,malicious
443,211.9249538226374,16.431811314901275,47237,11,0.8543869719616042,24.4391692188519,3.3826860704844535,89.68078377822928,12,6,benign
8080,1653.0148181627997,13.18819772401541,32703,13,3.5120437088910528,13.845994834177542,4.561654630956296,5923.129035382997,12,6,benign
21,4593.8375553972655,32.7134245504241,30612,214,0.0783937532090967,8.167298394150258,6.480544746686537,35036.75794705137,121,6,malicious
1337,475824.55699408025,39.96996034852316,49120,172,0.16276958739002387,14.882474046126537,5.684051398233571,95689.55570766967,127,6,malicious
3389,36648.1582549854,39.01100691678494,53138,180,0.0002468924441752899,1.457325850699021,5.797275254687542,146793.22271747235,121,6,malicious
4444,7508.115994486977,38.812511407647094,24794,180,0.019278196838091153,21.26796236190326,5.841827666802898,178875.62197273027,124,6,malicious
23,51897.14219711042,27.832242265877543,19876,160,0.008098018921707714,11.672181231190757,6.367438096105754,37897.976396698476,116,17,malicious
53,4303.360979456631,16.112314041025478,48446,12,1.551382151743684,47.10509126038532,2.2572919333313948,824.2201417731833,10,6,benign
22,6060.3193805624815,21.397019917783442,20636,10,1.0282350308519836,15.2199382862559,4.384669867170784,1280.7545097261489,15,6,benign
3389,35138.33736204973,45.67392100886633,31931,189,0.22001351102097208,2.4676820223347637,5.97483077874958,31365.387363029517,138,6,malicious
80,32870.886936805015,35.59909726033734,31195,190,0.11068244023217531,9.738393203651686,5.939125050477577,8257.874154374018,107,17,malicious
53,744.0393961444089,11.585894074231142,64673,14,0.4341428428660212,0.8934199066528852,2.304463587964999,1201.4597056466146,4,6,benign
1337,91896.27797383812,26.08118863977054,58496,181,0.1506944276142454,20.522665507646874,5.915202315133073,28691.634415559125,128,17,malicious
80,2765.4545522416684,14.598983261750382,54575,15,2.8205109917626734,10.452254236014953,4.2178235094654895,5058.704859722481,9,6,benign
21,3664.3118349306524,37.63458920267014,16472,173,0.010179937291242305,6.9222810633896525,7.9597009024099945,108864.51488312054,111,6,malicious
8080,5450.221376393159,14.36469382093319,4990,10,3.9397269416826735,51.89004953043708,3.888466847969704,868.8824535265978,9,6,benign
443,3365.037369492508,12.681805086671957,42900,8,2.291428332410907,42.351541795729084,2.562361678056724,337.8545759493977,15,17,benign
21,752787.5404016126,40.73451398546124,55457,159,0.05112796113570868,45.8105927268963,7.548358442701721,2428.638082597986,131,6,malicious
8080,2831.304017430434,8.983304256279407,22425,10,3.5493419800017696,3.745590507940454,4.388324126281156,464.8929987882201,8,6,benign
1337,39564.59206219416,33.85516636194474,22563,194,0.020832898514292864,19.56074265437217,7.260200675068107,48520.08364736775,116,6,malicious
3389,17174.686026873725,34.529472997328234,35042,197,0.08361804067971632,43.61091438407157,7.080708611338211,28920.55089363345,121,6,malicious
3389,153630.16377859045,43.03175462319612,60566,198,0.17502784489143827,12.689939607872486,7.123433695115745,53611.127686639906,128,6,malicious
22,591.6317429331388,19.10660930719235,5712,10,3.216620866982992,3.6150376091807934,3.7561141033089,489.71952414656715,7,6,benign
443,9155.560345394433,16.979047648217605,64558,13,0.19640586201594493,25.540780562887086,2.432361835519433,4154.192542173052,7,6,benign
53,29337.837071429713,19.133763706776154,21481,14,0.9622636539453584,31.793737438249515,4.341300369466535,10901.107692551412,11,6,benign
23,106923.66207078507,46.585453923122415,37579,166,0.1258944366302398,18.222240017498947,5.733146372046844,15209.851390524003,130,6,malicious
23,77523.90623920878,36.42864995152528,42923,188,0.05154242623103571,5.212603860177282,7.59331115741068,32488.80235341275,134,17,malicious
21,77721.5250270947,34.241423772023076,32403,163,0.0331769004495586,3.1736709520246804,6.621888309069622,145911.56521797186,108,6,malicious
80,38486.49258785702,32.37119051163523,11494,171,0.04358491283104917,14.683259242999293,7.76776140136881,85736.18793463473,109,6,malicious
3389,2621.6734410009876,33.942765848121,39450,171,0.007652841176022389,9.889899701762872,6.529189283115931,1370.599436980949,122,6,malicious
3389,128318.36272432082,34.23694989878902,10217,159,0.16086321119690186,16.574710458651033,6.6065353952037755,76384.42947995212,108,17,malicious
22,14432.55823139561,17.81888654078319,53948,12,1.6073363608485582,1.7766806790332108,2.9984348125444753,627.314151891551,12,6,benign
4444,35041.01209378017,31.45616159196807,36004,188,0.05191728474563236,2.1912368778912197,7.031232730452515,42327.89556525971,108,6,malicious
22,6770.737538890501,19.23247925351093,40659,13,0.48453593822340796,6.76218385390253,2.8904032343467865,2126.3243818253736,10,6,benign
21,31533.264169225244,32.07135073317108,40755,182,0.08740792016297708,4.491468112857725,6.378230690293047,41195.65408653814,101,6,malicious
80,4845.8092076315415,24.797705032182378,59978,182,0.04817410919960237,14.48767641880781,7.075413633555799,25864.04790217856,110,6,malicious
3389,168235.21774743503,24.49252025710563,59995,173,0.0232602847273911,6.8720870771479845,6.009918591892337,19376.419613881004,131,6,malicious
443,1615.638784942712,16.25861488027822,23101,9,2.5089189915536925,17.27880931153889,4.623516207572294,3206.35193853193,8,6,benign
8080,13322.558866060705,15.983459753588164,45121,10,0.003767890636790378,21.96697846350341,4.2636245584075185,1942.8665301909548,12,6,benign
443,2267.8174872784566,14.144755311833825,37783,18,1.355505125827558,3.1084545616402,4.090901321239635,2731.092054592772,12,6,benign
53,9747.69753254151,12.648608325374138,10319,16,1.4262008722577653,37.85293511956931,4.598487472938444,2131.072943683832,9,6,benign
443,1547.8220669909192,14.023901985010601,52363,7,1.1448494869697017,23.20820728293399,4.052449690374366,1797.293661522837,14,6,benign
3389,81171.51093812344,27.368015694900798,15759,209,0.11195211622364476,14.783840552386566,5.56149866444596,80202.06780760108,131,6,malicious
21,42334.13301895022,29.4834562276659,48035,173,0.06963377010049197,35.94171392954473,7.611554876545423,1866.1375333276344,120,6,malicious
8080,5395.7971861550195,20.796947929629866,46209,8,1.7317337581457746,4.636011766806922,3.54500491984572,630.8860992594659,7,6,benign
22,9041.861765949292,17.620249447631238,4056,9,0.6137330294232105,8.21528014517489,4.94568403128598,136.9116040917191,8,6,benign
53,6337.177855738788,13.239309537689982,44797,18,0.9023671008560215,1.3453750749587685,3.5298966411976087,1404.3737438384524,13,6,benign
1337,162684.03632923265,34.8597676751227,60861,208,0.1836347037852655,9.13710477092588,6.381478235890057,5932.885350957063,125,6,malicious
80,87306.86296389693,35.491929311979995,37695,183,0.11975732888259019,10.590469267610537,7.091911715166435,2130.787401020268,110,17,malicious
4444,166805.92905592883,34.988276006795324,58396,173,0.1101100483043422,14.359305329216124,6.428002257635201,47230.79854706318,121,6,malicious
80,6112.203939114344,17.10646810962784,46043,11,2.7334220778739824,0.9927254655456277,4.887068991339909,1726.3785405497013,8,6,benign
3389,132369.89608289176,32.5474650539671,30921,165,0.1537225758823058,0.49507098683856443,7.101909083612022,804.5245337829257,126,6,malicious
3389,121040.32075377638,36.32585220972304,26860,174,0.05435236322818828,8.168067347474109,7.116109681386851,28184.483895916477,125,6,malicious
8080,6886.54279177034,10.727307987341083,37462,10,1.0039757139921295,3.1447742774534504,2.070624163238797,1371.1653968662454,7,6,benign
80,33755.70021484926,37.18162799294937,55903,207,0.1168985807227276,21.331207238937928,5.596358810740649,42972.76398595084,132,6,malicious
443,6614.191427224428,13.579063551378388,22302,9,0.6385799013319303,16.572607442320727,4.999016919682655,519.194455332348,12,6,benign
4444,8305.044624259179,28.482580998895322,63826,179,0.03340531784415787,5.914027296752561,7.290611826361164,18398.809303625527,97,6,malicious
22,9621.30268987978,17.446427864090357,22926,13,1.2411833993740524,0.7029667195973163,4.799322862645994,895.9878501849468,19,6,benign
4444,87112.59228416924,24.485475308303595,61878,206,0.02558587083241589,3.021531253937533,6.540670098144227,4498.688790995359,112,6,malicious
21,43664.09242527645,39.90239922038985,52512,166,0.22861725904114663,17.6492241324085,6.845792625021554,4621.016957972129,135,17,malicious
80,205240.1220216229,26.361811012488744,37115,182,0.09202470376084783,69.3269547292649,7.367038510375964,62406.67385809956,122,6,malicious
1337,150846.21244988852,41.370231157328384,8144,194,0.06738301883800364,5.928127426562055,7.281963576969663,69041.82615321288,113,17,malicious
22,538.3432465620001,14.580587647210209,8883,7,0.07432575737275429,24.29204243645098,4.754751884667881,557.534285543568,11,6,benign
22,4599.118853606531,16.60423596716331,33891,13,1.3137402983654414,30.27197872208911,2.6552918739467977,1001.7550087739595,7,17,benign
22,10350.30126596833,14.535722969102618,31635,13,0.2902121435999555,0.7407038100689899,4.185459064823689,1040.6265471989936,7,6,benign
443,638.1712675240627,18.04259824568914,37448,9,0.7107639849276254,37.193700547219656,3.9769019446314613,1187.0182374186666,8,17,benign
4444,63530.880994761435,35.40181904041458,46501,184,0.004330380904812994,9.4160866242785,7.045159589088136,229770.36641378416,117,6,malicious
8080,12088.796069512511,13.018383165563254,7810,12,1.492960188359008,49.96480551960148,2.5873369895934397,4071.287373532937,10,6,benign
3389,345314.8875148625,37.508402098286,34485,185,0.13992399325017182,11.60091302878779,5.674090408763596,67375.75110451611,114,17,malicious
23,7660.879895852653,28.731680323052665,22209,177,0.23357825874203778,4.0210058608864765,6.569324385789903,86367.90273206153,116,17,malicious
4444,64661.15279817567,36.118006205720384,42001,178,0.029415618228170116,55.1354849332785,7.127740654895819,80190.14538672635,128,6,malicious
8080,3697.985054708362,14.664613963505031,32214,15,1.6588348867507594,4.18192349164576,3.221206220865703,23190.72002449922,9,17,benign
21,4411.323217005246,33.76674373916464,4733,165,0.03117189073158599,32.116974982811676,7.732624063094909,83150.33501710556,111,6,malicious
1337,17964.463428377603,26.749001062375417,20178,177,0.03861328626404264,2.8515895580826003,7.603452451774702,54320.21985017431,127,6,malicious
443,1043.5426472223064,19.60189553711459,51206,10,0.1496099044085368,16.84822787263728,2.3582518177329157,2022.2114678894832,16,17,benign
80,174211.76165787745,32.864983253958435,64930,203,0.0039003250992633133,7.94736464124605,7.021961066593536,45563.493689729876,119,6,malicious
21,51222.02242943841,40.496450588581396,21883,217,0.019125600137441977,53.6430003097251,6.991203527991616,106163.1726104,139,6,malicious
22,8039.15636020132,13.243480165440804,48635,12,1.139097985177874,3.0643233667766965,3.9472869927052967,6463.509880971474,7,6,benign
80,86335.45923538173,34.94563798886546,5233,194,0.013456491281069894,7.883878483728947,5.9602642652947315,1556.6085479540154,108,17,malicious
22,3396.977940971602,14.843928283248122,24403,9,4.102736904061516,15.315451775578863,2.01340680778745,3570.3576429054406,9,6,benign
8080,1543.5715892242824,9.178322985712036,15870,12,2.8888636924266717,56.994097340833925,4.707139737381677,1883.8497374336894,8,6,benign
8080,6092.944783355156,12.087351383568457,19027,11,5.344393663961281,5.433133635275492,3.299669109171478,5835.306854467075,10,6,benign
22,8116.813860783121,15.702285891513316,26450,9,0.06514440752571676,7.584363891296956,3.992023187802964,15538.233761274298,17,6,benign
80,1364.9834665406827,17.671646375136632,43880,16,2.8597704216910427,9.292652293227517,4.553081098534422,836.424653169256,13,6,benign
53,213.60660939309693,17.71454111156131,26575,13,2.4424271720466724,4.369338382116282,3.720375983366373,1929.2960721419236,13,6,benign
80,40471.159655132666,29.182582652374833,65125,170,0.15571189207179473,25.503138908351215,7.282142081022579,43257.15836121625,118,6,malicious
3389,63564.26643012787,33.092414245402146,19924,189,0.06631659310550386,1.4475909136906675,5.895989735980329,4331.4078445986315,114,17,malicious
4444,209712.57732680286,46.81810905432468,13404,162,0.0037023900251345033,18.30102120227209,5.560162381521197,169064.48275274053,110,17,malicious
443,5162.633380654943,14.92401554801949,10731,13,0.07897323380283153,11.451258472322538,2.6872946943326985,2353.2475397236744,4,17,benign
80,3999.3575510042815,9.97207925333715,25403,4,0.11836643043471864,4.154633007713196,3.7071128483973017,1508.1558100511515,11,6,benign
3389,315116.7806511127,35.75312825056062,51301,188,0.21789360141097422,10.18364939329511,6.494261762389377,96069.88076690759,108,6,malicious
8080,2535.2386418956517,14.41348544695307,26092,9,3.6939347118399732,26.574861436188463,2.9109169484273845,2464.0415509045806,16,17,benign
53,2794.074279124338,17.375153575575855,7930,12,0.09468025023818008,8.843747470527072,4.360902692367162,1022.0577415720553,11,17,benign
80,25132.251798207704,24.172615179209753,16919,190,0.0060021088085267715,1.9498837688161204,5.594269004343897,42923.30450082916,109,6,malicious
443,16208.695306712412,16.071820686127385,55780,7,3.997710278820596,0.624865812938764,3.938326653414979,2676.5491393202747,12,6,benign
3389,109460.76780890867,37.59811475060323,20444,164,0.055009590855532975,22.56241085638315,7.723021215699565,7048.607442220651,111,17,malicious
3389,38513.535879586874,26.80299628815208,52702,186,0.04224432611142448,6.016863929684676,5.922686251494409,71129.88567899399,132,6,malicious
80,4397.296247605822,12.621516392382029,16236,8,2.335771988186595,40.15802107006213,3.5476848529944194,1149.8821682379635,11,17,benign
443,5844.019962325767,14.751969333592527,15347,15,0.06167366358608209,14.401569723816044,4.451312300986311,5927.214158297452,5,6,benign
4444,34771.441791719575,30.465781309008634,33958,177,0.12981668587941925,8.59806761015752,6.640341382823031,89175.20083130045,126,6,malicious
80,1438.4019304248927,14.774744367021322,62603,14,1.146605150066769,12.467699027834762,4.910418929584986,5374.071215810523,9,6,benign
80,3829.8853163423323,14.486922090507544,54365,10,8.804084776331955,9.163354057453073,2.046312464187192,2910.450127765169,12,6,benign
4444,57356.177965306735,24.956957375786974,8372,196,0.09498143063549666,35.43679127552664,6.914980661599648,9972.409772769066,117,6,malicious
443,5685.419632900262,11.923192172261846,1599,14,0.5566508130428407,9.18794441614042,4.074227139076068,2764.2031750456254,10,6,benign
23,316485.2841287926,31.44704020057335,40963,188,0.21582135601402544,1.6483029718778293,7.121801282159053,117845.44450115651,90,6,malicious
4444,270947.7614231705,31.654506722674803,58973,171,0.02680127245540586,13.63555800527198,5.651910475076475,250.9314476946229,112,6,malicious
80,7946.048016515383,9.78778511988169,16772,11,1.9873971547494627,14.631897260018253,3.5250239842596667,7131.884236707956,10,6,benign
22,3222.5373294920682,13.508155039648631,4367,12,0.6258498155860621,21.743629758612993,4.390967743652994,1012.6897717334709,16,6,benign
8080,7882.3875377101685,21.207288161685206,51994,9,0.239895884462485,40.609688946968085,4.28194841710096,4599.792780512291,10,6,benign
22,2230.518392215779,14.421069696770639,43139,16,2.062185630379658,8.780050445245681,3.0021032866378277,1112.3339028107087,11,17,benign
80,13964.78392338415,15.454049257357042,63047,18,0.9187771408620837,6.509742145371131,2.973230705071409,1051.3777216938774,12,6,benign
23,132776.30846605063,20.552818283329167,26415,187,0.1105676751878516,10.122862391446457,7.776106306320968,19583.154349980043,113,6,malicious
8080,4531.057873238569,15.9583058187654,23431,17,2.3413450152390807,34.56864139248654,4.800977544415984,3404.170827713956,13,6,benign
4444,223448.74899744912,39.063750391358354,61008,193,0.006328680217048152,58.66713727539067,7.160786195471834,2518.3518125481173,125,6,malicious
21,35184.68645001954,30.322818318725254,43519,194,0.04277595878386301,53.228942078852235,7.690056649799164,34978.65141509506,111,6,malicious
4444,90538.96054263391,37.25202888253326,44717,168,0.1455888046369754,3.914541065761292,7.579323028251599,30424.863963982712,121,6,malicious
1337,25483.809167744337,32.3657259301812,41771,190,0.03030749651859036,10.304356527200175,6.363586080748622,23254.027629868593,115,17,malicious
53,3548.047626755626,17.774740482975513,10178,8,1.5679776278018887,4.505918540907808,3.164827939118247,5802.236048321503,5,6,benign
23,226261.27027572217,36.36808237523641,61402,182,0.05365429086185803,6.8825796317437575,5.62650645671732,13117.81854850824,103,6,malicious
1337,200181.9586227612,28.76816173644168,22579,175,0.0769888400035091,0.4829536153726648,6.660046080564524,11387.43291706888,111,6,malicious
22,7674.101832552212,16.146287856552032,27647,16,1.6164530172609175,2.626039994728116,3.05865947207114,7389.664851024132,7,6,benign
22,1025.0079306361342,9.330376946267766,39201,16,1.427317652805304,7.589460772906512,2.211698593317079,128.87935359145277,11,6,benign
80,385143.65042549337,32.52713879118292,38333,175,0.05619390730502666,6.804978631964248,5.624926972663792,171.37359679757813,125,17,malicious
53,8527.410128000658,18.279576569368892,56556,7,0.28306320761106885,4.903258850276167,2.9690206114815316,848.0327044463335,11,6,benign
53,5120.1333388222965,7.515309257279417,21268,11,0.6134816561150281,3.926503397122054,3.015369524931588,3322.8403911679316,10,17,benign
80,1858.2039879723989,15.982008802064993,51690,10,1.7718938054048265,20.73188878423282,3.437510392243678,3791.221972629454,16,17,benign
53,5337.183928378791,14.479034476234897,28951,12,0.831320389246573,5.233784345928438,4.152424301985365,7794.299615087453,7,6,benign
3389,109917.27234286224,36.46713528411713,2091,176,0.010418243701071308,18.390394648836182,7.053972648370548,23907.004382033723,123,6,malicious
1337,228940.40655739093,30.946196417407762,18289,176,0.10574380224293321,6.897832064435391,6.593304913954987,38683.79125920674,109,6,malicious
3389,273519.94592178066,43.079266779662625,7933,169,0.024461340690272317,24.290751009458408,6.768873105473709,72157.97243917642,134,6,malicious
443,4070.082270654856,14.388304728500383,22440,15,1.7044454407538612,2.7450270989070913,2.164776269349183,1636.9903248958947,11,6,benign
8080,572.7163349510698,18.439046705801715,15260,8,1.00774358416785,2.5725738674946035,4.091805529676649,1736.8794242459053,6,6,benign
8080,13538.52982791568,10.505290711488138,56678,12,0.7092416149479444,17.0761596268676,4.877730403767723,2318.3799936014398,15,6,benign
8080,2028.6683733161676,8.093887040738377,32389,12,0.6244932337546434,36.961610461963026,3.976276422944395,1969.522895518008,8,6,benign
80,1235.7094016475887,14.915363519194106,53815,11,0.28470006823447647,2.314527703361596,2.8261713492525606,10322.452878496948,12,6,benign
4444,142031.67568017315,27.085852790903992,27149,179,0.017860345684160676,1.148431619877901,7.707720560217064,87212.59506211693,97,6,malicious
443,1621.7151973810892,14.820220507187926,11953,13,0.7449365906818969,40.917031410889514,2.6983507139002696,923.7223479527424,13,17,benign
21,205.33813625441985,35.436436910240474,54733,170,0.16245199837798247,1.8720061769525391,7.888419123440709,12976.10116894917,131,17,malicious
443,2142.4596334701973,16.815429839866084,42084,15,1.6734880083741688,4.322571277744239,2.941491518133547,1767.9973265301396,8,6,benign
443,708.2026910813788,11.80687809697061,32435,12,0.9065263995131061,39.78089761433889,2.292040034384435,2539.9963461665625,8,17,benign
8080,1545.517692588695,16.273961905347907,16343,9,2.386544857983609,24.362022751076623,4.687157172939306,253.49085833465773,5,6,benign
23,11719.946722688815,34.93843205566326,53708,172,0.006567317036047872,6.295540557788136,6.585409236981937,65889.89614068279,114,6,malicious
3389,64055.030144508586,38.46756935651198,36608,194,0.08519848515308194,46.35978542848409,7.25065462687289,7871.161651389151,118,17,malicious
21,143082.29760690551,28.44835276220846,7435,193,0.013140436625781276,12.591629941727868,7.658911330858107,4864.623992951915,107,6,malicious
443,4861.985380951798,12.064293285113074,32626,5,0.12384876011223402,1.1248665955538684,4.412002222165299,3009.7548395923536,9,6,benign
80,4598.477699279182,13.85203377158534,49513,15,4.370447663214396,18.21372512281896,2.185365751214736,4326.9750681760015,2,6,benign
3389,82914.93741986244,32.020218879735246,50583,180,0.05036920032776524,11.559411740546503,7.7144854130814675,9895.622315294357,118,17,malicious
22,4461.811230467595,22.016317593143484,8228,7,0.1329128011145395,12.750104669189058,2.9758891779328103,868.9094654223672,19,6,benign
23,108045.0805764711,37.85570925641559,19923,194,0.044319949796908314,77.00283846215775,5.7700454543767785,104891.60350050849,129,6,malicious
8080,43.03068802345349,19.980357832681122,25541,16,4.843458138907959,2.482219399805088,3.0616668701459577,2527.715777769053,10,17,benign
443,244.89938652233798,18.643316821550844,35531,5,2.062395505079916,16.041449488373665,2.495689342935092,262.18808786252407,13,6,benign
8080,1062.8322450794226,13.010522278102851,5076,14,1.0153563042248914,9.2078632689652,2.3363891530453227,4930.819088310194,10,6,benign
53,915.4175149651387,10.39643600572245,50434,12,0.41383380157850114,4.7596115263189995,4.57824568011325,1980.8324236730182,11,6,benign
1337,138893.3550794548,28.794684916313518,58876,166,0.03769214426557514,17.740255102188737,6.5592357864019295,10329.968554603058,131,6,malicious
80,5572.853027503681,16.425920622089205,39578,18,1.9990618886133134,16.548922519163646,2.6557981343345256,374.36407064767843,7,6,benign
22,3076.1487350288958,14.129241732480123,13037,17,2.275119053665357,29.120792319480085,3.4609740698701263,429.1538532512863,8,17,benign
22,24005.243117949165,8.29561918274926,46388,11,1.1283694212346618,31.66326923976434,2.1104702016138552,1285.7895430368721,12,6,benign
22,1286.6432685382294,17.241224868955698,53859,10,0.1933680344258796,12.37686368834675,3.800843546996751,694.8966828618725,9,6,benign
23,257873.2265030633,35.602225836349696,38512,195,0.2724554837493539,5.908367911501336,6.062967869873647,19800.536263630507,132,6,malicious
23,9122.352366209661,31.180597872667853,48237,201,0.039620663552732194,11.311954857278561,6.199756355608105,2379.1921678468675,109,17,malicious
21,354847.5073689532,27.893157842391943,37518,176,0.06506689070130754,6.676858723003549,5.610498168619188,4095.6553343431437,119,17,malicious
21,31409.224969344086,35.042590401065354,1702,178,0.0960725020651394,4.872580307655845,5.908274104349419,27557.732819395304,136,17,malicious
53,4043.8776584782127,18.229977106702954,59651,16,1.15137840138071,12.030220170012239,2.6897142668284215,815.0252046857208,11,17,benign
4444,8220.71811353435,27.714510258460336,31376,182,0.03911874203487603,16.091281308490856,5.8276512467683395,18627.71560913126,106,6,malicious
80,3279.066674864014,11.973292836581361,46821,12,0.49954165319675586,13.39488710478674,4.885662014575363,1804.5792625408744,9,6,benign
22,1153.508483741157,17.187950191761583,10122,13,0.13689320433755303,46.32413631293386,4.1813745322538605,3893.380550297184,8,17,benign
80,366595.6951232833,31.17983475887823,9483,167,0.07035206388539349,5.320926563194745,6.5677434079930155,25021.698664340813,126,6,malicious
22,3858.490329922052,10.54250859350594,39918,12,2.6594047441590583,6.9863901759536295,4.782097139231311,2551.1892119465247,10,17,benign
80,97953.61371630848,35.61975184315874,28703,179,0.056414562077814485,16.523175820439423,6.169339137099957,99589.24160953311,110,6,malicious
8080,3521.9085732084804,16.149807763584995,33690,17,3.1384712714078917,13.757815541870027,2.79179106764643,5541.494163629802,8,6,benign
80,523370.6787986578,34.35099207088187,14251,183,0.16236187724132745,0.027976853992875996,6.990162254145133,19697.758476484705,133,17,malicious
4444,104744.15372382537,38.467992462406805,5930,190,0.11115608305364491,5.6157217850742525,6.545463804898732,224872.59612630695,109,6,malicious
4444,28969.42353805309,41.16754568496587,8922,178,0.0955734355130447,4.390657456597478,6.484521291137712,69778.37323390783,118,17,malicious
3389,161214.96032189435,34.305422985644114,51376,160,0.013310735933367828,27.480744700884795,7.2510667091101375,61.73306539166575,120,6,malicious
1337,555984.9820137108,32.86345770848009,48231,155,0.04921562147758615,30.176601068103416,7.874441752215296,33205.811879083936,134,6,malicious
22,2590.6312931721077,22.062146248556648,55531,11,0.9502469264486485,5.008888181811506,3.5581370692185392,1328.7329187219088,15,6,benign
80,296874.47799016174,45.75062174639663,34908,170,0.1359859764017722,1.6149667422698493,5.796550667263473,38165.112916482205,145,6,malicious
53,6033.515351205522,13.503173004141196,7368,15,0.5158708476070892,3.4450082708130587,2.1341251237323213,4219.804579239662,12,6,benign
80,336579.88711670734,33.90554369922729,56106,170,0.11649130409154036,2.9141218741602954,5.517619031252527,29683.160971325873,115,6,malicious
80,224605.11705104142,42.54118195668115,42882,170,0.13481006228397546,4.066019990784955,7.082729443377078,25129.553505787466,127,6,malicious
21,190022.4249450085,28.221262772556322,28390,164,0.17841825031399242,4.01123059275651,6.660883972312332,1388.9523759141455,105,6,malicious
8080,4046.9098930152813,12.890267147398067,47004,15,1.3748777627079836,9.804243374426662,2.803652915474462,3307.2392359620144,8,17,benign
53,7952.736063741371,17.599732292910808,47870,20,0.23915879473392887,5.77702857840486,2.084393132116677,638.0768440399369,12,17,benign
23,110561.2933924194,37.7202721218907,11860,199,0.07294106264574916,12.308632836198656,7.356638453222299,78074.74894940044,95,6,malicious
443,4989.910106415319,17.877821758321424,18466,11,2.855591204557515,6.326995966954962,2.2187221691676164,585.9507325352379,9,6,benign
8080,4538.092234128837,20.275082136590676,57460,10,0.6796027778252137,25.28481978665262,3.079658979053495,4431.287644912566,17,6,benign
80,1914.7439618996732,19.357069203596893,50863,19,0.5674300782038073,45.17563164894014,2.565187837991233,10353.036866009197,13,6,benign
23,747.7333895275807,42.29516672566794,55753,187,0.016073735777142984,7.760666970696111,7.574539951672884,113062.34427015625,95,6,malicious
80,169921.46628567798,25.914942468089254,55766,160,0.2173897459029538,0.7610102062101632,5.670431561089006,28022.350773489376,133,6,malicious
22,7800.51895622446,15.002313701255419,64422,11,2.067757694266114,4.108230929232509,4.877449323077473,7009.091064855248,6,6,benign
22,5032.922906425622,14.067332078474108,41944,11,0.2864635070208347,1.6114091524554697,2.6203275290600976,940.5680261241781,12,6,benign
22,3804.0435010065517,13.659925682319185,57239,14,0.7448375640324114,6.341394978857099,3.3969318024094686,973.6845075834166,12,17,benign
1337,94304.98396370329,32.07719570379164,42771,172,0.29604303678276933,15.539389915711416,7.23722767202489,4540.988046575748,109,6,malicious
21,15851.830362185998,43.37110225268824,13710,176,0.03653029840605604,10.97544854559305,6.7557895189953365,80164.14597089964,115,6,malicious
443,8650.589370630125,17.123531574698823,44628,6,9.85699308259935,4.173417138161242,3.056948909087694,2882.0929678378106,4,6,benign
80,3001.9984120467698,17.1430341442738,11380,12,1.074810745851341,21.867438867855135,2.9590671403942497,11323.1494579117,8,17,benign
8080,3480.231091978149,14.811604307736824,62825,8,2.593386752231117,2.1144825772956284,2.726511921011744,756.5676256406138,8,6,benign
3389,94278.38578325251,43.338503077367534,42187,173,0.019701769798488963,3.8853692245824116,6.464712054358735,8641.075625794067,119,6,malicious
1337,44560.02447257255,41.8444727706521,28817,177,0.14224023528617244,16.907359504506307,6.578364994588297,9332.707555726667,135,6,malicious
8080,1479.1655184177973,13.405198337049542,3515,13,0.6966608656650095,3.2953874463204236,3.0233615402202427,1670.621241553197,11,6,benign
53,641.1015513679642,15.047677925843777,22230,4,5.565083868277315,17.03362839086341,4.234512781611185,9809.128206325347,8,6,benign
443,518.6828812948065,11.914934340502146,60406,10,0.005099129550385758,56.54571482444617,2.7105995114915333,677.4950600528972,8,6,benign
3389,29003.10775036257,36.52394853421584,14952,174,0.11932973825335637,26.69923813343552,7.617240703622791,106631.19983788308,118,6,malicious
22,1264.972337150269,15.595523403893148,40796,10,3.9977503065307154,2.615489029119075,2.8644397579459233,6993.202461492724,10,6,benign
1337,10491.426006023918,38.38508604116767,12584,190,0.17590618628492113,11.025121390500674,5.536397500428687,53668.12296224579,131,6,malicious
23,5019.173279473163,45.5124187974256,8035,199,0.01112122321270103,8.231068548625768,7.472015096870896,114022.76056478673,112,6,malicious
53,836.5439887664216,17.296697039693207,23108,7,1.9644917907927009,71.8173207767364,4.015344276500999,2257.66658031231,3,6,benign
22,4906.094534362716,15.30606861298614,45542,11,2.051732414809999,50.03144029698834,2.5260169581117853,175.9824522726333,12,6,benign
22,2067.3095229812725,18.08849348677437,29657,6,0.9584939264890379,2.0392212760506268,2.848134109165083,121.00121654524567,10,17,benign
21,215502.5434707435,31.346616085497523,5886,182,0.03038727606035255,35.90914030122437,7.61065116670448,73460.05938144983,123,6,malicious
80,5990.6304086405025,28.210882105408174,39142,187,0.16669108179671516,3.2242519767864706,6.585623419401565,50440.12723016125,101,6,malicious
21,412267.81494721037,27.75696412500897,59594,199,0.11750639033410495,5.772842862342415,7.9761527014975595,15980.62071829873,120,6,malicious
21,14983.844590721945,35.62640618511173,64873,163,0.057101686553341954,6.540596322440235,7.041707961671262,25534.43578971074,115,6,malicious
8080,3602.5709345309383,14.651070306786423,13706,10,0.6887933886493973,5.0703645543729685,2.2624011669291253,1257.0479450031783,12,17,benign
23,21476.075031565026,43.83824079400581,46327,182,0.06684531780336998,28.78473788825059,6.237223319668377,7850.144902532559,130,17,malicious
23,317921.3686176902,38.089624756395224,12727,187,0.2345433805368889,6.0056502740125834,5.527627656597578,30094.373684655264,114,6,malicious
8080,2970.811459684309,11.675039927982349,59281,9,0.2105880119955496,25.452611142899183,3.2376921650353063,3267.8141652937193,9,17,benign
80,12881.655143059881,34.51701599778624,43403,160,0.021482376198618102,77.71285975891134,6.94373886589092,34602.563471784095,127,6,malicious
4444,143850.0325110823,41.49155216684527,16120,180,0.024387319503130955,27.560286572817315,6.792035888081314,2607.354441093703,119,17,malicious
1337,1372.7539755271775,43.04539716716284,61071,188,0.31893141478747555,6.372997400357533,6.844261134946658,148339.2576371841,121,6,malicious
1337,224431.23643844225,29.396493184667733,15130,171,0.021593732986719107,18.63303459084301,7.608805927859911,14141.01976362059,122,6,malicious
1337,157724.23698711887,30.601034763984693,1379,197,0.2454286744341345,11.451080722578958,6.292174811600577,31463.035146978436,121,6,malicious
1337,35857.549908150846,32.85600606586061,53648,169,0.08392949378045186,23.163026199909407,6.875634860000518,1665.0267815674288,121,6,malicious
53,10465.034217180264,15.49202732656013,9456,17,3.839966119269578,2.492543680764721,4.8956697805417555,956.9673542987721,9,6,benign
80,1218.650923702504,11.060822035813677,16724,12,0.9879052092994676,15.247244087721517,2.641614610009327,1268.8527207962177,9,6,benign
1337,177470.6139139215,30.110728722587424,60278,172,0.05172461346116901,22.286203671151153,7.81204853761756,5927.9507590945495,103,6,malicious
80,7081.751720295552,18.526351466511525,60644,14,1.1616636585900784,21.483901895544587,4.719769523205164,7667.6044210708405,12,6,benign
443,2207.565223218133,11.877049047135614,57886,16,0.3846523354502769,49.694915535845155,3.3859002951330837,2624.8380471449505,12,6,benign
443,22791.41367837816,15.989668261133893,26220,7,0.5306598685250795,0.9028021463019642,2.950532679485974,30.25236966174215,10,17,benign
80,1522.9366317195997,14.211716166424068,32674,20,0.15967027573218817,6.36465942433089,4.000613195619624,919.1375852693883,13,6,benign
80,694386.9161582231,38.70372292488116,47642,164,0.006586602787665101,9.70980910353319,7.484175120559387,130382.78223851843,115,17,malicious
80,150248.04180579394,29.0913344849059,18262,176,0.06415151200677972,5.560815414421406,6.5655615042341715,33946.06017531083,117,6,malicious
8080,2851.616074844408,14.832621052458412,45727,18,3.993692041953312,5.56138012892007,2.7739220804513405,368.6977371547192,12,6,benign
8080,2008.3241524537452,20.462636458359547,65040,10,2.0152728872895493,2.9061125600071787,2.673865108335284,7171.530908044663,14,6,benign
22,984.1077085810539,11.143753077586503,60682,12,1.9259518264469617,25.145802285287225,2.53927779058089,10017.121401808407,9,6,benign
4444,88718.04206674155,44.62570788874219,28800,172,0.03849713003730508,35.800761991900465,5.925977010181349,103865.64001758445,98,6,malicious
1337,10645.081919542754,35.67623787042734,56539,184,0.011524524262064439,1.2887182919929934,6.59837200711555,51121.88058304684,117,6,malicious
8080,4180.055683189701,13.189157656856702,63569,12,4.404941704367199,2.52448541587379,3.1543119359658283,2462.8217643799453,9,6,benign
21,235026.9995595619,36.686211838079956,7728,196,0.07510108630592924,3.8903653287485582,7.485652821004166,139936.61255363398,116,6,malicious
1337,156777.6809470375,29.32108725440579,21032,193,0.09405588763514358,10.669284905707071,7.45520485382585,9720.318739194554,118,17,malicious
3389,126534.64289500052,33.93939312865138,16403,168,0.06325552038522905,23.493667377200453,6.384634502454554,31777.97685392768,108,6,malicious
23,27520.286891892574,47.17452840974188,55622,188,0.038199007182064454,1.112054988674253,7.835675443608851,31402.195840828255,119,17,malicious
80,7102.537892302483,14.037437005733933,43044,13,0.5244748594206173,15.192560795385084,3.943712492596719,5001.969853968329,8,6,benign
3389,485632.78221493977,31.830655964073376,9597,195,0.022746792018461193,2.426061282065663,5.599933589299844,54674.784890405455,123,6,malicious
8080,398.5221309002295,18.12160333582066,23439,10,0.5162462794610803,53.34518902303163,2.4213205781807523,2380.065327608145,7,17,benign
23,12186.693433902368,32.80159421346854,23590,189,0.20628235479632928,34.35591023393899,6.406619041314733,21727.383426529705,110,6,malicious
80,324064.5588297419,31.99611788582432,2156,199,0.018111965831755415,44.81135794646827,5.88431222058879,7808.7316019983755,103,6,malicious
23,253558.36129532353,45.15945044996212,52652,185,0.0426653644195172,1.683492433045467,7.836645155135229,6734.645291683732,126,6,malicious
1337,144324.4653994463,31.670916622539934,53311,166,0.10543371327552181,10.042525750944343,7.093098835085609,87167.71331269268,115,6,malicious
80,28527.833155774424,12.49434122801052,49326,14,0.869933287269029,2.709283313344771,4.720892688049881,599.1764594487117,7,6,benign
80,155951.31422694918,31.324652339756902,44822,166,0.2695586768681021,13.757700061761769,6.9574467057352045,29231.097690949,119,6,malicious
80,36499.12167762345,37.395116357038106,35871,159,0.016946749023153608,3.973925932559093,5.659659149064431,5041.278694669146,140,6,malicious
4444,195647.62344613028,40.61406577947594,1968,160,0.0013326065577628134,22.086347190687498,5.57485128427594,29884.736304761824,130,6,malicious
22,8459.222898670721,12.764481585584516,6864,13,2.120393182182907,15.492477800287284,3.1504752322713783,2128.564090661903,6,6,benign
443,13651.400038103502,14.140309703005634,54138,10,2.19410766914689,12.7156299713909,4.793548782623241,2904.4146368137144,8,6,benign
80,9191.861107265866,16.05559985992146,40466,8,0.9637547743537054,26.164022906484306,2.643607509135671,4673.055730676092,4,17,benign
21,136652.5505047182,38.21046734771495,62569,140,0.18323596636898828,10.405400870637218,6.2449395186059125,30016.419060231998,121,17,malicious
23,227233.42310263417,40.19877812130388,44513,171,0.09323835074755021,4.71761505065868,7.219145347757419,44749.34439617166,109,6,malicious
22,3149.522070859289,17.08993417390156,46285,16,1.782328594295504,14.541634835270957,4.150722785357025,805.8691717691869,8,6,benign
3389,71627.86994766364,34.52304546578247,45302,190,0.009872004726539641,47.220191817704304,5.593055426123724,4694.007354997408,106,6,malicious
80,328257.0522063361,42.672890265677324,34626,190,0.1939348644851752,13.78790023131231,7.327096181997287,6049.685778259316,138,6,malicious
1337,77676.24668935161,31.240389739196576,21158,191,0.05349346773649841,14.898364286917847,6.277256575658862,221347.68641519872,131,17,malicious
1337,147017.56675492894,32.526482748300865,5208,179,0.20581827456144555,40.94309510392465,6.876997318149707,26012.25527785055,120,6,malicious
80,330055.91481383017,45.76216785368391,28987,171,0.10661049569269578,10.862606491537768,7.434664549837999,68073.12346232399,120,17,malicious
80,35325.42638036098,34.419510958549544,8202,214,0.4010325574163334,84.2261176388231,7.257058254575014,76502.55156322199,137,6,malicious
22,5520.465720517098,13.13605414445182,6192,10,0.9529830002726429,2.6092670839522247,4.29462945677353,953.6056456859594,12,6,benign
4444,181575.8817536844,29.678671194332978,33678,185,0.04278381262528254,11.551714239315789,7.369566648065743,12059.025109244723,135,6,malicious
21,102813.07450439468,41.0059327765408,6015,183,0.11358075459347212,3.591015634977036,7.814202517562714,16154.493072728526,115,6,malicious
21,84560.28733346322,28.096278515637152,9170,168,0.05097586066827463,9.05854959109455,7.024936481290111,72279.59601428687,129,6,malicious
21,463060.78329402546,27.650416174086153,47676,201,0.02122901891388917,2.805319118840189,7.2587651516113585,91779.12656791972,126,6,malicious
21,34548.79694259312,40.35485502935167,6314,184,0.022063364113252392,3.7756296118701296,7.664770349200941,60116.19774982061,97,6,malicious
80,7831.824157588188,15.544689409905871,54414,15,3.2621173300151254,3.551033515845212,2.672062002833606,7377.3890643110035,8,6,benign
8080,1496.4112229305201,16.241738336695754,58574,15,1.1690315587544653,5.785628530110383,4.089636866198536,3270.870577687735,12,17,benign
8080,2082.542391006959,16.618204470516638,25573,11,0.19581026247096986,2.1685390315659356,2.8089528022918464,3144.5576839317687,10,6,benign
8080,331.15088980074546,11.057618813777111,53710,8,1.6712246343318884,24.859124243883944,2.5098225817598028,1272.045709937921,14,17,benign
80,678943.2218373177,28.71369572586657,15868,187,0.24619440209853685,3.739918274971635,7.9667689294219075,99460.13424145263,119,6,malicious
1337,329445.8849843322,31.592517137073038,52228,181,0.06896055805352035,8.082436167774127,6.114992833466521,19531.992917002506,129,6,malicious
22,3401.459131560423,17.192228063501602,29906,14,0.14746145530918087,0.2428117638418535,3.032445737142028,2434.579436144875,12,17,benign
443,10629.24815332854,11.240830128472624,41943,15,1.3339815766251883,1.661988233852689,3.2852908771956333,98.00058707946312,9,6,benign
21,166063.5548053275,42.23423839836586,1052,160,0.017442660959739436,33.98973345711153,6.110822096318546,27806.323734926224,107,17,malicious
80,1564.6625639831407,16.286098467040357,59581,5,2.6667086474693296,27.224826106976504,3.0839297774614582,303.75948788365906,8,6,benign
23,257347.86780469332,37.61272005624804,58555,180,0.15088138383448282,27.575452128768976,7.107771905470206,27436.564263784734,114,6,malicious
1337,317787.3142321774,33.36459927524172,19268,204,0.04071365200903647,7.948939570730163,7.263626313988192,13875.949256948137,113,17,malicious
21,291946.88554314227,43.756497703235034,8958,187,0.0639978653769515,2.289067117190385,5.518676710502568,10465.346572410677,127,6,malicious
53,11727.004095072805,9.828257856509882,30869,17,0.09568994677548187,1.712563559208125,3.0731591586128597,5714.013758059946,9,17,benign
8080,4608.637036601555,12.455409385786412,36364,7,0.8777938516480293,13.955948475021684,3.508857497554243,3961.8847745277085,8,6,benign
23,1869.8545287325678,31.917627362187098,49073,179,0.03457311537991858,26.420775133537646,6.179587999304886,16468.03117891834,110,6,malicious
1337,76472.7566921505,28.046514354056683,41843,173,0.10467348123534091,34.55595855307602,6.865274286572262,9401.405832588478,119,6,malicious
80,14737.935466085328,15.874524265488285,56304,12,1.3643456432387835,5.110582425203098,2.6699281331421267,11473.510701603938,12,17,benign
1337,356231.9108110439,34.06458150181714,21422,180,0.00438587507668225,5.807599245283505,6.309014504643497,3941.555945094159,97,17,malicious
80,1437.5851647942543,18.039578021841443,31085,10,0.06644120711290095,1.5950258031752158,4.333168241017191,2900.494489916464,14,6,benign
21,507638.049490398,35.4762166672943,54428,177,0.09114404698133534,22.335527286677138,7.68446634467326,36694.14536794783,138,6,malicious
53,3454.476800597382,14.347716162671395,3151,14,1.13323199480756,4.838042636383111,2.496926929602529,1490.99521465367,4,6,benign
3389,1235.1780330611987,39.83427411704916,11107,170,0.1347373538554308,9.835732623816721,5.687111348352995,21314.41801983397,109,17,malicious
22,3102.847031324837,13.009761227216288,63760,14,3.0840936455744465,39.65445047856988,2.25102308641961,1322.0353890518968,14,17,benign
80,386.19577637727053,19.23176316308446,20115,9,0.2634932356131394,20.92795187587652,4.4143770359406656,295.08996858195195,10,6,benign
53,18942.1865838964,11.173504148820136,10957,11,0.4393470881440106,0.8126917714279689,3.4593546018751713,9853.683713835373,15,6,benign
8080,9276.274931410988,16.472470212437862,61041,7,0.25617254383920074,0.12282037546057961,2.475467176770433,3919.3480790762324,6,6,benign
80,180903.14425912753,25.182499104034854,16901,198,0.12729600162549265,23.22570141729164,7.978533948630721,17246.54244269701,121,6,malicious
23,159471.72582161296,34.29604271172423,35605,166,0.17243332933229544,12.061189062430474,7.090744468865108,125662.30699197047,128,6,malicious
443,2082.6314463604135,16.46867742356136,13543,13,0.48830264532229795,19.112410630993153,2.3435198112803226,7894.37871109779,17,6,benign
443,2366.942634041528,13.730328801699528,8840,12,1.9230313592742205,2.558539086103161,3.383221474980943,958.7567651178672,9,6,benign
80,20645.854832296973,23.425990954139362,9375,170,0.1536548778646755,30.84148369273584,6.052289216409777,89379.13234464244,121,6,malicious
1337,14379.922315964155,34.09009189592181,58711,193,0.04086029329173347,22.263568693052534,6.210195459990665,57640.213056759094,107,6,malicious
80,29445.016658756707,39.704865039488524,16672,186,0.4156875489359343,33.22395952488951,7.164264396872355,45605.757265726505,108,17,malicious
443,2302.6921047169667,17.4195595762479,58572,23,2.7927052002059796,6.257663337056606,3.7173587154395,4402.625003626693,10,6,benign
8080,6402.423764418023,11.74286609732922,45026,17,0.10722207858287085,4.838351709600028,4.845082995371185,2515.4550049435215,8,6,benign
4444,78843.66065034029,43.38688687343314,28485,174,0.16109057146301745,2.468369926884119,5.556129883453483,21319.485167731305,116,6,malicious
8080,4460.810872230306,17.47579030192707,42288,12,0.9017369872115693,39.907878543041335,3.074380621327866,7443.985972958426,15,6,benign
3389,33474.581715462096,35.67140087665619,63847,164,0.2303695594872237,2.9188735611739003,7.711244474591968,5494.581732176572,112,6,malicious
22,2106.856534654449,8.520076719655233,61085,6,1.6738876051758138,1.9058670233946782,4.814910693697296,4625.602538498642,7,17,benign
23,64616.86576671548,28.68280551598883,45925,192,0.12235165336431061,3.2104941072770323,7.2518480215642045,37657.543225472386,110,17,malicious
8080,10779.771015792308,10.544550899210773,42383,9,0.148298309940815,22.13552393075277,2.6630329670656763,1521.4667228638395,8,6,benign
3389,436065.85498537595,44.933080760315036,45504,175,0.10557878710285999,33.04506544514946,6.759527561459485,21042.631183776473,113,6,malicious
22,2413.6965496261664,18.195497697089834,40041,11,0.34130734836225224,24.98325699888546,4.7447353342458545,4955.418504521113,19,17,benign
4444,10413.388567984835,21.278910736858148,16465,192,0.10085034091227689,12.425521807720905,7.1415339270290445,68310.10527954066,118,6,malicious
8080,4634.30045470301,19.09285636124138,40277,20,3.105104587159799,76.45331992961765,3.6690028598176396,6937.351902044169,12,6,benign
80,19190.46787080521,26.849123593889672,10201,174,0.042664166576727496,1.070088939594,6.746085706672406,35276.827817487676,125,6,malicious
1337,851.8644162348513,26.76143692404441,35597,163,0.0629558711999201,30.282725653462002,6.239281142533392,60390.01954499408,119,6,malicious
23,7975.855223269157,32.6838641462648,22455,172,0.0008579772330987633,8.371742563835868,5.621057920761451,92136.2629140549,120,6,malicious
1337,371807.43113092275,39.6844250262604,22948,195,0.012630907111582624,9.107910038381698,7.792564397543476,37418.596793993034,104,6,malicious
21,358652.645239243,31.20853825144315,35888,162,0.08266955451693454,2.04752087178392,5.53057905876856,147994.7244591136,107,6,malicious
4444,38393.48129011734,33.137377220062724,13517,190,0.06610086648544822,0.5100695085933818,6.203311071403317,21805.03950854026,116,6,malicious
443,8635.79349316929,11.507731231264179,6361,13,0.8832917656307732,5.710745833510879,2.1393021818439992,1185.4751557298005,13,6,benign
21,465258.15553079586,40.41938372676432,64305,171,0.02232049672355862,2.882915591783392,6.297730885731006,59060.015225265386,133,6,malicious
80,6110.050698579232,13.173251611485139,17059,15,1.6103117732061025,9.90551780120891,4.654678776939003,2875.7130204199498,13,17,benign
53,3599.671278272343,15.023721134321846,51635,14,1.9633695930600301,2.3907493974598775,2.083089347135771,1740.5181069458667,9,6,benign
443,4408.210004211665,14.644749639127571,24342,14,2.312223920705771,2.2262426920234644,4.382523946459791,4111.588256965484,8,17,benign
53,989.8695237552829,18.18834700562464,43329,11,0.14260946182857526,31.43100115890712,4.549531195710537,9749.469146161504,12,6,benign
3389,97305.7203014648,45.48154782311383,42214,175,0.11414902735964917,38.1306719750032,5.843838176460424,42219.84789431505,116,17,malicious
21,229370.75731837322,31.36353574336822,4806,181,0.024376445665334118,49.953903629275295,6.715800173142535,2796.2982690793174,102,17,malicious
80,84765.20039281646,23.191326911887515,14822,185,0.08912074008730027,17.115084766822722,7.614863834964348,61735.1260187596,117,6,malicious
3389,43553.982430470234,27.42247033854242,20908,193,0.010532968492566921,22.1115802705457,5.7515972298049505,78033.513664909,127,6,malicious
8080,6177.268112706835,11.726172419520392,10098,12,2.279124861745527,27.098658654877383,4.236148868932981,1724.8828966507876,13,6,benign
80,256.65508830983066,19.07496243325892,28373,9,0.2641915570622998,16.13466393280821,2.2211812533421598,1789.5085864044947,6,6,benign
443,359.6035256697616,17.594018912774906,27931,14,0.5618626004298195,6.012607129201678,4.834008884026763,4433.658060601456,7,6,benign
53,8114.621296472807,15.866304701234375,23013,12,0.5029434040422107,2.55092127738597,2.8902303883251856,2056.547318761184,12,6,benign
53,8278.26533600622,13.517792126857165,40211,10,0.07477891571396714,4.0628326889760995,4.382732952782695,930.3745869347775,8,6,benign
80,1407.2060497738012,18.72305936574829,9648,10,0.9302869162699471,27.527589588401646,2.179047953110432,16235.757693348798,15,17,benign
3389,217226.94813200383,34.65483413782293,59576,175,0.03603687878303487,17.86571237292884,7.727022728998719,7130.640815306184,124,17,malicious
4444,463376.04098860995,44.14844893183632,8913,173,0.12964958864396278,9.126460018343861,6.496315161227763,191412.1641099206,113,6,malicious
1337,284046.8537987926,36.32624512418435,28280,183,0.0033617538218199384,0.447691094935544,6.109222844178566,15760.148472266534,111,6,malicious
80,453816.433512394,40.66328870469636,11479,179,0.09749948544192362,4.642870844567194,6.859612169718174,70815.93054793964,120,17,malicious
23,125877.41594864868,37.410972843277285,48224,201,0.08522416903896314,19.578874132110435,5.656370933088539,29861.600506226154,131,17,malicious
53,7525.038731826588,14.291313919193096,12218,12,1.8842029463712655,10.773505540009227,2.0322583016091973,182.9194703869203,12,17,benign
1337,410921.73621290893,38.6081378624059,22646,155,0.00645274158040076,8.578086905228131,7.708062816784595,122284.56583648248,127,6,malicious
21,304317.27247354924,28.165815726820327,28012,180,0.1975119188390217,5.64615621939607,6.8301439006105324,31163.10219235871,125,6,malicious
443,5305.590710730008,21.10619079960963,51993,10,0.9805178052264025,14.006583345954336,4.61376117212489,1009.3971188685282,8,6,benign
22,12795.338137382469,19.089780720760146,8594,8,1.4135746988163245,50.89191521106573,2.572337520500234,3505.8845931468322,13,17,benign
23,147090.89656537885,34.37835023476636,22511,170,0.09153491413079634,34.7082769739681,6.125939211765437,19589.377145966846,126,6,malicious
22,149.59754988469717,14.702867120620914,1641,6,0.34417933892039043,0.4645901627865793,2.0259242010112124,4692.095705367037,14,6,benign
23,206781.116154818,32.71609212526365,46476,159,0.051644734229124765,9.836436389197907,7.573084170299705,21006.970497450107,123,17,malicious
3389,14399.856937414208,33.344757408072205,60873,173,0.004137621935997328,5.99528681504346,7.962550930482024,35256.79292316728,127,6,malicious
22,6277.670451657631,15.255619085866911,42301,8,0.14564187176329482,10.718769819951136,3.078146267307794,1063.4074438013902,10,6,benign
22,4767.901102920523,11.818530932196142,48509,20,1.3639849001415745,13.979203153426903,3.3203773248615405,4935.2270554551715,13,6,benign
53,240.9067780822952,12.026907437619888,7309,12,1.1908989870639033,3.347679553899542,3.4397714176466185,4452.883996038415,8,6,benign
22,10564.38044904352,14.02671687434144,34248,4,1.4043343296990447,22.81921266143537,2.426987930733823,5042.25652881515,14,6,benign
80,8376.73628486201,14.933938474876172,1524,11,1.444702078542518,9.667299660047606,3.3919641464797685,1166.8987005282625,12,6,benign
1337,316548.16655663407,32.00913814606452,58250,174,0.1968068164557318,72.43606329221886,7.071938365053462,34175.305545857635,121,6,malicious
80,2070.99682069732,14.449245939090478,30018,7,1.0211578682755726,0.38172702847034873,2.718263264366137,3769.360719646718,14,6,benign
1337,116827.93800929627,35.17049076106741,63463,162,0.045251490136844985,3.1556159300211895,7.051318286166032,18923.3244878622,134,6,malicious
22,4337.961048815338,10.940637005987629,52491,12,1.1449738016845072,17.54984253363123,2.3550547278306997,1948.7396326525698,12,17,benign
4444,19167.541323833797,34.87443238211192,37666,180,0.24891369872920827,17.820495134554264,7.138549688246875,122490.59116870904,123,6,malicious
22,494.9064781829624,13.567641818311749,24038,11,0.4658517310820707,13.090863682800089,2.6036371769244626,554.1138745885786,13,6,benign
53,5022.436688466159,14.883643533075746,5997,5,3.072998433867824,53.61186360029794,4.264669134938804,6961.298053646996,5,6,benign
4444,72152.35779379324,31.312729924672322,5798,170,0.0618818637652464,8.050230798376766,6.907679452273533,36362.998180962415,117,6,malicious
3389,132096.73991690556,32.67290060595183,16543,202,0.0050697084952287174,8.094468556621436,7.250110928303406,28998.865953203607,105,17,malicious
80,3878.470153099227,12.162389269664004,48141,10,0.7263979765487465,36.19878885772726,3.93558300831688,7332.380589452616,8,6,benign
4444,558.4533189184996,39.17045589622627,51179,175,0.21935376049820032,11.597206252140625,5.788821049605748,80501.04067511146,104,6,malicious
443,3738.222197488875,19.428755324548494,57024,9,0.669833949805294,6.5480143131758854,2.2362780200004284,1807.0112103355114,9,6,benign
53,2518.727596202606,19.412939127343776,62618,4,1.8971131859158885,19.037699145215335,2.980530469317542,4585.069454543405,7,6,benign
53,994.4257031819892,18.831904313995338,21604,9,0.03081145745728528,14.500764112013167,3.2504675015051667,3098.4541225453117,9,17,benign
22,9210.49948012625,8.419836574761595,24123,14,0.7810347703818854,5.488115154800368,3.289822391584459,1726.2454799240031,9,6,benign
21,54329.290268564655,42.001920188150365,51242,195,0.0911205186592685,5.305806792974768,7.7980987905727135,24676.30788265655,116,6,malicious
80,1870.7645369164761,11.974094608942835,47414,8,0.431924597962965,7.5531033411642,2.0021150355084565,2182.5683183655838,7,17,benign
8080,63.37514011284838,14.834294264334972,38508,11,0.08128973456849622,1.114713269670921,4.877315276239066,2596.6484696037446,11,6,benign
4444,31030.05058949146,43.85761447485163,43612,181,0.036430329615685694,42.87008231170086,7.880455151494748,54595.467835167154,139,17,malicious
1337,128902.92173000665,20.420531269544398,49879,200,0.34695667802382846,3.032110701411917,7.79020686233215,95308.39662135743,127,17,malicious
443,278.99708171538646,9.016837275176476,14326,14,0.09946383030662712,3.2318035956721842,4.71688155357549,2881.539067430093,13,6,benign
4444,19243.197363321142,36.57590362779645,56784,187,0.006644586577117517,15.620940360749044,5.914353478833112,19068.5257388778,125,6,malicious
53,454.34627056517314,17.612516403966048,4258,14,1.3562341019780233,19.323748695263856,4.973918244676861,2475.8409781293844,10,17,benign
4444,124965.7998812979,32.3932118612501,7518,162,0.08346323674036986,20.0246372029608,7.960339243277419,19058.12463401572,119,6,malicious
21,47226.28814321308,44.37252111245256,60649,178,0.03160167528534176,7.05185511086393,5.758491738455039,107814.8395077203,132,6,malicious
4444,74735.55460686368,34.83780694395238,15263,186,0.11482289023619233,30.992425998565608,6.625744205295759,35821.83397431017,106,17,malicious
80,1821.5623143339399,13.221903027089127,5522,16,0.332558161678062,11.778906178496843,3.3161649203387222,144.41700807572417,13,6,benign
80,11344.37483837785,13.735657470706903,60766,14,1.905702856663916,8.65949163676711,3.5553546011467767,202.29037676926154,12,17,benign
22,5127.644456133995,13.992952404020539,45222,8,1.0532380335678595,24.941509241615382,2.3141554135059943,852.3293667354435,11,6,benign
443,7351.234837602657,14.26897810472577,6291,12,3.5301497152645434,4.187005694636252,2.2210216958630866,648.2320246844675,20,6,benign
22,763.1464938558122,14.337080034082348,56347,14,5.415768008846072,29.511574955902926,2.095577109217304,1405.7569360988866,8,17,benign
4444,175938.26648625836,41.25482635374249,13570,167,0.02041958442534897,11.60980841372062,5.569524939821895,51078.35432919231,125,6,malicious
53,40.898050904698714,13.025411826835022,25503,13,1.3179399903373086,34.54750258360133,4.764598920785727,372.79918500555567,6,6,benign
22,1197.999529080061,13.285192570070954,37461,16,2.0547019285162813,3.3774187397725965,3.1695275566637093,849.0907648933425,12,6,benign
23,411602.2365804554,34.582024494037064,54891,187,0.17175077153746185,41.24787366219701,7.6429465879663905,79331.7014686722,108,6,malicious
8080,2351.9898036732957,13.286542458274724,10681,12,0.38571058256763846,17.46535667109949,2.5705645836168523,1296.8004044974416,12,6,benign
3389,46201.37157991074,30.98877764383168,23477,174,0.027737536812133406,14.447925873155057,6.727058843020007,4195.181731431474,147,6,malicious
443,154.04503822804398,19.54898641606679,35753,16,0.8500768242704342,8.224473492716882,3.6628393654509885,928.3927263078574,11,6,benign
8080,32849.87640549361,14.033973429438653,47732,10,0.002388139835793186,46.96125726671197,4.466277201111506,3092.985516075545,13,17,benign
22,4885.884094537558,12.329304818522811,18283,8,2.727632333833749,8.802636626727457,4.695379749990635,310.27110671743964,14,6,benign
22,4090.2310640603614,11.679128203257445,64014,16,1.3731772310491197,10.353559847991598,3.6386138106053028,37.08225619260513,13,6,benign
1337,293610.44031703216,37.55875770877682,29669,199,0.009348634908597673,22.81440912185749,6.185149610777943,146104.46412561042,123,17,malicious
22,1596.4063942866408,16.623554923354334,63698,10,0.04590484716041708,5.028785736056738,2.3285352357117826,1856.8146362797306,7,17,benign
23,31378.41922147607,31.134836859814396,13117,152,0.0213976735102031,5.168979063387743,7.883889830794486,20913.93779356288,140,6,malicious
8080,2186.683288082528,19.039013119054086,9758,17,3.9442834046379405,22.394682133252534,2.8413104513542558,1013.07575714025,8,6,benign
80,5418.419376958965,14.726005982810605,4540,6,4.0656308380734565,2.0644645811198217,4.5318872733445925,93.45485771548789,9,6,benign
1337,2360.06266716047,32.823573647218936,54041,183,0.013273536770100179,25.97107674260831,5.721299618334569,54664.87573221687,105,6,malicious
53,1526.3099131425117,14.31493338394514,62916,16,2.7112022462635235,14.719440761566677,4.576635690064178,1075.5271446606916,8,6,benign
3389,68834.97840659712,31.998996534321346,16056,164,0.1630521955222336,11.618084375398913,6.847545555034468,893.5058261527842,95,6,malicious
23,70641.94077143203,30.474862645467766,21907,183,0.07501049138047973,3.9031317902250997,7.8030710313515215,16456.043232895106,127,17,malicious
23,582006.1706232405,33.90181004094845,26618,202,0.1435966748897781,23.15251744612925,6.61369171347639,8618.80915148834,127,6,malicious
80,54339.48159678195,42.41051793362499,41025,187,0.0508711631809442,24.51772774092152,7.207709992362294,2626.535443921635,112,6,malicious
22,3046.861032250788,16.040716918209604,27028,13,0.5217415374318987,9.893999543251567,2.0582191187087298,914.4947119396795,11,17,benign
80,2437.275291436277,11.250114421812352,14194,10,0.09459239825700627,7.39402368979898,3.823495229970667,915.3906881612465,8,17,benign
22,6262.585138709364,12.876754996734343,39739,15,0.22515016753411954,4.238663589573936,3.6012180426813596,34.687038587264,19,6,benign
80,25027.65189405867,36.04762798510035,17982,193,0.23769514263548788,21.050632271890255,5.668143236102951,189616.26234437994,117,6,malicious
1337,143682.07531928003,30.004531211674845,18866,178,0.15781623512290957,15.301949542548815,6.60066585727945,26309.944914019958,128,17,malicious
22,71.89939166020609,17.165999525342478,41187,11,5.05769746229362,3.472003215412456,3.8828510055047234,1605.8317127500477,6,6,benign
3389,128941.66493448602,50.874209525499836,27099,185,0.10515241416205003,23.732308906617302,6.109278189524123,58520.83737788957,128,6,malicious
443,4134.908476948391,21.914557019468866,27091,8,0.3969370255742214,32.08218170538645,4.709029121783232,2227.9845651167548,9,17,benign
1337,6518.292775675377,26.322817518730922,4196,195,0.018553073886542742,0.9161240979660035,6.647433335595407,16366.258736943237,135,6,malicious
80,817.9856863836487,15.068428599789478,52646,14,0.8691461730209669,22.203843863589494,4.409802981267683,4530.593096008751,10,6,benign
1337,92719.58407087743,24.20496827710496,37219,187,0.012524468779251445,28.73964311208523,5.961461667567696,15839.829409815176,103,6,malicious
4444,234864.94060693105,42.716624166812586,63626,174,0.019939460642544777,71.52928346318963,6.834960221017134,59063.59457005339,111,17,malicious
8080,1663.5155049146674,12.536904180156991,41590,15,1.1470529850921563,4.069288390821319,3.3952096211380756,373.1947217935805,10,6,benign
80,2880.94655040534,17.850096888501046,8760,8,0.11339838110747594,6.954436770372172,3.940813415215442,7513.055055509795,19,6,benign
22,2192.4863695164468,15.499077768083946,49282,16,2.4286164437376723,50.80546450293279,3.089796517345989,148.77683377527057,6,6,benign
80,376.5658682072405,15.714821000960125,32292,8,1.7631127293131734,1.4809970514886257,4.2310362084089865,6835.449968025131,13,6,benign
22,5592.099543925651,20.277497416410654,44499,11,0.6525038787620082,11.125857596162586,2.7625285253434932,3518.1898759231844,3,6,benign
23,13462.823945531141,30.49299241346136,45535,171,0.09539252249682825,10.600922182027505,7.837132032474288,95982.8694182673,109,6,malicious
1337,196353.13282646198,24.17184646300128,5230,189,0.35713685823196273,13.99193305672555,7.151524224488206,10184.884426148063,124,6,malicious
4444,307352.1569950367,32.76670648634243,52376,197,0.09344135432064482,6.024919112037248,6.257886724009333,54124.13596069173,119,6,malicious
22,394.41283975913365,13.734007869799738,20372,11,0.5656084519289037,39.03875832165454,2.8810139157265025,2264.261682952952,11,17,benign
23,391774.4578496148,32.34808408672198,57081,176,0.0518898532816714,4.721920012246865,7.003808666320369,32512.040424394865,98,6,malicious
80,239491.51291582012,38.59568868484008,37105,189,0.11770897131457053,15.734288293901983,6.478127454073341,37175.46968013098,117,17,malicious
8080,2958.388234781192,13.885916678804522,48847,15,1.2409823783324891,10.275513379073349,4.441077910070199,1778.785628525133,12,6,benign
1337,228118.03232020655,39.88696875950396,53103,179,0.24137777038142566,4.652462725928692,5.921132380780582,3647.7155253310225,122,6,malicious
3389,84867.18793568363,36.295110173612926,42665,190,0.00450630170908077,3.13960446855162,6.043459600064127,91402.03038077072,112,6,malicious
53,6286.21442005707,13.55470181627264,63232,15,0.4027631764601401,47.04635258266722,2.468581080035202,7787.38473768472,4,17,benign
443,6393.060184265233,16.214129605769166,25878,6,1.5534759713193087,12.358800120465334,2.807963960639312,7376.489263969639,7,6,benign
443,1659.1947053993342,18.30683132490503,38250,6,1.1221304977579527,13.902349283292882,2.882042259860305,2406.3477353151948,7,17,benign
443,9018.34435304787,14.348137201352708,19056,12,1.9164244198999203,22.910644288225708,2.915859012203036,246.95190997089355,8,6,benign
3389,90751.98022206422,29.018287277462242,55703,191,0.011911952414528765,1.2707373475819406,5.532015754128124,10713.06721573361,120,17,malicious
4444,35769.2787685842,36.45030076440511,63662,211,0.02690422558552392,18.764093537812112,6.5147641376559635,27369.382937734783,107,6,malicious
3389,33835.37898505561,27.067491967310538,30296,177,0.05916198683710956,2.707370964662168,6.081417377966022,3040.431276489648,136,17,malicious
22,923.8325731671844,18.914835952148906,43142,14,0.18300394340798326,20.23388533730624,2.8577664645514442,2063.547926180838,7,17,benign
8080,1897.493203211245,18.74827257539065,41976,13,0.4241516997884216,2.2855357715303386,3.711243750547854,2961.4459686843174,11,6,benign
3389,118463.93538873152,43.9970142149852,49657,175,0.013646564162354996,26.801014735941116,7.160369080186904,29728.495763176878,127,6,malicious
21,76858.71134430179,33.37236192201785,36133,169,0.05498379005314947,17.13922727343576,7.0962857521119815,11738.000721944345,110,6,malicious
8080,2523.8547183497512,12.43846177367487,51694,13,1.474815370624338,7.313725262190854,2.1738211658483175,7723.834410933669,6,6,benign
4444,8872.590382340231,33.24137422804512,35630,176,0.06677074440095758,6.667013663495455,7.249362287111684,5264.314250027718,141,6,malicious
1337,91020.69391599472,49.766882022658436,51046,165,0.05029523843935402,2.419214210343666,5.912353451487093,25358.06033786191,121,6,malicious
8080,5836.075544803819,14.402077583198942,6562,11,1.8472626566512291,35.15944546879152,4.550126400743258,5413.231117145426,6,6,benign
80,5558.41866177721,16.919585203723543,45261,10,0.7387351346341083,1.8924522853799068,3.589836782209995,8161.310972891515,5,17,benign
21,72574.31423479426,39.346140915847194,10557,173,0.01790293572389712,9.582083628032072,6.8965022148593995,16128.415791326184,114,6,malicious
53,39.072117499203564,14.761543869572007,31816,16,1.7043907355400283,4.047994888777982,2.5802827220086964,4896.8216885496295,7,6,benign
80,6991.4626061056,15.998963197534144,60674,8,1.4158444249755093,84.10327250177883,4.084882234649043,6151.008221885006,9,6,benign
8080,562.3070392615739,15.61156022617666,6501,9,0.12167218073323176,13.222690333990709,4.894606422900926,2216.7160854715057,7,17,benign
443,429.69145910824284,11.548650640103897,10387,9,1.6479768151902041,2.43045344086713,2.549209161587518,3422.645489695845,12,17,benign
21,106021.0219756557,35.35449867609833,13288,188,0.13803782500990572,16.519618671934246,6.266666512205203,129641.63949639522,110,6,malicious
4444,274895.1875151193,34.378995699448176,47328,177,0.09661057518758819,71.7089644289873,6.34708344578339,34773.28266705398,107,6,malicious
8080,3498.4819081870614,11.792715827362603,51304,14,0.31741091713344144,13.934686368938062,3.1814316408358274,2816.703137874231,9,17,benign
1337,58607.31810310922,35.25764277543037,12843,204,0.04713520936072435,9.170165268318014,6.331700262949242,20855.744163485717,134,6,malicious
3389,108922.16675840747,22.92501888976789,13215,165,0.06901851976665727,5.206601301675149,6.73575046230458,2358.099024133979,123,6,malicious
3389,180449.17033278322,39.65882547278794,7523,168,0.014892303554177049,1.4497024355050079,7.4314648250012505,37846.478881258714,128,6,malicious
80,927.624554735298,18.295079245602444,64025,13,0.7325333922372168,3.886347300057537,4.762003075123099,9252.613144407656,9,17,benign
8080,8918.660468275399,13.569746873720067,45871,11,2.0558282696071704,12.09879627304425,3.119563680651736,2192.300385607499,8,6,benign
3389,372663.32263684314,36.27708901162268,18692,161,0.1745190842531471,21.02329467861508,7.579486992404916,18228.72342817039,136,6,malicious
80,53314.9920464488,32.22563949941463,9786,150,0.06701185220828337,31.547518816604708,7.972116987922961,71686.78628935208,132,6,malicious
53,1177.190437836098,14.79483071522674,32316,7,0.249533471597166,23.677248630283128,2.1690262357178653,3062.1021865993403,10,17,benign
8080,384.9924554089405,16.481358002099178,20272,15,1.9583899015354111,2.0109478907469427,2.0108139774718707,27.532735076966222,10,17,benign
8080,3124.8713878627605,21.118189240191533,39837,13,0.9285299711659977,22.27249862446004,2.264111085032531,1052.6118720759664,13,6,benign
23,189866.34544224286,37.22930459285639,45968,167,0.11370593676349758,13.069923477595545,5.645377793176958,174542.21403175997,103,6,malicious
4444,55879.35197179406,32.4733859656725,12357,164,0.08689500638563878,9.49793752145696,5.599378778824638,15068.523460173139,130,6,malicious
8080,15032.396535797485,15.309907068507671,52153,8,0.039140843194315836,12.756285037840138,2.39603683017623,1510.1753356121092,6,6,benign
443,19664.793231074575,10.250632701842925,31676,16,0.9156223542814766,0.12162166264734645,3.8446095946964585,5277.712205539512,12,6,benign
4444,183325.03462753084,26.515505616401892,42430,163,0.08141544520834317,1.0519960095540992,5.791136109195259,27771.379713583145,117,17,malicious
23,414716.1787430938,34.98435484079475,14094,180,0.014033282877783273,11.193450467874564,7.08886712053109,101335.02220544657,113,6,malicious
22,988.8731396899923,15.850476919112054,26880,12,3.04316960326675,2.860494819376517,3.287192805473592,4603.465114348364,6,6,benign
80,94728.13327694636,36.885350184055916,32652,179,0.036609609014987665,11.829712096921643,7.129186681713751,32486.218119558707,134,17,malicious
1337,43255.04067055732,39.11991594226392,38831,166,0.2666051594744598,6.559296547189681,6.642440309723313,44932.76271859033,123,17,malicious
443,4427.746634104327,11.754703150072588,24447,18,2.4682778360846385,35.69393937988086,4.552711495984109,568.2425815790428,12,6,benign
21,77433.65761919324,28.34315351126005,49057,187,0.012620146479415156,44.84131168640178,6.118207036907432,99944.44206027387,133,6,malicious
8080,15915.80707830467,14.22681800270295,26236,8,1.2336865587179802,58.51929752899847,2.0207728911936575,5357.635433027903,7,6,benign
80,47295.84099630166,36.13106929197997,36765,192,0.12680255024932444,34.38031572527109,5.911461481772426,53474.958031767914,117,6,malicious
23,52858.6679956312,37.69706439897932,5650,159,0.12345309292621068,63.91397760605414,6.670863621011943,131610.0455501568,128,6,malicious
1337,67039.61357301437,39.32194334377246,50294,187,0.007493068988566181,18.37014096876124,7.886663848292489,63604.502839028224,98,6,malicious
1337,674281.0842065124,30.433407090137393,41791,184,0.16914240652700066,48.48788336369547,7.145222000727468,108582.46225141519,130,6,malicious
8080,1391.7517995310063,14.527644543040793,62529,12,0.1541111500982431,15.399641326767915,4.095950765665935,2500.677594468959,14,6,benign
1337,11111.774525334238,42.31381059038861,3316,179,0.05084397586455097,24.849059734634498,7.952700472578684,33936.05434966659,125,6,malicious
80,308843.72661088605,38.07484410693131,52280,184,0.19550574148038838,2.1218981201846514,6.851556657983919,41601.170218758074,125,6,malicious
80,1225.9721870552767,15.739251519367851,51243,11,0.26529571362729487,17.213867573877952,3.069310500220929,4901.337009574028,13,17,benign
80,331903.10300159076,22.123164269865846,15883,177,0.01142014841150741,40.12720699660133,7.819527517608966,6213.478173435524,117,17,malicious
1337,62716.38599847827,30.985458887306834,31609,186,0.05864043384718748,11.6495050184378,7.247459972679395,53470.533829152104,122,6,malicious
8080,16921.68255184607,16.431197600274782,17831,13,0.5070735067692611,3.102036591644589,2.876125718231517,1814.1090793390833,8,6,benign
80,339832.50149073807,37.608784171925585,4843,162,0.18305568722601862,11.226364758533053,7.127579904138809,3500.3553832092393,113,6,malicious
1337,47736.27231833355,26.73016895945191,25111,215,0.026268559742424303,18.41071957166854,7.437862525073179,31679.729166508238,132,6,malicious
443,2257.8583985991404,12.68207926892336,46474,17,0.164311120544322,22.031352351928156,2.8224560294600867,72.89824849574808,9,6,benign
23,264475.5500877719,34.47085744839589,48577,183,0.12868022951178584,11.125673866062277,7.398123278800203,158644.5125160474,126,6,malicious
22,19299.441492172646,22.3383419866811,2304,15,5.6234846022765055,3.676390674655325,3.3061136034278444,1654.2887420813915,7,6,benign
53,946.069079706745,17.17021462612218,64504,8,4.701630543678379,39.195625938669224,4.580986674635194,144.9070625066817,5,6,benign
443,2211.8108224572093,12.049742977330098,14265,13,0.8230134867053562,22.282932951145764,2.9868502123304603,905.8486026512396,12,6,benign
3389,60265.84208479618,35.690575724205544,43803,163,0.1246535462587221,4.734813064534656,7.429964532051721,8246.348195792794,117,6,malicious
3389,464001.09057547763,32.49405886516873,15171,197,0.06467222141147852,25.05478036086064,6.416077059827542,46732.05686589414,124,6,malicious
80,846.0901970515146,15.772760082397015,20840,9,0.5209572726259999,6.412501184892943,4.952927695603343,1515.8181028656502,9,6,benign
443,1289.8394159112777,12.586864671989991,50938,16,4.140349736959423,5.618903881901717,3.0776650208413994,5030.112834960564,10,6,benign
80,77546.49602759289,43.52577020442736,2653,196,0.08474187160117358,29.82500750003471,5.5709255476303685,6078.847590378533,120,6,malicious
80,105.7710517755477,16.262653421795143,39291,3,1.5729932710980683,30.981328977286505,3.4753054202824805,2617.3046786897717,11,6,benign
1337,32235.13170359834,36.32193422591404,9658,179,0.007421714269919163,7.624467390580057,6.12553598767839,74159.37761849814,135,6,malicious
21,115530.00510502375,25.80823211816286,4038,165,0.10328735103205686,0.1344427755541136,7.708078898703281,88903.79978811461,119,17,malicious
80,283973.4326174682,45.20738986627212,65403,184,0.11512272804672312,3.0973503164405,6.3287193837407285,21174.385206482824,117,6,malicious
21,7612.702540480571,39.56085009299811,11797,179,0.0625019815028479,36.00236160060779,6.862858469494784,11578.94710635022,117,6,malicious
443,358.71606755705943,15.284906211167243,18905,10,1.0652403915114923,34.35234038118834,3.52697884889943,6663.586312012121,10,6,benign
3389,164255.6371451465,33.49074231694672,62620,186,0.07622929044449492,9.059053915631285,6.149234531358339,71580.48723739143,106,6,malicious
21,143855.49912005122,42.04818279368196,9304,171,0.00887374889198374,5.438599733635543,5.80939269366716,82268.61640177786,120,17,malicious
23,147484.9140379764,42.06410661037499,60617,189,0.08818760476397879,5.409132045072831,7.870899516271118,12599.767638136258,123,6,malicious
80,868.1388817777223,13.27466994973126,26579,18,0.6565218794878827,34.123790537264085,3.7109627627744333,48.74740270591617,3,17,benign
3389,80458.57161345243,28.10597638600686,42445,196,0.07380945196362185,5.889713569319089,5.942634414200353,3532.322496904627,119,6,malicious
443,2504.273393952013,15.410807715307952,20960,10,0.9534511001097059,10.748701790097568,3.1284768683280855,656.8516568386111,10,6,benign
80,2692.63022971452,15.349556403521373,28356,17,0.5878406154760185,19.696274707426664,2.7124958247384066,439.40674206353395,13,6,benign
53,2997.4403440837877,14.86154441327352,45612,9,2.0402788019216693,3.525984597546132,3.3142691397654414,912.1717354714684,7,6,benign
1337,2974.131663302267,35.30379244969863,28101,152,0.037411871767331996,4.392209905652574,6.1905314416355735,293636.1506718589,103,6,malicious
1337,198390.00295648962,35.63872646196602,8661,175,0.03975464675235768,6.648950799447423,6.621449183472428,27416.732449919127,136,6,malicious
1337,81115.98573252195,39.841879196662006,25979,200,0.11499222616049405,15.929435195816398,7.234184358070284,59845.85156928974,106,6,malicious
80,111779.40935722366,35.019654128204735,21904,174,0.04512582350411814,25.51430821014247,6.476668935573512,117403.8030596527,95,6,malicious
80,1855.174470152554,20.345580910652934,47182,14,0.27014162581192447,11.868207529217553,2.544869470989637,11330.768807770426,12,6,benign
80,718982.3320549314,31.76581553168304,54822,189,0.32615638945924624,2.139511653754386,5.84112438498859,7816.447239458002,122,6,malicious
443,1428.2109349460732,13.513963239359807,53159,8,0.6390984903823389,8.865508093583006,4.899546109966416,535.3469286807355,13,17,benign
1337,151174.44021112303,29.52458817404994,17179,190,0.009255145804376825,2.049168622376388,6.437920498996554,107032.53369245418,121,17,malicious
23,130567.28806076452,32.97725042196443,4084,180,0.08875969374428223,1.3866177890888216,5.51345032952427,54783.73551348337,115,17,malicious
3389,230631.92974565257,35.71172449078421,47489,194,0.10750856997718661,13.359957722573856,7.417136317440245,30013.372435187608,132,17,malicious
3389,52186.369065943734,37.994223771614955,49105,196,0.05548743661772902,46.92597037359866,6.541759356987902,85818.5239428352,140,6,malicious
8080,10673.609596654025,16.31178477657528,58010,10,1.5861282493712499,27.26648578900316,2.918565265460353,227.30156657795195,16,17,benign
443,9122.360924265971,16.001241951545826,56980,12,0.019733083476506815,22.33961533984637,4.504129128448023,1643.6496035819562,8,6,benign
23,79440.36290194256,28.57943890673979,41302,185,0.03669944674199287,19.4773276197438,6.637772047466008,41876.2987934584,113,6,malicious
443,1430.5253517889378,12.536753560541905,3974,7,0.5548213523674852,34.114025898856,2.738383644977895,1089.6161592946444,9,6,benign
22,5412.219274448936,13.641262521078998,54716,13,0.7219600338171224,20.96549234422488,4.850597170687999,1977.0812783193533,9,6,benign
443,6187.734906242004,16.45717898039084,48179,20,1.0339638666211879,14.787721206273469,2.3751884591637498,642.0867787101038,10,6,benign
3389,345207.15358317,35.27117407462417,24826,169,0.04674907709394388,6.804398945502377,6.899754826025945,32120.298364272003,118,6,malicious
443,2892.0484309162875,9.704069027055485,7087,6,1.3138440842218384,1.5961474876368553,2.7358545776287224,1333.9071106216916,7,6,benign
53,9265.899653147839,11.927561906446513,15229,9,1.4942744611692957,9.271524142710904,2.2303163649597515,1707.0512051648004,6,6,benign
80,21038.267820232268,34.39799364718825,45714,190,0.030596278272803694,38.8109166640237,7.207233892916689,43058.2864194815,130,6,malicious
3389,161614.38000443814,37.66850318468879,62792,164,0.012384231222248805,13.12364295959235,5.9306438572567055,35927.476179086436,121,6,malicious
443,10270.731739718078,16.546438097894995,27531,16,2.004830119694719,3.059384737430603,4.189513975719012,294.05709880168473,9,6,benign
443,847.3072036899654,15.117782907091586,8685,5,0.1233488001412843,15.70553195474359,4.288212403091142,905.7916400841829,11,6,benign
80,1156.163605640119,13.9118630748375,37213,16,4.877578644689285,9.39529341712823,2.7125556522458862,369.0746958799576,10,6,benign
53,5813.712336922116,13.80874101911276,35782,8,4.4175041679980875,40.18758798709787,3.5550909162124524,874.2041963259717,9,6,benign
80,2172.687791483014,15.60438763153063,14081,9,1.8656502543283433,2.632094312641979,3.5587765286634347,74.55062454408352,10,6,benign
80,69143.7260620073,33.74705513003883,21264,183,0.08256624389813151,18.672533896567863,7.326510446099752,80991.95034206672,109,6,malicious
4444,15584.39121454435,32.22623454866738,35274,169,0.029436363184368576,17.16681849403897,5.998600389026232,63476.576137058735,129,6,malicious
21,127241.06038504037,33.45952986048413,36337,157,0.09930228989028064,61.603769831818376,6.100688401245957,31933.905057515345,126,6,malicious
8080,851.8505734232841,14.704183775319393,38012,7,3.153883221595115,12.483108907808576,4.647468141041064,5859.115980581361,10,6,benign
1337,26214.56425502864,37.31415468305109,13515,191,0.0038422791471499026,30.78604043720415,7.907179772987192,26387.327090250485,143,6,malicious
443,2599.3651490543425,15.862740898069411,61183,9,1.4876235171735666,0.37536680419845586,2.410639969239363,1935.8444136599524,7,6,benign
23,72022.796079734,32.560640676912854,34434,157,0.006666514998564014,1.9668766630736474,7.989158257005956,1630.0282748192765,130,6,malicious
3389,276734.600070043,26.670283435714218,14356,177,0.05588621660270591,6.368310099367932,5.9403736024211975,7229.26897441418,113,6,malicious
53,832.73857914823,18.45209009008957,63053,14,1.9263445050706127,14.487233750970146,3.401883479809395,5660.18787416822,11,6,benign
1337,11190.664663824105,44.59003230177291,21326,195,0.14512393455680717,8.942467229313053,7.739234033610709,6073.887544160804,117,6,malicious
22,354.8104343754703,18.308522132200633,35378,14,1.5377539646136311,3.397793291743215,3.5620909252491884,8505.383102789234,7,17,benign
4444,172985.02618627384,33.586818675865445,19817,205,0.22464174306529777,13.344868573377733,6.378524999960321,64290.56973239593,109,6,malicious
53,3034.989060889127,10.661916858166755,7528,7,0.6112859332302367,12.544841689814023,2.834548027086173,133.25309222796395,8,17,benign
22,7287.193591488035,15.539087306151211,29449,10,0.11883718833766883,11.149169217451076,4.378596693432339,329.2896926902339,16,6,benign
21,39925.41374893692,31.3631844264652,30835,173,0.007414838080700639,1.4238296772896384,7.086897125704061,35832.77442324177,105,17,malicious
80,2952.477400041488,11.8184351499546,50230,13,0.22944153322477084,39.26467671993862,2.7023615439757394,2266.8425681132467,3,6,benign
3389,74359.97575212653,36.876229141296335,48419,154,0.18251028729769464,13.456710672059351,5.700480722599224,42139.95962412668,113,6,malicious
22,6488.919252290853,16.761596069470666,30770,11,1.8426754485560988,4.597709209062358,4.365884578974623,857.9038168524932,12,6,benign
80,147347.12913771204,39.96740612778926,18249,193,0.005770732765051708,17.443335799940442,6.651313355562771,35605.01404960814,101,6,malicious
1337,102543.45969382868,28.348654964343815,40720,173,0.01791562405199186,5.7388607923331945,5.987885330205559,121567.65954112081,123,6,malicious
21,48273.55350719864,31.226701745940936,31997,164,0.04490033949867654,10.573925407188543,6.2684596485900395,13965.595727279198,131,6,malicious
8080,332.8635622596186,12.842330052034894,38379,10,0.969028155811659,6.258475808354201,2.484897579553531,3737.444149150461,9,6,benign
22,283.05127937369804,13.30606095137379,59352,12,2.8289464327312466,31.85328740063725,3.0226896052487238,1688.8071091040704,15,6,benign
53,1037.2764019213244,13.424681358667232,28220,7,1.2419977774846778,76.6914768480213,4.4088059093114245,644.805493004118,13,6,benign
8080,12009.861756679022,14.871238931139626,20314,9,1.2964397482957537,2.6364239825707627,3.4732260631312677,5915.103060215309,17,17,benign
1337,94595.68568604697,31.9823902055428,55264,164,0.007647303203570022,0.35792073717562356,7.129291093954916,6947.3230729663355,139,17,malicious
23,128614.72866529152,37.23088891608281,43978,211,0.17145166198970152,3.7138973325638456,7.189291859814005,57948.89666646396,121,17,malicious
3389,72923.70083432258,45.69457230873812,11148,183,0.0943960927808982,13.372215176176113,6.121422092905188,27630.90496328226,131,6,malicious
4444,20296.748108648117,31.853988978486743,38848,177,0.07812188998379878,2.866520312351967,7.170737962569961,90731.35763954243,131,6,malicious
4444,73071.39331530828,36.647755852263,39774,185,0.07460771768479003,25.02861971135275,6.484506860481253,74184.81662793593,133,6,malicious
4444,113359.62399899832,28.85826356520787,3296,180,0.04040103398443026,7.880730257918075,7.777606211499185,7760.720367684364,124,6,malicious
443,114.31918082509515,13.610864518434514,7165,16,0.6146920626349499,14.144632132808315,3.227697065638895,5527.596590323801,12,6,benign
23,411865.0907617196,42.80026641488757,58191,155,0.21278652336307283,9.121556726173798,6.214100874159071,1395.91993084067,124,6,malicious
21,225311.9843622346,42.49068280855247,25702,182,0.0004506468055897582,35.046459944767896,5.66500182160553,28064.166355925125,107,6,malicious
80,24729.880702114497,35.2538360457934,10185,202,0.00660086139227053,0.5365114970832724,6.452259622925002,60234.62353781455,131,6,malicious
22,3151.2736581599843,11.490035676910754,2095,9,3.6285180346319654,19.60126627772064,4.366540697394848,8432.39768509101,15,6,benign
80,2589.419406257155,15.396699481671515,18144,15,2.3257933199663765,15.84071336426093,2.63163677999467,8886.690809245092,12,6,benign
53,2984.485050708827,17.992595309590694,26965,12,2.7700314126919747,15.726561867558173,2.741123625826249,3717.9367037653437,12,6,benign
80,183688.7267095447,37.76683030942387,40168,149,0.08806831958108115,8.016260834273119,7.173564112011789,1758.8956470270318,121,6,malicious
23,644244.2075360155,31.193121133543443,25157,189,0.036746147026232336,0.236990760349349,5.7583364999645985,1391.8205456337048,131,6,malicious
443,6127.153124951189,16.869543041221867,4654,12,0.4019588466069486,17.531050382037648,2.0522763857267003,2034.5563193553978,12,6,benign
4444,262663.1214190515,33.69017551486329,1251,201,0.09392270659500049,26.53276735014172,7.911229730869848,31471.619490786823,100,6,malicious
80,902.6538032455135,11.943585044025154,49134,11,0.7296817078589646,1.3362442708048303,2.6693631230928894,2788.687402941208,14,17,benign
53,12719.05760642433,16.194788590000467,40457,9,0.7216017052314261,8.740666127506259,3.5835485473993156,2249.1308276573855,11,6,benign
8080,2750.2195488472726,11.497766839102272,15032,9,1.5845523340098944,2.6617092021207194,4.058688292448379,5680.264763718583,12,6,benign
3389,154454.19929812287,28.09409491445705,55887,167,0.3088567994534909,14.160240241408449,7.997906530382155,36677.8761312047,117,6,malicious
4444,124903.69348851797,37.17584375300854,56332,155,0.014679745886816472,23.099018913841025,6.21347266160453,41967.58810573544,119,6,malicious
80,12495.885316789885,19.630164449115377,20978,9,0.7225784528917972,16.48097985921481,4.468433535479964,1736.5287142720824,8,6,benign
3389,81619.57957329905,34.19509422354105,58812,173,0.0032594853945892115,5.742205573638961,7.255457037061669,73438.7708063496,126,17,malicious
80,4135.004522759346,10.212313726157372,41785,13,0.6532924173247713,2.2576819104928787,4.0349796651736405,3949.6557981035794,16,6,benign
23,6121.13181835913,32.13218125766441,15699,189,0.07960803383674366,23.717724569554317,7.143953584886557,78628.52595781483,128,6,malicious
80,97807.61825696783,44.836036412648205,63811,168,0.005825224064480454,5.871588301596685,5.761629967036287,13129.336111518078,118,6,malicious
1337,137178.1880811751,36.33038178935277,2643,174,0.046857372786048616,0.3358289461999457,6.807658002325628,28127.68982193242,99,6,malicious
53,26038.498517938217,15.041475573857412,13909,8,2.6815575866277523,12.709210410241976,4.939276682048032,4911.173960125142,9,6,benign
80,50720.78890478878,30.18144440582748,3228,188,0.0551712447905111,4.248924061681553,6.841917834946576,63115.295218787745,123,6,malicious
1337,58298.32404131131,42.26147308650669,52879,162,0.05618739193918107,27.60221255878349,7.633680994852842,8134.788299106192,135,6,malicious
443,5829.755705554689,15.628768536753947,61418,15,1.6808687058830447,2.319227892289354,3.4513168740139912,1272.340042143507,6,6,benign
1337,48959.78776722436,34.38551047341595,41534,168,0.010545899291433566,8.55865695601299,7.3828303727950075,100541.81374641739,118,6,malicious
80,12233.02438003747,20.7218405137543,12718,15,0.9359242384915485,4.377966165966843,4.978617066300707,5193.432973130431,7,17,benign
80,27022.8001677988,42.76360584252497,45610,167,0.041118478833524714,17.548480608741624,6.822340224348482,37039.760761670484,111,17,malicious
443,8067.467995039647,11.180061899382718,41366,11,1.2220854258979263,11.928725515978972,3.3544192367969248,1858.872423268647,16,6,benign
3389,277435.2492671281,31.845598133380857,10397,173,0.15463056180416537,23.480434037512598,7.16764886580432,63523.674829156465,113,6,malicious
21,50178.25528815929,38.14420358886723,12472,170,0.06567715495441238,9.204301939562244,5.869449679456181,32363.907467490244,117,17,malicious
80,8124.1848048795055,14.465741317168046,50973,11,1.4868618976911603,0.07230043866179796,3.5615689185886104,639.8622022740647,7,6,benign
22,7843.762016979744,10.166779637014548,32234,9,0.5178205174136022,3.6348282931395883,4.962737432651194,206.86433831201919,10,6,benign
53,1073.1355414262632,15.295846628607356,26434,12,0.3645042117604693,106.18007928799977,4.630704751610373,2824.677657433374,10,17,benign
8080,5511.96423384483,16.268576975957142,53175,11,1.891996592768241,7.796607833387866,2.925331037888335,1429.921750660585,8,6,benign
53,490.6443960126562,17.980214338028823,60400,10,1.8454406742160652,14.523043840535333,3.654431147572316,6435.5392297097305,10,17,benign
4444,8016.103605537514,33.89628020938126,30052,180,0.020610298941553872,35.29738096837861,7.8482894611056375,12781.983435632763,119,6,malicious
8080,885.0915085572727,12.523851788366374,3788,15,1.4290471076129792,0.31106595234904805,3.228707004121156,1116.2867713512228,13,17,benign
53,2692.2646607194474,13.459596406164795,44393,12,1.3890154822272442,16.164834165989642,2.4916226685859053,10570.72930651898,9,6,benign
80,13367.019938099855,43.131906715387515,53860,164,0.07299134409793777,5.103104484260054,6.17944896117567,25937.84604490979,121,6,malicious
443,21779.00365144953,19.158324707495368,12491,14,4.1568303287804405,4.911907827995861,2.6632687329008347,1277.40009782647,3,6,benign
4444,289972.5717422639,30.31430694960465,9223,186,0.12556459538686376,3.820507953960028,6.184262279464472,69668.69557602708,115,6,malicious
80,131183.43484322404,39.41305947629486,28119,185,0.045480063129233084,25.95115295964808,7.718522560622045,19060.998502871294,137,6,malicious
80,10808.452842688586,28.518729183660206,44203,180,0.05116122172487186,7.00088070741336,7.819672779496798,46609.05517283135,114,6,malicious
3389,7328.62018447927,44.703000278971984,33487,196,0.4637204203502412,1.0421248945179746,7.29907148650984,42154.01541190485,128,6,malicious
23,9460.599896760992,36.13135282052922,40031,169,0.026533145086141716,1.528018626810996,7.528968569301866,60135.85918644184,123,6,malicious
53,6004.98959178029,14.243647468567646,65185,14,1.4057449022400135,2.413351428358786,3.8844980091170394,1505.0721408333518,9,6,benign
80,12741.739784371277,17.667542881516432,54050,16,0.03438789249070074,34.37877091681186,4.93219464471041,4990.892068665831,8,6,benign
53,2337.063419521373,10.041691560770863,48735,13,3.0626468510777225,8.364655951622485,4.228168252136253,1463.002534438964,6,6,benign
21,386981.7222849037,36.357139391336766,14641,166,0.010845512252029036,37.162890433448496,6.3168599788358835,54722.84760277558,140,6,malicious
8080,12472.132413189081,10.036411940837954,29328,9,0.525127649090754,25.51338951403518,2.7945979473479556,496.4681096647498,13,6,benign
80,42622.182986238666,32.68929940303106,4353,163,0.20035703564894458,27.291519689699726,6.851958065892203,24877.434710029658,111,6,malicious
21,76961.22375820833,40.27003427354348,32217,179,0.043982589469488687,5.070569960544271,7.601625811852813,35926.790336430655,112,6,malicious
23,190337.5500321232,34.98523282060419,56245,179,0.027031274768350943,4.747693997422383,7.651670297180754,58057.98790853323,127,6,malicious
23,313160.8262150798,28.93601804671686,12587,186,0.09059102016620309,12.317039593040299,7.587796813708844,67822.67179019762,117,17,malicious
80,2224.8915495476676,12.523897907935279,6608,13,0.04037470186252168,8.117338624093186,2.707509499112806,29.738415872845387,14,6,benign
23,114980.62020853489,28.04434291118898,9829,178,0.03879830351022456,10.671521403799053,6.565371198999744,4996.843568589924,112,6,malicious
80,402759.2069652427,23.459376555248475,26288,170,0.18177484927714016,0.8200775896375272,7.0345646379536815,24461.685073330493,127,6,malicious
53,289.60228119150673,18.04516783644533,10113,9,0.03392630035510848,53.41531223046384,2.5989075693909514,1070.9767773525705,10,6,benign
22,2655.0905459183327,18.231127632966277,14663,11,2.941360396495062,0.8989383298961937,2.2013579731512602,1981.9286851229388,5,6,benign
21,26029.395135987572,36.068672317081266,25709,194,0.03200209782924812,2.955400600052689,7.231605809376153,52046.40178513095,117,6,malicious
3389,99206.97729105737,39.89814861064566,63173,186,0.07895104084675542,17.007400130420248,6.977242518669032,10716.669144797967,108,17,malicious
23,36966.26551847309,40.90702283344058,49280,202,0.052544855539536583,2.535185702826113,6.916938936765379,34867.73784776238,141,6,malicious
23,138553.06415647882,37.98588917189737,61380,175,0.08638465201134606,1.6953457657595237,7.1575620593381934,108085.35001366404,114,17,malicious
23,122661.5360028858,27.043620522598882,12134,155,0.11465122965125839,2.5018094735647,7.008419822165438,65675.78000296434,122,6,malicious
23,71707.15182318087,30.67908770247511,34952,200,0.05240880728667786,0.9588045755505017,5.917186586646655,64615.637025608885,126,17,malicious
8080,2760.37138679632,15.348266004935292,45965,11,0.039080044432657515,4.34162910683866,2.9139615448891067,1008.4432323263742,6,17,benign
8080,2766.884803441863,17.502657704773604,53786,13,1.3272983057162442,4.743677541490848,2.7805839224194098,2071.698378104243,5,6,benign
443,758.6417303116013,9.246460414347103,22152,19,0.020338624077082288,10.355927189699843,2.3132155991054035,5708.8027394635665,12,6,benign
4444,24494.30901977584,32.22540340351296,41123,181,0.024786704325967003,8.663098110091235,5.941141682396137,3024.9037839248454,119,6,malicious
23,322049.7598208779,39.862148750546076,15708,183,0.028596135334880524,9.628640647421399,7.152416032153068,2904.075396321093,119,6,malicious
23,27415.47804119691,38.02246254546001,52179,167,0.016295745327419533,14.358234108457188,7.739209396997891,20158.286956027892,122,6,malicious
443,1970.455206886449,15.56740926123922,48590,13,0.005859996298562613,3.939212344683966,4.687569387805994,1402.1473787655038,13,6,benign
3389,20554.363394038763,41.17791446503712,25443,172,0.04424586752862902,2.1702567833075745,7.949194166350724,36546.4591567528,129,6,malicious
1337,87069.02158002723,27.040943037593156,64130,185,0.004234179040994745,31.66438916127931,5.574189666649762,10118.201268076566,119,6,malicious
80,327999.54401725135,39.933214296711995,2551,174,0.010893095631180412,15.07442526032352,5.528419052236636,185605.10366990787,124,6,malicious
1337,43642.61524529503,39.10756252113128,16244,174,0.008095835632135973,0.9387192695842038,7.643900245843246,95225.73998936728,125,6,malicious
80,16397.129344599416,15.798379618402377,24726,9,2.3956845125223505,48.68278300528199,4.627911820053567,485.38855507962,11,17,benign
23,280685.11031937116,36.77876984779789,43897,181,0.052544760365012926,17.716960360768713,5.764526644820942,82451.32125307381,117,17,malicious
80,2660.8417059921053,17.229955019764937,62709,13,2.154475991925371,2.4678960661005664,4.920173659936952,8582.78768476964,9,6,benign
22,1481.5560998461624,20.05626580070716,28781,14,0.8933102635262409,52.171710151498864,4.127396639481168,457.87659473213887,7,6,benign
443,50.610959005103986,18.52286722892964,47688,10,0.6960923146595217,6.82157957042628,3.110628302037986,3301.9158494159383,6,6,benign
4444,189076.11015193348,36.23142892273757,14109,193,0.20833342478109296,62.51348670688283,7.6513839898111415,13708.281046529264,103,6,malicious
3389,38739.963649371464,30.632603368075294,61714,186,0.007241747308494977,1.6351011493275003,6.702262130649501,50503.43806153828,129,6,malicious
3389,655088.228023536,32.93065164766548,16229,163,0.07724212241282913,2.614751121448883,6.195334225167212,77612.79620757165,131,6,malicious
1337,123108.27741909586,34.14050590217528,57410,184,0.02277283403178088,16.068731413575822,7.562602625581695,34531.73399360214,140,6,malicious
23,178431.24448740488,37.398343426393645,55345,171,0.1402672707511298,0.33588468159824814,7.346116134227192,17575.33317088519,123,6,malicious
3389,18902.795621823087,38.40316383681938,61231,161,0.005075648061491406,0.28299749464545776,7.057609505360157,35430.52559111115,117,17,malicious
443,11524.68214770761,17.214214403137035,22018,11,3.9802752001771613,23.55201997959832,2.9035925355098273,7620.395588159303,15,17,benign
443,3701.0001822298836,17.401536119699564,31969,18,1.101296841592737,2.7548827298706935,2.4581383560293926,2213.3258845131127,16,17,benign
443,608.0490974504623,11.37040198761563,56897,9,1.5553902297296234,37.660751931201574,4.57407284433807,11209.316290484612,10,6,benign
53,2561.176715212908,11.395705931750435,58873,16,0.2944653622773739,8.324174953243835,2.7183897168073634,1789.8142886334556,11,6,benign
8080,1158.150578172943,18.354046106378746,21658,9,0.4606739191279973,31.030771177164787,4.530187214148803,2413.7327170517333,8,6,benign
53,1113.752056570459,12.43449746609007,43990,10,0.19345764819466255,8.113180512346233,2.8887932103460283,4671.873335609549,8,6,benign
80,3529.8424940684,19.613205845685055,31593,10,0.45978513546480704,11.33268114511315,4.801592862962471,4786.955039579651,8,6,benign
4444,7017.33708825359,31.29058145295907,31199,163,0.1132776605443927,5.708240135756817,7.3996858213645496,175032.95733513407,132,17,malicious
443,12130.446375784793,16.154609543303142,46190,10,2.690307971657606,16.097520159264093,2.208949973216004,1020.2241911953263,10,6,benign
22,3487.402888525065,16.00888868498193,7650,13,1.1444644363898044,5.745309440628441,4.809593490027167,308.77989835731665,7,6,benign
443,16883.32025878252,12.856591216046995,36647,10,0.4204909741132056,3.7880080309808655,2.496877226730959,4911.421864187632,11,17,benign
4444,97032.92148168416,37.608797366142944,4988,183,0.003104811826846556,1.267809599352135,5.791508092613952,175974.62564900963,140,17,malicious
53,10014.718964581916,14.166072603403617,58111,8,1.4591719310377746,0.8909858279578208,4.47193205035501,254.25244683735778,13,6,benign
80,3465.508557592575,15.176366462067994,48401,11,0.817504347847064,5.4786954617733565,2.245776169149905,892.9248764101166,10,6,benign
80,78314.36002510453,41.53621025666559,48282,179,0.05142996659286431,20.004011393510755,7.444275892217342,24316.802460762432,123,6,malicious
53,1228.8919226825856,10.990828527455935,19082,11,2.26955534678935,3.452901394769425,2.220198974405347,2341.210666129073,12,6,benign
80,5215.935251299799,18.381386353697877,26790,14,2.478227067561869,5.333578647700652,2.989359693835434,2217.8511861551447,10,6,benign
22,2738.7879529555626,14.983402996525214,47122,19,0.018465730411344423,35.335266341672956,3.0545092347199603,12236.941375514043,5,6,benign
443,793.8160244865736,13.243300775283847,36184,12,2.2562345969475643,15.289705384967757,3.798899990982721,4333.365546787415,6,6,benign
443,3259.9679680500653,13.291519325702884,17286,11,0.32464913623484326,37.833967786485644,4.9276867035293375,360.36620718905465,11,6,benign
443,87.92123068141578,16.64576092700099,40670,13,1.3220945468496899,36.32492771527522,2.5092903203226773,1042.3063280040565,9,6,benign
23,8704.472921389524,35.72696654709121,48696,193,0.3250310524428512,0.9826558184777906,7.652892758554794,39192.79329947394,111,6,malicious
21,111686.24213218347,32.75329620220841,35713,169,0.021549465353502068,46.51950046972961,7.056700888594803,125264.90455687225,123,6,malicious
3389,13058.944288288001,38.56214773763733,29989,187,0.036594585243896596,0.7880103101515076,5.5310178485687365,67346.07853235077,92,6,malicious
80,7875.431411246728,14.519773011485157,11908,11,0.915669745791917,38.97830460432585,4.1321289867761575,1341.4933937047692,7,6,benign
23,142404.99925091563,50.0799582451437,63949,170,0.0032485633137310033,11.869123297659934,6.630124719939562,72808.11593745912,108,17,malicious
443,3655.6856400073552,9.674883424815505,5457,17,0.06279528658577348,11.427480941837308,4.848716886905951,2287.1970500004245,11,17,benign
80,7549.4905948833375,10.188968754650688,19235,16,1.6082687031402108,18.737903483543064,3.8896128356471786,945.8738630689217,7,6,benign
3389,4813.566999223562,37.05292438369163,11715,204,0.04010740330438739,31.70568448262896,7.4706817445038,20163.33024428147,108,17,malicious
443,889.1578175952928,15.82482882080575,32087,14,2.253520543347258,14.395982768237163,4.158419363206261,4542.350045627958,12,6,benign
80,2053.5374593608667,16.21103159507443,34508,11,0.9499300092834098,8.311213169499052,4.516263733969854,6045.075771933646,9,17,benign
21,19318.332930409415,30.894839642915603,50806,170,0.09817953007514214,1.779883949965956,7.528106745538409,50662.79621905857,118,17,malicious
4444,37516.34312855426,32.85029000891144,22268,180,0.04829025290950073,23.353344133511317,7.299603275827011,55793.55309299774,131,6,malicious
8080,701.349274085939,9.983256033450063,25684,8,0.25777097549519973,2.0595372849192914,3.250950056446577,3010.74244852316,14,6,benign
80,36899.8095054647,29.090908136012942,37560,170,0.19112482022995284,19.439449870486538,7.686614750995221,23418.007666526766,131,6,malicious
4444,74473.47181935827,34.991150390959795,59104,174,0.2606717393005844,11.259259392962438,5.92340319448856,39609.181193540666,114,6,malicious
80,9226.567682978368,15.98348102258515,36499,13,2.7811605902877545,7.312397445176688,2.9325907485674527,6297.0841206786645,12,6,benign
80,1881.2925097710634,12.861210558676486,31108,18,1.8318943247137733,14.239431133967955,4.258243397844043,245.1673678009306,6,6,benign
8080,9122.586723356491,16.65646060314983,49943,14,1.3949329748346866,22.199589778615273,2.036672730294533,1474.8942432304361,13,17,benign
80,2798.0193002984815,14.885159202842607,25826,11,4.4297596987480325,42.48880580816124,2.8806326865763126,4571.011838891656,9,6,benign
443,6483.8364625064505,14.322210559341647,53533,9,0.39284912149768064,4.612086907234029,2.424851770918711,5623.72829459034,7,17,benign
80,198723.48770902498,48.952292340094345,43291,180,0.08994642400536709,44.098833585516,6.310806940661784,97954.90463736592,105,17,malicious
80,451999.54606686975,38.403539675751475,58036,185,0.07288923976939043,48.642935478351326,5.832768812290995,21047.542027552863,109,17,malicious
80,13074.390097550742,32.41738655545119,50098,170,0.009242285040380058,25.200361416326786,5.815432541123426,16902.045772592035,112,6,malicious
53,7309.547726281731,17.85673077866672,54380,9,0.4244301842528786,31.984684344512168,4.9082656072353,5709.3004886625695,8,6,benign
3389,4537.9199465269785,34.08327799818088,21638,191,0.04633483876621794,17.685667376489246,6.581104615499094,9638.520225508884,102,6,malicious
80,124293.27897797088,22.464692298032283,6057,189,0.00017794522285991863,0.5982306076583458,6.899629642157797,11395.62824456672,112,17,malicious
23,215848.8806855118,35.28143424045095,5410,160,0.042823574045481934,12.837764073133522,7.829590269093418,76426.56553481118,121,6,malicious
443,8913.724664211986,13.118318271673193,13174,9,3.6834659081840564,20.627619998383953,2.2013102758047483,2135.8915832952775,4,6,benign
80,118197.5485470296,40.782753525953616,9181,172,0.005708912672715418,42.63310433428562,7.409843713567879,11555.128528855486,125,6,malicious
22,2147.4601833008423,14.68566967078467,47905,14,1.4953934281980368,12.675321446998996,3.0360989442478,6708.218729037337,8,6,benign
8080,5548.158408643856,18.889899519522412,49766,14,1.3923474678958139,23.712806269483625,3.345225498414053,479.94045662952175,11,6,benign
8080,5142.072738759767,12.79949487539761,31432,7,1.2955870972135468,18.31366765754032,4.393513607844122,1890.2906887918105,7,6,benign
80,2943.9751639887068,36.33545553696422,8699,175,0.011447521586653167,4.944297182505406,7.199872933624376,21630.773108297406,129,6,malicious
23,17599.05593186088,30.866042412518183,27252,165,0.06945900040959022,2.521453482575067,5.737304206442225,14248.57212108911,122,6,malicious
443,5212.770485730158,14.16559061902685,19275,15,1.6152741564929047,20.84883372996913,3.4869340087138245,488.19184053052925,9,17,benign
8080,2089.007780812044,17.92102051990199,24373,5,2.2839430191196097,3.9940613160964515,2.6390330572371026,2818.483161061764,8,6,benign
80,7561.021755328918,11.737296985571248,57372,13,0.18413612870881688,4.209436143718126,3.35354463109995,19.744060707888597,8,6,benign
443,4280.781657604334,10.440698465766811,64905,12,0.0767799039991442,15.490103169688279,4.770932693822136,5187.728650180061,9,6,benign
443,21089.34120347024,14.140738215052327,50202,11,0.04341503379779402,23.34332508349151,3.1786986088201146,802.5892998509278,9,6,benign
53,1421.812133355402,14.786889476361655,16850,19,0.23885586631303124,13.096029641303518,2.632047463402887,3828.720026976946,8,6,benign
4444,166223.6577177405,43.63856505193719,56332,184,0.05370585992214028,32.44015010008697,7.438406940836542,1129.2719856651886,123,17,malicious
8080,362.27184148757357,15.41536404892798,46633,16,1.0218924092323751,3.563263912237967,3.5437838379055204,154.28217210588645,9,6,benign
443,5108.678315914415,13.774811011391858,10148,16,2.0930163186318875,4.363597571075038,3.795755091798713,607.1932835409394,8,17,benign
80,14005.782940414634,10.476096661887732,7612,8,0.3192893017268888,15.198448112260497,3.2972896389205077,934.8617614759864,10,6,benign
23,196508.5184445879,32.93398804497437,31967,184,0.3397835768969339,26.523707553174145,5.8814693823636395,127349.51620739026,113,6,malicious
4444,53211.38188775418,38.64474680252334,49614,170,0.001229098869123671,11.626809819000151,6.98749440814354,43101.44738657722,109,17,malicious
4444,117428.66350496442,27.754221234537873,64532,164,0.10458297494061958,0.15653756592196752,7.300934313022429,36358.62017573177,124,6,malicious
53,6589.51994359203,11.676022424669542,29058,8,3.8213701426839446,16.948903510370066,4.588756773833691,145.83772652333914,12,6,benign
4444,48573.563238819064,50.809266805109516,23175,188,0.1605654901379308,25.19649206557901,5.779179309641984,6943.091004386062,121,6,malicious
22,8587.801321649653,20.003735762902384,63813,13,1.7482625973717787,4.855725538471007,2.610524936906294,8883.796645765331,9,6,benign
4444,44912.9322253826,30.1394543989365,64220,187,0.04408662443181226,0.8358341424110604,6.854134872963663,85344.62443960414,119,17,malicious
3389,55505.9490825367,21.04587343888396,50642,175,0.0512839593983812,10.945673091180879,7.252642249786351,33525.90964737798,119,17,malicious
3389,26436.758740838824,37.86418324394797,33424,154,0.02464076058121529,0.6460430933601662,7.325090738812301,324.83676384568287,120,6,malicious
4444,259724.4136346396,27.23976538849964,57865,176,0.027264581601915423,8.068244514790209,6.133147934930399,37152.23102127398,117,17,malicious
80,132497.09885682142,32.52104464313072,14560,179,0.3178031099347321,0.26967740100301874,5.534691530042968,8332.958472421995,108,6,malicious
22,1582.8708599240163,14.725402299719585,3724,13,1.2170197637517153,3.822739685509496,4.397838269824572,516.9640170402142,10,17,benign
23,257688.33849106127,44.7420918971761,27098,175,0.01704248563072279,7.385516638690564,7.772815718349429,67088.73533474926,117,6,malicious
8080,5717.732153508787,14.219229937136033,9833,12,0.3629378031083912,1.7767857837673295,4.225335610433003,5118.138172654516,9,6,benign
4444,32282.52489725791,35.59048715336906,16139,170,0.009201268801270463,1.8182146159553982,7.056165257656548,49821.111094565626,127,17,malicious
443,3611.890031044164,10.881264929833218,53953,16,1.058184810788303,26.322309430144564,3.136487932575406,2698.82778769674,8,6,benign
53,1483.7453723957192,11.19662038416374,46537,14,6.095815293294331,0.634594351215813,2.4305484004162157,5797.659409375586,10,6,benign
443,177.51574957623654,11.879687693333658,20095,6,0.1875476135396141,17.517807712893095,2.812145288979889,3448.0735758738397,11,6,benign
80,2640.445064109816,15.260553735772325,39124,9,0.7978273934721365,25.269054489154115,4.953544332060454,202.9593601222218,17,6,benign
443,563.3775839595445,18.293189523702402,24214,13,0.6049187454715762,2.1013905649027085,2.323026968208151,1770.0061775445868,5,6,benign
23,19292.205789715677,32.44152631979226,22464,166,0.018233517585746525,3.2606047111930905,6.958366637331092,138786.94718188976,129,6,malicious
53,210.62631844877976,12.64226821823819,27104,9,1.5053806650398038,15.387119018764835,4.030758022656569,1955.114952602671,10,6,benign
80,2825.09677885097,11.670118092877392,45951,8,1.6254206092549417,5.68921270110004,2.2837957111918574,742.7034120408003,8,17,benign
1337,2773.382947403263,35.61218850051991,33971,174,0.007760664965247342,9.70606962940613,6.406047660816011,12531.542486516528,112,6,malicious
8080,502.1074115239421,12.534227514174795,9020,12,0.13975342654719095,27.11858047792649,2.429788617571624,5032.376137693054,7,6,benign
1337,176332.03356127924,39.54442723798067,44569,179,0.07363324943784129,2.2272072862944934,6.310837844995346,35565.61330827992,119,6,malicious
4444,178135.892096917,32.29063601385261,15886,184,0.03481085979354377,14.500050420676727,7.878637310171312,50819.374091366044,94,6,malicious
4444,84348.96558622346,35.17197487294855,60437,177,0.09610595255475542,42.812897524890225,5.885668410575991,161523.54074670267,141,6,malicious
21,176197.83593054357,25.755553892290457,39256,185,0.17099954456190417,0.8877593117894469,6.863527772723581,42715.113264165,129,6,malicious
22,410.48867404557933,15.252520101085572,24128,13,0.8977683401314352,0.928239008044255,3.7344136537981814,3406.8581582761626,9,6,benign
21,565392.5432484827,41.49007519995175,63226,185,0.08232496230586925,12.13653339596877,7.458447825770428,22857.870616338474,111,6,malicious
53,4392.283657846811,13.299266481747633,18329,15,0.02140134039477638,48.311587872376705,2.914802495646356,5617.048921316506,13,6,benign
80,194.3187593378687,14.99730861085081,36884,16,0.18939669021756628,3.736031663147862,3.2645137815381973,11778.173967665036,7,6,benign
3389,101366.47206838884,39.68856469235256,63208,171,0.04854965675008598,6.024904651726596,7.665603245597133,35199.02744889631,110,17,malicious
80,6224.483691293408,12.74469767969143,6551,16,4.981882961816706,1.5578908860742517,2.1420724408367127,4405.717007222651,11,6,benign
4444,207938.41356285557,48.039622565121675,59878,162,0.21747638869243652,6.74706868889827,7.878253323563882,17075.86891859709,128,17,malicious
3389,48342.68803380717,36.568535671404625,45583,193,0.1902805735597467,0.6801781330328853,5.501570482231586,172130.6040686933,143,6,malicious
21,72119.6075003204,39.62301858619318,14751,162,0.013551767884374467,7.39218261162393,6.642792367992698,43848.52836419504,108,6,malicious
3389,70459.88659855125,44.831777355145285,30991,190,0.13835697616338197,12.161665821957213,7.999603251244805,15175.590496744091,101,6,malicious
22,1352.000814683507,12.817783396212686,61644,13,1.1264077222201774,55.33608810186435,2.0187431482307274,7334.976754069612,10,6,benign
53,7484.375549028299,14.097328017530439,24873,9,0.7014280245859281,25.588239354098164,2.8698407085883986,6344.22952439809,9,17,benign
23,96181.68996887309,33.06219489615848,3743,173,0.04978625909933867,25.89508908738011,7.052831156815794,108786.97355513602,107,6,malicious
8080,3140.4841149185436,16.64656650049866,58289,17,5.11839546789925,3.884365430433096,4.894107413180047,2150.045890372592,13,6,benign
21,217269.24199219872,39.312521977342975,49704,174,0.05836562914537234,1.3691474764828904,7.51331564695902,28233.02168461621,107,6,malicious
4444,25895.366657054084,33.396376536821876,49259,183,0.005754101864415121,13.860107813229698,5.73070161897975,72317.93426797446,125,17,malicious
1337,134757.41833017743,31.547997086881576,13948,194,0.003831484277485757,11.045148459312134,7.231451459026824,138535.03837177786,133,6,malicious
80,1481.8486603110532,17.12927800889633,10239,15,1.2297149395057112,10.900679727924544,3.1733130185384506,1864.0801228403486,14,6,benign
80,4503.941987095581,15.16441118375151,50327,12,0.6618215451666478,1.7312972210958584,2.107293060801104,5910.172818454675,10,17,benign
443,79.30552645383844,16.031449432043114,25612,20,0.41205306969251365,10.21486730807515,4.2850562554171026,2890.817961427908,12,6,benign
443,1502.5010319647463,15.546847636590485,26314,12,3.388603016135992,2.4440630318018575,2.4883301065812438,3024.5836028913063,15,6,benign
3389,141815.97061515617,36.956679373638735,61518,171,0.10068072141513701,8.225695334740466,7.636455988202631,17250.456276357236,121,6,malicious
53,162.93981357572628,11.894845902824548,49033,14,0.49857395685196715,0.9626809103837979,4.098174614768956,1013.5794602829279,16,17,benign
53,434.33957190769104,14.999496647106893,21033,12,4.026216284446761,29.162398163017958,3.099527383120957,3361.3059141002823,7,17,benign
80,1736.425440327223,12.653474670830409,32936,11,0.32974805401291496,0.1990157168929602,3.8977794562983252,152.6716041596605,8,17,benign
21,822538.1517833965,45.04085509519754,58616,174,0.0759155698357014,42.03289295352241,6.633574251644273,152964.39651558566,134,6,malicious
21,29513.20598742019,28.388240576313173,2168,192,0.054704667641885474,29.804775744281788,7.687201475755277,33801.308268237466,127,6,malicious
443,112.02887275245146,11.319346219644121,54658,12,3.7977036104561748,20.951721737721336,3.8025809865124542,2071.761714236969,11,6,benign
80,3482.8934742668134,14.424863611515713,38326,9,2.676107879559948,60.72673499549833,4.201649406322607,1350.0160156770742,10,6,benign
443,1605.7633711186788,18.163548128974092,61711,16,1.8326717437412066,0.8298367522946851,3.0711442682498777,1816.054789474711,13,6,benign
80,5229.8002319776415,13.478474893791573,15659,9,0.5665669849433594,15.391462849248482,2.4874734743496356,2375.5718873408496,11,6,benign
4444,142785.79163444057,38.75897459025851,34512,170,0.10332900905302966,28.387170677838082,6.210378099549454,14254.02653673836,129,6,malicious
1337,36023.886444340584,32.082260577018346,54744,202,0.4803569785389973,2.030718192124238,6.7322670712265715,23013.648873036836,120,6,malicious
22,3225.750817137783,20.458153621648023,53405,14,0.035214073874648213,13.184020284284596,3.072343864297811,5360.512703446877,9,6,benign
53,25969.86652755214,15.053950207549727,2030,4,2.3722368062414434,7.511196565123047,2.323101763276646,1847.269486700751,11,6,benign
3389,1037589.2990705946,41.21902710538105,54904,188,0.09968467917311324,8.585918067572994,5.94787650643273,98765.4469801716,135,17,malicious
8080,10692.422864370672,17.499532923418318,12514,10,0.30688193291236654,36.54587677583136,2.5414851972315313,1706.8556513569729,13,6,benign
21,24176.23448779691,36.781637271209036,28068,172,0.2733331659095199,11.604021727620717,6.17518266995156,1499.3369875616881,117,6,malicious
22,2537.5426362921207,19.146443350052053,8123,14,0.09241580420351125,1.468526766651213,3.4851309798714087,822.7076559209025,10,6,benign
443,2265.821530339324,10.391877208486306,24524,10,7.238692421832508,41.52086675957884,3.0426543325268267,2174.059320901545,6,6,benign
53,60.99427238698217,11.711650384207715,46103,15,3.0588221163349942,3.0723945644987753,4.524216964049792,1333.8334748372401,11,6,benign
4444,439974.1444548625,33.08862317540069,53989,173,0.14190831073463758,33.47306930051104,5.7299077066042825,51300.919381047504,99,6,malicious
23,12189.566295973636,32.923016426097504,1561,153,0.02335616644657898,53.065941348483555,7.238537028636188,1931.949530550737,137,6,malicious
443,4627.062291723826,16.72574604873109,49721,8,1.2199087857843096,31.536042776360766,4.665581313693783,510.47350354602924,12,6,benign
53,12409.886073930285,17.190260350315206,12040,11,2.503614244904133,16.95775821503629,3.3513849161930294,1453.2474573904585,13,6,benign
80,256.58366760889743,12.716206418357647,36477,8,2.7942246227631964,20.412429920732656,3.925886371836076,1428.584905214117,7,6,benign
8080,843.730231254983,14.454450488822681,3004,13,0.39749291872854875,18.052955721378495,2.4876044979432526,6445.277787388564,14,17,benign
443,7785.26606634048,13.140496508317288,6930,8,0.9235787356329128,9.257365497844951,2.1577476854656266,102.07103141509573,16,6,benign
53,2219.7899542949262,16.507028185331173,34331,13,1.5111612686782894,4.811753344941033,2.480255529214392,14824.212846969069,16,6,benign
4444,91991.29978088815,28.89829710048163,24454,168,0.059294400930941266,5.032148316131201,7.873846602418693,5341.36743342156,110,6,malicious
8080,28204.749836665345,15.557150350501288,45868,9,1.72181116230355,19.705021707189978,4.252945679121036,2344.3025167073483,6,6,benign
53,7738.194670911851,17.386318088114738,29653,12,3.41881578995533,14.753954125788479,2.520515727384412,3805.616771719979,13,6,benign
21,333660.3638507936,37.69229846620909,28799,170,0.040538074556935796,13.18796042351316,5.6600077728543505,9710.919403700305,129,6,malicious
443,8667.853112473033,18.97396608280529,41053,17,1.3086370918257337,15.859557985434362,4.782828137388346,867.8256459049252,14,6,benign
80,231475.13109852423,39.34894400799134,31422,179,0.061003847264011334,22.36057894577972,6.293066836458662,63658.32910021162,117,6,malicious
80,7802.637814813039,19.247808945386833,62884,10,0.7108288801714954,20.69519914911465,3.4199167571848417,352.7199794093171,11,17,benign
80,471276.19195333513,41.82296741635007,58851,157,0.03465516232520602,1.6706185548216308,7.7295160361714155,35539.40527276299,122,6,malicious
23,25058.804334359433,43.50793689660739,43012,171,0.342964958795174,6.765609720168945,7.995290786500703,22339.458347538675,134,17,malicious
3389,97654.27171915857,25.347955651432855,56476,169,0.02907267517255551,4.597207652122689,6.376013784275704,83339.35562539853,117,6,malicious
23,115700.59548547308,39.58778216791832,1075,188,0.009224521559608248,11.590606594156425,7.361865658460489,78057.87472454905,108,6,malicious
53,222.1437380254292,15.3944552055821,25842,13,1.406932260568444,0.9507451529086115,4.003029477864461,7565.461107250844,7,17,benign
23,243240.4566602976,36.257893994966125,2710,205,0.04444092560273985,21.561544319777468,6.424263598899077,24289.07140150623,132,6,malicious
22,3749.262005785861,9.798638770368395,20229,10,4.238318823618997,1.6895930495813374,4.733650175013725,3552.8681454063367,8,17,benign
22,6657.174895441658,15.401565361110263,23971,14,4.773312177487091,4.749497624461958,2.152101835127058,3128.897715566285,9,6,benign
53,9116.281345565645,16.21044221954196,58296,13,1.0474847558129974,22.900011213029774,4.454350717396068,1530.8557116574564,8,6,benign
4444,62117.6560029549,37.30094038577149,9120,184,0.06604898564737581,0.7940509706021948,7.50507746880808,106002.71166097987,123,17,malicious
53,10176.275426804941,16.59904780789745,43824,15,1.9344436052427334,16.19101821616186,3.8336111732228475,1711.7377705342822,8,6,benign
1337,51681.97963503499,34.27278759575042,9640,170,0.14607380847789256,38.750023099922366,6.8104477761024045,18875.96074033424,125,6,malicious
80,18710.685831202554,33.885126721732604,44111,174,0.10363673818799285,14.420804955221783,6.176825042563024,80779.66617588625,120,6,malicious
4444,159059.96594560653,39.28270582785062,59062,165,0.24367528532895288,18.706205266470402,7.340968202184537,34748.26827208918,121,6,malicious
21,285608.537010356,42.06107805658966,9569,168,0.07136779462342435,23.572515960845934,6.402683167854626,31148.640739547212,130,17,malicious
8080,2282.4257188647985,12.84280630866008,37482,11,0.4215187521392451,3.770181216433213,4.427868776329453,1355.937913549559,10,6,benign
53,4100.073751622059,14.806061930144333,51865,9,2.683892564870535,13.046973723587305,4.283218721672499,2851.943635085527,8,6,benign
443,5475.73263816852,15.297164631886261,9508,10,1.426514257016395,5.545463051615512,4.904330220103055,2152.4889004623146,10,6,benign
53,19158.088689370954,17.689060627876515,1740,7,0.404373518490929,4.305142064989003,4.807131904907962,3024.5357619001798,13,6,benign
53,6516.870117003742,15.389660977572799,24691,15,1.5834979331666703,3.2063737532352268,2.6419596365342164,3252.8616591566224,10,6,benign
22,5160.592139746504,17.28608945155901,30224,8,0.3990952234838585,13.207723870420658,3.3947993877929843,395.04855826968833,15,6,benign
8080,2040.5362344364426,15.27615727248544,5599,14,0.4623026614999853,23.736969262120013,4.734449534518561,1134.5055570434517,7,6,benign
3389,113658.61695275073,25.610751242830887,21980,170,0.058615971159875116,31.298692045359424,6.120985448005792,15553.506108240123,113,6,malicious
3389,264568.6588561418,38.62143858925098,62488,180,0.08610470221965721,8.394617910096121,6.713774391954883,9687.266066144892,115,6,malicious
53,7314.751893829813,16.11504964285932,11694,10,0.4453519758038836,6.999715006621074,2.3268162848024923,277.49193042851624,7,6,benign
21,9567.83042369278,40.27152495937622,16661,179,0.0025442578409332066,17.437996310360624,7.962503041144866,83407.99260795569,123,6,malicious
8080,6227.242313476026,9.704394464630798,17370,18,0.4092864422908724,22.73642977205079,3.9957198474607374,8034.985616603798,9,6,benign
22,4334.882603414096,10.80589634623216,27964,9,0.18709937469444016,4.3817651617322415,4.330743445851491,5941.779921992364,12,6,benign
80,505096.0752428264,35.936663190291014,34429,164,0.30249992247747054,5.292183725239856,6.364412458032122,38867.8356063317,113,6,malicious
22,1516.5159550544088,10.530621584998235,41771,10,0.415831948107748,11.43402902020132,2.1675334790332488,226.96446237850643,17,6,benign
8080,3428.907901446152,16.410413030688908,60773,10,0.7298009560486837,8.815213629096178,3.8995165468085915,2802.2583025816757,10,6,benign
4444,356702.55033727543,27.43564111940382,10515,180,0.07069321927887867,18.351806636429465,5.900605700440554,61969.98745915058,122,6,malicious
1337,146958.57768948274,31.350247724172675,54124,197,0.1613557190357613,10.53236452545864,6.108913246730913,7382.165794023486,124,6,malicious
80,54087.25133364447,38.767594480351676,59057,170,0.03136015842908902,1.7749827051995728,5.678154910645273,75.85892517776637,140,6,malicious
80,52666.69963216917,36.529318394018624,13655,185,0.21777594413571613,2.721986352614189,6.195225742954138,4882.408518765145,137,17,malicious
4444,104446.42127400648,24.25659233381455,22958,175,0.032361536902124205,34.827871013272926,7.225877304954694,23906.613914337944,127,6,malicious
8080,4135.330849272436,10.300879969376426,28206,11,1.7297681723085743,3.8698756845173836,4.359019257896551,3295.327974803477,12,6,benign
80,16675.53953679959,15.080498211944386,9927,17,0.8486563130494815,0.770758815587694,4.8852246498200085,5140.066501154169,5,6,benign
22,1224.544148841992,16.672962423848457,28210,13,0.3280643800560475,19.721027047125894,4.373063705631284,2644.7076922102924,10,6,benign
8080,6261.125453925287,17.037622590696557,58806,14,1.9867206404024516,17.280724970223044,2.9644392488914058,3705.332857971729,11,6,benign
23,46863.04705015777,49.06440830588873,12749,180,0.05078948137359347,13.747211948585328,7.60717357162166,158293.34552080114,127,6,malicious
443,1635.3462786155617,15.772809614236076,13094,11,0.5186763208778483,10.465045510265398,4.009193229383417,3769.1881229545156,13,17,benign
3389,208593.07213594601,36.38629399161664,37133,163,0.00850450080195552,52.38999946258036,7.780497221447808,7101.230048503875,120,17,malicious
21,22768.914885191116,35.79778937625586,17092,186,0.07986069015899423,1.9146422526995792,7.686365286945791,17213.83266387807,122,6,malicious
1337,15785.131544803722,36.270000373684915,6574,169,0.09049445734875254,10.705232286215644,5.887317585335438,49280.89960145596,148,6,malicious
1337,123718.23943336772,35.22635875891726,61460,190,0.0652926052003416,12.453241834494925,7.745380105632809,603.0966031483696,121,17,malicious
21,79522.85623676374,22.505805259675483,54414,190,0.21970801450559166,0.3412461378851416,7.069587076406303,172257.975091136,120,6,malicious
8080,8091.0669438514,14.919613452580586,19191,13,1.3586905723224405,7.9652317227101435,3.581381479188026,606.1480816463602,4,6,benign
21,100126.41563637723,33.11085610256082,26467,188,0.0805359208887998,22.904197145537015,7.631699663933989,60893.30704189007,135,6,malicious
443,7900.8672695457035,10.368516911753439,15712,9,4.076497896521289,9.554303211452169,3.306502106296227,14261.975389692898,8,6,benign
23,83138.3944203557,33.20436919891501,51664,189,0.1024161362627976,31.225074371926247,7.338158241049448,158414.1265571424,122,6,malicious
53,4258.0972940691545,10.464575827412414,57336,11,1.3078757601849722,15.52606891201019,3.3637021913395637,183.79652525251996,12,6,benign
80,75434.98003875962,40.665937892732984,50643,197,0.17975411314061565,21.79198550720113,7.428786669799816,54233.056866857274,144,6,malicious
3389,60834.12065120296,43.10655953769617,39375,161,0.0034737232096295856,24.481399416741475,7.150472373101342,98605.67098932342,120,6,malicious
443,6788.159986370609,8.262032781941002,30572,11,0.3057824054626009,17.54358223128971,2.9318918123197433,1550.1277927680412,11,6,benign
443,2674.808790616555,15.282019784661841,13137,10,0.9901911397617269,20.757300972339095,3.7805221788887953,977.1859055663306,9,6,benign
4444,295656.80436710175,18.97898861922946,51593,189,0.018667747002723133,17.82693276605217,7.849802182556804,16654.958006313434,126,6,malicious
80,2648.7885375463343,15.819451762494605,63382,9,1.8253603638400824,11.993081695813201,2.3901410156440486,1424.9210573897758,10,17,benign
4444,358894.09332294477,46.306605375327955,23313,175,0.011957569307461516,12.539092962839518,6.680651002506525,333.35360686695344,114,6,malicious
4444,49999.79745870061,35.55167842015846,19184,166,0.025360308660022885,3.158681966595788,6.392319939386849,104690.23019603876,112,6,malicious
80,16550.061946894886,15.726843818828131,34873,12,0.3260700810165884,26.355087514154825,3.516977111215488,131.77783162805585,10,6,benign
53,12054.849288429517,13.9720897463031,47229,18,1.6211128907106738,5.612490674086615,3.94279793693282,1455.0578630788561,12,6,benign
53,4978.308793822727,15.545331659609019,63304,8,3.7326917525470313,11.509557357351225,2.574633599391854,1482.9969802070266,7,6,benign
3389,166058.67961607128,30.96994240803204,20333,190,0.027316789234514353,4.30614499808302,6.658296214214131,228884.02152255634,125,6,malicious
8080,2310.885920178859,15.152966094238165,37876,14,4.083913733669061,17.85425292755124,2.5776752755893124,5012.802415081834,6,6,benign
1337,128077.9095171053,36.97556850693232,46045,185,0.021604037179807807,55.43490721128879,6.789040705439694,42415.52184066864,121,6,malicious
443,682.6691126925908,12.921221496691857,41420,12,4.848352642779834,24.287796729278842,2.599030869373161,1128.5396755871463,8,6,benign
21,77193.12594695276,32.89875264266346,7219,201,0.023747534215730406,14.478098158377158,6.564887879242351,75054.54071564233,109,17,malicious
3389,217010.2289418533,47.27432387095396,2035,174,0.1074935119552991,12.572820894636992,7.675155879879532,53462.088199919854,106,6,malicious
21,41943.70582073497,32.42315563902629,25310,169,0.043173567695211974,10.093442082334406,7.156553635225234,9558.702373209204,111,6,malicious
443,1532.3598717341436,12.50956610713465,34605,13,0.3224301720036028,3.440658451273419,4.545452390930595,3909.09838694727,19,17,benign
80,70712.5790582106,26.673788307853435,13162,193,0.023566289344832993,6.415892011700297,6.693753018164831,42154.036892846394,139,17,malicious
1337,113947.53198707933,36.799672203501075,60684,178,0.08994347778158313,7.823094064706027,7.568085511275632,64380.74907812283,103,17,malicious
4444,426994.68771966716,37.70030382503994,27743,178,0.03288522906879076,43.389264376607706,7.334138381663804,39203.2047724543,126,6,malicious
21,171504.87689953073,30.73642944269665,34064,175,0.07413319276431264,8.315991172166633,7.7632778694497535,156562.78194912904,115,6,malicious
80,3917.7680551406456,16.542436871071523,49474,17,0.8947188754244779,13.235238076314651,2.397428145530833,2831.2709212953732,14,6,benign
443,103.44822805037026,10.941898302041338,21052,7,2.3477313821993726,38.34756220208775,3.8977257258578186,2278.4044565486774,9,6,benign
23,375359.2116168904,33.1285084662044,17216,170,0.057435491850057634,10.96044329979376,6.2126941696746645,92508.0716754624,120,6,malicious
8080,5065.963535460407,12.250380472628933,19124,10,5.192595135635962,4.344254745047295,2.469866426058465,6409.642351417499,17,6,benign
4444,142493.10765985024,26.56746336407844,7300,197,0.017643557683177342,7.1948980741448425,6.739181567991219,18974.787388354987,127,17,malicious
4444,76722.33949189344,38.13733783068545,28575,163,0.049525374645373293,7.0630008349183235,5.775846846191137,34975.25078594568,126,17,malicious
80,5208.8130497986995,19.419354396890526,56408,6,1.8128495017655841,18.81413382578664,4.147199341058157,1722.2397107255574,9,6,benign
1337,20081.30000585146,32.75986581667506,7852,181,0.2679772396476937,5.26722644491905,7.751390676872811,12453.982974174043,126,6,malicious
80,7489.556973988546,15.921987498844123,65335,9,2.3807823608790373,19.65604047127108,4.219718466275102,5053.838510777528,8,6,benign
80,124861.37724674781,29.48141030694781,62468,202,0.014088439554050583,33.006210979953046,7.017593106716153,81069.1225493689,96,17,malicious
3389,319894.4229260331,27.48607522620945,34148,170,0.02547350201674937,6.143746394274446,6.838162177136963,43056.97429715521,115,6,malicious
1337,234895.07943647535,32.60038835421816,14678,164,0.006568324068543146,2.18130278047809,7.984978558013191,37008.120060426176,138,6,malicious
53,11420.984517185803,14.195776772816014,1227,8,1.0683465483503511,15.264653957216346,4.179819567515908,1285.6040142853226,16,6,benign
8080,15252.571717277078,14.619935816982663,21153,10,0.9683543334266869,6.7143465027313525,2.769560600392444,1898.5129393515936,9,6,benign
80,50511.16189637102,32.36904987249535,51772,199,0.017804234690875855,11.453099415869344,7.791487626360164,70222.86210571801,123,6,malicious
23,68523.70362575802,37.013930297584764,7638,189,0.01922818721976178,15.083618910307285,6.223784489627517,32723.91443218717,104,6,malicious
3389,145816.97637355645,29.504806929586508,48591,180,0.020989244707152254,7.85721783344013,5.53437768894382,53809.31905546686,119,6,malicious
53,431.7947660247307,11.277850817687261,34288,6,1.8104069753331653,38.79302198225881,3.458747146997749,5619.936835879136,12,17,benign
53,8685.79932453685,13.227004593685935,14013,13,0.4582657718416052,7.652753802998759,4.8848167192869845,2271.0944811623913,12,6,benign
8080,5652.082770101418,13.359802771214227,63300,13,1.3203132096407513,5.508983707138205,3.559710584882012,569.674306827362,12,17,benign
80,183337.16467067663,27.862710040121847,50238,192,0.09328583378588434,32.530679150855384,7.009172968832885,4141.269164088405,120,17,malicious
53,415.4873630124809,14.778970241793614,2603,15,0.19448296106006363,2.197976821447995,3.555301237476192,405.1721058902103,10,6,benign
8080,9070.704291208624,7.668776063951891,62702,9,2.311658742642501,1.9894157950807425,4.581883117813902,557.2046422846297,4,6,benign
4444,34712.107199559796,25.67232576109967,58907,184,0.005607677990358463,41.16251658947051,7.886704959446533,23937.794318657467,121,6,malicious
8080,478.99775715084405,10.31355704582814,54469,10,2.1910672372068802,3.5162607062716664,4.243266043587251,1962.7187275869017,11,6,benign
1337,265344.79199568566,36.04676833251185,5900,183,0.14760407477326346,2.4102340277361876,7.120402541834356,4465.331033252778,111,6,malicious
3389,178364.8140200697,24.676369208511645,41642,177,0.004866386191990888,11.491198245606414,7.764661037388412,73474.76081650685,111,6,malicious
23,128371.6447233709,33.66344358669135,5149,169,0.06252785585746597,0.7187765063644587,7.674732940801479,1666.5709240714384,119,6,malicious
53,3177.0707239423755,20.251010128418557,52889,12,3.0607578595790157,14.514352539595949,2.60378145366724,2135.557254278127,9,6,benign
80,4209.987766958626,16.910328117987337,6352,11,0.6516751201341792,9.047699599483424,2.8367563875339616,2174.745214387987,9,6,benign
21,4773.420290200988,30.36361150421731,63550,171,0.16805203987930498,15.341943725877474,7.338148032783973,10155.022306552668,115,6,malicious
1337,18977.261307417884,31.612901182099478,49992,168,0.16102975489244525,5.009804885197994,6.374114231050277,37017.796217703544,132,6,malicious
21,56071.018171816286,40.82882481333057,43064,174,0.004721218770920226,35.38292189470034,7.063476575313578,75922.35898472757,136,6,malicious
53,7976.5683002370315,17.467649923727926,60223,13,1.011987885206262,4.732598374489241,2.4901334482181543,264.8080404819845,12,6,benign
23,19271.25747996205,39.36784183194927,58063,164,0.08889443435246207,15.223638952306333,7.5607814018764445,22920.279413144963,126,6,malicious
3389,19164.810139615976,24.475528688424546,12720,172,0.2436688878938769,43.53140251776822,7.995080688048977,7684.395216957722,132,6,malicious
23,194135.8721738536,30.99003021159044,37171,176,0.1306512477589476,7.682630222045898,7.88676623089719,45141.090523957035,99,6,malicious
23,126497.66102440793,44.09758821344271,51774,172,0.015544015009958221,2.6407961815533145,6.399737101344536,88017.02689196485,128,6,malicious
4444,114452.4163151322,34.49635789882839,17143,182,0.026192466703107282,1.0624939560882665,6.827753205110408,41201.709379077554,127,6,malicious
1337,90340.97712409426,34.245648748705975,25041,193,0.11537632289509502,49.45985827311659,6.0905424078093295,9021.421227167939,120,6,malicious
22,7724.503570743959,13.70207799021124,49804,11,7.039220727539242,21.639890750993462,4.8063444650060525,2404.5216772458834,8,17,benign
443,7346.933015054346,9.607968695390333,27228,13,0.31129955061452314,37.6907167260966,2.316073227647837,541.9576113731022,10,6,benign
8080,9741.549010372706,13.081947607563611,20586,15,1.1111634765561411,18.001357909866996,4.109055443348657,9378.906299819979,7,6,benign
8080,0.9260622310453107,11.24389986527898,25452,12,2.389649409173219,6.288482960588477,2.099696185084845,3699.9715250675295,13,6,benign
80,2250.4670872164165,19.105708029765502,61015,13,0.0009736202762965155,1.969007984557874,2.1396913937218534,1406.622854274061,6,17,benign
80,6689.485104467402,13.80454842761672,22521,7,1.816210416642512,39.74110095352026,4.873399742249066,1147.889172610849,12,6,benign
22,4577.942531339866,15.901140329578043,4396,11,0.46488926587527346,10.088967897246675,4.084559404610946,817.9419865091986,10,6,benign
443,977.4717068401006,13.969030861771762,24171,16,0.27900057392022204,7.575362180927,2.9736248895441495,4632.630048289485,5,6,benign
1337,322333.51803942444,27.360516266648283,18477,187,0.0862822160961125,12.933860106399845,6.84893464829582,19082.104918915717,124,6,malicious
80,436580.0762039103,42.17847913586277,48204,203,0.01683028815707828,1.6901300818069058,7.094524961214449,74176.99624139238,117,6,malicious
53,4194.659395353788,21.985364168809383,52952,10,3.337537169959192,5.548656924598513,4.612710429233911,7068.645885586755,13,17,benign
80,303911.77707014506,39.49582535642629,34984,206,0.001671169855523652,15.236533201857798,6.391460962588982,21412.1888070881,125,6,malicious
4444,20732.60951814008,29.83031161172317,18221,174,0.19523918152790945,1.582456980793903,6.093404489847668,8602.902313303171,127,6,malicious
22,6933.320404361862,15.833751135883935,34944,20,0.6791950329575536,2.179596864614261,4.559608145179798,1268.2872492976685,10,6,benign
443,9255.967687059821,13.265629010686206,56008,8,1.3459697264441888,10.71825496133387,3.7867106146955787,902.7132531470273,8,17,benign
1337,26305.495937757332,37.01394544926709,61123,177,0.050158795044430535,14.650850390164981,5.961708379912429,20569.415701270194,116,17,malicious
21,150219.85955889386,31.6023154089165,2907,178,0.00629100545090694,3.1053940137580747,7.546515317772318,13904.782159377968,120,6,malicious
1337,8082.997013957505,21.99785697130882,17675,212,0.007128423843828375,0.5046646509588999,5.507628164402691,6906.259059491164,130,6,malicious
443,4786.065328234315,15.314806120840188,21079,11,1.3707177579367555,47.682893719203086,3.471455358996272,468.30947825370504,12,6,benign
443,663.2971819061873,16.99393676819065,3836,10,0.23030734684756884,0.41816480674312106,4.595239133520531,663.9185573361564,10,6,benign
80,4331.484828172646,22.485907107508,31469,8,0.11536753325572352,0.030812247638684172,4.409403070397969,218.77055074211702,11,6,benign
22,5470.107116930219,15.097453295057674,46664,10,1.3596104013707206,5.858807827817083,3.487788742756209,399.7782521513554,10,6,benign
443,2889.35856630082,11.61547970374497,7586,15,1.1617444555765588,3.7741710548490217,4.356881068491437,821.9347565061676,8,17,benign
80,15305.85485423405,16.19396790739278,8037,7,2.8070624526596797,12.785181342296502,4.297200125049356,1272.2039540892545,11,6,benign
21,11965.673751806034,21.972216206789987,64354,165,0.08252110193981477,33.6943299775128,7.847156342349444,6304.362567565236,112,6,malicious
4444,65900.29956895961,42.811516570688106,63648,194,0.029077524161352213,9.840883180301365,7.778125553232474,4314.82843984127,122,17,malicious
80,3262.10202422604,13.508661128482732,6201,9,0.8267119038450859,22.26199580572148,3.0440113062795486,3326.222714059437,5,6,benign
4444,18860.939851488725,37.24344791278787,21493,168,0.03998123424567123,35.990907274882694,6.130054936810419,39516.081397087415,112,6,malicious
443,1955.0686055271997,16.868741729097575,50559,16,2.3813304808583666,3.1497020618685534,2.021451519268278,3220.947759139604,3,17,benign
443,414.9606320786033,16.473902226431978,62324,16,0.05153344122882886,10.050570567298792,2.2415762940243096,4750.1295256647445,7,6,benign
80,4378.571454029026,19.17057753066721,53026,11,3.1153140997689657,15.411267619578476,4.278876903179374,2785.1502803518706,9,6,benign
21,267866.4372372724,30.778193785671235,32253,189,0.056403084732408675,6.049384907815239,6.82655703306839,69007.92213704839,131,6,malicious
21,17749.200195463305,28.575810303294645,30125,181,0.06165206808780115,20.19181024360195,7.128209610982462,22151.63600877039,123,17,malicious
4444,379901.98358757445,25.539912368884842,29011,194,0.032776532553984675,18.327723085047726,6.7979907412823914,25632.745482609727,136,6,malicious
22,9009.763875648676,18.897310692163295,24129,11,1.3563366834986363,8.199234814630694,4.38571765343066,1696.753129304175,9,6,benign
23,25318.373744628563,50.971827737996044,24491,171,0.06512783611082446,1.3809687184358312,6.3697350338937975,15531.123915479742,107,6,malicious
443,6157.917850959086,20.924470778652704,18457,6,1.6034080053109727,0.1745433373139404,2.824126303919461,8095.407880679082,11,6,benign
4444,688414.9297998234,29.374036518508806,19241,196,0.06753347873708752,6.915053267740583,7.347497487444092,679.242948065097,104,6,malicious
21,98739.87812075348,35.6783721742618,32332,168,0.016849372119294156,1.2844932878305186,7.240570160358396,40520.104753344785,130,6,malicious
8080,5806.77580540851,17.675756198743038,10013,10,0.4460653916042198,22.823084412398707,3.8714732039550492,74.42115350153315,11,17,benign
80,143529.7001630312,28.7018704863753,38259,174,0.1732592429114357,6.104323382835891,7.4393415658706985,1414.3818010565078,129,6,malicious
3389,233860.5366770955,31.228220395913514,20383,182,0.050982746523168795,16.45362852299235,7.8942590799463925,47568.66235932609,130,6,malicious
443,12292.960593774209,14.964034821657771,6179,13,0.8923999003244412,6.378413801700182,4.965188747053045,2655.9867584870235,12,6,benign
4444,32336.815047288706,38.689641090260366,57874,171,0.020151185175670102,23.84000178599964,6.519748127674797,34054.2001746076,118,6,malicious
80,13543.414441680527,16.13414807737434,64277,7,0.011581146782219935,32.894193182768475,2.649358320452989,2067.1879173202638,13,6,benign
21,314132.1533884506,29.99611108244,58176,175,0.005729872961976496,27.257465300841865,7.0232551901303255,283961.51660433837,109,6,malicious
4444,256818.30588151855,37.68740320428492,47928,165,0.08130223044431109,9.938500418260347,7.694192612734437,3351.412929987267,107,17,malicious
23,144200.8174604064,33.17711121258743,51466,200,0.0817620884318898,1.3152913371292367,7.282956329110425,11812.9263810768,131,6,malicious
3389,785983.4722979724,36.72495416137289,8985,180,0.016115902291531318,6.971327935049673,7.424800134377261,108247.62498001715,101,6,malicious
80,199307.9730933143,33.98394319374981,25007,185,0.09763863284808608,8.286593839299105,7.168591157840672,17641.74990456791,122,6,malicious
80,6078.677641679481,16.211060115522823,8210,13,2.823388059690915,48.37869517548738,3.2395605014930977,432.6259499988321,9,6,benign
80,281249.0523756554,37.72889179631888,8530,189,0.034466432447313775,12.503296983613609,6.712793049853746,20263.353432963555,134,6,malicious
80,3365.681153098388,16.504090756306674,52363,10,0.20074686382801232,15.360069923613393,4.319733000045897,761.8742699787782,11,6,benign
53,163.4697004330323,17.223314390075235,42050,17,1.5516062119404657,22.849149644144763,4.957820809334411,5295.647004018549,12,17,benign
443,4898.77916693255,19.354937227190696,47094,10,0.24674569309978384,12.596977120470987,2.5205590954857655,2418.567174436197,14,17,benign
22,2696.4222699887637,11.291998132137326,49975,8,1.5954075259845903,13.687641195551656,3.036667050360728,2464.692732713108,13,6,benign
23,483606.6507470718,33.008117781204255,31249,180,0.04258704943026315,4.222076890000781,5.504075629835972,9780.039741018842,104,17,malicious
8080,2804.6449913107394,15.627819492902528,59760,10,0.7476327201496529,0.9100559009668951,4.6425650846817765,549.6156019908369,13,6,benign
3389,42457.18888913962,42.49469495248608,64772,199,0.49987932239713984,19.16891300612312,5.669397457975887,63105.312372281485,107,6,malicious
443,4633.080542270346,11.430723765587654,8815,10,0.07753085494408188,28.32584283331676,4.557320287115851,1444.7958260184064,6,6,benign
22,6916.221697889709,13.75978309386474,62359,7,0.24962804118277043,7.965429642914193,4.955675873142048,10172.916274723346,8,6,benign
80,205873.91570740897,32.21292340601714,28621,175,0.10008161032788895,11.941474126356166,7.5159464734275625,122014.66317903904,142,6,malicious
53,4477.532674002953,11.95305112561634,7794,9,0.9307377762638609,5.507054219594351,2.3544554575721506,4250.271402274771,10,6,benign
443,60.67930192265668,11.933038595458843,10917,11,2.9330486554829878,8.973572403569033,3.083803162690031,684.9256866486404,7,17,benign
23,41580.36786370364,40.25605970234983,26178,168,0.1675972328811702,3.514768655936607,7.758623396639839,114201.37774936786,119,6,malicious
80,6058.990613805445,10.654117222531196,25342,7,0.6403494307104677,21.399672508919803,4.547902840808743,88.84516811202954,11,17,benign
21,44229.293238635,32.07422109191437,51781,170,0.07445110436156005,10.156503005495681,7.175225576110213,65719.35294495616,116,17,malicious
80,4330.124087560764,15.214526554936361,62411,12,0.5259936317002074,11.88313207960866,3.7765549703898236,1390.0870273023356,13,6,benign
8080,1129.9704329781443,19.516929520763934,41779,12,1.4742379806276582,0.5669000060373065,2.3183998577220732,1122.0767747941652,8,6,benign
3389,170793.57824628,41.164137677305625,40957,166,0.14007096118079346,14.608733805332287,6.866180231785467,120166.2992049374,100,6,malicious
8080,3512.3631985061256,18.667855921576447,14538,15,2.219921650545921,3.3970325845467726,2.768451326784214,5292.799733114213,7,17,benign
22,18559.607136793325,9.584819204594755,32382,13,1.055263301411795,7.252891167226302,3.655556579112687,428.2511436173971,6,6,benign
8080,4789.086867911035,10.77419770502171,23462,11,0.1353875005520835,7.983693742182913,2.2252637366136643,7527.405759272228,8,6,benign
22,13755.94505191167,15.03195055001917,60346,3,1.4792608462471353,8.933029253051632,3.844663648940584,104.61677896934576,11,6,benign
1337,45245.450001233476,32.993911605298784,38297,178,0.033815830166461204,3.8706139411848657,6.813508812804572,26564.696697859596,113,17,malicious
22,1166.6639059118293,16.914131617490092,28480,17,0.6200887172252185,28.467826296666644,4.909094300340357,5462.850716927007,9,6,benign
3389,68288.7375223174,36.418080217853976,24655,183,0.21702505627066554,8.375315214284912,7.216729073444681,72716.69537281808,111,6,malicious
21,194389.65098613917,33.02677388029578,6831,174,0.006948311112248246,14.20644810628118,6.7877886241806245,73175.0210945399,108,6,malicious
53,10078.166521598208,14.755953864266436,7280,15,0.7805806057945088,14.276341858267681,4.380094426129981,1857.755816960679,6,6,benign
21,118860.96605203686,36.57872841284724,61038,162,0.41182322625676576,14.008600072348809,5.668116045888183,5372.437045130379,121,17,malicious
22,24973.36728405126,13.184767327410535,16180,12,1.2923172253175128,12.291476585827429,3.75713664819067,821.8488891428786,10,6,benign
3389,558533.5505661411,36.970424957842525,12932,173,0.11816814074890726,25.942400430868656,5.841561637861901,84627.526265082,120,6,malicious
53,1780.465962981572,17.537535464179584,25459,13,2.90709690487407,25.11907456567469,3.0111252851361727,15591.619193020197,11,6,benign
1337,34919.26458712573,46.998884402085324,63303,170,0.05642743558066718,8.09724155757278,7.583176622978126,57132.58281430167,105,17,malicious
8080,3167.6968923532954,11.263126951241068,5308,16,1.7519880263692515,15.152678340977989,2.8900116328602374,4.367230768799608,10,6,benign
8080,619.9026889660064,12.995481848425337,62740,8,1.4064319232824076,1.6276360829031808,3.1416568100152316,198.58673744304446,10,17,benign
3389,269747.7006817962,33.82793717402224,31456,176,0.045159124343882175,1.4274020573470663,6.257247956899168,155964.20809552498,120,6,malicious
23,24415.766948709883,30.67642273280342,15462,168,0.002940589548898467,9.806485825709808,6.883332947259555,93841.44811112965,114,6,malicious
8080,5146.541972822447,16.505076513930437,35946,11,0.46439810737631626,34.569411197565884,2.5112134098530032,2308.2593017580066,12,6,benign
443,11162.615972097694,13.426939832377789,41534,13,0.2025850754481442,15.747319118501105,3.1444273758969397,4819.717634705592,16,6,benign
23,384759.7521393164,19.320388764979892,15251,164,0.08767722541427483,16.594364434674358,6.530220521602608,33716.9845033989,116,6,malicious
23,124864.24329839225,46.55389205524433,15289,174,0.058128526546807786,2.573810243763469,5.764587036058066,29318.770388605608,128,6,malicious
1337,59909.1496994064,39.42695074071952,20212,163,0.15825653102145779,9.057948035679155,6.033788858405391,31801.83124524661,116,17,malicious
3389,22679.741986465517,32.713624455000634,19628,162,0.0366538248460764,7.682171025775158,6.218119075717045,51485.362434063776,115,17,malicious
4444,69589.45362709492,38.63379455062821,29589,194,0.04217233581035841,22.916372188154025,7.465244111237364,170789.2891564039,105,6,malicious
23,183127.17596372453,37.529863449296265,33612,179,0.06779389868051196,2.224439476010841,7.216608294003583,104102.38243575413,117,6,malicious
8080,1039.600562448815,13.720091686339632,42982,13,2.042345457853652,11.621574816746115,4.9731999818660135,445.4978910641039,7,17,benign
22,8607.442767736833,9.138843985316802,33098,13,0.7396017500958364,36.346142937467796,3.6648451311853303,5719.8959879686,10,6,benign
3389,129202.72973759896,35.42693365328282,18129,170,0.09271166279105834,33.44837072240427,7.64788961087439,887.2067192366387,137,6,malicious
21,81146.81749598519,36.81243736863442,26814,175,0.042456248850499596,28.69235057766685,7.706096937396616,29032.06069204168,126,6,malicious
8080,6505.430453154907,13.022426997916165,60061,13,3.615211705534619,7.049701953300798,2.4024548436716247,3262.938683164552,7,6,benign
80,647.4963537212936,16.835890963222784,24382,9,1.5325812424923906,42.47888871428503,2.771814966817889,2693.42391632147,7,6,benign
1337,184374.10091898893,37.58716027638787,31968,165,0.013356914381753673,24.544469687044053,5.759893517450679,128095.04019604574,108,6,malicious
4444,551376.0975937833,29.53835766507173,23211,168,0.05346767767350876,28.571368115736348,6.500219383599233,30032.582890274178,136,6,malicious
443,3014.4133575893657,14.32332076591673,53570,11,3.6936995628063456,40.401960202819005,4.235257791958247,2880.903643216702,10,6,benign
53,1393.7641814854487,18.64765256440079,5049,14,0.08572261608692759,41.46960962857183,3.3430210362765886,5799.938399677673,10,6,benign
22,10493.102255730908,15.643394998301211,29179,8,0.5262311541684571,4.117834909933239,4.279246836896954,2300.361205624376,10,6,benign
53,6791.620409346901,15.791435685989708,25536,16,1.0011073625953644,2.04911685735034,2.6970567351175627,1604.9699121553233,5,6,benign
8080,11505.794644707883,12.951405323502676,16931,10,0.03333266672035432,17.610140558959728,3.2586965748767054,1392.4963111821737,18,6,benign
80,8529.816958268613,10.948098724622975,15493,6,3.561319163295366,12.424677106050417,2.9544840157747103,13.286155676709091,9,6,benign
1337,113118.90002847035,29.835516060791036,38948,173,0.08392835029029869,5.949658322575045,6.167848991942989,230580.38545278992,133,6,malicious
22,1067.0351102286268,20.060540055756494,48220,13,0.04337842481839092,17.30154851842511,2.943289597219028,421.9664416027903,12,6,benign
21,433538.26306385244,33.52334242839394,15434,160,0.07090650305205637,0.9600300134092545,7.315340700949554,10405.311180712784,113,17,malicious
4444,15896.931811423676,29.855422907841216,44787,185,0.12570110901426598,0.7253848418892965,7.899406603145106,35830.073288784544,118,6,malicious
8080,690.5904775440675,14.484240511328766,60598,9,3.1404921399044197,6.561550069644255,3.5996909978423086,2062.666658636956,11,17,benign
80,580444.5428989795,30.78934312095725,38604,166,0.04295831544772882,3.232218916058048,7.555128509674736,21844.159628817848,113,17,malicious
8080,5012.360976792009,17.36081089718275,9674,10,1.632069018102413,19.01732948623532,3.5099557097105567,473.86347751069957,9,17,benign
3389,176993.2097772298,36.99783480248977,49850,194,0.012403234175104822,44.353974125721535,5.796216583869844,27708.63275172991,141,17,malicious
8080,1500.3938778023075,9.058982415743628,27301,7,1.0483716497857871,16.254114963568085,3.9607673146737605,7181.5636962839135,11,17,benign
23,66093.6608351856,24.014736841266853,58994,182,0.095528428835666,15.953790515662991,7.838304314658865,16247.147872189524,149,17,malicious
4444,31845.191497418306,42.62091237048619,3480,180,0.0577901574987416,0.0992613049329646,6.476794541231162,31922.69964495863,122,6,malicious
22,2138.655992487893,18.408262559208755,17614,11,0.09432250158233688,10.770113988967006,3.4146131299036084,2120.2438867615583,8,6,benign
8080,6346.869160320353,16.979640082999985,28916,9,0.4817009551069109,25.482344124413217,2.552196168497404,2820.5772273763496,7,17,benign
80,52841.0909404592,41.832070575027196,18764,180,0.05715788694423732,15.924966617205323,7.891139001172809,27335.225445054224,113,6,malicious
1337,260241.51764485287,45.28202135506836,46752,180,0.004880012383664316,3.8773332526442603,5.627080685433598,20376.368071338573,123,17,malicious
53,85.27208305211637,18.331014012488495,12812,10,1.374751550619703,28.30509435988634,4.244865097285606,1767.8132957588175,7,6,benign
1337,15640.736797275986,30.687389814973535,24869,164,0.11678371177129777,50.021340608808806,7.536670833018414,68844.64607233439,130,6,malicious
443,325.86524501617316,12.227718458897444,8180,10,0.11035277247227607,4.906593322456727,3.210509084604512,2014.7361744554341,14,17,benign
80,136116.83819962174,29.802282745674162,48057,189,0.04593326262722672,3.4807654966179133,6.91693601242582,243157.94956452725,115,6,malicious
53,5252.6936152017515,12.319241466863502,9175,11,4.167090738732667,6.199289526641056,2.499576061310603,2243.098862122106,7,17,benign
4444,43753.461971352204,28.980809210581533,27539,171,0.11933970577106225,0.9786140586529415,5.836309396408896,124950.36654484386,101,6,malicious
443,2138.7848230496807,16.348066475884064,12011,5,0.7178114180076717,31.00471325753551,2.9512030919554166,2173.294210907143,12,17,benign
8080,3335.5171812426333,19.212658704452657,13584,12,1.7189953932427855,39.73953537925416,3.634676430578543,436.27344857673774,13,6,benign
80,19216.776401164858,12.18174193989311,56698,9,0.40437797069500026,15.048292396412844,3.95803684570322,10321.073403542967,8,6,benign
53,16825.61297298359,13.592351255393224,3697,6,1.9811609404682466,21.68014769690491,3.2758140296858906,104.17790177522117,4,6,benign
21,211089.26181226803,40.29986545712648,48791,187,0.025541475235774297,16.568731573800843,5.901649594571528,49957.3646709441,116,6,malicious
53,1542.8210881732193,17.29969020394038,51225,10,2.9132785954993534,7.10666262361912,3.6295789232289843,707.1386426892634,11,17,benign
1337,568397.4380652977,25.151350025422772,7847,182,0.10768545556179943,14.99681192575889,6.537382017818494,49695.25391954162,125,6,malicious
53,1565.2134112840672,15.531041587233164,52767,12,0.34189965526266897,27.14764531106667,2.2709856665708763,3164.1196318660327,14,6,benign
53,3799.0617499047653,11.322636031344931,40668,8,2.6729069723625685,24.90366016458345,3.2150030981438817,12635.587724401403,10,17,benign
22,4667.945037852995,15.137435804703808,29389,9,0.5925135916213956,1.2679763300915237,2.6129942699814723,4154.146273505093,6,17,benign
8080,3354.7702818357648,18.467735177832697,54180,14,0.7962074473139927,9.315215552877646,3.601207922869263,879.172150289916,8,17,benign
443,2621.195604570023,13.466211707625938,39765,13,2.367692740635805,7.595569981962959,4.274228756843772,2040.0358548548602,11,6,benign
443,1186.7514387757196,15.662610122398167,9306,11,1.5141580929928267,20.915426980205666,3.73845889791663,153.19013923456154,7,6,benign
8080,3293.7827925205033,12.320501368010536,42459,11,0.8743578021497412,10.438542795474897,2.6654655544005577,2275.747962005736,13,6,benign
443,2085.9380987861405,14.662707538695964,9080,15,0.4313041424696319,6.454847832196679,2.623270656792555,314.29274089835116,12,17,benign
21,2755.086292330932,21.28953282540349,35838,157,0.10746347636270516,18.380488226017977,6.140840037409136,8051.498591649813,128,6,malicious
3389,243058.22184324238,25.134252282897954,63189,190,0.07867963902939411,9.624796424557577,6.35736640371008,43634.397897985036,119,6,malicious
22,5016.222022233728,13.75360784825922,22715,9,3.952470091788756,4.44830014610861,3.2985846084872934,28.215165307803513,10,6,benign
443,3104.041529736407,14.373512854659984,41528,14,0.24433626701506123,33.166084796514326,2.7093090360080705,5931.89060728151,15,6,benign
23,6997.873059326863,37.527734130791615,37482,178,0.13502331091991485,1.7994636289551127,5.845402480197492,26552.66934443426,122,17,malicious
21,63356.751336012596,30.211840159733132,29625,166,0.018020658825323478,0.27379933745687257,6.371664589008692,23719.219089409336,123,6,malicious
4444,13779.397427467495,36.81598386775016,53442,169,0.42585799154062187,2.3307146162813486,6.448698125845777,4672.721562205406,114,6,malicious
80,4904.405660695179,15.405722223760012,22037,8,0.7721976028053141,2.680500399818502,3.9202109966713357,4060.8691262676543,5,6,benign
3389,195685.41673035533,31.344688462105537,36537,190,0.10133396567609525,11.584226012499588,6.708857133266205,32646.202935124362,121,17,malicious
21,125517.72967512926,37.799365809483895,24431,173,0.09059425143884267,14.707059785230955,6.457390722044894,1347.8720384033954,126,6,malicious
23,32804.00317292983,45.1794056965042,25684,195,0.06680452974241426,8.92972459411327,7.2396867464761145,33485.57347687831,126,6,malicious
3389,159549.6082564772,34.29814246009358,3663,172,0.4381231841312633,3.4255687281305693,6.9925368767546505,4926.42466601487,113,6,malicious
80,15865.068224798231,11.93250260481668,22344,12,0.16797759352521907,2.1267527699386766,4.166421951049962,59.82956830054593,13,6,benign
8080,52.90918491997847,13.51519675344517,1100,5,5.3925147999910505,10.163595419652683,3.0605777569374313,2496.2241601197725,8,6,benign
23,23813.648390563016,37.66151865358966,7497,181,0.010932552886984914,12.502806168889721,7.946520321498173,2904.07371158757,108,6,malicious
3389,176812.13048699443,32.036531173178716,11646,192,0.016055346248684797,5.43525179642649,6.708338007576733,87735.61873919515,118,6,malicious
22,5157.4440622997045,18.828312545957665,53680,8,2.9122556479585935,3.7353833021795904,2.5502571142752615,7274.835832683969,10,6,benign
443,76.65000757419864,15.206110208172053,19832,10,4.076188571557378,1.2603912732222837,3.7646654737823537,780.4907726255192,7,17,benign
53,9874.8098976607,15.347502422863814,56660,12,0.2332021093622013,0.398925302816565,2.8382758366660132,4022.8837010835628,13,6,benign
53,786.1438370220338,19.8726364902373,6320,15,1.7970283284553905,1.6763209074865248,3.0214789552070638,5265.092609555763,12,6,benign
80,302370.7613917673,38.0146729670213,23975,182,0.04651487760086666,20.326553114860218,5.762709360480869,4253.550380858734,129,6,malicious
1337,75192.29020849394,32.807395297225426,23494,177,0.03220089090020991,6.324343808322414,6.597500876311894,3027.066627951207,113,17,malicious
80,5191.787087758067,17.308898439141423,52397,12,1.974740326194321,0.4170274422972105,3.5937782597516468,2950.362138367865,9,17,benign
53,2852.891709258583,24.706410609255855,1429,15,0.6369104846614753,10.644188059892901,3.004698284058605,2405.976636583905,5,6,benign
443,1120.5121110408659,12.895702887988746,52305,13,0.563949887382353,11.520235635120413,3.0379759278598675,2730.0757141784384,5,6,benign
53,568.9877699581696,19.888211310330707,46100,12,0.18504000634335077,8.397317600208767,2.7434264296649484,993.9876448707332,11,6,benign
1337,4132.511769214748,32.46396112347044,57010,180,0.0058862275521245075,1.7595197286332545,6.0031132802437295,147060.02903083747,120,6,malicious
4444,45820.17643066746,32.78047460830301,16369,168,0.03152437619260148,21.095460094417536,7.254409729287481,13787.054601592537,121,6,malicious
21,185822.34840312766,31.222928055874934,1421,173,0.01632948386875497,17.52337114225988,6.479217192669822,13757.44924582746,113,6,malicious
8080,4907.041218343725,15.375644238336164,15689,9,0.016892551436914413,7.531188237078136,3.9810980753402627,1758.9783644682022,15,6,benign
23,65397.02736362165,37.49125835602559,15584,167,0.10172267465878733,7.190276369458358,6.34602795906907,52054.61412038206,120,6,malicious
4444,248014.764726457,32.148815299001015,27400,196,0.05515801481920901,2.5428886397251533,6.911364966584462,2764.2091271603176,114,6,malicious
21,40345.938162455735,38.33862931616063,20881,217,0.17361311748284067,21.008902448484644,6.672842437969795,56039.42995795458,112,17,malicious
22,1836.748098712699,13.724533153254821,65292,15,1.9683137390013736,13.728390895322926,3.800866061958333,1939.912160891089,7,17,benign
80,1698.236614914407,16.621324461907584,33530,14,1.5844920158970766,1.3454811520173775,4.171494167700555,3171.2421540232426,16,17,benign
443,12327.42773932181,14.112472755405378,43792,10,0.9119921405508951,7.1237582198722675,3.1845987986760953,914.9388695084406,8,6,benign
80,10116.5176962506,16.37503589551144,38781,17,0.7236255636679686,35.08265999014567,3.163265326051783,793.2558610261189,10,6,benign
53,2311.3513909834805,16.013148396692504,21334,10,4.253790971944577,9.032457081688142,3.1534385639826725,822.9933936874378,5,6,benign
8080,369.0683782221463,16.35399709713451,19352,9,5.36000799938427,5.894027781508376,2.458267543883063,89.82444316124791,8,6,benign
80,11226.645649228894,10.95385847337539,42421,8,1.580191980197165,15.483273035341302,4.2617405336022065,3523.9824991936443,9,17,benign
1337,26027.362935728015,33.418931726249774,39183,161,0.05234473698580178,3.402989143958738,5.780309699462797,56614.346033426154,107,6,malicious
443,9646.361269339242,12.401884215561031,55575,11,0.8910368589679014,11.128867215707874,2.9732314879288735,1108.9859125266323,12,17,benign
53,9324.284979416061,14.442439814579414,34014,15,1.0293690428224076,16.608262019119604,4.01377921269675,7970.646957626575,12,6,benign
80,387682.96763687907,31.465159288628172,51786,196,0.008965244961310301,28.95275066097608,6.4827984827593195,40525.64872885952,121,6,malicious
80,254301.71535615565,39.41360548996126,8854,167,0.012014173194929598,17.68941276910538,6.01852736094329,47587.92118765523,123,17,malicious
21,53584.794276654684,33.71388973213877,60328,191,0.059893462625407276,7.277606879591733,7.670540772432939,28119.60191112921,137,6,malicious
1337,85362.68559876928,42.75814477189584,50022,181,0.01536454574730325,21.902354343990673,6.919761324474138,115792.21829383695,128,6,malicious
4444,12983.679911008858,29.33221557272298,54780,202,0.1764611187039611,34.30066553810776,6.743973162454095,19902.333598548084,127,6,malicious
23,16166.568835585485,34.2321537224426,37792,163,0.1437509361433685,9.74452450908663,7.469362735170741,3477.063877516739,115,17,malicious
80,1489.719547230192,9.60777540033976,20072,12,0.35668588482840113,0.06766416768198646,2.2353901741804165,1213.5695566950183,17,6,benign
443,2280.434044012702,17.652970397398942,51241,20,1.6024555329706196,31.919147482148034,4.046692961960883,6849.722397919542,9,17,benign
80,2847.45461455652,16.552608531587186,47279,5,0.18151220905670068,2.712795383167501,3.836955868002009,513.1953662386996,9,6,benign
22,702.758225261142,17.775372555365383,22772,13,0.1823378917988184,2.0257110603604644,3.927980981649254,5413.510619277163,17,17,benign
22,3038.189222159271,14.443819359945916,59644,8,0.05446335925662496,5.515573962535419,4.440486095111133,556.1832125359482,11,6,benign
80,53311.96069638219,38.08429951549101,6417,165,0.09101763950926695,7.170143762624802,6.65193802602963,30918.66693939091,128,17,malicious
80,213086.12394951787,24.088962081958062,57278,173,0.00700964457575509,24.09489374423153,7.01150135614224,98847.09510856646,122,6,malicious
21,34526.153762140464,33.930677665997976,24909,176,0.03020306809081079,7.39437756244069,7.734022214628082,26770.261430626324,120,17,malicious
80,3657.447843445311,14.149195168413558,1627,15,2.325181743105375,0.7507977917677651,2.506444893799817,1018.7353578418088,7,6,benign
21,244661.36999364593,34.04213263828947,55306,211,0.030433957075072994,15.157442132029914,7.732047228891131,8536.019160920974,127,6,malicious
80,115507.17728893286,35.607476592943854,7319,197,0.032691050897644916,16.685543365749616,6.542293647982391,26363.36872535482,141,17,malicious
22,2592.6585555623233,14.837742221077557,42172,11,1.0013442856528842,25.247955864118403,4.141124679445033,967.5531594829714,12,6,benign
23,9042.336054743162,33.40309161161032,8127,178,0.017755869231599167,7.634063126255671,6.083177149360505,149466.50550141805,104,6,malicious
53,10344.39668058863,15.076028094571173,26275,12,0.44854433127715554,1.350037116826841,3.512092757919127,5624.895419548094,12,6,benign
443,3097.945118554738,18.043011709869965,50813,13,0.1732453983126021,12.080040266647151,2.38615191839255,5442.649253675454,13,6,benign
3389,161977.41049686357,42.64331616092562,15570,186,0.13972126807688817,1.9345110536080452,6.659781154901242,4292.097031982823,112,6,malicious
22,1290.5573926224984,15.299228502435522,60364,9,0.42876728532348213,0.2583418114710823,2.7027408569861784,3190.3520873468656,10,6,benign
22,3227.6991907017737,16.422683320701957,16480,10,0.897210108337182,22.615644129140556,3.5559269897527646,2766.0145679056777,10,6,benign
21,234299.25215076903,39.05606978460302,19252,190,0.05064361332158653,7.747892624622522,7.881278012847931,164112.434723475,111,6,malicious
80,51123.766898953574,32.725581766498614,15698,192,0.11147803251668545,11.166770453389102,6.408682474569444,2159.554264516634,114,6,malicious
53,3905.931893041773,19.026072763537396,1070,13,4.768409717848466,16.308374687772556,2.864620263161099,1006.892475564277,13,6,benign
443,5850.043226127651,13.948527574024409,1843,11,4.064011061784303,7.688098051486008,2.0029374010307004,2310.5069079696946,6,6,benign
80,3168.0114440911666,11.744875017493257,37599,10,0.13260464007208217,0.7872773152011444,3.0897702013478345,4883.224180723607,14,6,benign
3389,487029.09704369627,33.55642136731967,20430,186,0.016650284118266776,4.370204855157775,7.723501977726457,19987.896732851354,116,6,malicious
22,2955.5408913958536,15.538461830110545,2104,15,1.0052411542012956,3.2414241062006335,4.3210903296119385,3849.3033835034817,6,6,benign
53,2645.9797289040503,19.567340175790214,4170,10,2.2290784646328996,56.84311263595707,2.0850933829399247,1981.7516666734405,8,6,benign
3389,127559.73087397103,33.14579584577243,51453,183,0.02668318338877056,20.177600321488434,7.136807339260538,45894.16979680168,119,6,malicious
21,303701.8385812723,37.653101728416125,12950,178,0.07475534586934082,9.009887369370565,7.530930034301651,25372.08260210656,113,17,malicious
22,11084.569452603006,12.033755390013043,16954,9,3.321277658164774,0.9819625846271175,2.78544616559165,1953.4066089198575,13,6,benign
23,61429.1769156651,38.83601962546054,48964,192,0.09840129627323121,1.8469370762973085,7.920736723031663,42155.854392036956,117,6,malicious
80,10419.950278286917,50.120765660122814,16311,158,0.039704041635863524,25.14164615361615,5.9524480566045375,3088.232208586705,109,6,malicious
80,507.67520284511187,14.825341693360029,40533,11,3.0621530904286804,43.6293143285551,2.3665219521660608,515.4923763688938,7,6,benign
443,67.56908402748203,15.517164613411673,36009,12,1.6514879585724616,0.4777817984250704,3.93020038698516,4577.255155313005,17,6,benign
1337,645616.2181390312,38.051486205804714,55441,199,0.12869134413898312,36.185517699941926,7.279780657039436,29210.67380415711,132,6,malicious
80,1038.8798769786326,16.11845977753253,3910,7,0.5983769765940795,7.18418144502739,4.660487098246995,226.67636681683823,6,6,benign
1337,54732.63924876278,37.60673054228863,14368,190,0.01833074094906267,3.6049686430551287,6.348082112890133,1653.832687495485,113,6,malicious
8080,3670.0494867292423,18.650091045512344,23042,18,2.230489765313193,1.617659910971991,3.5364448008311187,1657.3486130387262,7,6,benign
53,5696.836249843854,18.850832198955874,42779,9,6.324841993977831,22.15963686066594,2.9579990166486443,3649.4200660016872,14,6,benign
53,448.26185716114503,20.43038521840588,53504,8,1.1857376201564094,9.492370412037209,3.070899879699318,434.97096912751016,12,6,benign
443,3089.4636492881896,19.77781666663325,8317,16,1.600079331372951,26.79475496986335,3.0386202226612635,10837.172535789517,13,6,benign
8080,6805.642056041831,19.267637302092538,4030,7,2.0561782797893144,3.845796999130043,4.766245942306177,6392.969929453702,14,6,benign
53,21274.96891243617,14.14054157566308,61552,13,0.3809050641583188,17.02454071226634,2.6339373770853114,1562.4891359452013,13,17,benign
23,24926.341900147185,30.194222298703707,40750,182,0.01884618668787351,1.8855182980956313,7.751179402092534,36873.53847749171,127,6,malicious
3389,203569.3676988805,28.943776890924035,25380,169,0.11369359054985698,1.4105511527526924,5.578791567823746,58100.585557238206,128,6,malicious
4444,66100.16495041478,50.16051236481662,44373,191,0.08983375011806777,2.147663955053144,5.805996395952439,1134.8074797965369,128,6,malicious
4444,130764.13242259795,36.89177258548514,37935,171,0.028932430839952897,24.824478501182504,5.511285119819686,39465.33997872789,121,6,malicious
443,1190.0125581771456,9.883887158721766,15723,9,0.4399538459758542,15.990132178228041,2.8129207307467725,11298.20503921232,6,17,benign
80,54881.501265276995,40.51703535226635,29458,165,0.012340077074710012,2.722178737755276,6.5909773187006575,70710.31871548443,123,6,malicious
8080,2787.878090730641,18.797423819527143,55693,17,2.0886733595368607,7.286440359344402,4.281479945431052,206.97865617885722,8,17,benign
1337,39536.37806611433,37.32002681172816,18626,191,0.27566161595725247,21.638908366650142,7.209116829918191,89811.04987031728,114,17,malicious
3389,117090.32520691975,41.10531042899373,41810,177,0.10547980185074787,5.046245750407162,6.414459354844757,25289.912072852916,134,6,malicious
21,37222.925277374015,31.98788304836926,10976,171,0.1514610446360958,38.12476711572877,6.021443171908364,87749.07207351008,127,6,malicious
23,157516.41885938952,29.562151174971973,42708,187,0.006898455777521337,36.90662796482999,6.48705094596415,63028.40722681696,124,6,malicious
4444,352065.74407513347,40.455098745163866,51520,169,0.038756589749622046,12.074622637837995,5.522527501717046,88087.91788870789,140,17,malicious
53,3518.27576012562,11.355181490690732,31513,16,0.40564248922117624,14.9940363371288,2.311322441517954,4010.2345568495957,10,17,benign
53,9526.008955900683,15.730456181627735,33929,6,2.840473478516085,15.88589936379616,4.4095505250393225,6236.838655358533,7,6,benign
80,279092.2002441615,35.753508684589,54626,166,0.01620409247286658,4.485563698201878,7.056970856121749,22950.526419751237,141,6,malicious
8080,11376.957330385929,17.844885003151898,47948,8,0.3175357026348997,6.819547982822999,2.5295742858415693,1425.141906263936,11,6,benign
4444,12296.886267554133,32.116653738128065,14405,171,0.0849898425382351,2.1917153001837755,7.037030972099953,22433.56562864071,130,17,malicious
4444,99932.01051313829,41.93043004346334,55082,156,0.011357634794912006,38.828297857879704,6.851088483971783,4682.389488265431,120,17,malicious
53,6023.442949618916,15.247005747993153,14917,10,0.10713615655401051,19.30213575044874,3.9598171538211666,2406.6584007840065,11,6,benign
23,33302.20219730458,36.117516052170586,29154,192,0.002885281589741585,0.7119768311228113,7.063310062111425,25308.34436595801,114,6,malicious
3389,423633.70505340624,30.374629145031587,31439,182,0.11446734613586808,11.957210997538871,5.774056048390355,7112.980115501138,132,17,malicious
80,215034.02843987665,33.85291992610191,50152,179,0.03215871836251571,6.302752443441731,6.702714617070886,51990.310113730295,119,17,malicious
4444,178722.9595103679,28.516743389613772,20167,168,0.020434793631169273,25.334351371449053,7.29969514747323,110260.7825786656,118,6,malicious
4444,40954.258024867035,34.55238990794075,33850,191,0.12044025523525469,6.319346884603294,6.872656804581649,98651.66631357378,108,6,malicious
4444,18932.037788269976,32.13477386818328,50946,177,0.012369260778502575,15.498695030804509,7.365677668635897,40421.93346657379,124,6,malicious
4444,306996.93093637377,24.760708603778042,1412,171,0.04457517844912612,2.718158614672315,6.182906469237945,4609.663556698575,114,6,malicious
443,10123.420246725911,10.83274873146083,13140,18,0.06088802738417023,12.272341679145502,2.9268061986515654,3485.3092175107345,7,6,benign
80,4984.392714729825,14.296093472814105,20830,15,1.2634588730777874,5.219673040175215,4.4884414268404536,2054.713816524305,13,6,benign
21,48779.03768421577,35.33678543967887,65357,185,0.06459493189552121,2.7028490571790544,6.171813713313454,11795.50609806861,125,6,malicious
8080,5575.453476079252,12.05419048136751,40804,19,1.7110113077798275,14.484544664491498,2.3274612298171173,545.6293099920925,14,17,benign
21,43254.03252812607,28.337972428180983,46418,177,0.015967124728512198,15.268258627079783,6.843763013439469,4532.777021236569,111,6,malicious
23,55921.8159859452,48.98344576117897,5876,192,0.06988892546749816,61.43358275202005,7.394153236844863,23343.48793197897,113,6,malicious
443,2387.2030154261106,16.315528846678497,50771,15,2.2500671366153764,16.589360653320856,4.654471073878608,2432.3401418887574,9,17,benign
3389,138644.2105717211,28.456238014929163,9651,193,0.16267672325969065,10.87606876815881,7.234202434743563,121489.60157653881,124,6,malicious
1337,23617.86096251995,47.897538548267136,59841,155,0.03452059897673118,36.56247755987829,6.658022386806708,1801.2659071950789,110,17,malicious
22,5215.926075377206,16.137100116336438,30072,10,4.756572904262127,26.428422048223783,4.60009428492919,4901.773282387774,14,6,benign
8080,3005.0442516487956,18.614942947619376,35774,12,6.3244751819994764,11.935882832176107,2.1526542020281134,626.8906633925756,7,6,benign
80,17319.320313017815,15.321223509896367,28038,7,0.2640372854195182,10.741603572563731,2.462365952637928,1753.8589784292774,12,17,benign
53,437.85249182327783,16.171290185840217,48608,13,1.2345487159114525,42.70171693131946,2.3346500062277755,9268.883659171881,6,17,benign
80,47603.61693937138,24.90414851596821,12084,172,0.047813647573251176,14.400780784397286,7.54551715123727,6791.234243750432,127,6,malicious
8080,2715.6653638854305,15.853674003067033,46193,18,0.9032623862947446,18.76487445502193,4.40978598270707,2065.8132601501297,10,17,benign
3389,198723.22864268787,30.421693222661176,62185,163,0.03829056809885116,1.3600187723420691,5.61459868664815,27981.702093248616,128,17,malicious
80,2270.314306836088,20.462951306725984,59141,17,2.1038423917784743,19.003988385530445,4.060887311984969,2204.3175745867306,12,6,benign
80,1599.0289041931098,17.094288637488024,60294,17,2.16923812295389,4.611780085252598,4.766382856036909,3976.2419998827336,15,17,benign
23,1503.1521935093824,36.20255196193397,44203,166,0.04230216925035919,1.8416346240804056,7.786275846297041,60506.19746011832,113,6,malicious
23,61978.57486621654,40.57246685946503,9233,200,0.030264175918733375,28.42344775987543,7.53267075631747,344200.91480497026,121,6,malicious
443,6476.460598521892,13.868840783099465,54506,10,1.002458547041621,17.625488951723856,3.9193053562069258,4686.476020619794,9,6,benign
80,3566.0606644596587,14.98431408367427,39221,16,0.53268288547265,7.852694335889783,4.6042231592769465,277.7204730960875,11,6,benign
53,694.9440491992872,12.508107770413938,13182,20,0.1494285032084968,8.469112450103724,4.9287805416831345,43.43629014487668,10,6,benign
8080,6932.698438937028,17.151337594884204,19100,11,0.2026290005541535,3.293207681754936,3.091678190947911,3977.4161828348256,7,6,benign
4444,19367.406396296887,40.44785153371752,52946,192,0.17692590254587032,0.14395348107891986,6.124134956473478,42230.36149456657,121,17,malicious
22,9133.28176218248,10.526503754253127,5400,10,0.3415810175291366,6.4469619403074505,4.547683143015981,6303.301241306567,12,6,benign
53,13398.931627753578,14.167887241658127,55102,8,0.41612602160869727,2.4098281216343,2.433313523261728,2302.6468894193713,8,6,benign
443,1946.3248849695383,18.34984100753377,20675,11,0.44248310980312167,8.215632752439635,3.8944956657669962,1953.258522019993,11,6,benign
1337,708008.693579759,32.68937581182439,59506,156,0.0410981200194653,26.9207153729302,5.733851249591805,4420.32265573724,134,6,malicious
3389,84695.01338271557,26.900366703108197,24972,177,0.10176677871359523,1.8283517551267539,6.168663864586657,137737.20585031324,109,6,malicious
80,12783.23430904851,11.095677972769916,19103,14,0.5541609947235364,1.443593608605277,4.637800757617043,3654.9914771133263,13,6,benign
1337,340241.8051317007,32.70078059097297,15002,166,0.060041780694324275,34.85747108326815,5.674966275612148,19436.73541408414,105,6,malicious
22,1343.6084066678338,15.23345266224985,51762,11,1.2082639701128497,20.505587809931068,3.71101837109524,2173.269631741661,17,17,benign
80,11246.323027030185,24.952748972395906,13729,9,2.323057083826429,0.817949463734605,4.426127493029397,7830.411252818149,11,17,benign
23,442747.925585857,28.745586383923495,27931,177,0.11610603841359157,1.2437228105342772,6.119878962333291,36286.11987011242,104,6,malicious
80,20672.666990617017,32.81235036861347,54856,157,0.08822939286547646,17.32413185285982,7.843573080472322,43348.09775478326,114,6,malicious
3389,5251.404923905109,40.41234948075623,22855,179,0.25231120857790934,6.9387294227536245,6.939550057186007,27724.547891589114,114,17,malicious
80,80259.96279226114,22.279266822250545,55636,184,0.2364640497563925,19.319737393096432,6.556262949850334,26600.671861528575,126,6,malicious
80,3612.6703018546036,13.760527178284871,44653,12,0.6565306205523856,7.774151452844447,4.6728965136192855,2889.007070725274,9,17,benign
1337,30537.269730213236,35.96957191239035,8989,191,0.0029101021035645713,51.530632119638696,5.514278882950761,151.60652715583188,124,6,malicious
443,13032.53658873714,13.77676616309622,52444,11,2.5390019170484237,17.782988739884427,4.873914874207026,3343.1893454110386,6,17,benign
4444,42833.770383485535,47.96498616989094,11272,178,0.010517507281527193,0.7160590761481317,6.830782852634863,62664.044953747245,107,6,malicious
8080,15435.879535565093,11.234190071190877,48012,9,8.099063366194834,6.018401473552719,3.6910515015206866,274.1876833647737,6,6,benign
23,31012.543704833894,32.85937361877254,24657,147,0.037391417519487984,12.438153007562176,7.854004848451578,27405.90160281201,115,6,malicious
53,277.55980853767727,18.098940443342084,30527,14,1.301286629149883,2.295058732699332,4.548602459739252,2555.206666960887,12,6,benign
53,2233.9450310200814,13.538821440807292,8485,10,0.25192947336777893,0.037852220668190405,2.2705421222626825,392.04006609397834,11,6,benign
4444,84946.10450171598,34.73059922333973,28022,205,0.016874891861838093,1.2394479223034163,7.840393703642363,3978.2174865319835,123,6,malicious
53,4728.295784240297,10.87093012649379,13845,9,0.4539067722179846,11.143366538606688,2.798884951325245,1062.4673794965913,9,6,benign
3389,522874.5200566776,26.98185846037586,20894,187,0.008702979984292125,15.005486443935448,7.886334323274179,67104.47392901758,123,6,malicious
8080,6347.596300337283,16.276318221794924,14434,11,2.653787321408206,1.4625945417253863,4.8348349133619655,2123.078458806601,8,6,benign
443,3433.540908665872,17.917093261701915,23209,10,0.7186136024549343,16.411381378271273,3.0685116454059855,2584.78658263419,9,6,benign
80,210.45798996063726,14.661200030514264,20157,8,0.8987308104259513,14.400667691007147,4.771571678033729,804.777394538265,10,17,benign
8080,4388.574715705661,15.947346311038778,25193,8,2.776927348089039,42.17542833874505,3.6405434029014465,4814.2997342463805,8,6,benign
1337,137907.84916919097,36.34265586286089,24383,173,0.016434177924514716,27.55218334600129,6.030597249209604,45262.75549657768,132,17,malicious
80,4628.255992538193,10.725035664655122,62409,17,1.3543876262185695,43.03434393987983,4.4982940337888,4717.79011348251,8,6,benign
1337,347611.54268514656,44.31933837725653,28424,166,0.06314717641156525,50.76847742646317,5.698468743940003,218484.91982408223,133,17,malicious
21,28755.193303964337,35.18814505076509,35197,184,0.03198807993586067,8.718950292096094,6.555782730361806,199992.72020435578,125,6,malicious
22,29082.188597526816,15.23699961825696,60254,9,2.6559481216999123,10.038843277927283,2.047890512811004,624.6128664761129,8,6,benign
80,70622.50862061471,31.794795097385897,12203,178,0.01503283980456196,4.961390128930801,5.704057271749166,19143.165174688977,134,17,malicious
4444,88938.69200299484,27.73191454931483,37367,197,0.15894175800699104,10.652337239738895,7.887665489821728,41061.533535050396,104,6,malicious
21,234215.64897508066,36.99625519953972,62910,175,0.0746924659290447,2.4504015689581213,7.333478358118843,48734.207755929594,113,6,malicious
80,23798.424735975976,17.740867175526212,36519,8,1.045924772059343,16.69512447029139,4.210835926208789,899.9140562446885,8,6,benign
22,6245.182192057902,13.26593277617315,7511,9,1.9262784567174884,0.3787292274422106,3.8670243898760055,2639.2744336698843,14,17,benign
3389,3356.5779812241344,38.11962773101733,15784,202,0.009128484606945974,4.03050567721309,7.0286454307440005,48642.296705527,149,6,malicious
3389,124807.98366303131,46.74822447676502,63088,170,0.008326017730716303,3.499266289274354,5.945081484700711,116895.80346205302,121,6,malicious
80,206447.41997346666,29.23244874542272,27463,139,0.19067294672085894,41.68249982976282,7.083591110051545,13564.43491120509,117,6,malicious
53,305.8582081814432,16.270564919240385,27953,15,4.471387560107558,2.348083595457605,2.7390703208975613,17225.106335952983,7,6,benign
1337,434888.9936629683,40.34068040273842,7315,178,0.035899102687382445,33.21524146887925,6.093677097893798,29961.113726051557,105,6,malicious
53,10733.012175951417,18.33609555626981,28496,12,1.5266410910221153,1.9919730027341513,4.528567718621567,2173.312059349429,6,17,benign
8080,4302.410346742978,18.954020290386282,30427,15,2.6442158664974,15.777275432573196,2.050624713619279,425.8387575737311,14,6,benign
443,2184.9308754598255,12.802171700165612,3525,11,0.5356055700567506,5.782422015124361,2.610524986107537,2597.4988250854262,7,6,benign
4444,158482.23882488877,21.930349325755767,51113,218,0.025504782387071292,5.697012362303722,5.8170199551409185,19234.091608807554,123,6,malicious
22,7628.058200596393,17.90398671500527,44064,8,0.17126597306819397,95.4040497166392,3.6567380747975013,4151.665108046502,14,6,benign
8080,3928.3100515355877,18.644842407999114,2779,16,5.256412975367854,3.843581681264541,2.2589997921570735,839.3582247506798,14,6,benign
23,273146.6006752811,35.76828679160355,63988,188,0.0013061387786330054,3.3952315118073764,7.22943154923206,5365.117583399129,129,6,malicious
80,1444.9912613372928,13.311853939284983,37182,8,0.8648464274180145,13.349653065622975,3.5593542739585433,1662.417335675731,12,6,benign
80,6706.298527620456,11.875146299617507,6840,19,1.154456842749882,20.249575168906475,3.268927096431034,309.2485598121027,11,6,benign
80,8201.603712988854,15.69893293457088,18624,5,2.3444168520723156,60.68719377780535,4.10178876741138,6510.730466450244,10,6,benign
3389,169978.24833730527,38.510239732628726,33640,171,0.163148857902763,18.13044786504632,5.983317459128097,2771.735860087044,105,6,malicious
21,321260.50965967786,36.20575970200602,51379,174,0.025883130906050038,12.37863063948791,7.330185921438772,45290.5027554683,124,17,malicious
22,404.05439164179325,18.752055720235553,2914,5,0.5343944779439905,7.892432386544499,3.2769791835143396,1032.7478533234314,9,17,benign
21,45646.85593423331,27.877613596273683,12247,185,0.09559525570371166,13.5622018702276,7.431367056280225,9719.205102631297,116,6,malicious
4444,182630.14877452204,40.72334896259507,47621,189,0.01671549803898671,13.77570608405977,7.672034802096,41823.620528362255,129,6,malicious
443,238.29700501580558,13.47211248179826,25990,7,0.008213865751133692,3.6829750919817843,4.611318339841906,114.34410532776583,11,6,benign
80,93618.8598121069,31.55514157288075,8712,181,0.008128522856798133,16.684974823008574,7.110760181050454,65536.822018269,139,17,malicious
3389,3035.669058917543,39.999307868233046,40292,170,0.11701723510381051,3.4303295286794984,6.187845463136666,44732.70693090407,110,6,malicious
21,22794.34538413481,34.5855312702947,40508,183,0.0023326642536122193,10.098839634137319,6.365712348091588,88404.47347021964,131,6,malicious
80,1765.8822208976208,20.30688857587723,60879,9,1.4787900421725289,4.513931610676226,4.507991725534807,1771.9266920521861,12,17,benign
21,206428.796461305,40.56035978876983,28577,172,0.011066187467224337,5.626970970370696,6.58540847933036,13388.681343293934,131,6,malicious
3389,18379.228275075537,35.60100355931305,4770,191,0.1124904310332647,14.27399038819931,7.00157650617583,41849.68634213386,108,6,malicious
53,2466.3040479379706,17.57002619440376,58466,8,5.246698665963489,0.9998733275536625,3.2884482472433927,4260.190578756892,13,17,benign
22,14093.10474302284,11.480514287979522,19603,13,3.1953044844212624,0.1816173005634754,2.0030366892107767,10244.25005359214,9,17,benign
80,2785.2777655010796,13.66466927825177,54841,12,0.9341055163505071,2.099624640675148,3.201230750799206,3544.144501030039,8,6,benign
8080,4044.964433786955,12.784541582457017,14038,12,4.298715015675472,2.7715939897725086,2.442506585235698,940.2425165443972,13,6,benign
3389,86250.23617386103,37.71748154675823,49467,161,0.05922290138818089,3.307324345508379,7.962529566154952,49910.19773763127,120,6,malicious
8080,7807.201904275978,12.242693011470891,42985,15,3.470315301876086,22.303729907424483,2.9640318206829797,5185.750747487863,10,6,benign
22,2747.4751793328687,16.690343726370234,57525,11,1.7231725386982961,8.882107044573864,2.6076421360268043,1674.3465704679509,13,6,benign
23,49371.57549795436,47.61520427926161,59938,182,0.216880486137139,9.521366662727333,6.5275144077342535,34037.37766127045,99,6,malicious
53,1463.7922946722354,13.93153226864033,54574,21,3.3351915522769153,15.50645472980377,4.1856836667482185,8706.399381449552,6,6,benign
1337,394064.8424256957,42.25725391766757,37421,158,0.02484329258919552,19.590568471885554,7.2178109763655875,109342.66001426258,119,6,malicious
53,7721.738413633402,11.003505053414385,8790,16,5.037938769462521,0.052717773658574864,2.7949925156514723,2233.1122860389946,14,6,benign
80,18224.842449263135,13.533948460955362,7171,14,0.6088272664967764,29.144876434915663,3.4855706741504564,4475.986901657406,3,6,benign
8080,307.3855236912113,23.78856067394421,48905,11,0.8694585962686208,66.89638166273235,3.3922128423806934,3997.3397810157867,13,6,benign
53,8368.713702237632,20.551255542463576,48234,11,2.3546319151549575,1.9483407588985027,3.065742713171005,1374.5780202603923,7,6,benign
53,1788.2990554282458,9.556755140852152,48202,14,1.6399728891732717,15.79371423256963,2.8329115453902647,2301.339195678973,12,6,benign
23,267802.6010303229,34.30411874905611,2087,190,0.21072379865179025,0.036250083034701605,7.008252969068271,143956.3822121515,112,6,malicious
4444,92238.7361274201,39.34095004363638,9854,187,0.11294499734027477,0.7540833353793989,6.232142094512615,29421.56214707594,123,6,malicious
53,4752.411704372194,10.766379252648633,44726,15,0.7009026527754945,5.032112444743962,4.499937462972033,2677.731598201604,12,17,benign
23,158283.5417520438,38.29413580723057,10358,181,0.1415981105412818,28.101450748436683,7.463844790865549,16998.075384342166,98,6,malicious
21,5914.9379983578565,43.17140480389777,11336,183,0.041148946872550635,15.854898120691294,6.303165256263464,103245.8235780728,83,6,malicious
3389,30393.878280179433,41.717910051811145,26151,176,0.010400279493183116,8.854011254622435,6.396085889170207,89280.35133029602,122,6,malicious
443,794.746575522113,16.143195719107055,37067,22,0.5375403683779152,8.659783442179803,2.256149795878185,3798.2522688123577,8,17,benign
80,12449.286351491512,16.09539093697188,2000,3,0.9318720428873359,9.411896573384476,4.467171525329153,3290.1201003414326,12,6,benign
22,31819.68631591873,12.436936478812314,46175,12,0.37153434828361753,5.588430916257439,2.6578146320422955,1504.5464156319551,15,6,benign
3389,381218.02323805686,37.66502305282516,61718,169,0.04439331152451358,31.520954225517507,6.357777430255566,30078.145752390083,116,6,malicious
3389,54824.63037380986,38.91200761284657,45198,189,0.2205619538736524,12.585401993650201,7.635007419930636,34081.17911688662,121,6,malicious
80,2574.545904435423,18.926239676898426,12763,8,1.8331188869100772,9.923273224360717,4.0716199094435,13883.23351379655,12,6,benign
22,6725.828402359958,13.273084895393229,61299,16,0.7144914034044196,9.384475887136267,3.413609167171888,1559.3658104846827,8,6,benign
21,8539.848032874632,29.40594420768815,5093,160,0.07490781700828235,41.19246615397186,7.66199244374692,162505.07129879866,143,6,malicious
3389,249008.36186110333,28.88131399268335,63655,168,0.17216652967161017,19.291953976281395,7.784000015168822,2063.8012270650484,119,17,malicious
21,621929.2449604433,33.81764030389888,62353,185,0.2000269526977754,2.3465540774308606,6.881147122835652,25823.567864393077,127,17,malicious
1337,260615.65981419446,36.28531585485964,16628,190,0.06544114672722545,8.6163400219661,5.898092506645183,62562.14295439457,110,6,malicious
80,10336.504533939637,18.689196331543638,15636,7,1.9753242384643674,5.1030040754523895,4.249082047914671,4309.380555006756,14,6,benign
23,52493.62714594481,26.51373724630467,50126,181,0.03606391052549008,64.99130049988304,6.298360600069239,15004.510755683586,102,17,malicious
21,33040.50667076385,29.279816498432034,40194,193,0.20090000944119568,8.052301225115803,6.818203475099505,26675.22256056673,129,6,malicious
8080,3387.173408590717,14.72496594504724,46125,12,2.1550032823559206,1.0542464936504339,3.3789405856486323,4607.32717934253,8,17,benign
1337,164928.19354943774,45.54562095226837,1369,178,0.1037494341123203,7.945336420415551,6.750226056542779,39593.958182551745,144,17,malicious
3389,88876.28934962493,32.71342314361096,38734,184,0.025088516104197486,5.814752425723626,6.450661333100965,20406.69777789389,108,6,malicious
22,1675.0872203539286,9.512457176745599,20350,15,0.41786973527437976,13.728718402721436,4.200507495465684,1068.759870719469,13,6,benign
4444,288848.84934843733,37.288921940959064,57580,193,0.06908830810169125,3.8442661812196146,5.601959199890271,47317.53457767763,112,6,malicious
21,16204.714567067525,34.34827600429057,51252,175,0.14413557496641063,0.549549756126399,7.062363680339867,41099.82787793245,107,6,malicious
80,21152.510515354956,27.950544792868207,10387,189,0.3705925971782373,1.5119039847079196,7.429890183935166,24809.76444339939,123,17,malicious
80,4872.593066744109,21.673621779628103,4794,15,0.17870027602914643,4.993279540729321,3.2437295171820253,3546.8460048992038,8,6,benign
8080,5288.691963529994,12.116887053811364,55828,9,0.3775794678512856,6.423085097486829,4.492799733034887,3151.7275052410296,9,6,benign
21,234834.59841679543,34.261213881199566,45145,197,0.07506810061978238,26.97727915678252,5.825510068187884,27218.152036562093,118,6,malicious
8080,852.217677708841,12.043976062307907,9448,10,0.28480502825143555,4.722093104250214,4.601819659127578,3528.282355545751,15,6,benign
21,39171.704174807106,38.36314910121272,13014,185,0.0016007647575466862,0.47999435556720343,6.638190940939269,13333.906039970392,134,6,malicious
3389,97710.63920756087,35.75019722977697,9072,192,0.24233377362518904,22.762009760984448,6.8799782657794175,14345.45192689128,130,6,malicious
22,296.47806112632185,21.629039924286154,29746,12,4.971904134254498,30.478933765572137,2.267124998135964,4126.085582638406,13,6,benign
80,309723.56658107415,32.541160672388465,63128,173,0.24301146301714305,10.168152640605449,6.113666015818545,32635.283282513104,117,6,malicious
1337,4903.657776593485,30.649215995375595,45891,189,0.1156897207177412,5.030564494516425,5.677618395143373,5787.263059420691,116,6,malicious
443,2005.2314349443257,14.991875622674524,45683,13,2.0217325403491686,22.18535021389243,4.246722929880544,669.8955417069734,12,6,benign
1337,158368.56328795868,36.389241564129534,33161,194,0.014450780624572914,0.1340735091733,7.026073039089205,12726.258900638843,116,6,malicious
1337,200647.45258619235,26.1445560073241,16597,199,0.03491263204497082,38.66090164987948,7.956997898302294,33417.04928565854,115,17,malicious
1337,391.6303119225246,43.95940617697093,17858,193,0.024520710867354887,30.09639578280983,7.626129751012291,48018.67445932123,133,6,malicious
21,148425.79077286474,28.887513196314934,10578,183,0.04628536504646356,11.806370335114211,7.67408316804787,7755.485269668016,126,6,malicious
80,664.8306441706986,17.539516481921822,34142,15,0.2689437169737317,4.877253541785273,2.4272342593372094,4682.8267951045045,9,6,benign
80,115570.84346328229,38.31657006412647,28296,166,0.04589832296515016,0.500945783784385,5.702356761165111,3765.9373916341665,103,6,malicious
21,231173.59387483072,16.48040342256077,43292,170,0.00464597974113316,129.65412349831797,7.783490655164691,1922.796460927047,123,17,malicious
4444,121746.0652881465,36.36331341456341,37796,179,0.2971574951790093,21.536916209447195,5.794715585373091,99515.86433114285,111,6,malicious
80,291838.5790588304,44.82448711619427,12141,179,0.044287813444248675,6.203439275151145,6.7928650233964225,53696.11350703636,143,6,malicious
53,4476.433497170471,17.039895489262133,22086,17,0.38799044400700244,0.2919014555689121,2.7685039584016295,993.961859611292,14,17,benign
80,245971.10645659853,23.612767064371084,17652,191,0.0061465348116015684,15.295286391413086,6.681020035808302,10037.155407114182,121,17,malicious
53,272.41699751500886,11.511906076767474,54821,10,3.579471648652399,65.0317331716234,2.827369300872099,12042.489933785962,15,6,benign
22,1391.9727705979844,11.334534724378987,14039,14,1.9911412261303565,18.417462796348143,3.8552233004060983,647.473960615636,15,6,benign
80,7935.005582685727,18.412049303842757,5758,15,5.3803742011056945,1.311407727964257,3.8047116817860966,1839.8325125969973,15,17,benign
3389,61351.89097681059,29.298018259945735,46663,165,0.08673101139227786,7.719452080795303,7.999397966228107,38269.09732589941,114,17,malicious
21,113217.10925684916,28.818281584483934,60641,148,0.19246402692653625,1.7342516888018864,7.277087475119356,40087.563981062056,111,6,malicious
21,161086.0590483941,25.26700658475132,16186,160,0.030932647554690815,36.4836683712282,7.719980773386139,8536.026411809344,116,6,malicious
4444,12421.124629115358,23.75028560675492,50616,174,0.009229255175837156,6.016445570690693,5.610516820411452,32197.570739453313,115,6,malicious
21,102206.72168433179,32.94167883320212,45529,184,0.15994155884176195,19.828767571962416,6.189928937456228,86806.29248306432,133,6,malicious
1337,67080.23197859386,37.54418820879824,10683,186,0.03222678917549359,1.3273929660865835,6.42239887343458,35612.50957549792,126,6,malicious
53,8720.991607145197,16.063415757093743,56091,16,4.688794330618585,2.061623051467621,2.3742095943288755,1469.2123318874242,7,6,benign
53,769.9642762275363,14.737707211540565,17819,12,4.8295313114213085,17.06751761130991,3.4355151112968425,751.0180775270189,12,6,benign
53,1852.0006084262986,14.430884882264568,34605,11,0.07822750828156172,27.818567275919264,4.3621339080410415,1675.866895907476,9,6,benign
4444,159946.94943641068,42.84935588115366,29941,194,0.02818770073498389,3.3743646179220335,6.793523255039017,7250.850428621807,121,6,malicious
1337,198463.2674695431,35.165847073049555,54854,202,0.038927154469722,8.127966895182887,5.511048272247325,43430.22372695222,145,6,malicious
53,3437.221999364719,13.658654193703558,19138,8,3.174077688912549,14.490766239271895,4.355877457101357,11940.551956549814,6,6,benign
443,8286.391892938369,12.713108949600883,7667,13,2.526607067687367,23.86486211490934,3.8692751169643067,5134.270684711248,9,6,benign
80,121016.17345819704,35.88385642987883,14293,196,0.03884521279100363,14.84085130426801,6.032645134800662,2231.1083835329837,122,17,malicious
53,14877.427559754788,16.94975662222813,19382,15,1.4438323447285506,1.504366149117129,4.6246917548041875,4697.260381963058,15,17,benign
80,193103.09357648244,35.601881128180565,34341,185,0.20048258860221346,11.74014935102237,6.1243269611236375,2412.450086512323,117,6,malicious
3389,120106.2655763082,44.36912783267947,48244,198,0.008510947082681627,32.39113237492202,7.568896765008716,10635.265017619124,127,6,malicious
80,2553.812500324482,11.18983904628468,33517,13,0.37833048982821865,30.376996159076214,4.0476514783886195,1326.4610607735003,11,6,benign
80,2752.397120968711,13.131825991561417,63851,12,1.6871565888756268,13.192715527457059,3.2931157937900357,1670.2736185183883,9,17,benign
21,196659.50075398112,36.311705041286,19345,172,0.09282535169875374,81.7238774824272,5.501435029168755,96527.70896978669,136,6,malicious
23,79316.93744746115,35.04197567913634,1227,185,0.4505841622036295,1.6660471134584065,6.680378034689028,66373.22724988748,121,6,malicious
21,49205.08642179781,42.56103394723956,62814,181,0.032642632125369504,9.768433101030503,6.16404509925309,20916.32097762862,123,6,malicious
1337,141135.18294191084,34.78527732415134,62782,182,0.14190253534014954,22.38306804070652,6.340522530540987,113718.26300250081,116,6,malicious
53,2549.144426217351,15.302426492397808,16742,8,0.5528420685968211,2.280460994547905,4.599109025792227,11152.335175265742,3,6,benign
4444,92231.81615403373,31.10047345281845,37380,179,0.03125740563110566,54.04039507482637,7.685849437813387,29687.413612961667,139,17,malicious
1337,125034.1526234772,39.88062447121658,57259,181,0.09757470859797104,6.555417437448468,5.954142264594694,3538.9848401181657,116,6,malicious
23,177657.91968720147,27.53649788108769,36328,174,0.057006274280271406,6.464969179957394,7.420555059171368,65600.4315329598,121,6,malicious
53,4194.808058082216,9.234042123637845,23196,7,0.9473923352469353,3.596609241136192,4.595989965076128,376.0368980693692,7,17,benign
23,338887.86779751856,28.674648283982492,9322,174,0.015281188250114899,5.095528440816016,6.316822914781524,18036.22836204274,126,6,malicious
4444,65669.78321944443,33.1945310551722,21219,191,0.09997309918004409,12.926644030489705,6.047281724199628,17003.04434344716,103,6,malicious
443,10012.17928657281,19.53319138284789,36493,15,10.026331697420805,8.414800996359046,3.427986107669032,3310.1815199033435,5,6,benign
53,4137.964399254852,16.53333221721629,45881,12,1.566916812466446,3.223505145178228,4.238233281287201,3150.8368401217144,9,17,benign
3389,232464.5667627684,33.686507892918605,11435,158,0.05567860247399842,24.84322186926974,6.946579795327529,7850.842160280583,111,6,malicious
80,375.89364144629,10.541956429899063,8849,17,0.4093184259862249,0.9639073108729876,2.7172731169501647,1445.8884397607505,9,6,benign
53,1749.6361629327937,10.098710572880478,32262,14,0.08915803506046321,26.99561156728378,2.72757340849,2964.8413389127877,9,6,benign
80,1075.5258122667105,18.145044675690258,39766,16,0.1206653696033969,4.822486649578003,3.645397440524632,6564.391354376336,11,6,benign
23,194350.98129243948,33.54376990572773,54112,165,0.15433141241164725,10.274808448337547,5.603392980584619,23061.499421616507,130,6,malicious
